<?xml version="1.0" encoding="utf-8"?>
<PHPModuleRef-List>
<PHPModuleRef>
<t>getallheaders</t>
<mn>aolserver</mn>
<ft>F</ft>
<ver>4_0_0,4_0_1,4_0_2,4_0_3,4_0_4,4_0_5,4_0_6,4_1_0,4_1_1,4_1_2,4_2_0,4_2_1,4_2_2,4_2_3,4_3_0,4_3_1,4_3_10,4_3_11,4_3_2,4_3_3,4_3_4,4_3_5,4_3_6,4_3_7,4_3_8,4_3_9,4_4_0,4_4_1,4_4_2,4_4_3,4_4_4,4_4_5,4_4_6,4_cvs,5_0_0,5_0_1,5_0_2,5_0_3,5_1_0,5_1_1,5_1_2,5_1_3,5_1_4,5_1_5,5_1_6,5_2_0,5_2_1</ver>
<p4>array getallheaders(void)</p4>
<p4d>Alias for apache_request_headers() </p4d>
<texts><text><lng>cs</lng>
<d>Získává všechny hlavičky HTTP požadavku</d>
</text><text><lng>de</lng>
<d>Liefert alle HTTP-Header der aktuellen Anfrage aus</d>
</text><text><lng>en</lng>
<d>Fetch all HTTP request headers</d>
</text><text><lng>es</lng>
<d>Recuperar todas las cabeceras de petición
   HTTP</d>
</text></texts></PHPModuleRef></PHPModuleRef-List>
