<?xml version="1.0" encoding="utf-8"?>
<PHPModuleRef-List>
<PHPModuleRef>
<t>apache_getenv</t>
<mn>apache2filter</mn>
<ft>F</ft>
<ver>4_3_0,4_3_1,4_3_10,4_3_11,4_3_2,4_3_3,4_3_4,4_3_5,4_3_6,4_3_7,4_3_8,4_3_9,4_4_0,4_4_1,4_4_2,4_4_3,4_4_4,4_4_5,4_4_6,4_cvs,5_0_0,5_0_1,5_0_2,5_0_3,5_1_0,5_1_1,5_1_2,5_1_3,5_1_4,5_1_5,5_1_6,5_2_0,5_2_1</ver>
<p4>bool apache_getenv(string variable [, bool walk_to_top])</p4>
<p4d>Get an Apache subprocess_env variable </p4d>
<texts><text><lng>en</lng>
<d>Get an Apache subprocess_env variable</d>
</text><text><lng>es</lng>
<d>Obtiene una variable del entorno subprocess_env de Apache</d>
</text></texts></PHPModuleRef><PHPModuleRef>
<t>apache_sub_req</t>
<mn>apache2filter</mn>
<ft>F</ft>
<ver>4_0_4,4_0_5,4_0_6,4_1_0,4_1_1,4_1_2</ver>
</PHPModuleRef><PHPModuleRef>
<t>get_all_headers</t>
<mn>apache2filter</mn>
<ft>F</ft>
<ver>4_0_4,4_0_5,4_0_6,4_1_0,4_1_1,4_1_2</ver>
</PHPModuleRef></PHPModuleRef-List>
