<?xml version="1.0" encoding="utf-8"?>
<PHPModuleRef-List>
<PHPModuleRef>
<t>apache_get_modules</t>
<mn>apache2handler</mn>
<ft>F</ft>
<ver>4_3_10,4_3_11,4_3_2,4_3_3,4_3_4,4_3_5,4_3_6,4_3_7,4_3_8,4_3_9,4_4_0,4_4_1,4_4_2,4_4_3,4_4_4,4_4_5,4_4_6,4_cvs,5_0_0,5_0_1,5_0_2,5_0_3,5_1_0,5_1_1,5_1_2,5_1_3,5_1_4,5_1_5,5_1_6,5_2_0,5_2_1</ver>
<p4>array apache_get_modules(void)</p4>
<p4d>Get a list of loaded Apache modules </p4d>
<texts><text><lng>de</lng>
<d>Liste der geladenen Apachemodule</d>
</text><text><lng>en</lng>
<d>Get a list of loaded Apache modules</d>
</text><text><lng>es</lng>
<d>Obtiene una lista de los módulos cargados en el servidor Apache</d>
</text></texts></PHPModuleRef><PHPModuleRef>
<t>apache_get_version</t>
<mn>apache2handler</mn>
<ft>F</ft>
<ver>4_3_10,4_3_11,4_3_2,4_3_3,4_3_4,4_3_5,4_3_6,4_3_7,4_3_8,4_3_9,4_4_0,4_4_1,4_4_2,4_4_3,4_4_4,4_4_5,4_4_6,4_cvs,5_0_0,5_0_1,5_0_2,5_0_3,5_1_0,5_1_1,5_1_2,5_1_3,5_1_4,5_1_5,5_1_6,5_2_0,5_2_1</ver>
<p4>string apache_get_version(void)</p4>
<p4d>Fetch Apache version </p4d>
<texts><text><lng>de</lng>
<d>Liefert die Version von Apache</d>
</text><text><lng>en</lng>
<d>Fetch Apache version</d>
</text><text><lng>es</lng>
<d>Obtiene la versión del servidor Apache</d>
</text></texts></PHPModuleRef></PHPModuleRef-List>
