<?xml version="1.0" encoding="utf-8"?>
<PHPModuleRef-List>
<PHPModuleRef>
<t>apache_child_terminate</t>
<mn>apache</mn>
<ft>F</ft>
<ver>4_0_5,4_0_6,4_1_0,4_1_1,4_1_2,4_2_0,4_2_1,4_2_2,4_2_3,4_3_0,4_3_1,4_3_10,4_3_11,4_3_2,4_3_3,4_3_4,4_3_5,4_3_6,4_3_7,4_3_8,4_3_9,4_4_0,4_4_1,4_4_2,4_4_3,4_4_4,4_4_5,4_4_6,4_cvs,5_0_0,5_0_1,5_0_2,5_0_3,5_1_0,5_1_1,5_1_2,5_1_3,5_1_4,5_1_5,5_1_6,5_2_0,5_2_1</ver>
<p4>bool apache_child_terminate(void)</p4>
<p4d>Terminate apache process after this request </p4d>
<texts><text><lng>de</lng>
<d>Beendet einen Apache Prozess nach der Anfrage</d>
</text><text><lng>en</lng>
<d>Terminate apache process after this request</d>
</text><text><lng>es</lng>
<d>Terminar un proceso de apache una vez concluido el requerimiento en ejecució</d>
</text></texts></PHPModuleRef><PHPModuleRef>
<t>apache_get_modules</t>
<mn>apache</mn>
<ft>F</ft>
<ver>4_3_10,4_3_11,4_3_2,4_3_3,4_3_4,4_3_5,4_3_6,4_3_7,4_3_8,4_3_9,4_4_0,4_4_1,4_4_2,4_4_3,4_4_4,4_4_5,4_4_6,4_cvs,5_0_0,5_0_1,5_0_2,5_0_3,5_1_0,5_1_1,5_1_2,5_1_3,5_1_4,5_1_5,5_1_6,5_2_0,5_2_1</ver>
<p4>array apache_get_modules(void)</p4>
<p4d>Get a list of loaded Apache modules </p4d>
<texts><text><lng>de</lng>
<d>Liste der geladenen Apachemodule</d>
</text><text><lng>en</lng>
<d>Get a list of loaded Apache modules</d>
</text><text><lng>es</lng>
<d>Obtiene una lista de los módulos cargados en el servidor Apache</d>
</text></texts></PHPModuleRef><PHPModuleRef>
<t>apache_get_version</t>
<mn>apache</mn>
<ft>F</ft>
<ver>4_3_10,4_3_11,4_3_2,4_3_3,4_3_4,4_3_5,4_3_6,4_3_7,4_3_8,4_3_9,4_4_0,4_4_1,4_4_2,4_4_3,4_4_4,4_4_5,4_4_6,4_cvs,5_0_0,5_0_1,5_0_2,5_0_3,5_1_0,5_1_1,5_1_2,5_1_3,5_1_4,5_1_5,5_1_6,5_2_0,5_2_1</ver>
<p4>string apache_get_version(void)</p4>
<p4d>Fetch Apache version </p4d>
<texts><text><lng>de</lng>
<d>Liefert die Version von Apache</d>
</text><text><lng>en</lng>
<d>Fetch Apache version</d>
</text><text><lng>es</lng>
<d>Obtiene la versión del servidor Apache</d>
</text></texts></PHPModuleRef><PHPModuleRef>
<t>apache_lookup_uri</t>
<mn>apache</mn>
<ft>F</ft>
<ver>4_0_0,4_0_1,4_0_2,4_0_3,4_0_4,4_0_5,4_0_6,4_1_0,4_1_1,4_1_2,4_2_0,4_2_1,4_2_2,4_2_3,4_3_0,4_3_1,4_3_10,4_3_11,4_3_2,4_3_3,4_3_4,4_3_5,4_3_6,4_3_7,4_3_8,4_3_9,4_4_0,4_4_1,4_4_2,4_4_3,4_4_4,4_4_5,4_4_6,4_cvs,5_0_0,5_0_1,5_0_2,5_0_3,5_1_0,5_1_1,5_1_2,5_1_3,5_1_4,5_1_5,5_1_6,5_2_0,5_2_1</ver>
<p4>object apache_lookup_uri(string URI)</p4>
<p4d>Perform a partial request of the given URI to obtain information about it </p4d>
<texts><text><lng>cs</lng>
<d>Provádí částečný požadavek na zadanou URI a vrací všechno info o ní</d>
</text><text><lng>de</lng>
<d>Führt eine Teilanfrage für eine URI durch und liefert alle
     Informationen darüber zurück.</d>
</text><text><lng>en</lng>
<d>Perform a partial request for the specified URI and return all info about it</d>
</text><text><lng>es</lng>
<d>Realiza una petición parcial por la URI especificada y devuelve toda la
   información sobre ella</d>
</text></texts></PHPModuleRef><PHPModuleRef>
<t>apache_note</t>
<mn>apache</mn>
<ft>F</ft>
<ver>4_0_0,4_0_1,4_0_2,4_0_3,4_0_4,4_0_5,4_0_6,4_1_0,4_1_1,4_1_2,4_2_0,4_2_1,4_2_2,4_2_3,4_3_0,4_3_1,4_3_10,4_3_11,4_3_2,4_3_3,4_3_4,4_3_5,4_3_6,4_3_7,4_3_8,4_3_9,4_4_0,4_4_1,4_4_2,4_4_3,4_4_4,4_4_5,4_4_6,4_cvs,5_0_0,5_0_1,5_0_2,5_0_3,5_1_0,5_1_1,5_1_2,5_1_3,5_1_4,5_1_5,5_1_6,5_2_0,5_2_1</ver>
<p4>string apache_note(string note_name [, string note_value])</p4>
<p4d>Get and set Apache request notes </p4d>
<texts><text><lng>cs</lng>
<d>Získává a nastavuje poznámky požadavku u Apache.</d>
</text><text><lng>de</lng>
<d>Setzt und liest Apache Notes</d>
</text><text><lng>en</lng>
<d>Get and set apache request notes</d>
</text><text><lng>es</lng>
<d>Obtener y establecer las notas de petición de
   apache</d>
</text></texts></PHPModuleRef><PHPModuleRef>
<t>apache_request_headers</t>
<mn>apache</mn>
<ft>F</ft>
<ver>4_3_0,4_3_1,4_3_10,4_3_11,4_3_2,4_3_3,4_3_4,4_3_5,4_3_6,4_3_7,4_3_8,4_3_9,4_4_0,4_4_1,4_4_2,4_4_3,4_4_4,4_4_5,4_4_6,4_cvs,5_0_0,5_0_1,5_0_2,5_0_3,5_1_0,5_1_1,5_1_2,5_1_3,5_1_4,5_1_5,5_1_6,5_2_0,5_2_1</ver>
<p4>array apache_request_headers(void)</p4>
<p4d>Fetch all HTTP request headers </p4d>
<texts><text><lng>de</lng>
<d>Liefert alle HTTP-Header der aktuellen Anfrage</d>
</text><text><lng>en</lng>
<d>Fetch all HTTP request headers</d>
</text><text><lng>es</lng>
<d>Obtener todas las cabeceras HTTP</d>
</text></texts></PHPModuleRef><PHPModuleRef>
<t>apache_response_headers</t>
<mn>apache</mn>
<ft>F</ft>
<ver>4_3_0,4_3_1,4_3_10,4_3_11,4_3_2,4_3_3,4_3_4,4_3_5,4_3_6,4_3_7,4_3_8,4_3_9,4_4_0,4_4_1,4_4_2,4_4_3,4_4_4,4_4_5,4_4_6,4_cvs,5_0_0,5_0_1,5_0_2,5_0_3,5_1_0,5_1_1,5_1_2,5_1_3,5_1_4,5_1_5,5_1_6,5_2_0,5_2_1</ver>
<p4>array apache_response_headers(void)</p4>
<p4d>Fetch all HTTP response headers </p4d>
<texts><text><lng>de</lng>
<d>Liefert alle HTTP-Antwort Header</d>
</text><text><lng>en</lng>
<d>Fetch all HTTP response headers</d>
</text><text><lng>es</lng>
<d>Obtener todas las cabeceras HTTP de respuesta</d>
</text></texts></PHPModuleRef><PHPModuleRef>
<t>apache_setenv</t>
<mn>apache</mn>
<ft>F</ft>
<ver>4_2_0,4_2_1,4_2_2,4_2_3,4_3_0,4_3_1,4_3_10,4_3_11,4_3_2,4_3_3,4_3_4,4_3_5,4_3_6,4_3_7,4_3_8,4_3_9,4_4_0,4_4_1,4_4_2,4_4_3,4_4_4,4_4_5,4_4_6,4_cvs,5_0_0,5_0_1,5_0_2,5_0_3,5_1_0,5_1_1,5_1_2,5_1_3,5_1_4,5_1_5,5_1_6,5_2_0,5_2_1</ver>
<p4>bool apache_setenv(string variable, string value [, bool walk_to_top])</p4>
<p4d>Set an Apache subprocess_env variable </p4d>
<texts><text><lng>de</lng>
<d>Setzt eine Apache subprocess_env Variable</d>
</text><text><lng>en</lng>
<d>Set an Apache subprocess_env variable</d>
</text><text><lng>es</lng>
<d>fijar una variable subprocess_env de Apache</d>
</text></texts></PHPModuleRef><PHPModuleRef>
<t>virtual</t>
<mn>apache</mn>
<ft>F</ft>
<ver>4_0_0,4_0_1,4_0_2,4_0_3,4_0_4,4_0_5,4_0_6,4_1_0,4_1_1,4_1_2,4_2_0,4_2_1,4_2_2,4_2_3,4_3_0,4_3_1,4_3_10,4_3_11,4_3_2,4_3_3,4_3_4,4_3_5,4_3_6,4_3_7,4_3_8,4_3_9,4_4_0,4_4_1,4_4_2,4_4_3,4_4_4,4_4_5,4_4_6,4_cvs,5_0_0,5_0_1,5_0_2,5_0_3,5_1_0,5_1_1,5_1_2,5_1_3,5_1_4,5_1_5,5_1_6,5_2_0,5_2_1</ver>
<p4>bool virtual(string uri)</p4>
<p4d>Perform an apache sub-request </p4d>
<texts><text><lng>cs</lng>
<d>Provádí sub-požadavek Apache</d>
</text><text><lng>de</lng>
<d>Führt eine Apache-Unteranfrage durch</d>
</text><text><lng>en</lng>
<d>Perform an Apache sub-request</d>
</text><text><lng>es</lng>
<d>Realizar una sub-petición de Apache</d>
</text></texts></PHPModuleRef></PHPModuleRef-List>
