<?xml version="1.0" encoding="utf-8"?>
<PHPModuleRef-List>
<PHPModuleRef>
<t>aspell_check</t>
<mn>aspell</mn>
<ft>F</ft>
<ver>4_0_0,4_0_1,4_0_2,4_0_3,4_0_4,4_0_5,4_0_6,4_1_0,4_1_1,4_1_2,4_2_0,4_2_1,4_2_2,4_2_3</ver>
<texts><text><lng>cs</lng>
<d>Zkontrolovat slovo</d>
</text><text><lng>de</lng>
<d>Überprüft ein Wort [veraltet]</d>
</text><text><lng>en</lng>
<d>Check a word [deprecated]</d>
</text><text><lng>es</lng>
<d>Comprueba una palabra[deprecated]</d>
</text></texts></PHPModuleRef><PHPModuleRef>
<t>aspell_check_raw</t>
<mn>aspell</mn>
<ft>F</ft>
<ver>4_0_0,4_0_1,4_0_2,4_0_3,4_0_4,4_0_5,4_0_6,4_1_0,4_1_1,4_1_2,4_2_0,4_2_1,4_2_2,4_2_3</ver>
<texts><text><lng>cs</lng>
<d>Zkontrolovat slovo beze změny velikosti písmen nebo pokusů o ořezání</d>
</text><text><lng>en</lng>
<d>Check a word without changing its case or trying to trim it [deprecated]</d>
</text></texts></PHPModuleRef><PHPModuleRef>
<t>aspell_new</t>
<mn>aspell</mn>
<ft>F</ft>
<ver>4_0_0,4_0_1,4_0_2,4_0_3,4_0_4,4_0_5,4_0_6,4_1_0,4_1_1,4_1_2,4_2_0,4_2_1,4_2_2,4_2_3</ver>
<texts><text><lng>cs</lng>
<d>Načíst nový slovník</d>
</text><text><lng>de</lng>
<d>Lädt ein neues Wörterbuch [veraltet]</d>
</text><text><lng>en</lng>
<d>Load a new dictionary [deprecated]</d>
</text><text><lng>es</lng>
<d>Lee un nuevo diccionario [deprecated]</d>
</text></texts></PHPModuleRef><PHPModuleRef>
<t>aspell_suggest</t>
<mn>aspell</mn>
<ft>F</ft>
<ver>4_0_0,4_0_1,4_0_2,4_0_3,4_0_4,4_0_5,4_0_6,4_1_0,4_1_1,4_1_2,4_2_0,4_2_1,4_2_2,4_2_3</ver>
<texts><text><lng>cs</lng>
<d>Nabídnout možné hláskování slova</d>
</text><text><lng>de</lng>
<d>Schlägt mögliche Schreibweisen vor [veraltet]</d>
</text><text><lng>en</lng>
<d>Suggest spellings of a word [deprecated]</d>
</text><text><lng>es</lng>
<d>Sugiere la ortografía para una palabra [deprecated]</d>
</text></texts></PHPModuleRef></PHPModuleRef-List>
