<?xml version="1.0" encoding="utf-8"?>
<PHPModuleRef-List>
<PHPModuleRef>
<t>bcadd</t>
<mn>bcmath</mn>
<ft>F</ft>
<ver>4_0_0,4_0_1,4_0_2,4_0_3,4_0_4,4_0_5,4_0_6,4_1_0,4_1_1,4_1_2,4_2_0,4_2_1,4_2_2,4_2_3,4_3_0,4_3_1,4_3_10,4_3_11,4_3_2,4_3_3,4_3_4,4_3_5,4_3_6,4_3_7,4_3_8,4_3_9,4_4_0,4_4_1,4_4_2,4_4_3,4_4_4,4_4_5,4_4_6,4_cvs,5_0_0,5_0_1,5_0_2,5_0_3,5_1_0,5_1_1,5_1_2,5_1_3,5_1_4,5_1_5,5_1_6,5_2_0,5_2_1,5_cvs</ver>
<p4>string bcadd(string left_operand, string right_operand [, int scale])</p4>
<p4d>Returns the sum of two arbitrary precision numbers </p4d>
<p5>string bcadd(string left_operand, string right_operand [, int scale]) U</p5>
<p5d>Returns the sum of two arbitrary precision numbers </p5d>
<texts><text><lng>cs</lng>
<d>Sečíst dvě čísla s libovolnou přesností</d>
</text><text><lng>de</lng>
<d>Addition zweier Zahlen beliebiger Genauigkeit</d>
</text><text><lng>en</lng>
<d>Add two arbitrary precision numbers</d>
</text><text><lng>es</lng>
<d>Suma dos números de precisión arbitriaria.</d>
</text></texts></PHPModuleRef><PHPModuleRef>
<t>bccomp</t>
<mn>bcmath</mn>
<ft>F</ft>
<ver>4_0_0,4_0_1,4_0_2,4_0_3,4_0_4,4_0_5,4_0_6,4_1_0,4_1_1,4_1_2,4_2_0,4_2_1,4_2_2,4_2_3,4_3_0,4_3_1,4_3_10,4_3_11,4_3_2,4_3_3,4_3_4,4_3_5,4_3_6,4_3_7,4_3_8,4_3_9,4_4_0,4_4_1,4_4_2,4_4_3,4_4_4,4_4_5,4_4_6,4_cvs,5_0_0,5_0_1,5_0_2,5_0_3,5_1_0,5_1_1,5_1_2,5_1_3,5_1_4,5_1_5,5_1_6,5_2_0,5_2_1,5_cvs</ver>
<p4>int bccomp(string left_operand, string right_operand [, int scale])</p4>
<p4d>Compares two arbitrary precision numbers </p4d>
<p5>int bccomp(string left_operand, string right_operand [, int scale]) U</p5>
<p5d>Compares two arbitrary precision numbers </p5d>
<texts><text><lng>cs</lng>
<d>Porovnat dvě čísla s libovolnou přesností</d>
</text><text><lng>de</lng>
<d>Vergleich zweier Zahlen beliebiger Genauigkeit</d>
</text><text><lng>en</lng>
<d>Compare two arbitrary precision numbers</d>
</text><text><lng>es</lng>
<d>Compara dos números de precisión arbitraria.</d>
</text></texts></PHPModuleRef><PHPModuleRef>
<t>bcdiv</t>
<mn>bcmath</mn>
<ft>F</ft>
<ver>4_0_0,4_0_1,4_0_2,4_0_3,4_0_4,4_0_5,4_0_6,4_1_0,4_1_1,4_1_2,4_2_0,4_2_1,4_2_2,4_2_3,4_3_0,4_3_1,4_3_10,4_3_11,4_3_2,4_3_3,4_3_4,4_3_5,4_3_6,4_3_7,4_3_8,4_3_9,4_4_0,4_4_1,4_4_2,4_4_3,4_4_4,4_4_5,4_4_6,4_cvs,5_0_0,5_0_1,5_0_2,5_0_3,5_1_0,5_1_1,5_1_2,5_1_3,5_1_4,5_1_5,5_1_6,5_2_0,5_2_1,5_cvs</ver>
<p4>string bcdiv(string left_operand, string right_operand [, int scale])</p4>
<p4d>Returns the quotient of two arbitrary precision numbers (division) </p4d>
<p5>string bcdiv(string left_operand, string right_operand [, int scale]) U</p5>
<p5d>Returns the quotient of two arbitrary precision numbers (division) </p5d>
<texts><text><lng>cs</lng>
<d>Dělit dvě čísla s libovolnou přesností</d>
</text><text><lng>de</lng>
<d>Division zweier Zahlen beliebiger Genauigkeit</d>
</text><text><lng>en</lng>
<d>Divide two arbitrary precision numbers</d>
</text><text><lng>es</lng>
<d>Divide dos números de precisión arbitraria.</d>
</text></texts></PHPModuleRef><PHPModuleRef>
<t>bcmod</t>
<mn>bcmath</mn>
<ft>F</ft>
<ver>4_0_0,4_0_1,4_0_2,4_0_3,4_0_4,4_0_5,4_0_6,4_1_0,4_1_1,4_1_2,4_2_0,4_2_1,4_2_2,4_2_3,4_3_0,4_3_1,4_3_10,4_3_11,4_3_2,4_3_3,4_3_4,4_3_5,4_3_6,4_3_7,4_3_8,4_3_9,4_4_0,4_4_1,4_4_2,4_4_3,4_4_4,4_4_5,4_4_6,4_cvs,5_0_0,5_0_1,5_0_2,5_0_3,5_1_0,5_1_1,5_1_2,5_1_3,5_1_4,5_1_5,5_1_6,5_2_0,5_2_1,5_cvs</ver>
<p4>string bcmod(string left_operand, string right_operand)</p4>
<p4d>Returns the modulus of the two arbitrary precision operands </p4d>
<p5>string bcmod(string left_operand, string right_operand) U</p5>
<p5d>Returns the modulus of the two arbitrary precision operands </p5d>
<texts><text><lng>cs</lng>
<d>Získat modulus čísla s libovolnou přesností</d>
</text><text><lng>de</lng>
<d>Modulo zweier Zahlen mit beliebiger Genauigkeit</d>
</text><text><lng>en</lng>
<d>Get modulus of an arbitrary precision number</d>
</text><text><lng>es</lng>
<d>Obtiene el módulo de un número de precisión arbitraria.</d>
</text></texts></PHPModuleRef><PHPModuleRef>
<t>bcmul</t>
<mn>bcmath</mn>
<ft>F</ft>
<ver>4_0_0,4_0_1,4_0_2,4_0_3,4_0_4,4_0_5,4_0_6,4_1_0,4_1_1,4_1_2,4_2_0,4_2_1,4_2_2,4_2_3,4_3_0,4_3_1,4_3_10,4_3_11,4_3_2,4_3_3,4_3_4,4_3_5,4_3_6,4_3_7,4_3_8,4_3_9,4_4_0,4_4_1,4_4_2,4_4_3,4_4_4,4_4_5,4_4_6,4_cvs,5_0_0,5_0_1,5_0_2,5_0_3,5_1_0,5_1_1,5_1_2,5_1_3,5_1_4,5_1_5,5_1_6,5_2_0,5_2_1,5_cvs</ver>
<p4>string bcmul(string left_operand, string right_operand [, int scale])</p4>
<p4d>Returns the multiplication of two arbitrary precision numbers </p4d>
<p5>string bcmul(string left_operand, string right_operand [, int scale]) U</p5>
<p5d>Returns the multiplication of two arbitrary precision numbers </p5d>
<texts><text><lng>cs</lng>
<d>Vynásobit dvě čísla s libovolnou přesností</d>
</text><text><lng>de</lng>
<d>Multiplikation zweier Zahlen beliebiger Genauigkeit</d>
</text><text><lng>en</lng>
<d>Multiply two arbitrary precision number</d>
</text><text><lng>es</lng>
<d>Multiplica dos números de precisión arbitraria.</d>
</text></texts></PHPModuleRef><PHPModuleRef>
<t>bcpow</t>
<mn>bcmath</mn>
<ft>F</ft>
<ver>4_0_0,4_0_1,4_0_2,4_0_3,4_0_4,4_0_5,4_0_6,4_1_0,4_1_1,4_1_2,4_2_0,4_2_1,4_2_2,4_2_3,4_3_0,4_3_1,4_3_10,4_3_11,4_3_2,4_3_3,4_3_4,4_3_5,4_3_6,4_3_7,4_3_8,4_3_9,4_4_0,4_4_1,4_4_2,4_4_3,4_4_4,4_4_5,4_4_6,4_cvs,5_0_0,5_0_1,5_0_2,5_0_3,5_1_0,5_1_1,5_1_2,5_1_3,5_1_4,5_1_5,5_1_6,5_2_0,5_2_1,5_cvs</ver>
<p4>string bcpow(string x, string y [, int scale])</p4>
<p4d>Returns the value of an arbitrary precision number raised to the power of another </p4d>
<p5>string bcpow(string x, string y [, int scale]) U</p5>
<p5d>Returns the value of an arbitrary precision number raised to the power of another </p5d>
<texts><text><lng>cs</lng>
<d>Umocnit jednočíslo na jiné s libovolnou přesností</d>
</text><text><lng>de</lng>
<d>Potenz einer Zahl beliebiger Genauigkeit</d>
</text><text><lng>en</lng>
<d>Raise an arbitrary precision number to another</d>
</text><text><lng>es</lng>
<d>Eleva un número de
  precisión arbitraria a otro.</d>
</text></texts></PHPModuleRef><PHPModuleRef>
<t>bcpowmod</t>
<mn>bcmath</mn>
<ft>F</ft>
<ver>5_0_0,5_0_1,5_0_2,5_0_3,5_1_0,5_1_1,5_1_2,5_1_3,5_1_4,5_1_5,5_1_6,5_2_0,5_2_1,5_cvs</ver>
<p5>string bcpowmod(string x, string y, string mod [, int scale]) U</p5>
<p5d>Returns the value of an arbitrary precision number raised to the power of another reduced by a modulous </p5d>
<texts><text><lng>de</lng>
<d>Potenz einer Zahl beliebiger Genauigkeit, vermindert um einangegebenen Modulo</d>
</text><text><lng>en</lng>
<d>Raise an arbitrary precision number to another, reduced by a specified modulus</d>
</text><text><lng>es</lng>
<d>Eleva un número de precisión arbitraria a otro, reducido por
  un módulo especificado</d>
</text></texts></PHPModuleRef><PHPModuleRef>
<t>bcscale</t>
<mn>bcmath</mn>
<ft>F</ft>
<ver>4_0_0,4_0_1,4_0_2,4_0_3,4_0_4,4_0_5,4_0_6,4_1_0,4_1_1,4_1_2,4_2_0,4_2_1,4_2_2,4_2_3,4_3_0,4_3_1,4_3_10,4_3_11,4_3_2,4_3_3,4_3_4,4_3_5,4_3_6,4_3_7,4_3_8,4_3_9,4_4_0,4_4_1,4_4_2,4_4_3,4_4_4,4_4_5,4_4_6,4_cvs,5_0_0,5_0_1,5_0_2,5_0_3,5_1_0,5_1_1,5_1_2,5_1_3,5_1_4,5_1_5,5_1_6,5_2_0,5_2_1,5_cvs</ver>
<p4>bool bcscale(int scale)</p4>
<p4d>Sets default scale parameter for all bc math functions </p4d>
<p5>bool bcscale(int scale) U</p5>
<p5d>Sets default scale parameter for all bc math functions </p5d>
<texts><text><lng>cs</lng>
<d>Nastavit výchozí škálu pro všechny bc math funkce</d>
</text><text><lng>de</lng>
<d>Setzt die Genauigkeit aller BCmath-Funktionen</d>
</text><text><lng>en</lng>
<d>Set default scale parameter for all bc math functions</d>
</text><text><lng>es</lng>
<d>Fija el parámetro de escala por defecto para todas las funciones matemáticas bc.</d>
</text></texts></PHPModuleRef><PHPModuleRef>
<t>bcsqrt</t>
<mn>bcmath</mn>
<ft>F</ft>
<ver>4_0_0,4_0_1,4_0_2,4_0_3,4_0_4,4_0_5,4_0_6,4_1_0,4_1_1,4_1_2,4_2_0,4_2_1,4_2_2,4_2_3,4_3_0,4_3_1,4_3_10,4_3_11,4_3_2,4_3_3,4_3_4,4_3_5,4_3_6,4_3_7,4_3_8,4_3_9,4_4_0,4_4_1,4_4_2,4_4_3,4_4_4,4_4_5,4_4_6,4_cvs,5_0_0,5_0_1,5_0_2,5_0_3,5_1_0,5_1_1,5_1_2,5_1_3,5_1_4,5_1_5,5_1_6,5_2_0,5_2_1,5_cvs</ver>
<p4>string bcsqrt(string operand [, int scale])</p4>
<p4d>Returns the square root of an arbitray precision number </p4d>
<p5>string bcsqrt(string operand [, int scale]) U</p5>
<p5d>Returns the square root of an arbitray precision number </p5d>
<texts><text><lng>cs</lng>
<d>Získat druhou odmocninu čísla s libovolnou přesností</d>
</text><text><lng>de</lng>
<d>Ermittelt die Quadratwurzel einer Zahl beliebiger Genauigkeit</d>
</text><text><lng>en</lng>
<d>Get the square root of an arbitrary precision number</d>
</text><text><lng>es</lng>
<d>Obtiene la raíz cuadrada de un número de precisión arbitraria.</d>
</text></texts></PHPModuleRef><PHPModuleRef>
<t>bcsub</t>
<mn>bcmath</mn>
<ft>F</ft>
<ver>4_0_0,4_0_1,4_0_2,4_0_3,4_0_4,4_0_5,4_0_6,4_1_0,4_1_1,4_1_2,4_2_0,4_2_1,4_2_2,4_2_3,4_3_0,4_3_1,4_3_10,4_3_11,4_3_2,4_3_3,4_3_4,4_3_5,4_3_6,4_3_7,4_3_8,4_3_9,4_4_0,4_4_1,4_4_2,4_4_3,4_4_4,4_4_5,4_4_6,4_cvs,5_0_0,5_0_1,5_0_2,5_0_3,5_1_0,5_1_1,5_1_2,5_1_3,5_1_4,5_1_5,5_1_6,5_2_0,5_2_1,5_cvs</ver>
<p4>string bcsub(string left_operand, string right_operand [, int scale])</p4>
<p4d>Returns the difference between two arbitrary precision numbers </p4d>
<p5>string bcsub(string left_operand, string right_operand [, int scale]) U</p5>
<p5d>Returns the difference between two arbitrary precision numbers </p5d>
<texts><text><lng>cs</lng>
<d>Odečíst jedno číslo od druhého s libovolnou přesností</d>
</text><text><lng>de</lng>
<d>Subtrahiert zwei Zahlen beliebiger Genauigkeit</d>
</text><text><lng>en</lng>
<d>Subtract one arbitrary precision number from another</d>
</text><text><lng>es</lng>
<d>Resta un número de precisión arbitraria de otro.</d>
</text></texts></PHPModuleRef></PHPModuleRef-List>
