<?xml version="1.0" encoding="utf-8"?>
<PHPModuleRef-List>
<PHPModuleRef>
<t>cal_days_in_month</t>
<mn>calendar</mn>
<ft>F</ft>
<ver>4_1_0,4_1_1,4_1_2,4_2_0,4_2_1,4_2_2,4_2_3,4_3_0,4_3_1,4_3_10,4_3_11,4_3_2,4_3_3,4_3_4,4_3_5,4_3_6,4_3_7,4_3_8,4_3_9,4_4_0,4_4_1,4_4_2,4_4_3,4_4_4,4_4_5,4_4_6,4_cvs,5_0_0,5_0_1,5_0_2,5_0_3,5_1_0,5_1_1,5_1_2,5_1_3,5_1_4,5_1_5,5_1_6,5_2_0,5_2_1,5_cvs</ver>
<p4>int cal_days_in_month(int calendar, int month, int year)</p4>
<p4d>Returns the number of days in a month for a given year and calendar </p4d>
<p5>int cal_days_in_month(int calendar, int month, int year)</p5>
<p5d>Returns the number of days in a month for a given year and calendar </p5d>
<texts><text><lng>de</lng>
<d>Gibt die Anzahl der Tage eines bestimmten Monats in einem bestimmten Jahr in einem bestimmten Kalender zurück</d>
</text><text><lng>el</lng>
<d>Επιστροφή του πλήθους των ημερών ενός μήνα του δοθέντος έτους και ημερολογίου</d>
</text><text><lng>en</lng>
<d>Return the number of days in a month for a given year and calendar</d>
</text><text><lng>es</lng>
<d>Devuelve el número de dias en un mes para un determinado
    año y calendario</d>
</text></texts></PHPModuleRef><PHPModuleRef>
<t>cal_from_jd</t>
<mn>calendar</mn>
<ft>F</ft>
<ver>4_1_0,4_1_1,4_1_2,4_2_0,4_2_1,4_2_2,4_2_3,4_3_0,4_3_1,4_3_10,4_3_11,4_3_2,4_3_3,4_3_4,4_3_5,4_3_6,4_3_7,4_3_8,4_3_9,4_4_0,4_4_1,4_4_2,4_4_3,4_4_4,4_4_5,4_4_6,4_cvs,5_0_0,5_0_1,5_0_2,5_0_3,5_1_0,5_1_1,5_1_2,5_1_3,5_1_4,5_1_5,5_1_6,5_2_0,5_2_1,5_cvs</ver>
<p4>array cal_from_jd(int jd, int calendar)</p4>
<p4d>Converts from Julian Day Count to a supported calendar and return extended information </p4d>
<p5>array cal_from_jd(int jd, int calendar)</p5>
<p5d>Converts from Julian Day Count to a supported calendar and return extended information </p5d>
<texts><text><lng>el</lng>
<d>Μετατροπή από το Ιουλιανή αρίθμηση ημερών σε μία άλλη, υποστηριζόμενη αρίθμηση, 

	και επιστροφή πληροφοριών</d>
</text><text><lng>en</lng>
<d>Converts from Julian Day Count to a supported calendar</d>
</text><text><lng>es</lng>
<d>Convierte de Cuenta deDías Juliana a un calendario soportado.</d>
</text></texts></PHPModuleRef><PHPModuleRef>
<t>cal_info</t>
<mn>calendar</mn>
<ft>F</ft>
<ver>4_1_0,4_1_1,4_1_2,4_2_0,4_2_1,4_2_2,4_2_3,4_3_0,4_3_1,4_3_10,4_3_11,4_3_2,4_3_3,4_3_4,4_3_5,4_3_6,4_3_7,4_3_8,4_3_9,4_4_0,4_4_1,4_4_2,4_4_3,4_4_4,4_4_5,4_4_6,4_cvs,5_0_0,5_0_1,5_0_2,5_0_3,5_1_0,5_1_1,5_1_2,5_1_3,5_1_4,5_1_5,5_1_6,5_2_0,5_2_1,5_cvs</ver>
<p4>array cal_info(int calendar)</p4>
<p4d>Returns information about a particular calendar </p4d>
<p5>array cal_info([int calendar])</p5>
<p5d>Returns information about a particular calendar </p5d>
<texts><text><lng>de</lng>
<d>Gibt Informationen zu einem bestimmten Kalender zurück</d>
</text><text><lng>el</lng>
<d>Επιστρέφει πληροφορίες για ένα συγκεκριμένο ημερολόγιο</d>
</text><text><lng>en</lng>
<d>Returns information about a particular calendar</d>
</text><text><lng>es</lng>
<d>Devuelve información
   sobre un calendario en particular.</d>
</text></texts></PHPModuleRef><PHPModuleRef>
<t>cal_to_jd</t>
<mn>calendar</mn>
<ft>F</ft>
<ver>4_1_0,4_1_1,4_1_2,4_2_0,4_2_1,4_2_2,4_2_3,4_3_0,4_3_1,4_3_10,4_3_11,4_3_2,4_3_3,4_3_4,4_3_5,4_3_6,4_3_7,4_3_8,4_3_9,4_4_0,4_4_1,4_4_2,4_4_3,4_4_4,4_4_5,4_4_6,4_cvs,5_0_0,5_0_1,5_0_2,5_0_3,5_1_0,5_1_1,5_1_2,5_1_3,5_1_4,5_1_5,5_1_6,5_2_0,5_2_1,5_cvs</ver>
<p4>int cal_to_jd(int calendar, int month, int day, int year)</p4>
<p4d>Converts from a supported calendar to Julian Day Count </p4d>
<p5>int cal_to_jd(int calendar, int month, int day, int year)</p5>
<p5d>Converts from a supported calendar to Julian Day Count </p5d>
<texts><text><lng>el</lng>
<d>Μετατρέπει έναν υποστηριζόμενο τύπο ημερολογίου στην Ιουλιανή αρίθμηση ημερών</d>
</text><text><lng>en</lng>
<d>Converts from a supported calendar to Julian Day Count</d>
</text><text><lng>es</lng>
<d>Convierte un calendario soportado a Cuenta de Días Juliana.</d>
</text></texts></PHPModuleRef><PHPModuleRef>
<t>easter_date</t>
<mn>calendar</mn>
<ft>F</ft>
<ver>4_0_0,4_0_1,4_0_2,4_0_3,4_0_4,4_0_5,4_0_6,4_1_0,4_1_1,4_1_2,4_2_0,4_2_1,4_2_2,4_2_3,4_3_0,4_3_1,4_3_10,4_3_11,4_3_2,4_3_3,4_3_4,4_3_5,4_3_6,4_3_7,4_3_8,4_3_9,4_4_0,4_4_1,4_4_2,4_4_3,4_4_4,4_4_5,4_4_6,4_cvs,5_0_0,5_0_1,5_0_2,5_0_3,5_1_0,5_1_1,5_1_2,5_1_3,5_1_4,5_1_5,5_1_6,5_2_0,5_2_1,5_cvs</ver>
<p4>int easter_date([int year])</p4>
<p4d>Return the timestamp of midnight on Easter of a given year (defaults to current year) </p4d>
<p5>int easter_date([int year])</p5>
<p5d>Return the timestamp of midnight on Easter of a given year (defaults to current year) </p5d>
<texts><text><lng>cs</lng>
<d>Zjistit UNIXový timestamp Velikonoční půlnoci v daném roce</d>
</text><text><lng>de</lng>
<d>Zeitpunkt des Osterfestes (0 Uhr) als Unix-Timestamp</d>
</text><text><lng>el</lng>
<d>Επιστροφή του UNIX timestamp για τα μεσάνυχτα του Πάσχα του δοθέντος έτους</d>
</text><text><lng>en</lng>
<d>Get Unix timestamp for midnight on Easter of a given year</d>
</text><text><lng>es</lng>
<d>devuelve la marca de tiempo UNIX para la medianoche dePascua de un año dado</d>
</text></texts></PHPModuleRef><PHPModuleRef>
<t>easter_days</t>
<mn>calendar</mn>
<ft>F</ft>
<ver>4_0_0,4_0_1,4_0_2,4_0_3,4_0_4,4_0_5,4_0_6,4_1_0,4_1_1,4_1_2,4_2_0,4_2_1,4_2_2,4_2_3,4_3_0,4_3_1,4_3_10,4_3_11,4_3_2,4_3_3,4_3_4,4_3_5,4_3_6,4_3_7,4_3_8,4_3_9,4_4_0,4_4_1,4_4_2,4_4_3,4_4_4,4_4_5,4_4_6,4_cvs,5_0_0,5_0_1,5_0_2,5_0_3,5_1_0,5_1_1,5_1_2,5_1_3,5_1_4,5_1_5,5_1_6,5_2_0,5_2_1,5_cvs</ver>
<p4>int easter_days([int year, [int method]])</p4>
<p4d>Return the number of days after March 21 that Easter falls on for a given year (defaults to current year) </p4d>
<p5>int easter_days([int year, [int method]])</p5>
<p5d>Return the number of days after March 21 that Easter falls on for a given year (defaults to current year) </p5d>
<texts><text><lng>cs</lng>
<d>Get number of days after March 21 on which Easter falls for agiven year</d>
</text><text><lng>de</lng>
<d>Anzahl der Tage zwischen dem 21. März und Ostersonntag</d>
</text><text><lng>el</lng>
<d>Επιστρέφει το πλήθο των ημερών από τις 21 Μαρτιού έως την ημέρα του Πάσχα,

     για ένα δοσμένο έτος</d>
</text><text><lng>en</lng>
<d>Get number of days after March 21 on which Easter falls for agiven year</d>
</text><text><lng>es</lng>
<d>Obtiene el número de días tras el 21 de marzo en que cae la Pascua
    en un año dado</d>
</text></texts></PHPModuleRef><PHPModuleRef>
<t>frenchtojd</t>
<mn>calendar</mn>
<ft>F</ft>
<ver>4_0_0,4_0_1,4_0_2,4_0_3,4_0_4,4_0_5,4_0_6,4_1_0,4_1_1,4_1_2,4_2_0,4_2_1,4_2_2,4_2_3,4_3_0,4_3_1,4_3_10,4_3_11,4_3_2,4_3_3,4_3_4,4_3_5,4_3_6,4_3_7,4_3_8,4_3_9,4_4_0,4_4_1,4_4_2,4_4_3,4_4_4,4_4_5,4_4_6,4_cvs,5_0_0,5_0_1,5_0_2,5_0_3,5_1_0,5_1_1,5_1_2,5_1_3,5_1_4,5_1_5,5_1_6,5_2_0,5_2_1,5_cvs</ver>
<p4>int frenchtojd(int month, int day, int year)</p4>
<p4d>Converts a french republic calendar date to julian day count </p4d>
<p5>int frenchtojd(int month, int day, int year)</p5>
<p5d>Converts a french republic calendar date to julian day count </p5d>
<texts><text><lng>de</lng>
<d>Konvertiert ein Datum der Französischen Revolution zu einem
     Julianischen Datum</d>
</text></texts></PHPModuleRef><PHPModuleRef>
<t>gregoriantojd</t>
<mn>calendar</mn>
<ft>F</ft>
<ver>4_0_0,4_0_1,4_0_2,4_0_3,4_0_4,4_0_5,4_0_6,4_1_0,4_1_1,4_1_2,4_2_0,4_2_1,4_2_2,4_2_3,4_3_0,4_3_1,4_3_10,4_3_11,4_3_2,4_3_3,4_3_4,4_3_5,4_3_6,4_3_7,4_3_8,4_3_9,4_4_0,4_4_1,4_4_2,4_4_3,4_4_4,4_4_5,4_4_6,4_cvs,5_0_0,5_0_1,5_0_2,5_0_3,5_1_0,5_1_1,5_1_2,5_1_3,5_1_4,5_1_5,5_1_6,5_2_0,5_2_1,5_cvs</ver>
<p4>int gregoriantojd(int month, int day, int year)</p4>
<p4d>Converts a gregorian calendar date to julian day count </p4d>
<p5>int gregoriantojd(int month, int day, int year)</p5>
<p5d>Converts a gregorian calendar date to julian day count </p5d>
<texts><text><lng>de</lng>
<d>Konvertierung vom Gregorianischen Kalender zum Julianischen Datum</d>
</text></texts></PHPModuleRef><PHPModuleRef>
<t>jddayofweek</t>
<mn>calendar</mn>
<ft>F</ft>
<ver>4_0_0,4_0_1,4_0_2,4_0_3,4_0_4,4_0_5,4_0_6,4_1_0,4_1_1,4_1_2,4_2_0,4_2_1,4_2_2,4_2_3,4_3_0,4_3_1,4_3_10,4_3_11,4_3_2,4_3_3,4_3_4,4_3_5,4_3_6,4_3_7,4_3_8,4_3_9,4_4_0,4_4_1,4_4_2,4_4_3,4_4_4,4_4_5,4_4_6,4_cvs,5_0_0,5_0_1,5_0_2,5_0_3,5_1_0,5_1_1,5_1_2,5_1_3,5_1_4,5_1_5,5_1_6,5_2_0,5_2_1,5_cvs</ver>
<p4>mixed jddayofweek(int juliandaycount [, int mode])</p4>
<p4d>Returns name or number of day of week from julian day count </p4d>
<p5>mixed jddayofweek(int juliandaycount [, int mode])</p5>
<p5d>Returns name or number of day of week from julian day count </p5d>
<texts><text><lng>de</lng>
<d>Bestimmt den Wochentag aus einem Julianischen Datum</d>
</text></texts></PHPModuleRef><PHPModuleRef>
<t>jdmonthname</t>
<mn>calendar</mn>
<ft>F</ft>
<ver>4_0_0,4_0_1,4_0_2,4_0_3,4_0_4,4_0_5,4_0_6,4_1_0,4_1_1,4_1_2,4_2_0,4_2_1,4_2_2,4_2_3,4_3_0,4_3_1,4_3_10,4_3_11,4_3_2,4_3_3,4_3_4,4_3_5,4_3_6,4_3_7,4_3_8,4_3_9,4_4_0,4_4_1,4_4_2,4_4_3,4_4_4,4_4_5,4_4_6,4_cvs,5_0_0,5_0_1,5_0_2,5_0_3,5_1_0,5_1_1,5_1_2,5_1_3,5_1_4,5_1_5,5_1_6,5_2_0,5_2_1,5_cvs</ver>
<p4>string jdmonthname(int juliandaycount, int mode)</p4>
<p4d>Returns name of month for julian day count </p4d>
<p5>string jdmonthname(int juliandaycount, int mode)</p5>
<p5d>Returns name of month for julian day count </p5d>
<texts><text><lng>de</lng>
<d>Bestimmt den Monat aus dem Julianischen Datum</d>
</text></texts></PHPModuleRef><PHPModuleRef>
<t>jdtofrench</t>
<mn>calendar</mn>
<ft>F</ft>
<ver>4_0_0,4_0_1,4_0_2,4_0_3,4_0_4,4_0_5,4_0_6,4_1_0,4_1_1,4_1_2,4_2_0,4_2_1,4_2_2,4_2_3,4_3_0,4_3_1,4_3_10,4_3_11,4_3_2,4_3_3,4_3_4,4_3_5,4_3_6,4_3_7,4_3_8,4_3_9,4_4_0,4_4_1,4_4_2,4_4_3,4_4_4,4_4_5,4_4_6,4_cvs,5_0_0,5_0_1,5_0_2,5_0_3,5_1_0,5_1_1,5_1_2,5_1_3,5_1_4,5_1_5,5_1_6,5_2_0,5_2_1,5_cvs</ver>
<p4>string jdtofrench(int juliandaycount)</p4>
<p4d>Converts a julian day count to a french republic calendar date </p4d>
<p5>string jdtofrench(int juliandaycount)</p5>
<p5d>Converts a julian day count to a french republic calendar date </p5d>
<texts><text><lng>de</lng>
<d>Konvertiert ein Julianisches Datum zum Kalender der Französischen
     Revolution</d>
</text></texts></PHPModuleRef><PHPModuleRef>
<t>jdtogregorian</t>
<mn>calendar</mn>
<ft>F</ft>
<ver>4_0_0,4_0_1,4_0_2,4_0_3,4_0_4,4_0_5,4_0_6,4_1_0,4_1_1,4_1_2,4_2_0,4_2_1,4_2_2,4_2_3,4_3_0,4_3_1,4_3_10,4_3_11,4_3_2,4_3_3,4_3_4,4_3_5,4_3_6,4_3_7,4_3_8,4_3_9,4_4_0,4_4_1,4_4_2,4_4_3,4_4_4,4_4_5,4_4_6,4_cvs,5_0_0,5_0_1,5_0_2,5_0_3,5_1_0,5_1_1,5_1_2,5_1_3,5_1_4,5_1_5,5_1_6,5_2_0,5_2_1,5_cvs</ver>
<p4>string jdtogregorian(int juliandaycount)</p4>
<p4d>Converts a julian day count to a gregorian calendar date </p4d>
<p5>string jdtogregorian(int juliandaycount)</p5>
<p5d>Converts a julian day count to a gregorian calendar date </p5d>
<texts><text><lng>de</lng>
<d>Konvertierung vom Julianischen Datum zum Gregorianischen Kalender</d>
</text></texts></PHPModuleRef><PHPModuleRef>
<t>jdtojewish</t>
<mn>calendar</mn>
<ft>F</ft>
<ver>4_0_0,4_0_1,4_0_2,4_0_3,4_0_4,4_0_5,4_0_6,4_1_0,4_1_1,4_1_2,4_2_0,4_2_1,4_2_2,4_2_3,4_3_0,4_3_1,4_3_10,4_3_11,4_3_2,4_3_3,4_3_4,4_3_5,4_3_6,4_3_7,4_3_8,4_3_9,4_4_0,4_4_1,4_4_2,4_4_3,4_4_4,4_4_5,4_4_6,4_cvs,5_0_0,5_0_1,5_0_2,5_0_3,5_1_0,5_1_1,5_1_2,5_1_3,5_1_4,5_1_5,5_1_6,5_2_0,5_2_1,5_cvs</ver>
<p4>string jdtojewish(int juliandaycount [, bool hebrew [, int fl]])</p4>
<p4d>Converts a julian day count to a jewish calendar date </p4d>
<p5>string jdtojewish(int juliandaycount [, bool hebrew [, int fl]])</p5>
<p5d>Converts a julian day count to a jewish calendar date </p5d>
<texts><text><lng>de</lng>
<d>Konvertierung vom Julianischen Datum zum Jüdischen Kalender</d>
</text><text><lng>en</lng>
<d>Converts a Julian day count to a Jewish calendar date</d>
</text><text><lng>es</lng>
<d>Convierte de cuenta dedías juliana a calendario judío</d>
</text></texts></PHPModuleRef><PHPModuleRef>
<t>jdtojulian</t>
<mn>calendar</mn>
<ft>F</ft>
<ver>4_0_0,4_0_1,4_0_2,4_0_3,4_0_4,4_0_5,4_0_6,4_1_0,4_1_1,4_1_2,4_2_0,4_2_1,4_2_2,4_2_3,4_3_0,4_3_1,4_3_10,4_3_11,4_3_2,4_3_3,4_3_4,4_3_5,4_3_6,4_3_7,4_3_8,4_3_9,4_4_0,4_4_1,4_4_2,4_4_3,4_4_4,4_4_5,4_4_6,4_cvs,5_0_0,5_0_1,5_0_2,5_0_3,5_1_0,5_1_1,5_1_2,5_1_3,5_1_4,5_1_5,5_1_6,5_2_0,5_2_1,5_cvs</ver>
<p4>string jdtojulian(int juliandaycount)</p4>
<p4d>Convert a julian day count to a julian calendar date </p4d>
<p5>string jdtojulian(int juliandaycount)</p5>
<p5d>Convert a julian day count to a julian calendar date </p5d>
<texts><text><lng>de</lng>
<d>Konvertierung vom Julianischen Datum zum Julianischen Kalender</d>
</text></texts></PHPModuleRef><PHPModuleRef>
<t>jdtounix</t>
<mn>calendar</mn>
<ft>F</ft>
<ver>4_0_0,4_0_1,4_0_2,4_0_3,4_0_4,4_0_5,4_0_6,4_1_0,4_1_1,4_1_2,4_2_0,4_2_1,4_2_2,4_2_3,4_3_0,4_3_1,4_3_10,4_3_11,4_3_2,4_3_3,4_3_4,4_3_5,4_3_6,4_3_7,4_3_8,4_3_9,4_4_0,4_4_1,4_4_2,4_4_3,4_4_4,4_4_5,4_4_6,4_cvs,5_0_0,5_0_1,5_0_2,5_0_3,5_1_0,5_1_1,5_1_2,5_1_3,5_1_4,5_1_5,5_1_6,5_2_0,5_2_1,5_cvs</ver>
<p4>int jdtounix(int jday)</p4>
<p4d>Convert Julian Day to UNIX timestamp </p4d>
<p5>int jdtounix(int jday)</p5>
<p5d>Convert Julian Day to UNIX timestamp </p5d>
<texts><text><lng>cs</lng>
<d>Převést Julian Day Count na UNIXový timestamp</d>
</text><text><lng>de</lng>
<d>Konvertiert Julianisches Datum in Unix-Timestamp</d>
</text><text><lng>el</lng>
<d>Μετατρέπει μία Ιουλιανή Ημέρα σε UNIX timestamp</d>
</text><text><lng>en</lng>
<d>Convert Julian Day to Unix timestamp</d>
</text><text><lng>es</lng>
<d>Convierte un dia Juliano a UNIX timestamp</d>
</text></texts></PHPModuleRef><PHPModuleRef>
<t>jewishtojd</t>
<mn>calendar</mn>
<ft>F</ft>
<ver>4_0_0,4_0_1,4_0_2,4_0_3,4_0_4,4_0_5,4_0_6,4_1_0,4_1_1,4_1_2,4_2_0,4_2_1,4_2_2,4_2_3,4_3_0,4_3_1,4_3_10,4_3_11,4_3_2,4_3_3,4_3_4,4_3_5,4_3_6,4_3_7,4_3_8,4_3_9,4_4_0,4_4_1,4_4_2,4_4_3,4_4_4,4_4_5,4_4_6,4_cvs,5_0_0,5_0_1,5_0_2,5_0_3,5_1_0,5_1_1,5_1_2,5_1_3,5_1_4,5_1_5,5_1_6,5_2_0,5_2_1,5_cvs</ver>
<p4>int jewishtojd(int month, int day, int year)</p4>
<p4d>Converts a jewish calendar date to a julian day count </p4d>
<p5>int jewishtojd(int month, int day, int year)</p5>
<p5d>Converts a jewish calendar date to a julian day count </p5d>
<texts><text><lng>de</lng>
<d>Konvertiert vom Jüdischen Kalender zum Julianischen Datum</d>
</text></texts></PHPModuleRef><PHPModuleRef>
<t>juliantojd</t>
<mn>calendar</mn>
<ft>F</ft>
<ver>4_0_0,4_0_1,4_0_2,4_0_3,4_0_4,4_0_5,4_0_6,4_1_0,4_1_1,4_1_2,4_2_0,4_2_1,4_2_2,4_2_3,4_3_0,4_3_1,4_3_10,4_3_11,4_3_2,4_3_3,4_3_4,4_3_5,4_3_6,4_3_7,4_3_8,4_3_9,4_4_0,4_4_1,4_4_2,4_4_3,4_4_4,4_4_5,4_4_6,4_cvs,5_0_0,5_0_1,5_0_2,5_0_3,5_1_0,5_1_1,5_1_2,5_1_3,5_1_4,5_1_5,5_1_6,5_2_0,5_2_1,5_cvs</ver>
<p4>int juliantojd(int month, int day, int year)</p4>
<p4d>Converts a julian calendar date to julian day count </p4d>
<p5>int juliantojd(int month, int day, int year)</p5>
<p5d>Converts a julian calendar date to julian day count </p5d>
<texts><text><lng>de</lng>
<d>Konvertierung vom Julianischen Kalender zum Julianischen Datum</d>
</text></texts></PHPModuleRef><PHPModuleRef>
<t>unixtojd</t>
<mn>calendar</mn>
<ft>F</ft>
<ver>4_0_0,4_0_1,4_0_2,4_0_3,4_0_4,4_0_5,4_0_6,4_1_0,4_1_1,4_1_2,4_2_0,4_2_1,4_2_2,4_2_3,4_3_0,4_3_1,4_3_10,4_3_11,4_3_2,4_3_3,4_3_4,4_3_5,4_3_6,4_3_7,4_3_8,4_3_9,4_4_0,4_4_1,4_4_2,4_4_3,4_4_4,4_4_5,4_4_6,4_cvs,5_0_0,5_0_1,5_0_2,5_0_3,5_1_0,5_1_1,5_1_2,5_1_3,5_1_4,5_1_5,5_1_6,5_2_0,5_2_1,5_cvs</ver>
<p4>int unixtojd([int timestamp])</p4>
<p4d>Convert UNIX timestamp to Julian Day </p4d>
<p5>int unixtojd([int timestamp])</p5>
<p5d>Convert UNIX timestamp to Julian Day </p5d>
<texts><text><lng>cs</lng>
<d>Převést UNIXový timestamp na Julian Day Count</d>
</text><text><lng>de</lng>
<d>Konvertiert Unix-Timestamp in Julianisches Datum</d>
</text><text><lng>el</lng>
<d>Μετατρέπει ένα UNIX timestamp σε Ιουλιανή Ημέρα</d>
</text><text><lng>en</lng>
<d>Convert Unix timestamp to Julian Day</d>
</text><text><lng>es</lng>
<d>Convierte de UNIX timestamp a dia Juliano</d>
</text></texts></PHPModuleRef><PHPModuleRef>
<t>FrenchToJD</t>
<mn>calendar</mn>
<ft>F</ft>
<ver></ver>
<texts><text><lng>cs</lng>
<d>Převést datum z Francouzského republikánského kalendáře na Julian
     Day Count</d>
</text><text><lng>el</lng>
<d>Μετατρέπει μία ημερομηνία του Ημερολογίου της Γαλλικής Δημοκρατίας στο Ιουλιανό σύστημα

     αρίθμησης ημερών</d>
</text><text><lng>en</lng>
<d>Converts a date from the French Republican Calendar to a JulianDay Count</d>
</text><text><lng>es</lng>
<d>Convierte del Calendario Republicano Francés a la
         Cuenta de Días Juliana</d>
</text></texts></PHPModuleRef><PHPModuleRef>
<t>GregorianToJD</t>
<mn>calendar</mn>
<ft>F</ft>
<ver></ver>
<texts><text><lng>cs</lng>
<d>Převést Gregoriánské datum na Julian Day Count</d>
</text><text><lng>el</lng>
<d>Μετατρέπει μία Γρηγοριανή ημερομηνία στο Ιουλιανό σύστημα μέτρησσης ημερών</d>
</text><text><lng>en</lng>
<d>Converts a Gregorian date to Julian Day Count</d>
</text><text><lng>es</lng>
<d>Convierte de fecha Gregoriana a la Cuenta de Días Juliana</d>
</text></texts></PHPModuleRef><PHPModuleRef>
<t>JDDayOfWeek</t>
<mn>calendar</mn>
<ft>F</ft>
<ver></ver>
<texts><text><lng>cs</lng>
<d>Vrátit den v týdnu</d>
</text><text><lng>el</lng>
<d>Επιστρέφει την ημέρα της εβδομάδας</d>
</text><text><lng>en</lng>
<d>Returns the day of the week</d>
</text><text><lng>es</lng>
<d>Devuelve el día de la semana</d>
</text></texts></PHPModuleRef><PHPModuleRef>
<t>JDMonthName</t>
<mn>calendar</mn>
<ft>F</ft>
<ver></ver>
<texts><text><lng>cs</lng>
<d>Vrátit název měsíce</d>
</text><text><lng>el</lng>
<d>Επιστρέφει το όνομα ενός μήνα</d>
</text><text><lng>en</lng>
<d>Returns a month name</d>
</text><text><lng>es</lng>
<d>Devuelve el nombre de un mes</d>
</text></texts></PHPModuleRef><PHPModuleRef>
<t>JDToFrench</t>
<mn>calendar</mn>
<ft>F</ft>
<ver></ver>
<texts><text><lng>cs</lng>
<d>Převést Julian Day Count na Francouzský republikánský kalendář</d>
</text><text><lng>el</lng>
<d>Μετατρέπει από το Ιουλιανό συστήμα αρίθμησης ημερών στο ημερολόγιο της Γαλλικής Δημοκρατίας</d>
</text><text><lng>en</lng>
<d>Converts a Julian Day Count to the French Republican Calendar</d>
</text><text><lng>es</lng>
<d>Convierte de Cuenta de Días al Calendario Republicano
         Francés</d>
</text></texts></PHPModuleRef><PHPModuleRef>
<t>JDToGregorian</t>
<mn>calendar</mn>
<ft>F</ft>
<ver></ver>
<texts><text><lng>cs</lng>
<d>Převést Julian Day Count na Gregoriánské datum</d>
</text><text><lng>el</lng>
<d>Μετατρέπει μία ημερομηνία του Ιουλιανού συστήματος αρίθμησης ημερών στο Γρηγοριανό ημερολόγιο</d>
</text><text><lng>en</lng>
<d>Converts Julian Day Count to Gregorian date</d>
</text><text><lng>es</lng>
<d>Convierte de Cuenta de Días a fecha Gregoriana</d>
</text></texts></PHPModuleRef><PHPModuleRef>
<t>JDToJewish</t>
<mn>calendar</mn>
<ft>F</ft>
<ver></ver>
<texts><text><lng>cs</lng>
<d>Převést Julian Day Count na  idovský kalendář</d>
</text><text><lng>el</lng>
<d>Μετατροπή από το Ιουλιανό σύστημα αρίθμησης ημερών στο Εβραϊκό ημερολόγιο</d>
</text></texts></PHPModuleRef><PHPModuleRef>
<t>JDToJulian</t>
<mn>calendar</mn>
<ft>F</ft>
<ver></ver>
<texts><text><lng>cs</lng>
<d>Převést Julian Day Count na Juliánské datum</d>
</text><text><lng>el</lng>
<d>Μετατρέπει μία ημερομηνία του Ιουλιανού συστήματος αρίθμησης ημερών στην αντίστοιχή της στο Ιουλιανό Ημερολόγιο</d>
</text><text><lng>en</lng>
<d>Converts a Julian Day Count to a Julian Calendar Date</d>
</text><text><lng>es</lng>
<d>Convierte de Cuenta de Días Juliana a Calendario Juliano</d>
</text></texts></PHPModuleRef><PHPModuleRef>
<t>JewishToJD</t>
<mn>calendar</mn>
<ft>F</ft>
<ver></ver>
<texts><text><lng>cs</lng>
<d>Převést datum podle  idovského kalendáře na Julian Day Count</d>
</text><text><lng>el</lng>
<d>Μετατρέπει μία ημερομηνία από το Εβραϊκό ημερολόγιο στο Ιουλιανό σύστημα αρίθμησης ημερών</d>
</text><text><lng>en</lng>
<d>Converts a date in the Jewish Calendar to Julian Day Count</d>
</text><text><lng>es</lng>
<d>Convierte del Calendario Judío a la Cuenta de Días Juliana</d>
</text></texts></PHPModuleRef><PHPModuleRef>
<t>JulianToJD</t>
<mn>calendar</mn>
<ft>F</ft>
<ver></ver>
<texts><text><lng>cs</lng>
<d>Převést Juliánské datum na Julian Day Count</d>
</text><text><lng>el</lng>
<d>Μετατρέπει μία ημερομηνία του Ιουλιανού ημερολογίου σε μία του Ιουλιανού συστήματος αρίθμησης ημερών</d>
</text><text><lng>en</lng>
<d>Converts a Julian Calendar date to Julian Day Count</d>
</text><text><lng>es</lng>
<d>Convierte de Calendario Juliano a Cuenta de Días Juliana</d>
</text></texts></PHPModuleRef><PHPModuleRef>
<t>CAL_DOW_DAYNO</t>
<mn>calendar</mn>
<ft>C</ft>
<p4>integer CAL_DOW_DAYNO</p4>
<p5>integer CAL_DOW_DAYNO</p5>
</PHPModuleRef><PHPModuleRef>
<t>CAL_DOW_LONG</t>
<mn>calendar</mn>
<ft>C</ft>
<p4>integer CAL_DOW_LONG</p4>
<p5>integer CAL_DOW_LONG</p5>
</PHPModuleRef><PHPModuleRef>
<t>CAL_DOW_SHORT</t>
<mn>calendar</mn>
<ft>C</ft>
<p4>integer CAL_DOW_SHORT</p4>
<p5>integer CAL_DOW_SHORT</p5>
</PHPModuleRef><PHPModuleRef>
<t>CAL_EASTER_ALWAYS_GREGORIAN</t>
<mn>calendar</mn>
<ft>C</ft>
<p4>integer CAL_EASTER_ALWAYS_GREGORIAN</p4>
<p5>integer CAL_EASTER_ALWAYS_GREGORIAN</p5>
</PHPModuleRef><PHPModuleRef>
<t>CAL_EASTER_ALWAYS_JULIAN</t>
<mn>calendar</mn>
<ft>C</ft>
<p4>integer CAL_EASTER_ALWAYS_JULIAN</p4>
<p5>integer CAL_EASTER_ALWAYS_JULIAN</p5>
</PHPModuleRef><PHPModuleRef>
<t>CAL_EASTER_DEFAULT</t>
<mn>calendar</mn>
<ft>C</ft>
<p4>integer CAL_EASTER_DEFAULT</p4>
<p5>integer CAL_EASTER_DEFAULT</p5>
</PHPModuleRef><PHPModuleRef>
<t>CAL_EASTER_ROMAN</t>
<mn>calendar</mn>
<ft>C</ft>
<p4>integer CAL_EASTER_ROMAN</p4>
<p5>integer CAL_EASTER_ROMAN</p5>
</PHPModuleRef><PHPModuleRef>
<t>CAL_FRENCH</t>
<mn>calendar</mn>
<ft>C</ft>
<p4>integer CAL_FRENCH</p4>
<p5>integer CAL_FRENCH</p5>
</PHPModuleRef><PHPModuleRef>
<t>CAL_GREGORIAN</t>
<mn>calendar</mn>
<ft>C</ft>
<p4>integer CAL_GREGORIAN</p4>
<p5>integer CAL_GREGORIAN</p5>
</PHPModuleRef><PHPModuleRef>
<t>CAL_JEWISH</t>
<mn>calendar</mn>
<ft>C</ft>
<p4>integer CAL_JEWISH</p4>
<p5>integer CAL_JEWISH</p5>
</PHPModuleRef><PHPModuleRef>
<t>CAL_JEWISH_ADD_ALAFIM</t>
<mn>calendar</mn>
<ft>C</ft>
<p4>integer CAL_JEWISH_ADD_ALAFIM</p4>
<p5>integer CAL_JEWISH_ADD_ALAFIM</p5>
</PHPModuleRef><PHPModuleRef>
<t>CAL_JEWISH_ADD_ALAFIM_GERESH</t>
<mn>calendar</mn>
<ft>C</ft>
<p4>integer CAL_JEWISH_ADD_ALAFIM_GERESH</p4>
<p5>integer CAL_JEWISH_ADD_ALAFIM_GERESH</p5>
</PHPModuleRef><PHPModuleRef>
<t>CAL_JEWISH_ADD_GERESHAYIM</t>
<mn>calendar</mn>
<ft>C</ft>
<p4>integer CAL_JEWISH_ADD_GERESHAYIM</p4>
<p5>integer CAL_JEWISH_ADD_GERESHAYIM</p5>
</PHPModuleRef><PHPModuleRef>
<t>CAL_JULIAN</t>
<mn>calendar</mn>
<ft>C</ft>
<p4>integer CAL_JULIAN</p4>
<p5>integer CAL_JULIAN</p5>
</PHPModuleRef><PHPModuleRef>
<t>CAL_MONTH_FRENCH</t>
<mn>calendar</mn>
<ft>C</ft>
<p4>integer CAL_MONTH_FRENCH</p4>
<p5>integer CAL_MONTH_FRENCH</p5>
</PHPModuleRef><PHPModuleRef>
<t>CAL_MONTH_GREGORIAN_LONG</t>
<mn>calendar</mn>
<ft>C</ft>
<p4>integer CAL_MONTH_GREGORIAN_LONG</p4>
<p5>integer CAL_MONTH_GREGORIAN_LONG</p5>
</PHPModuleRef><PHPModuleRef>
<t>CAL_MONTH_GREGORIAN_SHORT</t>
<mn>calendar</mn>
<ft>C</ft>
<p4>integer CAL_MONTH_GREGORIAN_SHORT</p4>
<p5>integer CAL_MONTH_GREGORIAN_SHORT</p5>
</PHPModuleRef><PHPModuleRef>
<t>CAL_MONTH_JEWISH</t>
<mn>calendar</mn>
<ft>C</ft>
<p4>integer CAL_MONTH_JEWISH</p4>
<p5>integer CAL_MONTH_JEWISH</p5>
</PHPModuleRef><PHPModuleRef>
<t>CAL_MONTH_JULIAN_LONG</t>
<mn>calendar</mn>
<ft>C</ft>
<p4>integer CAL_MONTH_JULIAN_LONG</p4>
<p5>integer CAL_MONTH_JULIAN_LONG</p5>
</PHPModuleRef><PHPModuleRef>
<t>CAL_MONTH_JULIAN_SHORT</t>
<mn>calendar</mn>
<ft>C</ft>
<p4>integer CAL_MONTH_JULIAN_SHORT</p4>
<p5>integer CAL_MONTH_JULIAN_SHORT</p5>
</PHPModuleRef><PHPModuleRef>
<t>CAL_NUM_CALS</t>
<mn>calendar</mn>
<ft>C</ft>
<p4>integer CAL_NUM_CALS</p4>
<p5>integer CAL_NUM_CALS</p5>
</PHPModuleRef></PHPModuleRef-List>
