<?xml version="1.0" encoding="utf-8"?>
<PHPModuleRef-List>
<PHPModuleRef>
<t>ccvs_add</t>
<mn>ccvs</mn>
<ft>F</ft>
<ver>4_0_2,4_0_3,4_0_4,4_0_5,4_0_6,4_1_0,4_1_1,4_1_2,4_2_0,4_2_1,4_2_2,4_2_3</ver>
<texts><text><lng>de</lng>
<d>Add data to a transaction</d>
</text><text><lng>en</lng>
<d>Add data to a transaction</d>
</text><text><lng>es</lng>
<d>Añadir datos a una transacción</d>
</text></texts></PHPModuleRef><PHPModuleRef>
<t>ccvs_auth</t>
<mn>ccvs</mn>
<ft>F</ft>
<ver>4_0_2,4_0_3,4_0_4,4_0_5,4_0_6,4_1_0,4_1_1,4_1_2,4_2_0,4_2_1,4_2_2,4_2_3</ver>
<texts><text><lng>de</lng>
<d>Perform credit authorization test on a transaction</d>
</text><text><lng>en</lng>
<d>Perform credit authorization test on a transaction</d>
</text><text><lng>es</lng>
<d>Realiza un test de una autorización a crédito en una transacción</d>
</text></texts></PHPModuleRef><PHPModuleRef>
<t>ccvs_command</t>
<mn>ccvs</mn>
<ft>F</ft>
<ver>4_0_2,4_0_3,4_0_4,4_0_5,4_0_6,4_1_0,4_1_1,4_1_2,4_2_0,4_2_1,4_2_2,4_2_3</ver>
<texts><text><lng>de</lng>
<d>Performs a command which is peculiar to a single protocol,and thus is not available in the general CCVS API</d>
</text><text><lng>en</lng>
<d>Performs a command which is peculiar to a single protocol,and thus is not available in the general CCVS API</d>
</text><text><lng>es</lng>
<d>Ejecuta un comando que es peculiar para un protocolo concreto, y que noestá disponible en el API general de CCVS</d>
</text></texts></PHPModuleRef><PHPModuleRef>
<t>ccvs_count</t>
<mn>ccvs</mn>
<ft>F</ft>
<ver>4_0_2,4_0_3,4_0_4,4_0_5,4_0_6,4_1_0,4_1_1,4_1_2,4_2_0,4_2_1,4_2_2,4_2_3</ver>
<texts><text><lng>de</lng>
<d>Find out how many transactions of a given type are stored in the system</d>
</text><text><lng>en</lng>
<d>Find out how many transactions of a given type are stored in the system</d>
</text><text><lng>es</lng>
<d>Encuentra cuantas transacciones de un tipo dado están almacenadas en el
     sistema</d>
</text></texts></PHPModuleRef><PHPModuleRef>
<t>ccvs_delete</t>
<mn>ccvs</mn>
<ft>F</ft>
<ver>4_0_2,4_0_3,4_0_4,4_0_5,4_0_6,4_1_0,4_1_1,4_1_2,4_2_0,4_2_1,4_2_2,4_2_3</ver>
<texts><text><lng>de</lng>
<d>Delete a transaction</d>
</text><text><lng>en</lng>
<d>Delete a transaction</d>
</text><text><lng>es</lng>
<d>Borra una transacción</d>
</text></texts></PHPModuleRef><PHPModuleRef>
<t>ccvs_done</t>
<mn>ccvs</mn>
<ft>F</ft>
<ver>4_0_2,4_0_3,4_0_4,4_0_5,4_0_6,4_1_0,4_1_1,4_1_2,4_2_0,4_2_1,4_2_2,4_2_3</ver>
<texts><text><lng>de</lng>
<d>Terminate CCVS engine and do cleanup work</d>
</text><text><lng>en</lng>
<d>Terminate CCVS engine and do cleanup work</d>
</text><text><lng>es</lng>
<d>Finaliza el motor de CCVS y hace una limpieza</d>
</text></texts></PHPModuleRef><PHPModuleRef>
<t>ccvs_init</t>
<mn>ccvs</mn>
<ft>F</ft>
<ver>4_0_2,4_0_3,4_0_4,4_0_5,4_0_6,4_1_0,4_1_1,4_1_2,4_2_0,4_2_1,4_2_2,4_2_3</ver>
<texts><text><lng>de</lng>
<d>Initialize CCVS for use</d>
</text><text><lng>en</lng>
<d>Initialize CCVS for use</d>
</text><text><lng>es</lng>
<d>Inicializa un CCVS para usarlo</d>
</text></texts></PHPModuleRef><PHPModuleRef>
<t>ccvs_lookup</t>
<mn>ccvs</mn>
<ft>F</ft>
<ver>4_0_2,4_0_3,4_0_4,4_0_5,4_0_6,4_1_0,4_1_1,4_1_2,4_2_0,4_2_1,4_2_2,4_2_3</ver>
<texts><text><lng>de</lng>
<d>Look up an item of a particular type in the database #</d>
</text><text><lng>en</lng>
<d>Look up an item of a particular type in the database #</d>
</text><text><lng>es</lng>
<d>Busca un item de un tipo en particular en la base de datos #</d>
</text></texts></PHPModuleRef><PHPModuleRef>
<t>ccvs_new</t>
<mn>ccvs</mn>
<ft>F</ft>
<ver>4_0_2,4_0_3,4_0_4,4_0_5,4_0_6,4_1_0,4_1_1,4_1_2,4_2_0,4_2_1,4_2_2,4_2_3</ver>
<texts><text><lng>de</lng>
<d>Create a new, blank transaction</d>
</text><text><lng>en</lng>
<d>Create a new, blank transaction</d>
</text><text><lng>es</lng>
<d>Crea una nueva, transacción en blanco</d>
</text></texts></PHPModuleRef><PHPModuleRef>
<t>ccvs_report</t>
<mn>ccvs</mn>
<ft>F</ft>
<ver>4_0_2,4_0_3,4_0_4,4_0_5,4_0_6,4_1_0,4_1_1,4_1_2,4_2_0,4_2_1,4_2_2,4_2_3</ver>
<texts><text><lng>de</lng>
<d>Return the status of the background communication process</d>
</text><text><lng>en</lng>
<d>Return the status of the background communication process</d>
</text><text><lng>es</lng>
<d>Devuelve el estado del proceso de comunicación en background</d>
</text></texts></PHPModuleRef><PHPModuleRef>
<t>ccvs_return</t>
<mn>ccvs</mn>
<ft>F</ft>
<ver>4_0_2,4_0_3,4_0_4,4_0_5,4_0_6,4_1_0,4_1_1,4_1_2,4_2_0,4_2_1,4_2_2,4_2_3</ver>
<texts><text><lng>de</lng>
<d>Transfer funds from the merchant to the credit card holder</d>
</text><text><lng>en</lng>
<d>Transfer funds from the merchant to the credit card holder</d>
</text><text><lng>es</lng>
<d>Transfiere fondos del comerciante al titular de la tarjeta</d>
</text></texts></PHPModuleRef><PHPModuleRef>
<t>ccvs_reverse</t>
<mn>ccvs</mn>
<ft>F</ft>
<ver>4_0_2,4_0_3,4_0_4,4_0_5,4_0_6,4_1_0,4_1_1,4_1_2,4_2_0,4_2_1,4_2_2,4_2_3</ver>
<texts><text><lng>de</lng>
<d>Perform a full reversal on an already-processed authorization</d>
</text><text><lng>en</lng>
<d>Perform a full reversal on an already-processed authorization</d>
</text><text><lng>es</lng>
<d>Realiza una revocación completa en una autorización ya procesada</d>
</text></texts></PHPModuleRef><PHPModuleRef>
<t>ccvs_sale</t>
<mn>ccvs</mn>
<ft>F</ft>
<ver>4_0_2,4_0_3,4_0_4,4_0_5,4_0_6,4_1_0,4_1_1,4_1_2,4_2_0,4_2_1,4_2_2,4_2_3</ver>
<texts><text><lng>de</lng>
<d>Transfer funds from the credit card holder to the merchant</d>
</text><text><lng>en</lng>
<d>Transfer funds from the credit card holder to the merchant</d>
</text><text><lng>es</lng>
<d>Transfiere fondos del titular de la tarjeta al comerciante</d>
</text></texts></PHPModuleRef><PHPModuleRef>
<t>ccvs_status</t>
<mn>ccvs</mn>
<ft>F</ft>
<ver>4_0_2,4_0_3,4_0_4,4_0_5,4_0_6,4_1_0,4_1_1,4_1_2,4_2_0,4_2_1,4_2_2,4_2_3</ver>
<texts><text><lng>de</lng>
<d>Check the status of an invoice</d>
</text><text><lng>en</lng>
<d>Check the status of an invoice</d>
</text><text><lng>es</lng>
<d>Chequear el estado de una factura</d>
</text></texts></PHPModuleRef><PHPModuleRef>
<t>ccvs_textvalue</t>
<mn>ccvs</mn>
<ft>F</ft>
<ver>4_0_2,4_0_3,4_0_4,4_0_5,4_0_6,4_1_0,4_1_1,4_1_2,4_2_0,4_2_1,4_2_2,4_2_3</ver>
<texts><text><lng>de</lng>
<d>Get text return value for previous function call</d>
</text><text><lng>en</lng>
<d>Get text return value for previous function call</d>
</text><text><lng>es</lng>
<d>Obtiene el valor de retorno de texto para una llamada anteriora una función</d>
</text></texts></PHPModuleRef><PHPModuleRef>
<t>ccvs_void</t>
<mn>ccvs</mn>
<ft>F</ft>
<ver>4_0_2,4_0_3,4_0_4,4_0_5,4_0_6,4_1_0,4_1_1,4_1_2,4_2_0,4_2_1,4_2_2,4_2_3</ver>
<texts><text><lng>de</lng>
<d>Perform a full reversal on a completed transaction</d>
</text><text><lng>en</lng>
<d>Perform a full reversal on a completed transaction</d>
</text><text><lng>es</lng>
<d>Realizar una revocación completa en una transacción completada</d>
</text></texts></PHPModuleRef><PHPModuleRef>
<t>cv_add</t>
<mn>ccvs</mn>
<ft>A</ft>
<af>ccvs_add</af>
<ver>4_0_2,4_0_3,4_0_4,4_0_5,4_0_6,4_1_0,4_1_1,4_1_2,4_2_0,4_2_1,4_2_2,4_2_3</ver>
</PHPModuleRef><PHPModuleRef>
<t>cv_auth</t>
<mn>ccvs</mn>
<ft>A</ft>
<af>ccvs_auth</af>
<ver>4_0_2,4_0_3,4_0_4,4_0_5,4_0_6,4_1_0,4_1_1,4_1_2,4_2_0,4_2_1,4_2_2,4_2_3</ver>
</PHPModuleRef><PHPModuleRef>
<t>cv_command</t>
<mn>ccvs</mn>
<ft>A</ft>
<af>ccvs_command</af>
<ver>4_0_2,4_0_3,4_0_4,4_0_5,4_0_6,4_1_0,4_1_1,4_1_2,4_2_0,4_2_1,4_2_2,4_2_3</ver>
</PHPModuleRef><PHPModuleRef>
<t>cv_count</t>
<mn>ccvs</mn>
<ft>A</ft>
<af>ccvs_count</af>
<ver>4_0_2,4_0_3,4_0_4,4_0_5,4_0_6,4_1_0,4_1_1,4_1_2,4_2_0,4_2_1,4_2_2,4_2_3</ver>
</PHPModuleRef><PHPModuleRef>
<t>cv_delete</t>
<mn>ccvs</mn>
<ft>A</ft>
<af>ccvs_delete</af>
<ver>4_0_2,4_0_3,4_0_4,4_0_5,4_0_6,4_1_0,4_1_1,4_1_2,4_2_0,4_2_1,4_2_2,4_2_3</ver>
</PHPModuleRef><PHPModuleRef>
<t>cv_done</t>
<mn>ccvs</mn>
<ft>A</ft>
<af>ccvs_done</af>
<ver>4_0_2,4_0_3,4_0_4,4_0_5,4_0_6,4_1_0,4_1_1,4_1_2,4_2_0,4_2_1,4_2_2,4_2_3</ver>
</PHPModuleRef><PHPModuleRef>
<t>cv_init</t>
<mn>ccvs</mn>
<ft>A</ft>
<af>ccvs_init</af>
<ver>4_0_2,4_0_3,4_0_4,4_0_5,4_0_6,4_1_0,4_1_1,4_1_2,4_2_0,4_2_1,4_2_2,4_2_3</ver>
</PHPModuleRef><PHPModuleRef>
<t>cv_lookup</t>
<mn>ccvs</mn>
<ft>A</ft>
<af>ccvs_lookup</af>
<ver>4_0_2,4_0_3,4_0_4,4_0_5,4_0_6,4_1_0,4_1_1,4_1_2,4_2_0,4_2_1,4_2_2,4_2_3</ver>
</PHPModuleRef><PHPModuleRef>
<t>cv_new</t>
<mn>ccvs</mn>
<ft>A</ft>
<af>ccvs_new</af>
<ver>4_0_2,4_0_3,4_0_4,4_0_5,4_0_6,4_1_0,4_1_1,4_1_2,4_2_0,4_2_1,4_2_2,4_2_3</ver>
</PHPModuleRef><PHPModuleRef>
<t>cv_report</t>
<mn>ccvs</mn>
<ft>A</ft>
<af>ccvs_report</af>
<ver>4_0_2,4_0_3,4_0_4,4_0_5,4_0_6,4_1_0,4_1_1,4_1_2,4_2_0,4_2_1,4_2_2,4_2_3</ver>
</PHPModuleRef><PHPModuleRef>
<t>cv_return</t>
<mn>ccvs</mn>
<ft>A</ft>
<af>ccvs_return</af>
<ver>4_0_2,4_0_3,4_0_4,4_0_5,4_0_6,4_1_0,4_1_1,4_1_2,4_2_0,4_2_1,4_2_2,4_2_3</ver>
</PHPModuleRef><PHPModuleRef>
<t>cv_reverse</t>
<mn>ccvs</mn>
<ft>A</ft>
<af>ccvs_reverse</af>
<ver>4_0_2,4_0_3,4_0_4,4_0_5,4_0_6,4_1_0,4_1_1,4_1_2,4_2_0,4_2_1,4_2_2,4_2_3</ver>
</PHPModuleRef><PHPModuleRef>
<t>cv_sale</t>
<mn>ccvs</mn>
<ft>A</ft>
<af>ccvs_sale</af>
<ver>4_0_2,4_0_3,4_0_4,4_0_5,4_0_6,4_1_0,4_1_1,4_1_2,4_2_0,4_2_1,4_2_2,4_2_3</ver>
</PHPModuleRef><PHPModuleRef>
<t>cv_status</t>
<mn>ccvs</mn>
<ft>A</ft>
<af>ccvs_status</af>
<ver>4_0_2,4_0_3,4_0_4,4_0_5,4_0_6,4_1_0,4_1_1,4_1_2,4_2_0,4_2_1,4_2_2,4_2_3</ver>
</PHPModuleRef><PHPModuleRef>
<t>cv_textvalue</t>
<mn>ccvs</mn>
<ft>A</ft>
<af>ccvs_textvalue</af>
<ver>4_0_2,4_0_3,4_0_4,4_0_5,4_0_6,4_1_0,4_1_1,4_1_2,4_2_0,4_2_1,4_2_2,4_2_3</ver>
</PHPModuleRef><PHPModuleRef>
<t>cv_void</t>
<mn>ccvs</mn>
<ft>A</ft>
<af>ccvs_void</af>
<ver>4_0_2,4_0_3,4_0_4,4_0_5,4_0_6,4_1_0,4_1_1,4_1_2,4_2_0,4_2_1,4_2_2,4_2_3</ver>
</PHPModuleRef></PHPModuleRef-List>
