<?xml version="1.0" encoding="utf-8"?>
<PHPModuleRef-List>
<PHPModuleRef>
<t>com_addref</t>
<mn>com</mn>
<ft>F</ft>
<ver>4_1_0,4_1_1,4_1_2,4_2_0,4_2_1,4_2_2,4_2_3,4_3_0,4_3_1,4_3_10,4_3_11,4_3_2,4_3_3,4_3_4,4_3_5,4_3_6,4_3_7,4_3_8,4_3_9,4_4_0,4_4_1,4_4_2,4_4_3,4_4_4,4_4_5,4_4_6,4_cvs</ver>
<p4>mixed com_addref(int module)</p4>
<p4d>Increases the reference counter on a COM object </p4d>
<texts><text><lng>de</lng>
<d>Erhöht den Referenzzähler der Komponente</d>
</text><text><lng>en</lng>
<d>Increases the components reference counter [deprecated]</d>
</text></texts></PHPModuleRef><PHPModuleRef>
<t>com_event_sink</t>
<mn>com</mn>
<ft>F</ft>
<ver>4_2_3,4_3_0,4_3_1,4_3_10,4_3_11,4_3_2,4_3_3,4_3_4,4_3_5,4_3_6,4_3_7,4_3_8,4_3_9,4_4_0,4_4_1,4_4_2,4_4_3,4_4_4,4_4_5,4_4_6,4_cvs,5_0_0,5_0_1,5_0_2,5_0_3,5_1_0,5_1_1,5_1_2,5_1_3,5_1_4,5_1_5,5_1_6,5_2_0,5_2_1,5_cvs</ver>
<p4>bool com_event_sink(mixed comobject, object sinkobject [, mixed sinkinterface])</p4>
<p4d>Connect events from a COM object to a PHP object </p4d>
<p5>bool com_event_sink(object comobject, object sinkobject [, mixed sinkinterface])</p5>
<p5d>Connect events from a COM object to a PHP object </p5d>
<texts><text><lng>en</lng>
<d>Connect events from a COM object to a PHP object</d>
</text></texts></PHPModuleRef><PHPModuleRef>
<t>com_get</t>
<mn>com</mn>
<ft>A</ft>
<af>com_propget</af>
<ver>4_0_0,4_0_1,4_0_2,4_0_3,4_0_4,4_0_5,4_0_6,4_1_0,4_1_1,4_1_2,4_2_0,4_2_1,4_2_2,4_2_3,4_3_0,4_3_1,4_3_10,4_3_11,4_3_2,4_3_3,4_3_4,4_3_5,4_3_6,4_3_7,4_3_8,4_3_9,4_4_0,4_4_1,4_4_2,4_4_3,4_4_4,4_4_5,4_4_6,4_cvs</ver>
</PHPModuleRef><PHPModuleRef>
<t>COM_invoke</t>
<mn>com</mn>
<ft>F</ft>
<ver>4_0_0,4_0_1,4_0_2,4_0_3,4_0_4,4_0_5</ver>
</PHPModuleRef><PHPModuleRef>
<t>com_invoke</t>
<mn>com</mn>
<ft>F</ft>
<ver>4_0_6,4_1_0,4_1_1,4_1_2,4_2_0,4_2_1,4_2_2,4_2_3,4_3_0,4_3_1,4_3_10,4_3_11,4_3_2,4_3_3,4_3_4,4_3_5,4_3_6,4_3_7,4_3_8,4_3_9,4_4_0,4_4_1,4_4_2,4_4_3,4_4_4,4_4_5,4_4_6,4_cvs</ver>
<p4>mixed com_invoke(int module, string handler_name [, mixed arg [, mixed ...]])</p4>
<p4d>Invokes a COM module </p4d>
<texts><text><lng>cs</lng>
<d>Volá metodu COM komponenty.</d>
</text><text><lng>de</lng>
<d>Ruft eine Methode einer COM Komponente auf</d>
</text><text><lng>en</lng>
<d>Calls a COM component's method [deprecated]</d>
</text><text><lng>es</lng>
<d>???</d>
</text></texts></PHPModuleRef><PHPModuleRef>
<t>com_invoke_ex</t>
<mn>com</mn>
<ft>F</ft>
<ver>4_3_0,4_3_1,4_3_10,4_3_11,4_3_2,4_3_3,4_3_4,4_3_5,4_3_6,4_3_7,4_3_8,4_3_9,4_4_0,4_4_1,4_4_2,4_4_3,4_4_4,4_4_5,4_4_6,4_cvs</ver>
<p4>mixed com_invoke_ex(int module, int invokeflags, string handler_name [, mixed arg [, mixed ...]])</p4>
<p4d>Invokes a COM module </p4d>
</PHPModuleRef><PHPModuleRef>
<t>com_isenum</t>
<mn>com</mn>
<ft>F</ft>
<ver>4_1_0,4_1_1,4_1_2,4_2_0,4_2_1,4_2_2,4_2_3,4_3_0,4_3_1,4_3_10,4_3_11,4_3_2,4_3_3,4_3_4,4_3_5,4_3_6,4_3_7,4_3_8,4_3_9,4_4_0,4_4_1,4_4_2,4_4_3,4_4_4,4_4_5,4_4_6,4_cvs</ver>
<p4>bool com_isenum(object com_module)</p4>
<p4d>Grabs an IEnumVariant </p4d>
<texts><text><lng>de</lng>
<d>Holt eine IEnumVariant</d>
</text><text><lng>en</lng>
<d>Indicates if a COM object has an IEnumVariant interface for iteration [deprecated]</d>
</text></texts></PHPModuleRef><PHPModuleRef>
<t>COM_load</t>
<mn>com</mn>
<ft>F</ft>
<ver>4_0_0,4_0_1,4_0_2,4_0_3,4_0_4,4_0_5</ver>
</PHPModuleRef><PHPModuleRef>
<t>com_load</t>
<mn>com</mn>
<ft>F</ft>
<ver>4_0_6,4_1_0,4_1_1,4_1_2,4_2_0,4_2_1,4_2_2,4_2_3,4_3_0,4_3_1,4_3_10,4_3_11,4_3_2,4_3_3,4_3_4,4_3_5,4_3_6,4_3_7,4_3_8,4_3_9,4_4_0,4_4_1,4_4_2,4_4_3,4_4_4,4_4_5,4_4_6,4_cvs</ver>
<p4>int com_load(string module_name [, string remote_host [, int codepage [, string typelib]]])</p4>
<p4d>Loads a COM module </p4d>
<texts><text><lng>cs</lng>
<d>Vytvoří nový odkaz na COM komponentu</d>
</text><text><lng>de</lng>
<d>Erstellt eine neue Referenz auf eine COM Komponente</d>
</text><text><lng>en</lng>
<d>Creates a new reference to a COM component [deprecated]</d>
</text><text><lng>es</lng>
<d>???</d>
</text></texts></PHPModuleRef><PHPModuleRef>
<t>com_load_typelib</t>
<mn>com</mn>
<ft>F</ft>
<ver>4_1_0,4_1_1,4_1_2,4_2_0,4_2_1,4_2_2,4_2_3,4_3_0,4_3_1,4_3_10,4_3_11,4_3_2,4_3_3,4_3_4,4_3_5,4_3_6,4_3_7,4_3_8,4_3_9,4_4_0,4_4_1,4_4_2,4_4_3,4_4_4,4_4_5,4_4_6,4_cvs,5_0_0,5_0_1,5_0_2,5_0_3,5_1_0,5_1_1,5_1_2,5_1_3,5_1_4,5_1_5,5_1_6,5_2_0,5_2_1,5_cvs</ver>
<p4>bool com_load_typelib(string typelib_name [, int case_insensitive]) </p4>
<p4d>Loads a Typelib </p4d>
<p5>bool com_load_typelib(string typelib_name [, int case_insensitive]) </p5>
<p5d>Loads a Typelibrary and registers its constants </p5d>
<texts><text><lng>de</lng>
<d>Lädt eine Typelib</d>
</text><text><lng>en</lng>
<d>Loads a Typelib</d>
</text></texts></PHPModuleRef><PHPModuleRef>
<t>com_message_pump</t>
<mn>com</mn>
<ft>F</ft>
<ver>4_2_3,4_3_0,4_3_1,4_3_10,4_3_11,4_3_2,4_3_3,4_3_4,4_3_5,4_3_6,4_3_7,4_3_8,4_3_9,4_4_0,4_4_1,4_4_2,4_4_3,4_4_4,4_4_5,4_4_6,4_cvs,5_0_0,5_0_1,5_0_2,5_0_3,5_1_0,5_1_1,5_1_2,5_1_3,5_1_4,5_1_5,5_1_6,5_2_0,5_2_1,5_cvs</ver>
<p4>bool com_message_pump([int timeoutms])</p4>
<p4d>Process COM messages, sleeping for up to timeoutms milliseconds </p4d>
<p5>bool com_message_pump([int timeoutms])</p5>
<p5d>Process COM messages, sleeping for up to timeoutms milliseconds </p5d>
<texts><text><lng>en</lng>
<d>Process COM messages, sleeping for up to timeoutms milliseconds</d>
</text></texts></PHPModuleRef><PHPModuleRef>
<t>com_print_typeinfo</t>
<mn>com</mn>
<ft>F</ft>
<ver>4_2_3,4_3_0,4_3_1,4_3_10,4_3_11,4_3_2,4_3_3,4_3_4,4_3_5,4_3_6,4_3_7,4_3_8,4_3_9,4_4_0,4_4_1,4_4_2,4_4_3,4_4_4,4_4_5,4_4_6,4_cvs,5_0_0,5_0_1,5_0_2,5_0_3,5_1_0,5_1_1,5_1_2,5_1_3,5_1_4,5_1_5,5_1_6,5_2_0,5_2_1,5_cvs</ver>
<p4>bool com_print_typeinfo(mixed comobject | string typelib, string dispinterface, bool wantsink)</p4>
<p4d>Print out a PHP class definition for a dispatchable interface </p4d>
<p5>bool com_print_typeinfo(object comobject | string typelib, string dispinterface, bool wantsink)</p5>
<p5d>Print out a PHP class definition for a dispatchable interface </p5d>
<texts><text><lng>en</lng>
<d>Print out a PHP class definition for a dispatchable interface</d>
</text></texts></PHPModuleRef><PHPModuleRef>
<t>com_propget</t>
<mn>com</mn>
<ft>F</ft>
<ver>4_0_0,4_0_1,4_0_2,4_0_3,4_0_4,4_0_5,4_0_6,4_1_0,4_1_1,4_1_2,4_2_0,4_2_1,4_2_2,4_2_3,4_3_0,4_3_1,4_3_10,4_3_11,4_3_2,4_3_3,4_3_4,4_3_5,4_3_6,4_3_7,4_3_8,4_3_9,4_4_0,4_4_1,4_4_2,4_4_3,4_4_4,4_4_5,4_4_6,4_cvs</ver>
<p4>mixed com_propget(int module, string property_name [, mixed arg ... ])</p4>
<p4d>Gets properties from a COM module </p4d>
<texts><text><lng>cs</lng>
<d>Získává hodnotu vlastnosti COM komponenty</d>
</text><text><lng>de</lng>
<d>Liefert den Wert der Eigenschaft einer COM Komponente</d>
</text><text><lng>en</lng>
<d>&amp;Alias;com_get</d>
</text><text><lng>es</lng>
<d>???</d>
</text></texts></PHPModuleRef><PHPModuleRef>
<t>com_propput</t>
<mn>com</mn>
<ft>F</ft>
<ver>4_0_0,4_0_1,4_0_2,4_0_3,4_0_4,4_0_5,4_0_6,4_1_0,4_1_1,4_1_2,4_2_0,4_2_1,4_2_2,4_2_3,4_3_0,4_3_1,4_3_10,4_3_11,4_3_2,4_3_3,4_3_4,4_3_5,4_3_6,4_3_7,4_3_8,4_3_9,4_4_0,4_4_1,4_4_2,4_4_3,4_4_4,4_4_5,4_4_6,4_cvs</ver>
<p4>bool com_propput(int module, string property_name, mixed value, ...)</p4>
<p4d>Puts the properties for a module </p4d>
<texts><text><lng>cs</lng>
<d>Přiřazuje hodnotu vlastnosti COM komponenty.</d>
</text><text><lng>de</lng>
<d>Weist einer Eigenschaft einer COM Komponente einen Wert zu</d>
</text><text><lng>en</lng>
<d>&amp;Alias;com_set</d>
</text><text><lng>es</lng>
<d>???</d>
</text></texts></PHPModuleRef><PHPModuleRef>
<t>com_propset</t>
<mn>com</mn>
<ft>A</ft>
<af>com_propput</af>
<ver>4_0_0,4_0_1,4_0_2,4_0_3,4_0_4,4_0_5,4_0_6,4_1_0,4_1_1,4_1_2,4_2_0,4_2_1,4_2_2,4_2_3,4_3_0,4_3_1,4_3_10,4_3_11,4_3_2,4_3_3,4_3_4,4_3_5,4_3_6,4_3_7,4_3_8,4_3_9,4_4_0,4_4_1,4_4_2,4_4_3,4_4_4,4_4_5,4_4_6,4_cvs</ver>
</PHPModuleRef><PHPModuleRef>
<t>com_release</t>
<mn>com</mn>
<ft>F</ft>
<ver>4_1_0,4_1_1,4_1_2,4_2_0,4_2_1,4_2_2,4_2_3,4_3_0,4_3_1,4_3_10,4_3_11,4_3_2,4_3_3,4_3_4,4_3_5,4_3_6,4_3_7,4_3_8,4_3_9,4_4_0,4_4_1,4_4_2,4_4_3,4_4_4,4_4_5,4_4_6,4_cvs</ver>
<p4>mixed com_release(int module)</p4>
<p4d>Releases a COM object </p4d>
<texts><text><lng>de</lng>
<d>Reduziert den Referenzzähler der Komponente</d>
</text><text><lng>en</lng>
<d>Decreases the components reference counter [deprecated]</d>
</text></texts></PHPModuleRef><PHPModuleRef>
<t>com_set</t>
<mn>com</mn>
<ft>A</ft>
<af>com_propput</af>
<ver>4_0_0,4_0_1,4_0_2,4_0_3,4_0_4,4_0_5,4_0_6,4_1_0,4_1_1,4_1_2,4_2_0,4_2_1,4_2_2,4_2_3,4_3_0,4_3_1,4_3_10,4_3_11,4_3_2,4_3_3,4_3_4,4_3_5,4_3_6,4_3_7,4_3_8,4_3_9,4_4_0,4_4_1,4_4_2,4_4_3,4_4_4,4_4_5,4_4_6,4_cvs</ver>
</PHPModuleRef><PHPModuleRef>
<t>CLSCTX_ALL</t>
<mn>com</mn>
<ft>C</ft>
<p4>integer CLSCTX_ALL</p4>
<p5>integer CLSCTX_ALL</p5>
</PHPModuleRef><PHPModuleRef>
<t>CLSCTX_INPROC_HANDLER</t>
<mn>com</mn>
<ft>C</ft>
<p4>integer CLSCTX_INPROC_HANDLER</p4>
<p5>integer CLSCTX_INPROC_HANDLER</p5>
</PHPModuleRef><PHPModuleRef>
<t>CLSCTX_INPROC_SERVER</t>
<mn>com</mn>
<ft>C</ft>
<p4>integer CLSCTX_INPROC_SERVER</p4>
<p5>integer CLSCTX_INPROC_SERVER</p5>
</PHPModuleRef><PHPModuleRef>
<t>CLSCTX_LOCAL_SERVER</t>
<mn>com</mn>
<ft>C</ft>
<p4>integer CLSCTX_LOCAL_SERVER</p4>
<p5>integer CLSCTX_LOCAL_SERVER</p5>
</PHPModuleRef><PHPModuleRef>
<t>CLSCTX_REMOTE_SERVER</t>
<mn>com</mn>
<ft>C</ft>
<p4>integer CLSCTX_REMOTE_SERVER</p4>
<p5>integer CLSCTX_REMOTE_SERVER</p5>
</PHPModuleRef><PHPModuleRef>
<t>CLSCTX_SERVER</t>
<mn>com</mn>
<ft>C</ft>
<p4>integer CLSCTX_SERVER</p4>
<p5>integer CLSCTX_SERVER</p5>
</PHPModuleRef><PHPModuleRef>
<t>CP_ACP</t>
<mn>com</mn>
<ft>C</ft>
<p4>integer CP_ACP</p4>
<p5>integer CP_ACP</p5>
</PHPModuleRef><PHPModuleRef>
<t>CP_MACCP</t>
<mn>com</mn>
<ft>C</ft>
<p4>integer CP_MACCP</p4>
<p5>integer CP_MACCP</p5>
</PHPModuleRef><PHPModuleRef>
<t>CP_OEMCP</t>
<mn>com</mn>
<ft>C</ft>
<p4>integer CP_OEMCP</p4>
<p5>integer CP_OEMCP</p5>
</PHPModuleRef><PHPModuleRef>
<t>CP_SYMBOL</t>
<mn>com</mn>
<ft>C</ft>
<p4>integer CP_SYMBOL</p4>
<p5>integer CP_SYMBOL</p5>
</PHPModuleRef><PHPModuleRef>
<t>CP_THREAD_ACP</t>
<mn>com</mn>
<ft>C</ft>
<p4>integer CP_THREAD_ACP</p4>
<p5>integer CP_THREAD_ACP</p5>
</PHPModuleRef><PHPModuleRef>
<t>CP_UTF7</t>
<mn>com</mn>
<ft>C</ft>
<p4>integer CP_UTF7</p4>
<p5>integer CP_UTF7</p5>
</PHPModuleRef><PHPModuleRef>
<t>CP_UTF8</t>
<mn>com</mn>
<ft>C</ft>
<p4>integer CP_UTF8</p4>
<p5>integer CP_UTF8</p5>
</PHPModuleRef><PHPModuleRef>
<t>DISP_E_DIVBYZERO</t>
<mn>com</mn>
<ft>C</ft>
<p4>integer DISP_E_DIVBYZERO</p4>
<p5>integer DISP_E_DIVBYZERO</p5>
</PHPModuleRef><PHPModuleRef>
<t>DISP_E_OVERFLOW</t>
<mn>com</mn>
<ft>C</ft>
<p4>integer DISP_E_OVERFLOW</p4>
<p5>integer DISP_E_OVERFLOW</p5>
</PHPModuleRef><PHPModuleRef>
<t>MK_E_UNAVAILABLE</t>
<mn>com</mn>
<ft>C</ft>
<p4>integer MK_E_UNAVAILABLE</p4>
<p5>integer MK_E_UNAVAILABLE</p5>
</PHPModuleRef><PHPModuleRef>
<t>NORM_IGNORECASE</t>
<mn>com</mn>
<ft>C</ft>
<p4>integer NORM_IGNORECASE</p4>
<p5>integer NORM_IGNORECASE</p5>
</PHPModuleRef><PHPModuleRef>
<t>NORM_IGNOREKANATYPE</t>
<mn>com</mn>
<ft>C</ft>
<p4>integer NORM_IGNOREKANATYPE</p4>
<p5>integer NORM_IGNOREKANATYPE</p5>
</PHPModuleRef><PHPModuleRef>
<t>NORM_IGNOREKASHIDA</t>
<mn>com</mn>
<ft>C</ft>
<p4>integer NORM_IGNOREKASHIDA</p4>
<p5>integer NORM_IGNOREKASHIDA</p5>
</PHPModuleRef><PHPModuleRef>
<t>NORM_IGNORENONSPACE</t>
<mn>com</mn>
<ft>C</ft>
<p4>integer NORM_IGNORENONSPACE</p4>
<p5>integer NORM_IGNORENONSPACE</p5>
</PHPModuleRef><PHPModuleRef>
<t>NORM_IGNORESYMBOLS</t>
<mn>com</mn>
<ft>C</ft>
<p4>integer NORM_IGNORESYMBOLS</p4>
<p5>integer NORM_IGNORESYMBOLS</p5>
</PHPModuleRef><PHPModuleRef>
<t>NORM_IGNOREWIDTH</t>
<mn>com</mn>
<ft>C</ft>
<p4>integer NORM_IGNOREWIDTH</p4>
<p5>integer NORM_IGNOREWIDTH</p5>
</PHPModuleRef><PHPModuleRef>
<t>VARCMP_EQ</t>
<mn>com</mn>
<ft>C</ft>
<p4>integer VARCMP_EQ</p4>
<p5>integer VARCMP_EQ</p5>
</PHPModuleRef><PHPModuleRef>
<t>VARCMP_GT</t>
<mn>com</mn>
<ft>C</ft>
<p4>integer VARCMP_GT</p4>
<p5>integer VARCMP_GT</p5>
</PHPModuleRef><PHPModuleRef>
<t>VARCMP_LT</t>
<mn>com</mn>
<ft>C</ft>
<p4>integer VARCMP_LT</p4>
<p5>integer VARCMP_LT</p5>
</PHPModuleRef><PHPModuleRef>
<t>VARCMP_NULL</t>
<mn>com</mn>
<ft>C</ft>
<p4>integer VARCMP_NULL</p4>
<p5>integer VARCMP_NULL</p5>
</PHPModuleRef><PHPModuleRef>
<t>VT_ARRAY</t>
<mn>com</mn>
<ft>C</ft>
<p4>integer VT_ARRAY</p4>
<p5>integer VT_ARRAY</p5>
</PHPModuleRef><PHPModuleRef>
<t>VT_BOOL</t>
<mn>com</mn>
<ft>C</ft>
<p4>integer VT_BOOL</p4>
<p5>integer VT_BOOL</p5>
</PHPModuleRef><PHPModuleRef>
<t>VT_BSTR</t>
<mn>com</mn>
<ft>C</ft>
<p4>integer VT_BSTR</p4>
<p5>integer VT_BSTR</p5>
</PHPModuleRef><PHPModuleRef>
<t>VT_BYREF</t>
<mn>com</mn>
<ft>C</ft>
<p4>integer VT_BYREF</p4>
<p5>integer VT_BYREF</p5>
</PHPModuleRef><PHPModuleRef>
<t>VT_CY</t>
<mn>com</mn>
<ft>C</ft>
<p4>integer VT_CY</p4>
<p5>integer VT_CY</p5>
</PHPModuleRef><PHPModuleRef>
<t>VT_DATE</t>
<mn>com</mn>
<ft>C</ft>
<p4>integer VT_DATE</p4>
<p5>integer VT_DATE</p5>
</PHPModuleRef><PHPModuleRef>
<t>VT_DECIMAL</t>
<mn>com</mn>
<ft>C</ft>
<p4>integer VT_DECIMAL</p4>
<p5>integer VT_DECIMAL</p5>
</PHPModuleRef><PHPModuleRef>
<t>VT_DISPATCH</t>
<mn>com</mn>
<ft>C</ft>
<p4>integer VT_DISPATCH</p4>
<p5>integer VT_DISPATCH</p5>
</PHPModuleRef><PHPModuleRef>
<t>VT_EMPTY</t>
<mn>com</mn>
<ft>C</ft>
<p4>integer VT_EMPTY</p4>
<p5>integer VT_EMPTY</p5>
</PHPModuleRef><PHPModuleRef>
<t>VT_ERROR</t>
<mn>com</mn>
<ft>C</ft>
<p4>integer VT_ERROR</p4>
<p5>integer VT_ERROR</p5>
</PHPModuleRef><PHPModuleRef>
<t>VT_I1</t>
<mn>com</mn>
<ft>C</ft>
<p4>integer VT_I1</p4>
<p5>integer VT_I1</p5>
</PHPModuleRef><PHPModuleRef>
<t>VT_I2</t>
<mn>com</mn>
<ft>C</ft>
<p4>integer VT_I2</p4>
<p5>integer VT_I2</p5>
</PHPModuleRef><PHPModuleRef>
<t>VT_I4</t>
<mn>com</mn>
<ft>C</ft>
<p4>integer VT_I4</p4>
<p5>integer VT_I4</p5>
</PHPModuleRef><PHPModuleRef>
<t>VT_INT</t>
<mn>com</mn>
<ft>C</ft>
<p4>integer VT_INT</p4>
<p5>integer VT_INT</p5>
</PHPModuleRef><PHPModuleRef>
<t>VT_NULL</t>
<mn>com</mn>
<ft>C</ft>
<p4>integer VT_NULL</p4>
<p5>integer VT_NULL</p5>
</PHPModuleRef><PHPModuleRef>
<t>VT_R4</t>
<mn>com</mn>
<ft>C</ft>
<p4>integer VT_R4</p4>
<p5>integer VT_R4</p5>
</PHPModuleRef><PHPModuleRef>
<t>VT_R8</t>
<mn>com</mn>
<ft>C</ft>
<p4>integer VT_R8</p4>
<p5>integer VT_R8</p5>
</PHPModuleRef><PHPModuleRef>
<t>VT_UI1</t>
<mn>com</mn>
<ft>C</ft>
<p4>integer VT_UI1</p4>
<p5>integer VT_UI1</p5>
</PHPModuleRef><PHPModuleRef>
<t>VT_UI2</t>
<mn>com</mn>
<ft>C</ft>
<p4>integer VT_UI2</p4>
<p5>integer VT_UI2</p5>
</PHPModuleRef><PHPModuleRef>
<t>VT_UI4</t>
<mn>com</mn>
<ft>C</ft>
<p4>integer VT_UI4</p4>
<p5>integer VT_UI4</p5>
</PHPModuleRef><PHPModuleRef>
<t>VT_UINT</t>
<mn>com</mn>
<ft>C</ft>
<p4>integer VT_UINT</p4>
<p5>integer VT_UINT</p5>
</PHPModuleRef><PHPModuleRef>
<t>VT_UNKNOWN</t>
<mn>com</mn>
<ft>C</ft>
<p4>integer VT_UNKNOWN</p4>
<p5>integer VT_UNKNOWN</p5>
</PHPModuleRef><PHPModuleRef>
<t>VT_VARIANT</t>
<mn>com</mn>
<ft>C</ft>
<p4>integer VT_VARIANT</p4>
<p5>integer VT_VARIANT</p5>
</PHPModuleRef></PHPModuleRef-List>
