<?xml version="1.0" encoding="utf-8"?>
<PHPModuleRef-List>
<PHPModuleRef>
<t>com_create_guid</t>
<mn>com_dotnet</mn>
<ft>F</ft>
<ver>5_0_0,5_0_1,5_0_2,5_0_3,5_1_0,5_1_1,5_1_2,5_1_3,5_1_4,5_1_5,5_1_6,5_2_0,5_2_1,5_cvs</ver>
<p5>string com_create_guid()</p5>
<p5d>Generate a globally unique identifier (GUID) </p5d>
<texts><text><lng>en</lng>
<d>Generate a globally unique identifier (GUID)</d>
</text></texts></PHPModuleRef><PHPModuleRef>
<t>com_event_sink</t>
<mn>com_dotnet</mn>
<ft>F</ft>
<ver>4_2_3,4_3_0,4_3_1,4_3_10,4_3_11,4_3_2,4_3_3,4_3_4,4_3_5,4_3_6,4_3_7,4_3_8,4_3_9,4_4_0,4_4_1,4_4_2,4_4_3,4_4_4,4_4_5,4_4_6,4_cvs,5_0_0,5_0_1,5_0_2,5_0_3,5_1_0,5_1_1,5_1_2,5_1_3,5_1_4,5_1_5,5_1_6,5_2_0,5_2_1,5_cvs</ver>
<p4>bool com_event_sink(mixed comobject, object sinkobject [, mixed sinkinterface])</p4>
<p4d>Connect events from a COM object to a PHP object </p4d>
<p5>bool com_event_sink(object comobject, object sinkobject [, mixed sinkinterface])</p5>
<p5d>Connect events from a COM object to a PHP object </p5d>
<texts><text><lng>en</lng>
<d>Connect events from a COM object to a PHP object</d>
</text></texts></PHPModuleRef><PHPModuleRef>
<t>com_get_active_object</t>
<mn>com_dotnet</mn>
<ft>F</ft>
<ver>5_0_0,5_0_1,5_0_2,5_0_3,5_1_0,5_1_1,5_1_2,5_1_3,5_1_4,5_1_5,5_1_6,5_2_0,5_2_1,5_cvs</ver>
<p5>object com_get_active_object(string progid [, int code_page ])</p5>
<p5d>Returns a handle to an already running instance of a COM object </p5d>
<texts><text><lng>en</lng>
<d>Returns a handle to an already running instance of a COM object</d>
</text></texts></PHPModuleRef><PHPModuleRef>
<t>com_load_typelib</t>
<mn>com_dotnet</mn>
<ft>F</ft>
<ver>4_1_0,4_1_1,4_1_2,4_2_0,4_2_1,4_2_2,4_2_3,4_3_0,4_3_1,4_3_10,4_3_11,4_3_2,4_3_3,4_3_4,4_3_5,4_3_6,4_3_7,4_3_8,4_3_9,4_4_0,4_4_1,4_4_2,4_4_3,4_4_4,4_4_5,4_4_6,4_cvs,5_0_0,5_0_1,5_0_2,5_0_3,5_1_0,5_1_1,5_1_2,5_1_3,5_1_4,5_1_5,5_1_6,5_2_0,5_2_1,5_cvs</ver>
<p4>bool com_load_typelib(string typelib_name [, int case_insensitive]) </p4>
<p4d>Loads a Typelib </p4d>
<p5>bool com_load_typelib(string typelib_name [, int case_insensitive]) </p5>
<p5d>Loads a Typelibrary and registers its constants </p5d>
<texts><text><lng>de</lng>
<d>Lädt eine Typelib</d>
</text><text><lng>en</lng>
<d>Loads a Typelib</d>
</text></texts></PHPModuleRef><PHPModuleRef>
<t>com_message_pump</t>
<mn>com_dotnet</mn>
<ft>F</ft>
<ver>4_2_3,4_3_0,4_3_1,4_3_10,4_3_11,4_3_2,4_3_3,4_3_4,4_3_5,4_3_6,4_3_7,4_3_8,4_3_9,4_4_0,4_4_1,4_4_2,4_4_3,4_4_4,4_4_5,4_4_6,4_cvs,5_0_0,5_0_1,5_0_2,5_0_3,5_1_0,5_1_1,5_1_2,5_1_3,5_1_4,5_1_5,5_1_6,5_2_0,5_2_1,5_cvs</ver>
<p4>bool com_message_pump([int timeoutms])</p4>
<p4d>Process COM messages, sleeping for up to timeoutms milliseconds </p4d>
<p5>bool com_message_pump([int timeoutms])</p5>
<p5d>Process COM messages, sleeping for up to timeoutms milliseconds </p5d>
<texts><text><lng>en</lng>
<d>Process COM messages, sleeping for up to timeoutms milliseconds</d>
</text></texts></PHPModuleRef><PHPModuleRef>
<t>com_print_typeinfo</t>
<mn>com_dotnet</mn>
<ft>F</ft>
<ver>4_2_3,4_3_0,4_3_1,4_3_10,4_3_11,4_3_2,4_3_3,4_3_4,4_3_5,4_3_6,4_3_7,4_3_8,4_3_9,4_4_0,4_4_1,4_4_2,4_4_3,4_4_4,4_4_5,4_4_6,4_cvs,5_0_0,5_0_1,5_0_2,5_0_3,5_1_0,5_1_1,5_1_2,5_1_3,5_1_4,5_1_5,5_1_6,5_2_0,5_2_1,5_cvs</ver>
<p4>bool com_print_typeinfo(mixed comobject | string typelib, string dispinterface, bool wantsink)</p4>
<p4d>Print out a PHP class definition for a dispatchable interface </p4d>
<p5>bool com_print_typeinfo(object comobject | string typelib, string dispinterface, bool wantsink)</p5>
<p5d>Print out a PHP class definition for a dispatchable interface </p5d>
<texts><text><lng>en</lng>
<d>Print out a PHP class definition for a dispatchable interface</d>
</text></texts></PHPModuleRef><PHPModuleRef>
<t>variant_abs</t>
<mn>com_dotnet</mn>
<ft>F</ft>
<ver>5_0_0,5_0_1,5_0_2,5_0_3,5_1_0,5_1_1,5_1_2,5_1_3,5_1_4,5_1_5,5_1_6,5_2_0,5_2_1,5_cvs</ver>
<p5>mixed variant_abs(mixed left)</p5>
<p5d>Returns the absolute value of a variant </p5d>
<texts><text><lng>en</lng>
<d>Returns the absolute value of a variant</d>
</text></texts></PHPModuleRef><PHPModuleRef>
<t>variant_add</t>
<mn>com_dotnet</mn>
<ft>F</ft>
<ver>5_0_0,5_0_1,5_0_2,5_0_3,5_1_0,5_1_1,5_1_2,5_1_3,5_1_4,5_1_5,5_1_6,5_2_0,5_2_1,5_cvs</ver>
<p5>mixed variant_add(mixed left, mixed right)</p5>
<p5d>&quot;Adds&quot; two variant values together and returns the result </p5d>
<texts><text><lng>en</lng>
<d>&quot;Adds&quot; two variant values together and returns the result</d>
</text></texts></PHPModuleRef><PHPModuleRef>
<t>variant_and</t>
<mn>com_dotnet</mn>
<ft>F</ft>
<ver>5_0_0,5_0_1,5_0_2,5_0_3,5_1_0,5_1_1,5_1_2,5_1_3,5_1_4,5_1_5,5_1_6,5_2_0,5_2_1,5_cvs</ver>
<p5>mixed variant_and(mixed left, mixed right)</p5>
<p5d>performs a bitwise AND operation between two variants and returns the result </p5d>
<texts><text><lng>en</lng>
<d>performs a bitwise AND operation between two variants and returns the result</d>
</text></texts></PHPModuleRef><PHPModuleRef>
<t>variant_cast</t>
<mn>com_dotnet</mn>
<ft>F</ft>
<ver>5_0_0,5_0_1,5_0_2,5_0_3,5_1_0,5_1_1,5_1_2,5_1_3,5_1_4,5_1_5,5_1_6,5_2_0,5_2_1,5_cvs</ver>
<p5>object variant_cast(object variant, int type)</p5>
<p5d>Convert a variant into a new variant object of another type </p5d>
<texts><text><lng>en</lng>
<d>Convert a variant into a new variant object of another type</d>
</text></texts></PHPModuleRef><PHPModuleRef>
<t>variant_cat</t>
<mn>com_dotnet</mn>
<ft>F</ft>
<ver>5_0_0,5_0_1,5_0_2,5_0_3,5_1_0,5_1_1,5_1_2,5_1_3,5_1_4,5_1_5,5_1_6,5_2_0,5_2_1,5_cvs</ver>
<p5>mixed variant_cat(mixed left, mixed right)</p5>
<p5d>concatenates two variant values together and returns the result </p5d>
<texts><text><lng>en</lng>
<d>concatenates two variant values together and returns the result</d>
</text></texts></PHPModuleRef><PHPModuleRef>
<t>variant_cmp</t>
<mn>com_dotnet</mn>
<ft>F</ft>
<ver>5_0_0,5_0_1,5_0_2,5_0_3,5_1_0,5_1_1,5_1_2,5_1_3,5_1_4,5_1_5,5_1_6,5_2_0,5_2_1,5_cvs</ver>
<p5>int variant_cmp(mixed left, mixed right [, int lcid [, int flags]])</p5>
<p5d>Compares two variants </p5d>
<texts><text><lng>en</lng>
<d>Compares two variants</d>
</text></texts></PHPModuleRef><PHPModuleRef>
<t>variant_date_from_timestamp</t>
<mn>com_dotnet</mn>
<ft>F</ft>
<ver>5_0_0,5_0_1,5_0_2,5_0_3,5_1_0,5_1_1,5_1_2,5_1_3,5_1_4,5_1_5,5_1_6,5_2_0,5_2_1,5_cvs</ver>
<p5>object variant_date_from_timestamp(int timestamp)</p5>
<p5d>Returns a variant date representation of a unix timestamp </p5d>
<texts><text><lng>en</lng>
<d>Returns a variant date representation of a Unix timestamp</d>
</text></texts></PHPModuleRef><PHPModuleRef>
<t>variant_date_to_timestamp</t>
<mn>com_dotnet</mn>
<ft>F</ft>
<ver>5_0_0,5_0_1,5_0_2,5_0_3,5_1_0,5_1_1,5_1_2,5_1_3,5_1_4,5_1_5,5_1_6,5_2_0,5_2_1,5_cvs</ver>
<p5>int variant_date_to_timestamp(object variant)</p5>
<p5d>Converts a variant date/time value to unix timestamp </p5d>
<texts><text><lng>en</lng>
<d>Converts a variant date/time value to Unix timestamp</d>
</text></texts></PHPModuleRef><PHPModuleRef>
<t>variant_div</t>
<mn>com_dotnet</mn>
<ft>F</ft>
<ver>5_0_0,5_0_1,5_0_2,5_0_3,5_1_0,5_1_1,5_1_2,5_1_3,5_1_4,5_1_5,5_1_6,5_2_0,5_2_1,5_cvs</ver>
<p5>mixed variant_div(mixed left, mixed right)</p5>
<p5d>Returns the result from dividing two variants </p5d>
<texts><text><lng>en</lng>
<d>Returns the result from dividing two variants</d>
</text></texts></PHPModuleRef><PHPModuleRef>
<t>variant_eqv</t>
<mn>com_dotnet</mn>
<ft>F</ft>
<ver>5_0_0,5_0_1,5_0_2,5_0_3,5_1_0,5_1_1,5_1_2,5_1_3,5_1_4,5_1_5,5_1_6,5_2_0,5_2_1,5_cvs</ver>
<p5>mixed variant_eqv(mixed left, mixed right)</p5>
<p5d>Performs a bitwise equivalence on two variants </p5d>
<texts><text><lng>en</lng>
<d>Performs a bitwise equivalence on two variants</d>
</text></texts></PHPModuleRef><PHPModuleRef>
<t>variant_fix</t>
<mn>com_dotnet</mn>
<ft>F</ft>
<ver>5_0_0,5_0_1,5_0_2,5_0_3,5_1_0,5_1_1,5_1_2,5_1_3,5_1_4,5_1_5,5_1_6,5_2_0,5_2_1,5_cvs</ver>
<p5>mixed variant_fix(mixed left)</p5>
<p5d>Returns the integer part ? of a variant </p5d>
<texts><text><lng>en</lng>
<d>Returns the integer portion ? of a variant</d>
</text></texts></PHPModuleRef><PHPModuleRef>
<t>variant_get_type</t>
<mn>com_dotnet</mn>
<ft>F</ft>
<ver>5_0_0,5_0_1,5_0_2,5_0_3,5_1_0,5_1_1,5_1_2,5_1_3,5_1_4,5_1_5,5_1_6,5_2_0,5_2_1,5_cvs</ver>
<p5>int variant_get_type(object variant)</p5>
<p5d>Returns the VT_XXX type code for a variant </p5d>
<texts><text><lng>en</lng>
<d>Returns the type of a variant object</d>
</text></texts></PHPModuleRef><PHPModuleRef>
<t>variant_idiv</t>
<mn>com_dotnet</mn>
<ft>F</ft>
<ver>5_0_0,5_0_1,5_0_2,5_0_3,5_1_0,5_1_1,5_1_2,5_1_3,5_1_4,5_1_5,5_1_6,5_2_0,5_2_1,5_cvs</ver>
<p5>mixed variant_idiv(mixed left, mixed right)</p5>
<p5d>Converts variants to integers and then returns the result from dividing them </p5d>
<texts><text><lng>en</lng>
<d>Converts variants to integers and then returns the result from dividing them</d>
</text></texts></PHPModuleRef><PHPModuleRef>
<t>variant_imp</t>
<mn>com_dotnet</mn>
<ft>F</ft>
<ver>5_0_0,5_0_1,5_0_2,5_0_3,5_1_0,5_1_1,5_1_2,5_1_3,5_1_4,5_1_5,5_1_6,5_2_0,5_2_1,5_cvs</ver>
<p5>mixed variant_imp(mixed left, mixed right)</p5>
<p5d>Performs a bitwise implication on two variants </p5d>
<texts><text><lng>en</lng>
<d>Performs a bitwise implication on two variants</d>
</text></texts></PHPModuleRef><PHPModuleRef>
<t>variant_int</t>
<mn>com_dotnet</mn>
<ft>F</ft>
<ver>5_0_0,5_0_1,5_0_2,5_0_3,5_1_0,5_1_1,5_1_2,5_1_3,5_1_4,5_1_5,5_1_6,5_2_0,5_2_1,5_cvs</ver>
<p5>mixed variant_int(mixed left)</p5>
<p5d>Returns the integer portion of a variant </p5d>
<texts><text><lng>en</lng>
<d>Returns the integer portion of a variant</d>
</text></texts></PHPModuleRef><PHPModuleRef>
<t>variant_mod</t>
<mn>com_dotnet</mn>
<ft>F</ft>
<ver>5_0_0,5_0_1,5_0_2,5_0_3,5_1_0,5_1_1,5_1_2,5_1_3,5_1_4,5_1_5,5_1_6,5_2_0,5_2_1,5_cvs</ver>
<p5>mixed variant_mod(mixed left, mixed right)</p5>
<p5d>Divides two variants and returns only the remainder </p5d>
<texts><text><lng>en</lng>
<d>Divides two variants and returns only the remainder</d>
</text></texts></PHPModuleRef><PHPModuleRef>
<t>variant_mul</t>
<mn>com_dotnet</mn>
<ft>F</ft>
<ver>5_0_0,5_0_1,5_0_2,5_0_3,5_1_0,5_1_1,5_1_2,5_1_3,5_1_4,5_1_5,5_1_6,5_2_0,5_2_1,5_cvs</ver>
<p5>mixed variant_mul(mixed left, mixed right)</p5>
<p5d>multiplies the values of the two variants and returns the result </p5d>
<texts><text><lng>en</lng>
<d>multiplies the values of the two variants and returns the result</d>
</text></texts></PHPModuleRef><PHPModuleRef>
<t>variant_neg</t>
<mn>com_dotnet</mn>
<ft>F</ft>
<ver>5_0_0,5_0_1,5_0_2,5_0_3,5_1_0,5_1_1,5_1_2,5_1_3,5_1_4,5_1_5,5_1_6,5_2_0,5_2_1,5_cvs</ver>
<p5>mixed variant_neg(mixed left)</p5>
<p5d>Performs logical negation on a variant </p5d>
<texts><text><lng>en</lng>
<d>Performs logical negation on a variant</d>
</text></texts></PHPModuleRef><PHPModuleRef>
<t>variant_not</t>
<mn>com_dotnet</mn>
<ft>F</ft>
<ver>5_0_0,5_0_1,5_0_2,5_0_3,5_1_0,5_1_1,5_1_2,5_1_3,5_1_4,5_1_5,5_1_6,5_2_0,5_2_1,5_cvs</ver>
<p5>mixed variant_not(mixed left)</p5>
<p5d>Performs bitwise not negation on a variant </p5d>
<texts><text><lng>en</lng>
<d>Performs bitwise not negation on a variant</d>
</text></texts></PHPModuleRef><PHPModuleRef>
<t>variant_or</t>
<mn>com_dotnet</mn>
<ft>F</ft>
<ver>5_0_0,5_0_1,5_0_2,5_0_3,5_1_0,5_1_1,5_1_2,5_1_3,5_1_4,5_1_5,5_1_6,5_2_0,5_2_1,5_cvs</ver>
<p5>mixed variant_or(mixed left, mixed right)</p5>
<p5d>Performs a logical disjunction on two variants </p5d>
<texts><text><lng>en</lng>
<d>Performs a logical disjunction on two variants</d>
</text></texts></PHPModuleRef><PHPModuleRef>
<t>variant_pow</t>
<mn>com_dotnet</mn>
<ft>F</ft>
<ver>5_0_0,5_0_1,5_0_2,5_0_3,5_1_0,5_1_1,5_1_2,5_1_3,5_1_4,5_1_5,5_1_6,5_2_0,5_2_1,5_cvs</ver>
<p5>mixed variant_pow(mixed left, mixed right)</p5>
<p5d>Returns the result of performing the power function with two variants </p5d>
<texts><text><lng>en</lng>
<d>Returns the result of performing the power function with two variants</d>
</text></texts></PHPModuleRef><PHPModuleRef>
<t>variant_round</t>
<mn>com_dotnet</mn>
<ft>F</ft>
<ver>5_0_0,5_0_1,5_0_2,5_0_3,5_1_0,5_1_1,5_1_2,5_1_3,5_1_4,5_1_5,5_1_6,5_2_0,5_2_1,5_cvs</ver>
<p5>mixed variant_round(mixed left, int decimals)</p5>
<p5d>Rounds a variant to the specified number of decimal places </p5d>
<texts><text><lng>en</lng>
<d>Rounds a variant to the specified number of decimal places</d>
</text></texts></PHPModuleRef><PHPModuleRef>
<t>variant_set</t>
<mn>com_dotnet</mn>
<ft>F</ft>
<ver>5_0_0,5_0_1,5_0_2,5_0_3,5_1_0,5_1_1,5_1_2,5_1_3,5_1_4,5_1_5,5_1_6,5_2_0,5_2_1,5_cvs</ver>
<p5>void variant_set(object variant, mixed value)</p5>
<p5d>Assigns a new value for a variant object </p5d>
<texts><text><lng>en</lng>
<d>Assigns a new value for a variant object</d>
</text></texts></PHPModuleRef><PHPModuleRef>
<t>variant_set_type</t>
<mn>com_dotnet</mn>
<ft>F</ft>
<ver>5_0_0,5_0_1,5_0_2,5_0_3,5_1_0,5_1_1,5_1_2,5_1_3,5_1_4,5_1_5,5_1_6,5_2_0,5_2_1,5_cvs</ver>
<p5>void variant_set_type(object variant, int type)</p5>
<p5d>Convert a variant into another type.  Variant is modified &quot;in-place&quot; </p5d>
<texts><text><lng>en</lng>
<d>Convert a variant into another type &quot;in-place&quot;</d>
</text></texts></PHPModuleRef><PHPModuleRef>
<t>variant_sub</t>
<mn>com_dotnet</mn>
<ft>F</ft>
<ver>5_0_0,5_0_1,5_0_2,5_0_3,5_1_0,5_1_1,5_1_2,5_1_3,5_1_4,5_1_5,5_1_6,5_2_0,5_2_1,5_cvs</ver>
<p5>mixed variant_sub(mixed left, mixed right)</p5>
<p5d>subtracts the value of the right variant from the left variant value and returns the result </p5d>
<texts><text><lng>en</lng>
<d>subtracts the value of the right variant from the left variant value and returns the result</d>
</text></texts></PHPModuleRef><PHPModuleRef>
<t>variant_xor</t>
<mn>com_dotnet</mn>
<ft>F</ft>
<ver>5_0_0,5_0_1,5_0_2,5_0_3,5_1_0,5_1_1,5_1_2,5_1_3,5_1_4,5_1_5,5_1_6,5_2_0,5_2_1,5_cvs</ver>
<p5>mixed variant_xor(mixed left, mixed right)</p5>
<p5d>Performs a logical exclusion on two variants </p5d>
<texts><text><lng>en</lng>
<d>Performs a logical exclusion on two variants</d>
</text></texts></PHPModuleRef></PHPModuleRef-List>
