<?xml version="1.0" encoding="utf-8"?>
<PHPModuleRef-List>
<PHPModuleRef>
<t>cpdf_add_annotation</t>
<mn>cpdf</mn>
<ft>F</ft>
<ver>4_0_0,4_0_1,4_0_2,4_0_3,4_0_4,4_0_5,4_0_6,4_1_0,4_1_1,4_1_2,4_2_0,4_2_1,4_2_2,4_2_3,4_3_0,4_3_1,4_3_10,4_3_11,4_3_2,4_3_3,4_3_4,4_3_5,4_3_6,4_3_7,4_3_8,4_3_9,4_4_0,4_4_1,4_4_2,4_4_3,4_4_4,4_4_5,4_4_6,4_cvs,5_0_0,5_0_1,5_0_2,5_0_3</ver>
<p4>bool cpdf_add_annotation(int pdfdoc, float xll, float yll, float xur, float xur, string title, strin</p4>
<p4d>Sets annotation </p4d>
<texts><text><lng>de</lng>
<d>Fügt eine Anmerkung ein</d>
</text><text><lng>en</lng>
<d>Adds annotation</d>
</text><text><lng>es</lng>
<d>Añade una anotación</d>
</text></texts></PHPModuleRef><PHPModuleRef>
<t>cpdf_add_outline</t>
<mn>cpdf</mn>
<ft>F</ft>
<ver>4_0_0,4_0_1,4_0_2,4_0_3,4_0_4,4_0_5,4_0_6,4_1_0,4_1_1,4_1_2,4_2_0,4_2_1,4_2_2,4_2_3,4_3_0,4_3_1,4_3_10,4_3_11,4_3_2,4_3_3,4_3_4,4_3_5,4_3_6,4_3_7,4_3_8,4_3_9,4_4_0,4_4_1,4_4_2,4_4_3,4_4_4,4_4_5,4_4_6,4_cvs,5_0_0,5_0_1,5_0_2,5_0_3</ver>
<p4>int cpdf_add_outline(int pdfdoc, int lastoutline, int sublevel, int open, int pagenr, string title)</p4>
<p4d>Adds outline </p4d>
<texts><text><lng>de</lng>
<d>Fügt ein Lesezeichen für die aktuelle Seite hinzu</d>
</text><text><lng>en</lng>
<d>Adds bookmark for current page</d>
</text><text><lng>es</lng>
<d>Añade una marca en la página actual</d>
</text></texts></PHPModuleRef><PHPModuleRef>
<t>cpdf_arc</t>
<mn>cpdf</mn>
<ft>F</ft>
<ver>4_0_0,4_0_1,4_0_2,4_0_3,4_0_4,4_0_5,4_0_6,4_1_0,4_1_1,4_1_2,4_2_0,4_2_1,4_2_2,4_2_3,4_3_0,4_3_1,4_3_10,4_3_11,4_3_2,4_3_3,4_3_4,4_3_5,4_3_6,4_3_7,4_3_8,4_3_9,4_4_0,4_4_1,4_4_2,4_4_3,4_4_4,4_4_5,4_4_6,4_cvs,5_0_0,5_0_1,5_0_2,5_0_3</ver>
<p4>bool cpdf_arc(int pdfdoc, float x, float y, float radius, float start, float end [, int mode])</p4>
<p4d>Draws an arc </p4d>
<texts><text><lng>de</lng>
<d>Zeichnet einen Kreisbogen</d>
</text><text><lng>en</lng>
<d>Draws an arc</d>
</text><text><lng>es</lng>
<d>Dibuja un arco</d>
</text></texts></PHPModuleRef><PHPModuleRef>
<t>cpdf_begin_text</t>
<mn>cpdf</mn>
<ft>F</ft>
<ver>4_0_0,4_0_1,4_0_2,4_0_3,4_0_4,4_0_5,4_0_6,4_1_0,4_1_1,4_1_2,4_2_0,4_2_1,4_2_2,4_2_3,4_3_0,4_3_1,4_3_10,4_3_11,4_3_2,4_3_3,4_3_4,4_3_5,4_3_6,4_3_7,4_3_8,4_3_9,4_4_0,4_4_1,4_4_2,4_4_3,4_4_4,4_4_5,4_4_6,4_cvs,5_0_0,5_0_1,5_0_2,5_0_3</ver>
<p4>bool cpdf_begin_text(int pdfdoc)</p4>
<p4d>Starts text section </p4d>
<texts><text><lng>de</lng>
<d>Beginnt einen Textabschnitt</d>
</text><text><lng>en</lng>
<d>Starts text section</d>
</text><text><lng>es</lng>
<d>Inicializa una sección de texto</d>
</text></texts></PHPModuleRef><PHPModuleRef>
<t>cpdf_circle</t>
<mn>cpdf</mn>
<ft>F</ft>
<ver>4_0_0,4_0_1,4_0_2,4_0_3,4_0_4,4_0_5,4_0_6,4_1_0,4_1_1,4_1_2,4_2_0,4_2_1,4_2_2,4_2_3,4_3_0,4_3_1,4_3_10,4_3_11,4_3_2,4_3_3,4_3_4,4_3_5,4_3_6,4_3_7,4_3_8,4_3_9,4_4_0,4_4_1,4_4_2,4_4_3,4_4_4,4_4_5,4_4_6,4_cvs,5_0_0,5_0_1,5_0_2,5_0_3</ver>
<p4>bool cpdf_circle(int pdfdoc, float x, float y, float radius [, int mode])</p4>
<p4d>Draws a circle </p4d>
<texts><text><lng>de</lng>
<d>Zeichnet einen Kreis</d>
</text><text><lng>en</lng>
<d>Draw a circle</d>
</text><text><lng>es</lng>
<d>Dibuja un círculo</d>
</text></texts></PHPModuleRef><PHPModuleRef>
<t>cpdf_clip</t>
<mn>cpdf</mn>
<ft>F</ft>
<ver>4_0_0,4_0_1,4_0_2,4_0_3,4_0_4,4_0_5,4_0_6,4_1_0,4_1_1,4_1_2,4_2_0,4_2_1,4_2_2,4_2_3,4_3_0,4_3_1,4_3_10,4_3_11,4_3_2,4_3_3,4_3_4,4_3_5,4_3_6,4_3_7,4_3_8,4_3_9,4_4_0,4_4_1,4_4_2,4_4_3,4_4_4,4_4_5,4_4_6,4_cvs,5_0_0,5_0_1,5_0_2,5_0_3</ver>
<p4>bool cpdf_clip(int pdfdoc)</p4>
<p4d>Clips to current path </p4d>
<texts><text><lng>de</lng>
<d>Beschränkt alle Zeichnungen auf den aktuellen Pfad</d>
</text><text><lng>en</lng>
<d>Clips to current path</d>
</text><text><lng>es</lng>
<d>Ajusta al camino actual</d>
</text></texts></PHPModuleRef><PHPModuleRef>
<t>cpdf_close</t>
<mn>cpdf</mn>
<ft>F</ft>
<ver>4_0_0,4_0_1,4_0_2,4_0_3,4_0_4,4_0_5,4_0_6,4_1_0,4_1_1,4_1_2,4_2_0,4_2_1,4_2_2,4_2_3,4_3_0,4_3_1,4_3_10,4_3_11,4_3_2,4_3_3,4_3_4,4_3_5,4_3_6,4_3_7,4_3_8,4_3_9,4_4_0,4_4_1,4_4_2,4_4_3,4_4_4,4_4_5,4_4_6,4_cvs,5_0_0,5_0_1,5_0_2,5_0_3</ver>
<p4>void cpdf_close(int pdfdoc)</p4>
<p4d>Closes the pdf document </p4d>
<texts><text><lng>de</lng>
<d>Schließt ein PDF-Dokument</d>
</text><text><lng>en</lng>
<d>Closes the pdf document</d>
</text><text><lng>es</lng>
<d>Cierra un documento PDF</d>
</text></texts></PHPModuleRef><PHPModuleRef>
<t>cpdf_closepath</t>
<mn>cpdf</mn>
<ft>F</ft>
<ver>4_0_0,4_0_1,4_0_2,4_0_3,4_0_4,4_0_5,4_0_6,4_1_0,4_1_1,4_1_2,4_2_0,4_2_1,4_2_2,4_2_3,4_3_0,4_3_1,4_3_10,4_3_11,4_3_2,4_3_3,4_3_4,4_3_5,4_3_6,4_3_7,4_3_8,4_3_9,4_4_0,4_4_1,4_4_2,4_4_3,4_4_4,4_4_5,4_4_6,4_cvs,5_0_0,5_0_1,5_0_2,5_0_3</ver>
<p4>bool cpdf_closepath(int pdfdoc)</p4>
<p4d>Close path </p4d>
<texts><text><lng>de</lng>
<d>Schließt den aktuellen Pfad</d>
</text><text><lng>en</lng>
<d>Close path</d>
</text><text><lng>es</lng>
<d>Cierra el camino</d>
</text></texts></PHPModuleRef><PHPModuleRef>
<t>cpdf_closepath_fill_stroke</t>
<mn>cpdf</mn>
<ft>F</ft>
<ver>4_0_0,4_0_1,4_0_2,4_0_3,4_0_4,4_0_5,4_0_6,4_1_0,4_1_1,4_1_2,4_2_0,4_2_1,4_2_2,4_2_3,4_3_0,4_3_1,4_3_10,4_3_11,4_3_2,4_3_3,4_3_4,4_3_5,4_3_6,4_3_7,4_3_8,4_3_9,4_4_0,4_4_1,4_4_2,4_4_3,4_4_4,4_4_5,4_4_6,4_cvs,5_0_0,5_0_1,5_0_2,5_0_3</ver>
<p4>bool cpdf_closepath_fill_stroke(int pdfdoc)</p4>
<p4d>Close, fill and stroke current path </p4d>
<texts><text><lng>de</lng>
<d>Schließt, füllt und zeichnet den aktuellen Pfad</d>
</text><text><lng>en</lng>
<d>Close, fill and stroke current path</d>
</text><text><lng>es</lng>
<d>Cierra, llena y traza el camino actual</d>
</text></texts></PHPModuleRef><PHPModuleRef>
<t>cpdf_closepath_stroke</t>
<mn>cpdf</mn>
<ft>F</ft>
<ver>4_0_0,4_0_1,4_0_2,4_0_3,4_0_4,4_0_5,4_0_6,4_1_0,4_1_1,4_1_2,4_2_0,4_2_1,4_2_2,4_2_3,4_3_0,4_3_1,4_3_10,4_3_11,4_3_2,4_3_3,4_3_4,4_3_5,4_3_6,4_3_7,4_3_8,4_3_9,4_4_0,4_4_1,4_4_2,4_4_3,4_4_4,4_4_5,4_4_6,4_cvs,5_0_0,5_0_1,5_0_2,5_0_3</ver>
<p4>bool cpdf_closepath_stroke(int pdfdoc)</p4>
<p4d>Close path and draw line along path </p4d>
<texts><text><lng>de</lng>
<d>Schließt einen Pfad und zeichnet eine Linie entlang des Pfades</d>
</text><text><lng>en</lng>
<d>Close path and draw line along path</d>
</text><text><lng>es</lng>
<d>Cierra el camino y dibuja una línea a lo largo del camino</d>
</text></texts></PHPModuleRef><PHPModuleRef>
<t>cpdf_continue_text</t>
<mn>cpdf</mn>
<ft>F</ft>
<ver>4_0_0,4_0_1,4_0_2,4_0_3,4_0_4,4_0_5,4_0_6,4_1_0,4_1_1,4_1_2,4_2_0,4_2_1,4_2_2,4_2_3,4_3_0,4_3_1,4_3_10,4_3_11,4_3_2,4_3_3,4_3_4,4_3_5,4_3_6,4_3_7,4_3_8,4_3_9,4_4_0,4_4_1,4_4_2,4_4_3,4_4_4,4_4_5,4_4_6,4_cvs,5_0_0,5_0_1,5_0_2,5_0_3</ver>
<p4>bool cpdf_continue_text(int pdfdoc, string text)</p4>
<p4d>Outputs text in next line </p4d>
<texts><text><lng>de</lng>
<d>Gibt den Text in der nächsten Zeile aus</d>
</text><text><lng>en</lng>
<d>Output text in next line</d>
</text><text><lng>es</lng>
<d>Pone texto en la línea siguiente</d>
</text></texts></PHPModuleRef><PHPModuleRef>
<t>cpdf_curveto</t>
<mn>cpdf</mn>
<ft>F</ft>
<ver>4_0_0,4_0_1,4_0_2,4_0_3,4_0_4,4_0_5,4_0_6,4_1_0,4_1_1,4_1_2,4_2_0,4_2_1,4_2_2,4_2_3,4_3_0,4_3_1,4_3_10,4_3_11,4_3_2,4_3_3,4_3_4,4_3_5,4_3_6,4_3_7,4_3_8,4_3_9,4_4_0,4_4_1,4_4_2,4_4_3,4_4_4,4_4_5,4_4_6,4_cvs,5_0_0,5_0_1,5_0_2,5_0_3</ver>
<p4>bool cpdf_curveto(int pdfdoc, float x1, float y1, float x2, float y2, float x3, float y3 [, int mode</p4>
<p4d>Draws a curve </p4d>
<texts><text><lng>de</lng>
<d>Zeichnet eine Kurve</d>
</text><text><lng>en</lng>
<d>Draws a curve</d>
</text><text><lng>es</lng>
<d>Dibuja una curva</d>
</text></texts></PHPModuleRef><PHPModuleRef>
<t>cpdf_end_text</t>
<mn>cpdf</mn>
<ft>F</ft>
<ver>4_0_0,4_0_1,4_0_2,4_0_3,4_0_4,4_0_5,4_0_6,4_1_0,4_1_1,4_1_2,4_2_0,4_2_1,4_2_2,4_2_3,4_3_0,4_3_1,4_3_10,4_3_11,4_3_2,4_3_3,4_3_4,4_3_5,4_3_6,4_3_7,4_3_8,4_3_9,4_4_0,4_4_1,4_4_2,4_4_3,4_4_4,4_4_5,4_4_6,4_cvs,5_0_0,5_0_1,5_0_2,5_0_3</ver>
<p4>bool cpdf_end_text(int pdfdoc)</p4>
<p4d>Ends text section </p4d>
<texts><text><lng>de</lng>
<d>Beendet einen Textabschnitt</d>
</text><text><lng>en</lng>
<d>Ends text section</d>
</text><text><lng>es</lng>
<d>Finaliza una sección de texto</d>
</text></texts></PHPModuleRef><PHPModuleRef>
<t>cpdf_fill</t>
<mn>cpdf</mn>
<ft>F</ft>
<ver>4_0_0,4_0_1,4_0_2,4_0_3,4_0_4,4_0_5,4_0_6,4_1_0,4_1_1,4_1_2,4_2_0,4_2_1,4_2_2,4_2_3,4_3_0,4_3_1,4_3_10,4_3_11,4_3_2,4_3_3,4_3_4,4_3_5,4_3_6,4_3_7,4_3_8,4_3_9,4_4_0,4_4_1,4_4_2,4_4_3,4_4_4,4_4_5,4_4_6,4_cvs,5_0_0,5_0_1,5_0_2,5_0_3</ver>
<p4>bool cpdf_fill(int pdfdoc)</p4>
<p4d>Fills current path </p4d>
<texts><text><lng>de</lng>
<d>Füllt den aktuellen Pfad</d>
</text><text><lng>en</lng>
<d>Fill current path</d>
</text><text><lng>es</lng>
<d>LLena el camino actual</d>
</text></texts></PHPModuleRef><PHPModuleRef>
<t>cpdf_fill_stroke</t>
<mn>cpdf</mn>
<ft>F</ft>
<ver>4_0_0,4_0_1,4_0_2,4_0_3,4_0_4,4_0_5,4_0_6,4_1_0,4_1_1,4_1_2,4_2_0,4_2_1,4_2_2,4_2_3,4_3_0,4_3_1,4_3_10,4_3_11,4_3_2,4_3_3,4_3_4,4_3_5,4_3_6,4_3_7,4_3_8,4_3_9,4_4_0,4_4_1,4_4_2,4_4_3,4_4_4,4_4_5,4_4_6,4_cvs,5_0_0,5_0_1,5_0_2,5_0_3</ver>
<p4>bool cpdf_fill_stroke(int pdfdoc)</p4>
<p4d>Fills and stroke current path </p4d>
<texts><text><lng>de</lng>
<d>Füllt und zeichnet den aktuellen Pfad</d>
</text><text><lng>en</lng>
<d>Fill and stroke current path</d>
</text><text><lng>es</lng>
<d>LLena y traza el camino actual</d>
</text></texts></PHPModuleRef><PHPModuleRef>
<t>cpdf_finalize</t>
<mn>cpdf</mn>
<ft>F</ft>
<ver>4_0_0,4_0_1,4_0_2,4_0_3,4_0_4,4_0_5,4_0_6,4_1_0,4_1_1,4_1_2,4_2_0,4_2_1,4_2_2,4_2_3,4_3_0,4_3_1,4_3_10,4_3_11,4_3_2,4_3_3,4_3_4,4_3_5,4_3_6,4_3_7,4_3_8,4_3_9,4_4_0,4_4_1,4_4_2,4_4_3,4_4_4,4_4_5,4_4_6,4_cvs,5_0_0,5_0_1,5_0_2,5_0_3</ver>
<p4>bool cpdf_finalize(int pdfdoc)</p4>
<p4d>Creates PDF doc in memory </p4d>
<texts><text><lng>de</lng>
<d>Beendet ein Dokument</d>
</text><text><lng>en</lng>
<d>Ends document</d>
</text><text><lng>es</lng>
<d>Finaliza un documento</d>
</text></texts></PHPModuleRef><PHPModuleRef>
<t>cpdf_finalize_page</t>
<mn>cpdf</mn>
<ft>F</ft>
<ver>4_0_0,4_0_1,4_0_2,4_0_3,4_0_4,4_0_5,4_0_6,4_1_0,4_1_1,4_1_2,4_2_0,4_2_1,4_2_2,4_2_3,4_3_0,4_3_1,4_3_10,4_3_11,4_3_2,4_3_3,4_3_4,4_3_5,4_3_6,4_3_7,4_3_8,4_3_9,4_4_0,4_4_1,4_4_2,4_4_3,4_4_4,4_4_5,4_4_6,4_cvs,5_0_0,5_0_1,5_0_2,5_0_3</ver>
<p4>bool cpdf_finalize_page(int pdfdoc, int pagenr)</p4>
<p4d>Ends the page to save memory </p4d>
<texts><text><lng>de</lng>
<d>Beendet eine Seite</d>
</text><text><lng>en</lng>
<d>Ends page</d>
</text><text><lng>es</lng>
<d>Finaliza una página</d>
</text></texts></PHPModuleRef><PHPModuleRef>
<t>cpdf_global_set_document_limits</t>
<mn>cpdf</mn>
<ft>F</ft>
<ver>4_0_0,4_0_1,4_0_2,4_0_3,4_0_4,4_0_5,4_0_6,4_1_0,4_1_1,4_1_2,4_2_0,4_2_1,4_2_2,4_2_3,4_3_0,4_3_1,4_3_10,4_3_11,4_3_2,4_3_3,4_3_4,4_3_5,4_3_6,4_3_7,4_3_8,4_3_9,4_4_0,4_4_1,4_4_2,4_4_3,4_4_4,4_4_5,4_4_6,4_cvs,5_0_0,5_0_1,5_0_2,5_0_3</ver>
<p4>bool cpdf_global_set_document_limits(int maxPages, int maxFonts, int maxImages, int maxAnnots, int m</p4>
<p4d>Sets document settings for all documents </p4d>
<texts><text><lng>de</lng>
<d>Setzt Beschränkungen für alle PDF-Dokumente</d>
</text><text><lng>en</lng>
<d>Sets document limits for any pdf document</d>
</text><text><lng>es</lng>
<d>Establece límites para un documento pdf</d>
</text></texts></PHPModuleRef><PHPModuleRef>
<t>cpdf_import_jpeg</t>
<mn>cpdf</mn>
<ft>F</ft>
<ver>4_0_0,4_0_1,4_0_2,4_0_3,4_0_4,4_0_5,4_0_6,4_1_0,4_1_1,4_1_2,4_2_0,4_2_1,4_2_2,4_2_3,4_3_0,4_3_1,4_3_10,4_3_11,4_3_2,4_3_3,4_3_4,4_3_5,4_3_6,4_3_7,4_3_8,4_3_9,4_4_0,4_4_1,4_4_2,4_4_3,4_4_4,4_4_5,4_4_6,4_cvs,5_0_0,5_0_1,5_0_2,5_0_3</ver>
<p4>bool cpdf_import_jpeg(int pdfdoc, string filename, float x, float y, float angle, float width, float</p4>
<p4d>Includes JPEG image </p4d>
<texts><text><lng>de</lng>
<d>Öffnet ein JPEG-Bild</d>
</text><text><lng>en</lng>
<d>Opens a JPEG image</d>
</text><text><lng>es</lng>
<d>Abre una imagen JPEG</d>
</text></texts></PHPModuleRef><PHPModuleRef>
<t>cpdf_lineto</t>
<mn>cpdf</mn>
<ft>F</ft>
<ver>4_0_0,4_0_1,4_0_2,4_0_3,4_0_4,4_0_5,4_0_6,4_1_0,4_1_1,4_1_2,4_2_0,4_2_1,4_2_2,4_2_3,4_3_0,4_3_1,4_3_10,4_3_11,4_3_2,4_3_3,4_3_4,4_3_5,4_3_6,4_3_7,4_3_8,4_3_9,4_4_0,4_4_1,4_4_2,4_4_3,4_4_4,4_4_5,4_4_6,4_cvs,5_0_0,5_0_1,5_0_2,5_0_3</ver>
<p4>bool cpdf_lineto(int pdfdoc, float x, float y [, int mode])</p4>
<p4d>Draws a line </p4d>
<texts><text><lng>de</lng>
<d>Zeichnet eine Linie</d>
</text><text><lng>en</lng>
<d>Draws a line</d>
</text><text><lng>es</lng>
<d>Dibuja una línea</d>
</text></texts></PHPModuleRef><PHPModuleRef>
<t>cpdf_moveto</t>
<mn>cpdf</mn>
<ft>F</ft>
<ver>4_0_0,4_0_1,4_0_2,4_0_3,4_0_4,4_0_5,4_0_6,4_1_0,4_1_1,4_1_2,4_2_0,4_2_1,4_2_2,4_2_3,4_3_0,4_3_1,4_3_10,4_3_11,4_3_2,4_3_3,4_3_4,4_3_5,4_3_6,4_3_7,4_3_8,4_3_9,4_4_0,4_4_1,4_4_2,4_4_3,4_4_4,4_4_5,4_4_6,4_cvs,5_0_0,5_0_1,5_0_2,5_0_3</ver>
<p4>bool cpdf_moveto(int pdfdoc, float x, float y [, int mode])</p4>
<p4d>Sets current point </p4d>
<texts><text><lng>de</lng>
<d>Legt die aktuelle Position fest</d>
</text><text><lng>en</lng>
<d>Sets current point</d>
</text><text><lng>es</lng>
<d>Define el punto actual</d>
</text></texts></PHPModuleRef><PHPModuleRef>
<t>cpdf_newpath</t>
<mn>cpdf</mn>
<ft>F</ft>
<ver>4_0_0,4_0_1,4_0_2,4_0_3,4_0_4,4_0_5,4_0_6,4_1_0,4_1_1,4_1_2,4_2_0,4_2_1,4_2_2,4_2_3,4_3_0,4_3_1,4_3_10,4_3_11,4_3_2,4_3_3,4_3_4,4_3_5,4_3_6,4_3_7,4_3_8,4_3_9,4_4_0,4_4_1,4_4_2,4_4_3,4_4_4,4_4_5,4_4_6,4_cvs,5_0_0,5_0_1,5_0_2,5_0_3</ver>
<p4>bool cpdf_newpath(int pdfdoc)</p4>
<p4d>Starts new path </p4d>
<texts><text><lng>de</lng>
<d>Beginnt einen neuen Pfad</d>
</text><text><lng>en</lng>
<d>Starts a new path</d>
</text><text><lng>es</lng>
<d>Comienza un nuevo camino</d>
</text></texts></PHPModuleRef><PHPModuleRef>
<t>cpdf_open</t>
<mn>cpdf</mn>
<ft>F</ft>
<ver>4_0_0,4_0_1,4_0_2,4_0_3,4_0_4,4_0_5,4_0_6,4_1_0,4_1_1,4_1_2,4_2_0,4_2_1,4_2_2,4_2_3,4_3_0,4_3_1,4_3_10,4_3_11,4_3_2,4_3_3,4_3_4,4_3_5,4_3_6,4_3_7,4_3_8,4_3_9,4_4_0,4_4_1,4_4_2,4_4_3,4_4_4,4_4_5,4_4_6,4_cvs,5_0_0,5_0_1,5_0_2,5_0_3</ver>
<p4>int cpdf_open(int compression [, string filename [, array doc_limits]])</p4>
<p4d>Opens a new pdf document </p4d>
<texts><text><lng>de</lng>
<d>Öffnet ein neues PDF-Dokument</d>
</text><text><lng>en</lng>
<d>Opens a new pdf document</d>
</text><text><lng>es</lng>
<d>Abre un nuevo documento pdf</d>
</text></texts></PHPModuleRef><PHPModuleRef>
<t>cpdf_output_buffer</t>
<mn>cpdf</mn>
<ft>F</ft>
<ver>4_0_0,4_0_1,4_0_2,4_0_3,4_0_4,4_0_5,4_0_6,4_1_0,4_1_1,4_1_2,4_2_0,4_2_1,4_2_2,4_2_3,4_3_0,4_3_1,4_3_10,4_3_11,4_3_2,4_3_3,4_3_4,4_3_5,4_3_6,4_3_7,4_3_8,4_3_9,4_4_0,4_4_1,4_4_2,4_4_3,4_4_4,4_4_5,4_4_6,4_cvs,5_0_0,5_0_1,5_0_2,5_0_3</ver>
<p4>bool cpdf_output_buffer(int pdfdoc)</p4>
<p4d>Returns the internal memory stream as string </p4d>
<texts><text><lng>de</lng>
<d>Gibt das PDF-Dokument aus dem Zwischenspeicher aus</d>
</text><text><lng>en</lng>
<d>Outputs the pdf document in memory buffer</d>
</text><text><lng>es</lng>
<d>Pone el documento PDF en el buffer de memoria</d>
</text></texts></PHPModuleRef><PHPModuleRef>
<t>cpdf_page_init</t>
<mn>cpdf</mn>
<ft>F</ft>
<ver>4_0_0,4_0_1,4_0_2,4_0_3,4_0_4,4_0_5,4_0_6,4_1_0,4_1_1,4_1_2,4_2_0,4_2_1,4_2_2,4_2_3,4_3_0,4_3_1,4_3_10,4_3_11,4_3_2,4_3_3,4_3_4,4_3_5,4_3_6,4_3_7,4_3_8,4_3_9,4_4_0,4_4_1,4_4_2,4_4_3,4_4_4,4_4_5,4_4_6,4_cvs,5_0_0,5_0_1,5_0_2,5_0_3</ver>
<p4>bool cpdf_page_init(int pdfdoc, int pagenr, int orientation, int height, int width [, float unit])</p4>
<p4d>Starts page </p4d>
<texts><text><lng>de</lng>
<d>Beginnt eine neue Seite</d>
</text><text><lng>en</lng>
<d>Starts new page</d>
</text><text><lng>es</lng>
<d>Comienza una nueva página</d>
</text></texts></PHPModuleRef><PHPModuleRef>
<t>cpdf_place_inline_image</t>
<mn>cpdf</mn>
<ft>F</ft>
<ver>4_0_0,4_0_1,4_0_2,4_0_3,4_0_4,4_0_5,4_0_6,4_1_0,4_1_1,4_1_2,4_2_0,4_2_1,4_2_2,4_2_3,4_3_0,4_3_1,4_3_10,4_3_11,4_3_2,4_3_3,4_3_4,4_3_5,4_3_6,4_3_7,4_3_8,4_3_9,4_4_0,4_4_1,4_4_2,4_4_3,4_4_4,4_4_5,4_4_6,4_cvs,5_0_0,5_0_1,5_0_2,5_0_3</ver>
<p4>bool cpdf_place_inline_image(int pdfdoc, int gdimage, float x, float y, float angle, fload width, fl</p4>
<p4d>Includes image </p4d>
<texts><text><lng>de</lng>
<d>Platziert ein Bild auf der Seite</d>
</text><text><lng>en</lng>
<d>Places an image on the page</d>
</text><text><lng>es</lng>
<d>Situa una imagen en la página</d>
</text></texts></PHPModuleRef><PHPModuleRef>
<t>cpdf_rect</t>
<mn>cpdf</mn>
<ft>F</ft>
<ver>4_0_0,4_0_1,4_0_2,4_0_3,4_0_4,4_0_5,4_0_6,4_1_0,4_1_1,4_1_2,4_2_0,4_2_1,4_2_2,4_2_3,4_3_0,4_3_1,4_3_10,4_3_11,4_3_2,4_3_3,4_3_4,4_3_5,4_3_6,4_3_7,4_3_8,4_3_9,4_4_0,4_4_1,4_4_2,4_4_3,4_4_4,4_4_5,4_4_6,4_cvs,5_0_0,5_0_1,5_0_2,5_0_3</ver>
<p4>bool cpdf_rect(int pdfdoc, float x, float y, float width, float height [, int mode])</p4>
<p4d>Draws a rectangle </p4d>
<texts><text><lng>de</lng>
<d>Zeichnet ein Rechteck</d>
</text><text><lng>en</lng>
<d>Draw a rectangle</d>
</text><text><lng>es</lng>
<d>Dibuja un rectángulo</d>
</text></texts></PHPModuleRef><PHPModuleRef>
<t>cpdf_restore</t>
<mn>cpdf</mn>
<ft>F</ft>
<ver>4_0_0,4_0_1,4_0_2,4_0_3,4_0_4,4_0_5,4_0_6,4_1_0,4_1_1,4_1_2,4_2_0,4_2_1,4_2_2,4_2_3,4_3_0,4_3_1,4_3_10,4_3_11,4_3_2,4_3_3,4_3_4,4_3_5,4_3_6,4_3_7,4_3_8,4_3_9,4_4_0,4_4_1,4_4_2,4_4_3,4_4_4,4_4_5,4_4_6,4_cvs,5_0_0,5_0_1,5_0_2,5_0_3</ver>
<p4>bool cpdf_restore(int pdfdoc)</p4>
<p4d>Restores formerly saved enviroment </p4d>
<texts><text><lng>de</lng>
<d>Stellt die zuvor gesicherte Umgebung wieder her</d>
</text><text><lng>en</lng>
<d>Restores formerly saved environment</d>
</text><text><lng>es</lng>
<d>Restaura un entorno guardado previamente</d>
</text></texts></PHPModuleRef><PHPModuleRef>
<t>cpdf_rlineto</t>
<mn>cpdf</mn>
<ft>F</ft>
<ver>4_0_0,4_0_1,4_0_2,4_0_3,4_0_4,4_0_5,4_0_6,4_1_0,4_1_1,4_1_2,4_2_0,4_2_1,4_2_2,4_2_3,4_3_0,4_3_1,4_3_10,4_3_11,4_3_2,4_3_3,4_3_4,4_3_5,4_3_6,4_3_7,4_3_8,4_3_9,4_4_0,4_4_1,4_4_2,4_4_3,4_4_4,4_4_5,4_4_6,4_cvs,5_0_0,5_0_1,5_0_2,5_0_3</ver>
<p4>bool cpdf_rlineto(int pdfdoc, float x, float y [, int mode])</p4>
<p4d>Draws a line relative to current point </p4d>
<texts><text><lng>de</lng>
<d>Zeichnet eine Linie (relativ)</d>
</text><text><lng>en</lng>
<d>Draws a line</d>
</text><text><lng>es</lng>
<d>Dibuja una línea</d>
</text></texts></PHPModuleRef><PHPModuleRef>
<t>cpdf_rmoveto</t>
<mn>cpdf</mn>
<ft>F</ft>
<ver>4_0_0,4_0_1,4_0_2,4_0_3,4_0_4,4_0_5,4_0_6,4_1_0,4_1_1,4_1_2,4_2_0,4_2_1,4_2_2,4_2_3,4_3_0,4_3_1,4_3_10,4_3_11,4_3_2,4_3_3,4_3_4,4_3_5,4_3_6,4_3_7,4_3_8,4_3_9,4_4_0,4_4_1,4_4_2,4_4_3,4_4_4,4_4_5,4_4_6,4_cvs,5_0_0,5_0_1,5_0_2,5_0_3</ver>
<p4>bool cpdf_rmoveto(int pdfdoc, float x, float y [, int mode])</p4>
<p4d>Sets current point </p4d>
<texts><text><lng>de</lng>
<d>Legt die relative aktuelle Position fest</d>
</text><text><lng>en</lng>
<d>Sets current point</d>
</text><text><lng>es</lng>
<d>Define el punto actual</d>
</text></texts></PHPModuleRef><PHPModuleRef>
<t>cpdf_rotate</t>
<mn>cpdf</mn>
<ft>F</ft>
<ver>4_0_0,4_0_1,4_0_2,4_0_3,4_0_4,4_0_5,4_0_6,4_1_0,4_1_1,4_1_2,4_2_0,4_2_1,4_2_2,4_2_3,4_3_0,4_3_1,4_3_10,4_3_11,4_3_2,4_3_3,4_3_4,4_3_5,4_3_6,4_3_7,4_3_8,4_3_9,4_4_0,4_4_1,4_4_2,4_4_3,4_4_4,4_4_5,4_4_6,4_cvs,5_0_0,5_0_1,5_0_2,5_0_3</ver>
<p4>bool cpdf_rotate(int pdfdoc, float angle)</p4>
<p4d>Sets rotation </p4d>
<texts><text><lng>de</lng>
<d>Legt den Drehwinkel fest</d>
</text><text><lng>en</lng>
<d>Sets rotation</d>
</text><text><lng>es</lng>
<d>Define la rotación</d>
</text></texts></PHPModuleRef><PHPModuleRef>
<t>cpdf_rotate_text</t>
<mn>cpdf</mn>
<ft>F</ft>
<ver>4_0_0,4_0_1,4_0_2,4_0_3,4_0_4,4_0_5,4_0_6,4_1_0,4_1_1,4_1_2,4_2_0,4_2_1,4_2_2,4_2_3,4_3_0,4_3_1,4_3_10,4_3_11,4_3_2,4_3_3,4_3_4,4_3_5,4_3_6,4_3_7,4_3_8,4_3_9,4_4_0,4_4_1,4_4_2,4_4_3,4_4_4,4_4_5,4_4_6,4_cvs,5_0_0,5_0_1,5_0_2,5_0_3</ver>
<p4>bool cpdf_rotate_text(int pdfdoc, float angle)</p4>
<p4d>Sets text rotation angle </p4d>
<texts><text><lng>de</lng>
<d>Legt den Drehwinkel für Text fest</d>
</text><text><lng>en</lng>
<d>Sets text rotation angle</d>
</text><text><lng>es</lng>
<d>Establece elángulo de rotación de un texto</d>
</text></texts></PHPModuleRef><PHPModuleRef>
<t>cpdf_save</t>
<mn>cpdf</mn>
<ft>F</ft>
<ver>4_0_0,4_0_1,4_0_2,4_0_3,4_0_4,4_0_5,4_0_6,4_1_0,4_1_1,4_1_2,4_2_0,4_2_1,4_2_2,4_2_3,4_3_0,4_3_1,4_3_10,4_3_11,4_3_2,4_3_3,4_3_4,4_3_5,4_3_6,4_3_7,4_3_8,4_3_9,4_4_0,4_4_1,4_4_2,4_4_3,4_4_4,4_4_5,4_4_6,4_cvs,5_0_0,5_0_1,5_0_2,5_0_3</ver>
<p4>bool cpdf_save(int pdfdoc)</p4>
<p4d>Saves current enviroment </p4d>
<texts><text><lng>de</lng>
<d>Sichert die aktuelle Umgebung</d>
</text><text><lng>en</lng>
<d>Saves current environment</d>
</text><text><lng>es</lng>
<d>Guarda el entorno actual</d>
</text></texts></PHPModuleRef><PHPModuleRef>
<t>cpdf_save_to_file</t>
<mn>cpdf</mn>
<ft>F</ft>
<ver>4_0_0,4_0_1,4_0_2,4_0_3,4_0_4,4_0_5,4_0_6,4_1_0,4_1_1,4_1_2,4_2_0,4_2_1,4_2_2,4_2_3,4_3_0,4_3_1,4_3_10,4_3_11,4_3_2,4_3_3,4_3_4,4_3_5,4_3_6,4_3_7,4_3_8,4_3_9,4_4_0,4_4_1,4_4_2,4_4_3,4_4_4,4_4_5,4_4_6,4_cvs,5_0_0,5_0_1,5_0_2,5_0_3</ver>
<p4>bool cpdf_save_to_file(int pdfdoc, string filename)</p4>
<p4d>Saves the internal memory stream to a file </p4d>
<texts><text><lng>de</lng>
<d>Schreibt ein PDF-Dokument in eine Datei</d>
</text><text><lng>en</lng>
<d>Writes the pdf document into a file</d>
</text><text><lng>es</lng>
<d>Escribe el documento PDF en un archivo</d>
</text></texts></PHPModuleRef><PHPModuleRef>
<t>cpdf_scale</t>
<mn>cpdf</mn>
<ft>F</ft>
<ver>4_0_0,4_0_1,4_0_2,4_0_3,4_0_4,4_0_5,4_0_6,4_1_0,4_1_1,4_1_2,4_2_0,4_2_1,4_2_2,4_2_3,4_3_0,4_3_1,4_3_10,4_3_11,4_3_2,4_3_3,4_3_4,4_3_5,4_3_6,4_3_7,4_3_8,4_3_9,4_4_0,4_4_1,4_4_2,4_4_3,4_4_4,4_4_5,4_4_6,4_cvs,5_0_0,5_0_1,5_0_2,5_0_3</ver>
<p4>bool cpdf_scale(int pdfdoc, float x_scale, float y_scale)</p4>
<p4d>Sets scaling </p4d>
<texts><text><lng>de</lng>
<d>Legt die Skalierung fest</d>
</text><text><lng>en</lng>
<d>Sets scaling</d>
</text><text><lng>es</lng>
<d>Define la escala</d>
</text></texts></PHPModuleRef><PHPModuleRef>
<t>cpdf_setdash</t>
<mn>cpdf</mn>
<ft>F</ft>
<ver>4_0_0,4_0_1,4_0_2,4_0_3,4_0_4,4_0_5,4_0_6,4_1_0,4_1_1,4_1_2,4_2_0,4_2_1,4_2_2,4_2_3,4_3_0,4_3_1,4_3_10,4_3_11,4_3_2,4_3_3,4_3_4,4_3_5,4_3_6,4_3_7,4_3_8,4_3_9,4_4_0,4_4_1,4_4_2,4_4_3,4_4_4,4_4_5,4_4_6,4_cvs,5_0_0,5_0_1,5_0_2,5_0_3</ver>
<p4>bool cpdf_setdash(int pdfdoc, long white, long black)</p4>
<p4d>Sets dash pattern </p4d>
<texts><text><lng>de</lng>
<d>Setzt eine gestrichelte Linie</d>
</text><text><lng>en</lng>
<d>Sets dash pattern</d>
</text><text><lng>es</lng>
<d>Define el patrón de la raya</d>
</text></texts></PHPModuleRef><PHPModuleRef>
<t>cpdf_setflat</t>
<mn>cpdf</mn>
<ft>F</ft>
<ver>4_0_0,4_0_1,4_0_2,4_0_3,4_0_4,4_0_5,4_0_6,4_1_0,4_1_1,4_1_2,4_2_0,4_2_1,4_2_2,4_2_3,4_3_0,4_3_1,4_3_10,4_3_11,4_3_2,4_3_3,4_3_4,4_3_5,4_3_6,4_3_7,4_3_8,4_3_9,4_4_0,4_4_1,4_4_2,4_4_3,4_4_4,4_4_5,4_4_6,4_cvs,5_0_0,5_0_1,5_0_2,5_0_3</ver>
<p4>bool cpdf_setflat(int pdfdoc, float value)</p4>
<p4d>Sets flatness </p4d>
<texts><text><lng>de</lng>
<d>Legt die Flachheit fest</d>
</text><text><lng>en</lng>
<d>Sets flatness</d>
</text><text><lng>es</lng>
<d>Define la monotonía</d>
</text></texts></PHPModuleRef><PHPModuleRef>
<t>cpdf_setgray</t>
<mn>cpdf</mn>
<ft>F</ft>
<ver>4_0_0,4_0_1,4_0_2,4_0_3,4_0_4,4_0_5,4_0_6,4_1_0,4_1_1,4_1_2,4_2_0,4_2_1,4_2_2,4_2_3,4_3_0,4_3_1,4_3_10,4_3_11,4_3_2,4_3_3,4_3_4,4_3_5,4_3_6,4_3_7,4_3_8,4_3_9,4_4_0,4_4_1,4_4_2,4_4_3,4_4_4,4_4_5,4_4_6,4_cvs,5_0_0,5_0_1,5_0_2,5_0_3</ver>
<p4>bool cpdf_setgray(int pdfdoc, float value)</p4>
<p4d>Sets drawing and filling color to gray value </p4d>
<texts><text><lng>de</lng>
<d>Setzt Zeichen- und Füllfarbe auf einen Grauwert</d>
</text><text><lng>en</lng>
<d>Sets drawing and filling color to gray value</d>
</text><text><lng>es</lng>
<d>Pone el color de relleno y dibujo a gris</d>
</text></texts></PHPModuleRef><PHPModuleRef>
<t>cpdf_setgray_fill</t>
<mn>cpdf</mn>
<ft>F</ft>
<ver>4_0_0,4_0_1,4_0_2,4_0_3,4_0_4,4_0_5,4_0_6,4_1_0,4_1_1,4_1_2,4_2_0,4_2_1,4_2_2,4_2_3,4_3_0,4_3_1,4_3_10,4_3_11,4_3_2,4_3_3,4_3_4,4_3_5,4_3_6,4_3_7,4_3_8,4_3_9,4_4_0,4_4_1,4_4_2,4_4_3,4_4_4,4_4_5,4_4_6,4_cvs,5_0_0,5_0_1,5_0_2,5_0_3</ver>
<p4>bool cpdf_setgray_fill(int pdfdoc, float value)</p4>
<p4d>Sets filling color to gray value </p4d>
<texts><text><lng>de</lng>
<d>Setzt die Füllfarbe auf einen Grauwert</d>
</text><text><lng>en</lng>
<d>Sets filling color to gray value</d>
</text><text><lng>es</lng>
<d>Pone el color de relleno al valor gris</d>
</text></texts></PHPModuleRef><PHPModuleRef>
<t>cpdf_setgray_stroke</t>
<mn>cpdf</mn>
<ft>F</ft>
<ver>4_0_0,4_0_1,4_0_2,4_0_3,4_0_4,4_0_5,4_0_6,4_1_0,4_1_1,4_1_2,4_2_0,4_2_1,4_2_2,4_2_3,4_3_0,4_3_1,4_3_10,4_3_11,4_3_2,4_3_3,4_3_4,4_3_5,4_3_6,4_3_7,4_3_8,4_3_9,4_4_0,4_4_1,4_4_2,4_4_3,4_4_4,4_4_5,4_4_6,4_cvs,5_0_0,5_0_1,5_0_2,5_0_3</ver>
<p4>bool cpdf_setgray_stroke(int pdfdoc, float value)</p4>
<p4d>Sets drawing color to gray value </p4d>
<texts><text><lng>de</lng>
<d>Setzt die Zeichenfarbe auf einen Grauwert</d>
</text><text><lng>en</lng>
<d>Sets drawing color to gray value</d>
</text><text><lng>es</lng>
<d>Define el color para dibujar al valor gris</d>
</text></texts></PHPModuleRef><PHPModuleRef>
<t>cpdf_setlinecap</t>
<mn>cpdf</mn>
<ft>F</ft>
<ver>4_0_0,4_0_1,4_0_2,4_0_3,4_0_4,4_0_5,4_0_6,4_1_0,4_1_1,4_1_2,4_2_0,4_2_1,4_2_2,4_2_3,4_3_0,4_3_1,4_3_10,4_3_11,4_3_2,4_3_3,4_3_4,4_3_5,4_3_6,4_3_7,4_3_8,4_3_9,4_4_0,4_4_1,4_4_2,4_4_3,4_4_4,4_4_5,4_4_6,4_cvs,5_0_0,5_0_1,5_0_2,5_0_3</ver>
<p4>bool cpdf_setlinecap(int pdfdoc, int value)</p4>
<p4d>Sets linecap parameter </p4d>
<texts><text><lng>de</lng>
<d>Legt den Typ der Linienenden fest</d>
</text><text><lng>en</lng>
<d>Sets linecap parameter</d>
</text><text><lng>es</lng>
<d>Define el parámetro linecap</d>
</text></texts></PHPModuleRef><PHPModuleRef>
<t>cpdf_setlinejoin</t>
<mn>cpdf</mn>
<ft>F</ft>
<ver>4_0_0,4_0_1,4_0_2,4_0_3,4_0_4,4_0_5,4_0_6,4_1_0,4_1_1,4_1_2,4_2_0,4_2_1,4_2_2,4_2_3,4_3_0,4_3_1,4_3_10,4_3_11,4_3_2,4_3_3,4_3_4,4_3_5,4_3_6,4_3_7,4_3_8,4_3_9,4_4_0,4_4_1,4_4_2,4_4_3,4_4_4,4_4_5,4_4_6,4_cvs,5_0_0,5_0_1,5_0_2,5_0_3</ver>
<p4>bool cpdf_setlinejoin(int pdfdoc, int value)</p4>
<p4d>Sets linejoin parameter </p4d>
<texts><text><lng>de</lng>
<d>Legt den Typ der Linienverbindungen fest</d>
</text><text><lng>en</lng>
<d>Sets linejoin parameter</d>
</text><text><lng>es</lng>
<d>Define el parámetro linejoin</d>
</text></texts></PHPModuleRef><PHPModuleRef>
<t>cpdf_setlinewidth</t>
<mn>cpdf</mn>
<ft>F</ft>
<ver>4_0_0,4_0_1,4_0_2,4_0_3,4_0_4,4_0_5,4_0_6,4_1_0,4_1_1,4_1_2,4_2_0,4_2_1,4_2_2,4_2_3,4_3_0,4_3_1,4_3_10,4_3_11,4_3_2,4_3_3,4_3_4,4_3_5,4_3_6,4_3_7,4_3_8,4_3_9,4_4_0,4_4_1,4_4_2,4_4_3,4_4_4,4_4_5,4_4_6,4_cvs,5_0_0,5_0_1,5_0_2,5_0_3</ver>
<p4>bool cpdf_setlinewidth(int pdfdoc, float width)</p4>
<p4d>Sets line width </p4d>
<texts><text><lng>de</lng>
<d>Legt die Linienbreite fest</d>
</text><text><lng>en</lng>
<d>Sets line width</d>
</text><text><lng>es</lng>
<d>Define la anchura de la línea</d>
</text></texts></PHPModuleRef><PHPModuleRef>
<t>cpdf_setmiterlimit</t>
<mn>cpdf</mn>
<ft>F</ft>
<ver>4_0_0,4_0_1,4_0_2,4_0_3,4_0_4,4_0_5,4_0_6,4_1_0,4_1_1,4_1_2,4_2_0,4_2_1,4_2_2,4_2_3,4_3_0,4_3_1,4_3_10,4_3_11,4_3_2,4_3_3,4_3_4,4_3_5,4_3_6,4_3_7,4_3_8,4_3_9,4_4_0,4_4_1,4_4_2,4_4_3,4_4_4,4_4_5,4_4_6,4_cvs,5_0_0,5_0_1,5_0_2,5_0_3</ver>
<p4>bool cpdf_setmiterlimit(int pdfdoc, float value)</p4>
<p4d>Sets miter limit </p4d>
<texts><text><lng>de</lng>
<d>Legt die Gehrungsbegrenzung fest</d>
</text><text><lng>en</lng>
<d>Sets miter limit</d>
</text><text><lng>es</lng>
<d>Define el límite del inglete</d>
</text></texts></PHPModuleRef><PHPModuleRef>
<t>cpdf_setrgbcolor</t>
<mn>cpdf</mn>
<ft>F</ft>
<ver>4_0_0,4_0_1,4_0_2,4_0_3,4_0_4,4_0_5,4_0_6,4_1_0,4_1_1,4_1_2,4_2_0,4_2_1,4_2_2,4_2_3,4_3_0,4_3_1,4_3_10,4_3_11,4_3_2,4_3_3,4_3_4,4_3_5,4_3_6,4_3_7,4_3_8,4_3_9,4_4_0,4_4_1,4_4_2,4_4_3,4_4_4,4_4_5,4_4_6,4_cvs,5_0_0,5_0_1,5_0_2,5_0_3</ver>
<p4>bool cpdf_setrgbcolor(int pdfdoc, float red, float green, float blue)</p4>
<p4d>Sets drawing and filling color to RGB color value </p4d>
<texts><text><lng>de</lng>
<d>Setzt Zeichen- und Füllfarbe auf einen RGB-Farbwert</d>
</text><text><lng>en</lng>
<d>Sets drawing and filling color to rgb color value</d>
</text><text><lng>es</lng>
<d>Pone el color de relleno y dibujo al valor de color rgb</d>
</text></texts></PHPModuleRef><PHPModuleRef>
<t>cpdf_setrgbcolor_fill</t>
<mn>cpdf</mn>
<ft>F</ft>
<ver>4_0_0,4_0_1,4_0_2,4_0_3,4_0_4,4_0_5,4_0_6,4_1_0,4_1_1,4_1_2,4_2_0,4_2_1,4_2_2,4_2_3,4_3_0,4_3_1,4_3_10,4_3_11,4_3_2,4_3_3,4_3_4,4_3_5,4_3_6,4_3_7,4_3_8,4_3_9,4_4_0,4_4_1,4_4_2,4_4_3,4_4_4,4_4_5,4_4_6,4_cvs,5_0_0,5_0_1,5_0_2,5_0_3</ver>
<p4>bool cpdf_setrgbcolor_fill(int pdfdoc, float red, float green, float blue)</p4>
<p4d>Sets filling color to rgb color value </p4d>
<texts><text><lng>de</lng>
<d>Setzt die Füllfarbe auf einen RGB-Farbwert</d>
</text><text><lng>en</lng>
<d>Sets filling color to rgb color value</d>
</text><text><lng>es</lng>
<d>Pone el color de relleno al valor de color rgb</d>
</text></texts></PHPModuleRef><PHPModuleRef>
<t>cpdf_setrgbcolor_stroke</t>
<mn>cpdf</mn>
<ft>F</ft>
<ver>4_0_0,4_0_1,4_0_2,4_0_3,4_0_4,4_0_5,4_0_6,4_1_0,4_1_1,4_1_2,4_2_0,4_2_1,4_2_2,4_2_3,4_3_0,4_3_1,4_3_10,4_3_11,4_3_2,4_3_3,4_3_4,4_3_5,4_3_6,4_3_7,4_3_8,4_3_9,4_4_0,4_4_1,4_4_2,4_4_3,4_4_4,4_4_5,4_4_6,4_cvs,5_0_0,5_0_1,5_0_2,5_0_3</ver>
<p4>bool cpdf_setrgbcolor_stroke(int pdfdoc, float red, float green, float blue)</p4>
<p4d>Sets drawing color to RGB color value </p4d>
<texts><text><lng>de</lng>
<d>Setzt die Zeichenfarbe auf einen RGB-Farbwert</d>
</text><text><lng>en</lng>
<d>Sets drawing color to rgb color value</d>
</text><text><lng>es</lng>
<d>Pone el color de dibujo al valor de color rgb</d>
</text></texts></PHPModuleRef><PHPModuleRef>
<t>cpdf_set_action_url</t>
<mn>cpdf</mn>
<ft>F</ft>
<ver>4_0_0,4_0_1,4_0_2,4_0_3,4_0_4,4_0_5,4_0_6,4_1_0,4_1_1,4_1_2,4_2_0,4_2_1,4_2_2,4_2_3,4_3_0,4_3_1,4_3_10,4_3_11,4_3_2,4_3_3,4_3_4,4_3_5,4_3_6,4_3_7,4_3_8,4_3_9,4_4_0,4_4_1,4_4_2,4_4_3,4_4_4,4_4_5,4_4_6,4_cvs,5_0_0,5_0_1,5_0_2,5_0_3</ver>
<p4>void cpdf_set_action_url(int pdfdoc, float xll, float yll, float xur, float xur, string url [, int m</p4>
<p4d>Sets hyperlink </p4d>
<texts><text><lng>de</lng>
<d>Setzt einen Hyperlink</d>
</text><text><lng>en</lng>
<d>Sets hyperlink</d>
</text><text><lng>es</lng>
<d>Establece un hiperenlace</d>
</text></texts></PHPModuleRef><PHPModuleRef>
<t>cpdf_set_char_spacing</t>
<mn>cpdf</mn>
<ft>F</ft>
<ver>4_0_0,4_0_1,4_0_2,4_0_3,4_0_4,4_0_5,4_0_6,4_1_0,4_1_1,4_1_2,4_2_0,4_2_1,4_2_2,4_2_3,4_3_0,4_3_1,4_3_10,4_3_11,4_3_2,4_3_3,4_3_4,4_3_5,4_3_6,4_3_7,4_3_8,4_3_9,4_4_0,4_4_1,4_4_2,4_4_3,4_4_4,4_4_5,4_4_6,4_cvs,5_0_0,5_0_1,5_0_2,5_0_3</ver>
<p4>bool cpdf_set_char_spacing(int pdfdoc, float space)</p4>
<p4d>Sets character spacing </p4d>
<texts><text><lng>de</lng>
<d>Legt den Zeichenabstand fest</d>
</text><text><lng>en</lng>
<d>Sets character spacing</d>
</text><text><lng>es</lng>
<d>Determina el espacio entre caracteres</d>
</text></texts></PHPModuleRef><PHPModuleRef>
<t>cpdf_set_creator</t>
<mn>cpdf</mn>
<ft>F</ft>
<ver>4_0_0,4_0_1,4_0_2,4_0_3,4_0_4,4_0_5,4_0_6,4_1_0,4_1_1,4_1_2,4_2_0,4_2_1,4_2_2,4_2_3,4_3_0,4_3_1,4_3_10,4_3_11,4_3_2,4_3_3,4_3_4,4_3_5,4_3_6,4_3_7,4_3_8,4_3_9,4_4_0,4_4_1,4_4_2,4_4_3,4_4_4,4_4_5,4_4_6,4_cvs,5_0_0,5_0_1,5_0_2,5_0_3</ver>
<p4>bool cpdf_set_creator(int pdfdoc, string creator)</p4>
<p4d>Sets the creator field </p4d>
<texts><text><lng>de</lng>
<d>Setzt das Urheberfeld des PDF-Dokuments</d>
</text><text><lng>en</lng>
<d>Sets the creator field in the pdf document</d>
</text><text><lng>es</lng>
<d>Define el campo creator en el documento PDF</d>
</text></texts></PHPModuleRef><PHPModuleRef>
<t>cpdf_set_current_page</t>
<mn>cpdf</mn>
<ft>F</ft>
<ver>4_0_0,4_0_1,4_0_2,4_0_3,4_0_4,4_0_5,4_0_6,4_1_0,4_1_1,4_1_2,4_2_0,4_2_1,4_2_2,4_2_3,4_3_0,4_3_1,4_3_10,4_3_11,4_3_2,4_3_3,4_3_4,4_3_5,4_3_6,4_3_7,4_3_8,4_3_9,4_4_0,4_4_1,4_4_2,4_4_3,4_4_4,4_4_5,4_4_6,4_cvs,5_0_0,5_0_1,5_0_2,5_0_3</ver>
<p4>bool cpdf_set_current_page(int pdfdoc, int pagenr)</p4>
<p4d>Sets page for output </p4d>
<texts><text><lng>de</lng>
<d>Setzt die aktuelle Seite</d>
</text><text><lng>en</lng>
<d>Sets current page</d>
</text><text><lng>es</lng>
<d>Define la página actual</d>
</text></texts></PHPModuleRef><PHPModuleRef>
<t>cpdf_set_font</t>
<mn>cpdf</mn>
<ft>F</ft>
<ver>4_0_0,4_0_1,4_0_2,4_0_3,4_0_4,4_0_5,4_0_6,4_1_0,4_1_1,4_1_2,4_2_0,4_2_1,4_2_2,4_2_3,4_3_0,4_3_1,4_3_10,4_3_11,4_3_2,4_3_3,4_3_4,4_3_5,4_3_6,4_3_7,4_3_8,4_3_9,4_4_0,4_4_1,4_4_2,4_4_3,4_4_4,4_4_5,4_4_6,4_cvs,5_0_0,5_0_1,5_0_2,5_0_3</ver>
<p4>bool cpdf_set_font(int pdfdoc, string font, float size, string encoding)</p4>
<p4d>Selects the current font face, size and encoding </p4d>
<texts><text><lng>de</lng>
<d>Wählt die aktuelle Schriftart und -größe</d>
</text><text><lng>en</lng>
<d>Select the current font face and size</d>
</text><text><lng>es</lng>
<d>Selecciona la fuente y el tamaño actual</d>
</text></texts></PHPModuleRef><PHPModuleRef>
<t>cpdf_set_font_directories</t>
<mn>cpdf</mn>
<ft>F</ft>
<ver>4_0_6,4_1_0,4_1_1,4_1_2,4_2_0,4_2_1,4_2_2,4_2_3,4_3_0,4_3_1,4_3_10,4_3_11,4_3_2,4_3_3,4_3_4,4_3_5,4_3_6,4_3_7,4_3_8,4_3_9,4_4_0,4_4_1,4_4_2,4_4_3,4_4_4,4_4_5,4_4_6,4_cvs,5_0_0,5_0_1,5_0_2,5_0_3</ver>
<p4>bool cpdf_set_font_directories(int pdfdoc, string pfmdir, string pfbdir)</p4>
<p4d>Sets directories to search when using external fonts </p4d>
<texts><text><lng>de</lng>
<d>Legt die Verzeichnisse fest, die bei Verwendung externer Schriftarten durchsucht werden</d>
</text><text><lng>en</lng>
<d>Sets directories to search when using external fonts</d>
</text><text><lng>es</lng>
<d>Indica los directorios en los que se deben buscar las fuentes externas</d>
</text></texts></PHPModuleRef><PHPModuleRef>
<t>cpdf_set_font_map_file</t>
<mn>cpdf</mn>
<ft>F</ft>
<ver>4_0_6,4_1_0,4_1_1,4_1_2,4_2_0,4_2_1,4_2_2,4_2_3,4_3_0,4_3_1,4_3_10,4_3_11,4_3_2,4_3_3,4_3_4,4_3_5,4_3_6,4_3_7,4_3_8,4_3_9,4_4_0,4_4_1,4_4_2,4_4_3,4_4_4,4_4_5,4_4_6,4_cvs,5_0_0,5_0_1,5_0_2,5_0_3</ver>
<p4>bool cpdf_set_font_map_file(int pdfdoc, string filename)</p4>
<p4d>Sets fontname to filename translation map when using external fonts </p4d>
<texts><text><lng>de</lng>
<d>Legt bei Verwendung externer Schriftarten die Datei mit den Schriftart-Dateiname-Zuordnungen fest</d>
</text><text><lng>en</lng>
<d>Sets fontname to filename translation map when using external fonts</d>
</text><text><lng>es</lng>
<d>Indica el mapeo que se va a emplear para asociar el nombre de la fuente conel nombre del archivo cuando se emplean fuentes externas</d>
</text></texts></PHPModuleRef><PHPModuleRef>
<t>cpdf_set_horiz_scaling</t>
<mn>cpdf</mn>
<ft>F</ft>
<ver>4_0_0,4_0_1,4_0_2,4_0_3,4_0_4,4_0_5,4_0_6,4_1_0,4_1_1,4_1_2,4_2_0,4_2_1,4_2_2,4_2_3,4_3_0,4_3_1,4_3_10,4_3_11,4_3_2,4_3_3,4_3_4,4_3_5,4_3_6,4_3_7,4_3_8,4_3_9,4_4_0,4_4_1,4_4_2,4_4_3,4_4_4,4_4_5,4_4_6,4_cvs,5_0_0,5_0_1,5_0_2,5_0_3</ver>
<p4>bool cpdf_set_horiz_scaling(int pdfdoc, float scale)</p4>
<p4d>Sets horizontal scaling of text </p4d>
<texts><text><lng>de</lng>
<d>Setzt die horizontale Textskalierung</d>
</text><text><lng>en</lng>
<d>Sets horizontal scaling of text</d>
</text><text><lng>es</lng>
<d>Define la escala horizontal del texto</d>
</text></texts></PHPModuleRef><PHPModuleRef>
<t>cpdf_set_keywords</t>
<mn>cpdf</mn>
<ft>F</ft>
<ver>4_0_0,4_0_1,4_0_2,4_0_3,4_0_4,4_0_5,4_0_6,4_1_0,4_1_1,4_1_2,4_2_0,4_2_1,4_2_2,4_2_3,4_3_0,4_3_1,4_3_10,4_3_11,4_3_2,4_3_3,4_3_4,4_3_5,4_3_6,4_3_7,4_3_8,4_3_9,4_4_0,4_4_1,4_4_2,4_4_3,4_4_4,4_4_5,4_4_6,4_cvs,5_0_0,5_0_1,5_0_2,5_0_3</ver>
<p4>bool cpdf_set_keywords(int pdfptr, string keywords)</p4>
<p4d>Fills the keywords field of the info structure </p4d>
<texts><text><lng>de</lng>
<d>Setzt das Schlüsselwortfeld des PDF-Dokuments</d>
</text><text><lng>en</lng>
<d>Sets the keywords field of the pdf document</d>
</text><text><lng>es</lng>
<d>Pone el valor del campo 'keywords'(palabras clave) de undocumento PDF</d>
</text></texts></PHPModuleRef><PHPModuleRef>
<t>cpdf_set_leading</t>
<mn>cpdf</mn>
<ft>F</ft>
<ver>4_0_0,4_0_1,4_0_2,4_0_3,4_0_4,4_0_5,4_0_6,4_1_0,4_1_1,4_1_2,4_2_0,4_2_1,4_2_2,4_2_3,4_3_0,4_3_1,4_3_10,4_3_11,4_3_2,4_3_3,4_3_4,4_3_5,4_3_6,4_3_7,4_3_8,4_3_9,4_4_0,4_4_1,4_4_2,4_4_3,4_4_4,4_4_5,4_4_6,4_cvs,5_0_0,5_0_1,5_0_2,5_0_3</ver>
<p4>bool cpdf_set_leading(int pdfdoc, float distance)</p4>
<p4d>Sets distance between text lines </p4d>
<texts><text><lng>de</lng>
<d>Setzt den Zeilenabstand</d>
</text><text><lng>en</lng>
<d>Sets distance between text lines</d>
</text><text><lng>es</lng>
<d>Define la distancias entre las líneas de texto</d>
</text></texts></PHPModuleRef><PHPModuleRef>
<t>cpdf_set_page_animation</t>
<mn>cpdf</mn>
<ft>F</ft>
<ver>4_0_0,4_0_1,4_0_2,4_0_3,4_0_4,4_0_5,4_0_6,4_1_0,4_1_1,4_1_2,4_2_0,4_2_1,4_2_2,4_2_3,4_3_0,4_3_1,4_3_10,4_3_11,4_3_2,4_3_3,4_3_4,4_3_5,4_3_6,4_3_7,4_3_8,4_3_9,4_4_0,4_4_1,4_4_2,4_4_3,4_4_4,4_4_5,4_4_6,4_cvs,5_0_0,5_0_1,5_0_2,5_0_3</ver>
<p4>bool cpdf_set_page_animation(int pdfdoc, int transition, float duration, float direction, int orient</p4>
<p4d>Sets transition between pages </p4d>
<texts><text><lng>de</lng>
<d>Legt denÜbergang zwischen den Seiten fest</d>
</text><text><lng>en</lng>
<d>Sets duration between pages</d>
</text><text><lng>es</lng>
<d>Define el intervalo entre páginas</d>
</text></texts></PHPModuleRef><PHPModuleRef>
<t>cpdf_set_subject</t>
<mn>cpdf</mn>
<ft>F</ft>
<ver>4_0_0,4_0_1,4_0_2,4_0_3,4_0_4,4_0_5,4_0_6,4_1_0,4_1_1,4_1_2,4_2_0,4_2_1,4_2_2,4_2_3,4_3_0,4_3_1,4_3_10,4_3_11,4_3_2,4_3_3,4_3_4,4_3_5,4_3_6,4_3_7,4_3_8,4_3_9,4_4_0,4_4_1,4_4_2,4_4_3,4_4_4,4_4_5,4_4_6,4_cvs,5_0_0,5_0_1,5_0_2,5_0_3</ver>
<p4>bool cpdf_set_subject(int pdfptr, string subject)</p4>
<p4d>Fills the subject field of the info structure </p4d>
<texts><text><lng>de</lng>
<d>Setzt das Themenfeld des PDF-Dokuments</d>
</text><text><lng>en</lng>
<d>Sets the subject field of the pdf document</d>
</text><text><lng>es</lng>
<d>Define el valor del campo subjet de un documento PDF</d>
</text></texts></PHPModuleRef><PHPModuleRef>
<t>cpdf_set_text_matrix</t>
<mn>cpdf</mn>
<ft>F</ft>
<ver>4_0_0,4_0_1,4_0_2,4_0_3,4_0_4,4_0_5,4_0_6,4_1_0,4_1_1,4_1_2,4_2_0,4_2_1,4_2_2,4_2_3,4_3_0,4_3_1,4_3_10,4_3_11,4_3_2,4_3_3,4_3_4,4_3_5,4_3_6,4_3_7,4_3_8,4_3_9,4_4_0,4_4_1,4_4_2,4_4_3,4_4_4,4_4_5,4_4_6,4_cvs,5_0_0,5_0_1,5_0_2,5_0_3</ver>
<p4>bool cpdf_set_text_matrix(int pdfdoc, arry matrix)</p4>
<p4d>Sets the text matrix </p4d>
<texts><text><lng>de</lng>
<d>Legt die Text-Matrix fest</d>
</text><text><lng>en</lng>
<d>Sets the text matrix</d>
</text><text><lng>es</lng>
<d>Define la matriz de texto</d>
</text></texts></PHPModuleRef><PHPModuleRef>
<t>cpdf_set_text_pos</t>
<mn>cpdf</mn>
<ft>F</ft>
<ver>4_0_0,4_0_1,4_0_2,4_0_3,4_0_4,4_0_5,4_0_6,4_1_0,4_1_1,4_1_2,4_2_0,4_2_1,4_2_2,4_2_3,4_3_0,4_3_1,4_3_10,4_3_11,4_3_2,4_3_3,4_3_4,4_3_5,4_3_6,4_3_7,4_3_8,4_3_9,4_4_0,4_4_1,4_4_2,4_4_3,4_4_4,4_4_5,4_4_6,4_cvs,5_0_0,5_0_1,5_0_2,5_0_3</ver>
<p4>bool cpdf_set_text_pos(int pdfdoc, float x, float y [, int mode])</p4>
<p4d>Sets the position of text for the next cpdf_show call </p4d>
<texts><text><lng>de</lng>
<d>Legt die Textposition fest</d>
</text><text><lng>en</lng>
<d>Sets text position</d>
</text><text><lng>es</lng>
<d>Define la posición del texto</d>
</text></texts></PHPModuleRef><PHPModuleRef>
<t>cpdf_set_text_rendering</t>
<mn>cpdf</mn>
<ft>F</ft>
<ver>4_0_0,4_0_1,4_0_2,4_0_3,4_0_4,4_0_5,4_0_6,4_1_0,4_1_1,4_1_2,4_2_0,4_2_1,4_2_2,4_2_3,4_3_0,4_3_1,4_3_10,4_3_11,4_3_2,4_3_3,4_3_4,4_3_5,4_3_6,4_3_7,4_3_8,4_3_9,4_4_0,4_4_1,4_4_2,4_4_3,4_4_4,4_4_5,4_4_6,4_cvs,5_0_0,5_0_1,5_0_2,5_0_3</ver>
<p4>bool cpdf_set_text_rendering(int pdfdoc, int rendermode)</p4>
<p4d>Determines how text is rendered </p4d>
<texts><text><lng>de</lng>
<d>Legt fest, wie Text wiedergegeben wird</d>
</text><text><lng>en</lng>
<d>Determines how text is rendered</d>
</text><text><lng>es</lng>
<d>Determina cómo es presentado el texto</d>
</text></texts></PHPModuleRef><PHPModuleRef>
<t>cpdf_set_text_rise</t>
<mn>cpdf</mn>
<ft>F</ft>
<ver>4_0_0,4_0_1,4_0_2,4_0_3,4_0_4,4_0_5,4_0_6,4_1_0,4_1_1,4_1_2,4_2_0,4_2_1,4_2_2,4_2_3,4_3_0,4_3_1,4_3_10,4_3_11,4_3_2,4_3_3,4_3_4,4_3_5,4_3_6,4_3_7,4_3_8,4_3_9,4_4_0,4_4_1,4_4_2,4_4_3,4_4_4,4_4_5,4_4_6,4_cvs,5_0_0,5_0_1,5_0_2,5_0_3</ver>
<p4>bool cpdf_set_text_rise(int pdfdoc, float value)</p4>
<p4d>Sets the text rise </p4d>
<texts><text><lng>de</lng>
<d>Legt die vertikale Textverschiebung fest</d>
</text><text><lng>en</lng>
<d>Sets the text rise</d>
</text><text><lng>es</lng>
<d>Define la elevación del texto</d>
</text></texts></PHPModuleRef><PHPModuleRef>
<t>cpdf_set_title</t>
<mn>cpdf</mn>
<ft>F</ft>
<ver>4_0_0,4_0_1,4_0_2,4_0_3,4_0_4,4_0_5,4_0_6,4_1_0,4_1_1,4_1_2,4_2_0,4_2_1,4_2_2,4_2_3,4_3_0,4_3_1,4_3_10,4_3_11,4_3_2,4_3_3,4_3_4,4_3_5,4_3_6,4_3_7,4_3_8,4_3_9,4_4_0,4_4_1,4_4_2,4_4_3,4_4_4,4_4_5,4_4_6,4_cvs,5_0_0,5_0_1,5_0_2,5_0_3</ver>
<p4>bool cpdf_set_title(int pdfptr, string title)</p4>
<p4d>Fills the title field of the info structure </p4d>
<texts><text><lng>de</lng>
<d>Setzt das Titelfeld PDF-Dokuments</d>
</text><text><lng>en</lng>
<d>Sets the title field of the pdf document</d>
</text><text><lng>es</lng>
<d>Define el campo title de un documento PDF</d>
</text></texts></PHPModuleRef><PHPModuleRef>
<t>cpdf_set_viewer_preferences</t>
<mn>cpdf</mn>
<ft>F</ft>
<ver>4_0_0,4_0_1,4_0_2,4_0_3,4_0_4,4_0_5,4_0_6,4_1_0,4_1_1,4_1_2,4_2_0,4_2_1,4_2_2,4_2_3,4_3_0,4_3_1,4_3_10,4_3_11,4_3_2,4_3_3,4_3_4,4_3_5,4_3_6,4_3_7,4_3_8,4_3_9,4_4_0,4_4_1,4_4_2,4_4_3,4_4_4,4_4_5,4_4_6,4_cvs,5_0_0,5_0_1,5_0_2,5_0_3</ver>
<p4>bool cpdf_set_viewer_preferences(int pdfdoc, array preferences)</p4>
<p4d>How to show the document in the viewer </p4d>
<texts><text><lng>de</lng>
<d>Legt fest, wie das Dokument im Betrachter dargestellt wird</d>
</text><text><lng>en</lng>
<d>How to show the document in the viewer</d>
</text><text><lng>es</lng>
<d>Modo de visualización del documento en el visor</d>
</text></texts></PHPModuleRef><PHPModuleRef>
<t>cpdf_set_word_spacing</t>
<mn>cpdf</mn>
<ft>F</ft>
<ver>4_0_0,4_0_1,4_0_2,4_0_3,4_0_4,4_0_5,4_0_6,4_1_0,4_1_1,4_1_2,4_2_0,4_2_1,4_2_2,4_2_3,4_3_0,4_3_1,4_3_10,4_3_11,4_3_2,4_3_3,4_3_4,4_3_5,4_3_6,4_3_7,4_3_8,4_3_9,4_4_0,4_4_1,4_4_2,4_4_3,4_4_4,4_4_5,4_4_6,4_cvs,5_0_0,5_0_1,5_0_2,5_0_3</ver>
<p4>bool cpdf_set_word_spacing(int pdfdoc, float space)</p4>
<p4d>Sets spacing between words </p4d>
<texts><text><lng>de</lng>
<d>Legt den Abstand zwischen den Wörtern fest</d>
</text><text><lng>en</lng>
<d>Sets spacing between words</d>
</text><text><lng>es</lng>
<d>Define el espacio entre palabras</d>
</text></texts></PHPModuleRef><PHPModuleRef>
<t>cpdf_show</t>
<mn>cpdf</mn>
<ft>F</ft>
<ver>4_0_0,4_0_1,4_0_2,4_0_3,4_0_4,4_0_5,4_0_6,4_1_0,4_1_1,4_1_2,4_2_0,4_2_1,4_2_2,4_2_3,4_3_0,4_3_1,4_3_10,4_3_11,4_3_2,4_3_3,4_3_4,4_3_5,4_3_6,4_3_7,4_3_8,4_3_9,4_4_0,4_4_1,4_4_2,4_4_3,4_4_4,4_4_5,4_4_6,4_cvs,5_0_0,5_0_1,5_0_2,5_0_3</ver>
<p4>bool cpdf_show(int pdfdoc, string text)</p4>
<p4d>Output text at current position </p4d>
<texts><text><lng>de</lng>
<d>Gibt Text an der aktuellen Position aus</d>
</text><text><lng>en</lng>
<d>Output text at current position</d>
</text><text><lng>es</lng>
<d>Muestra el texto en la posición actual</d>
</text></texts></PHPModuleRef><PHPModuleRef>
<t>cpdf_show_xy</t>
<mn>cpdf</mn>
<ft>F</ft>
<ver>4_0_0,4_0_1,4_0_2,4_0_3,4_0_4,4_0_5,4_0_6,4_1_0,4_1_1,4_1_2,4_2_0,4_2_1,4_2_2,4_2_3,4_3_0,4_3_1,4_3_10,4_3_11,4_3_2,4_3_3,4_3_4,4_3_5,4_3_6,4_3_7,4_3_8,4_3_9,4_4_0,4_4_1,4_4_2,4_4_3,4_4_4,4_4_5,4_4_6,4_cvs,5_0_0,5_0_1,5_0_2,5_0_3</ver>
<p4>bool cpdf_show_xy(int pdfdoc, string text, float x-koor, float y-koor [, int mode])</p4>
<p4d>Output text at position </p4d>
<texts><text><lng>de</lng>
<d>Gibt Text an der angegebenen Position aus</d>
</text><text><lng>en</lng>
<d>Output text at position</d>
</text><text><lng>es</lng>
<d>Muestra texto en la posición indicada</d>
</text></texts></PHPModuleRef><PHPModuleRef>
<t>cpdf_stringwidth</t>
<mn>cpdf</mn>
<ft>F</ft>
<ver>4_0_0,4_0_1,4_0_2,4_0_3,4_0_4,4_0_5,4_0_6,4_1_0,4_1_1,4_1_2,4_2_0,4_2_1,4_2_2,4_2_3,4_3_0,4_3_1,4_3_10,4_3_11,4_3_2,4_3_3,4_3_4,4_3_5,4_3_6,4_3_7,4_3_8,4_3_9,4_4_0,4_4_1,4_4_2,4_4_3,4_4_4,4_4_5,4_4_6,4_cvs,5_0_0,5_0_1,5_0_2,5_0_3</ver>
<p4>float cpdf_stringwidth(int pdfdoc, string text)</p4>
<p4d>Returns width of text in current font </p4d>
<texts><text><lng>de</lng>
<d>Liefert die Breite einer Zeichenkette in der aktuellen Schriftart</d>
</text><text><lng>en</lng>
<d>Returns width of text in current font</d>
</text><text><lng>es</lng>
<d>Devuelve la anchura del texto en la fuente actual</d>
</text></texts></PHPModuleRef><PHPModuleRef>
<t>cpdf_stroke</t>
<mn>cpdf</mn>
<ft>F</ft>
<ver>4_0_0,4_0_1,4_0_2,4_0_3,4_0_4,4_0_5,4_0_6,4_1_0,4_1_1,4_1_2,4_2_0,4_2_1,4_2_2,4_2_3,4_3_0,4_3_1,4_3_10,4_3_11,4_3_2,4_3_3,4_3_4,4_3_5,4_3_6,4_3_7,4_3_8,4_3_9,4_4_0,4_4_1,4_4_2,4_4_3,4_4_4,4_4_5,4_4_6,4_cvs,5_0_0,5_0_1,5_0_2,5_0_3</ver>
<p4>bool cpdf_stroke(int pdfdoc)</p4>
<p4d>Draws line along path path </p4d>
<texts><text><lng>de</lng>
<d>Zeichnet eine Linie entlang des aktuellen Pfades</d>
</text><text><lng>en</lng>
<d>Draw line along path</d>
</text><text><lng>es</lng>
<d>Dibuja una línea a lo largo del camino</d>
</text></texts></PHPModuleRef><PHPModuleRef>
<t>cpdf_text</t>
<mn>cpdf</mn>
<ft>F</ft>
<ver>4_0_0,4_0_1,4_0_2,4_0_3,4_0_4,4_0_5,4_0_6,4_1_0,4_1_1,4_1_2,4_2_0,4_2_1,4_2_2,4_2_3,4_3_0,4_3_1,4_3_10,4_3_11,4_3_2,4_3_3,4_3_4,4_3_5,4_3_6,4_3_7,4_3_8,4_3_9,4_4_0,4_4_1,4_4_2,4_4_3,4_4_4,4_4_5,4_4_6,4_cvs,5_0_0,5_0_1,5_0_2,5_0_3</ver>
<p4>bool cpdf_text(int pdfdoc, string text [, float x-koor, float y-koor [, int mode [, float orientatio</p4>
<p4d>Outputs text </p4d>
<texts><text><lng>de</lng>
<d>Gibt den Text mit Parametern aus</d>
</text><text><lng>en</lng>
<d>Output text with parameters</d>
</text><text><lng>es</lng>
<d>Muestra texto con parámetros</d>
</text></texts></PHPModuleRef><PHPModuleRef>
<t>cpdf_translate</t>
<mn>cpdf</mn>
<ft>F</ft>
<ver>4_0_0,4_0_1,4_0_2,4_0_3,4_0_4,4_0_5,4_0_6,4_1_0,4_1_1,4_1_2,4_2_0,4_2_1,4_2_2,4_2_3,4_3_0,4_3_1,4_3_10,4_3_11,4_3_2,4_3_3,4_3_4,4_3_5,4_3_6,4_3_7,4_3_8,4_3_9,4_4_0,4_4_1,4_4_2,4_4_3,4_4_4,4_4_5,4_4_6,4_cvs,5_0_0,5_0_1,5_0_2,5_0_3</ver>
<p4>bool cpdf_translate(int pdfdoc, float x, float y)</p4>
<p4d>Sets origin of coordinate system </p4d>
<texts><text><lng>de</lng>
<d>Legt den Ursprung des Koordinatensystems fest</d>
</text><text><lng>en</lng>
<d>Sets origin of coordinate system</d>
</text><text><lng>es</lng>
<d>Define el sistema de origen de coordenadas</d>
</text></texts></PHPModuleRef><PHPModuleRef>
<t>CPDF_PL_1COLUMN</t>
<mn>cpdf</mn>
<ft>C</ft>
<p4>integer CPDF_PL_1COLUMN</p4>
<p5>integer CPDF_PL_1COLUMN</p5>
</PHPModuleRef><PHPModuleRef>
<t>CPDF_PL_2LCOLUMN</t>
<mn>cpdf</mn>
<ft>C</ft>
<p4>integer CPDF_PL_2LCOLUMN</p4>
<p5>integer CPDF_PL_2LCOLUMN</p5>
</PHPModuleRef><PHPModuleRef>
<t>CPDF_PL_2RCOLUMN</t>
<mn>cpdf</mn>
<ft>C</ft>
<p4>integer CPDF_PL_2RCOLUMN</p4>
<p5>integer CPDF_PL_2RCOLUMN</p5>
</PHPModuleRef><PHPModuleRef>
<t>CPDF_PL_SINGLE</t>
<mn>cpdf</mn>
<ft>C</ft>
<p4>integer CPDF_PL_SINGLE</p4>
<p5>integer CPDF_PL_SINGLE</p5>
</PHPModuleRef><PHPModuleRef>
<t>CPDF_PM_FULLSCREEN</t>
<mn>cpdf</mn>
<ft>C</ft>
<p4>integer CPDF_PM_FULLSCREEN</p4>
<p5>integer CPDF_PM_FULLSCREEN</p5>
</PHPModuleRef><PHPModuleRef>
<t>CPDF_PM_NONE</t>
<mn>cpdf</mn>
<ft>C</ft>
<p4>integer CPDF_PM_NONE</p4>
<p5>integer CPDF_PM_NONE</p5>
</PHPModuleRef><PHPModuleRef>
<t>CPDF_PM_OUTLINES</t>
<mn>cpdf</mn>
<ft>C</ft>
<p4>integer CPDF_PM_OUTLINES</p4>
<p5>integer CPDF_PM_OUTLINES</p5>
</PHPModuleRef><PHPModuleRef>
<t>CPDF_PM_THUMBS</t>
<mn>cpdf</mn>
<ft>C</ft>
<p4>integer CPDF_PM_THUMBS</p4>
<p5>integer CPDF_PM_THUMBS</p5>
</PHPModuleRef></PHPModuleRef-List>
