<?xml version="1.0" encoding="utf-8"?>
<PHPModuleRef-List>
<PHPModuleRef>
<t>crack_check</t>
<mn>crack</mn>
<ft>F</ft>
<ver>4_0_5,4_0_6,4_1_0,4_1_1,4_1_2,4_2_0,4_2_1,4_2_2,4_2_3,4_3_0,4_3_1,4_3_10,4_3_11,4_3_2,4_3_3,4_3_4,4_3_5,4_3_6,4_3_7,4_3_8,4_3_9,4_4_0,4_4_1,4_4_2,4_4_3,4_4_4,4_4_5,4_4_6,4_cvs</ver>
<p4>bool crack_check([resource dictionary,] string password)</p4>
<p4d>Performs an obscure check with the given password </p4d>
<texts><text><lng>de</lng>
<d>Führt eine Überprüfung des übergebenen Passwortes durch.</d>
</text><text><lng>en</lng>
<d>Performs an obscure check with the given password</d>
</text><text><lng>es</lng>
<d>Comprueba la dificultad de la contraseña proporcionada</d>
</text></texts></PHPModuleRef><PHPModuleRef>
<t>crack_closedict</t>
<mn>crack</mn>
<ft>F</ft>
<ver>4_0_5,4_0_6,4_1_0,4_1_1,4_1_2,4_2_0,4_2_1,4_2_2,4_2_3,4_3_0,4_3_1,4_3_10,4_3_11,4_3_2,4_3_3,4_3_4,4_3_5,4_3_6,4_3_7,4_3_8,4_3_9,4_4_0,4_4_1,4_4_2,4_4_3,4_4_4,4_4_5,4_4_6,4_cvs</ver>
<p4>bool crack_closedict([resource dictionary])</p4>
<p4d>Closes an open cracklib dictionary </p4d>
<texts><text><lng>de</lng>
<d>Schließt ein CrackLib Wörterbuch</d>
</text><text><lng>en</lng>
<d>Closes an open CrackLib dictionary</d>
</text><text><lng>es</lng>
<d>Cierra un diccionario abierto de CrackLib</d>
</text></texts></PHPModuleRef><PHPModuleRef>
<t>crack_getlastmessage</t>
<mn>crack</mn>
<ft>F</ft>
<ver>4_0_5,4_0_6,4_1_0,4_1_1,4_1_2,4_2_0,4_2_1,4_2_2,4_2_3,4_3_0,4_3_1,4_3_10,4_3_11,4_3_2,4_3_3,4_3_4,4_3_5,4_3_6,4_3_7,4_3_8,4_3_9,4_4_0,4_4_1,4_4_2,4_4_3,4_4_4,4_4_5,4_4_6,4_cvs</ver>
<p4>string crack_getlastmessage(void)</p4>
<p4d>Returns the message from the last obscure check </p4d>
<texts><text><lng>de</lng>
<d>Gibt die Nachricht der letztenÜberprüfung zurück.</d>
</text><text><lng>en</lng>
<d>Returns the message from the last obscure check</d>
</text><text><lng>es</lng>
<d>Obtiene el mensaje de laúltima comprobación realizada</d>
</text></texts></PHPModuleRef><PHPModuleRef>
<t>crack_opendict</t>
<mn>crack</mn>
<ft>F</ft>
<ver>4_0_5,4_0_6,4_1_0,4_1_1,4_1_2,4_2_0,4_2_1,4_2_2,4_2_3,4_3_0,4_3_1,4_3_10,4_3_11,4_3_2,4_3_3,4_3_4,4_3_5,4_3_6,4_3_7,4_3_8,4_3_9,4_4_0,4_4_1,4_4_2,4_4_3,4_4_4,4_4_5,4_4_6,4_cvs</ver>
<p4>resource crack_opendict(string dictionary)</p4>
<p4d>Opens a new cracklib dictionary </p4d>
<texts><text><lng>de</lng>
<d>Öffnet ein CrackLib Wörterbuch</d>
</text><text><lng>en</lng>
<d>Opens a new CrackLib dictionary</d>
</text><text><lng>es</lng>
<d>Abre un diccionario de CrackLib</d>
</text></texts></PHPModuleRef></PHPModuleRef-List>
