<?xml version="1.0" encoding="utf-8"?>
<PHPModuleRef-List>
<PHPModuleRef>
<t>confirm_ctype_compiled</t>
<mn>ctype</mn>
<ft>F</ft>
<ver>4_0_4</ver>
</PHPModuleRef><PHPModuleRef>
<t>ctype_alnum</t>
<mn>ctype</mn>
<ft>F</ft>
<ver>4_0_4,4_0_5,4_0_6,4_1_0,4_1_1,4_1_2,4_2_0,4_2_1,4_2_2,4_2_3,4_3_0,4_3_1,4_3_10,4_3_11,4_3_2,4_3_3,4_3_4,4_3_5,4_3_6,4_3_7,4_3_8,4_3_9,4_4_0,4_4_1,4_4_2,4_4_3,4_4_4,4_4_5,4_4_6,4_cvs,5_0_0,5_0_1,5_0_2,5_0_3,5_1_0,5_1_1,5_1_2,5_1_3,5_1_4,5_1_5,5_1_6,5_2_0,5_2_1,5_cvs</ver>
<p4>bool ctype_alnum(mixed c)</p4>
<p4d>Checks for alphanumeric character(s) </p4d>
<p5>bool ctype_alnum(mixed c)</p5>
<p5d>Checks for alphanumeric character(s) </p5d>
<texts><text><lng>de</lng>
<d>Auf alphanumerische Zeichenüberprüfen</d>
</text><text><lng>el</lng>
<d>Έλεγχος για αλφαριθμητικούς χαρακτήρες</d>
</text><text><lng>en</lng>
<d>Check for alphanumeric character(s)</d>
</text><text><lng>es</lng>
<d>Chequear posibles caracteres alfanuméricos</d>
</text></texts></PHPModuleRef><PHPModuleRef>
<t>ctype_alpha</t>
<mn>ctype</mn>
<ft>F</ft>
<ver>4_0_4,4_0_5,4_0_6,4_1_0,4_1_1,4_1_2,4_2_0,4_2_1,4_2_2,4_2_3,4_3_0,4_3_1,4_3_10,4_3_11,4_3_2,4_3_3,4_3_4,4_3_5,4_3_6,4_3_7,4_3_8,4_3_9,4_4_0,4_4_1,4_4_2,4_4_3,4_4_4,4_4_5,4_4_6,4_cvs,5_0_0,5_0_1,5_0_2,5_0_3,5_1_0,5_1_1,5_1_2,5_1_3,5_1_4,5_1_5,5_1_6,5_2_0,5_2_1,5_cvs</ver>
<p4>bool ctype_alpha(mixed c)</p4>
<p4d>Checks for alphabetic character(s) </p4d>
<p5>bool ctype_alpha(mixed c)</p5>
<p5d>Checks for alphabetic character(s) </p5d>
<texts><text><lng>de</lng>
<d>Auf Buchstabe(n)überprüfen</d>
</text><text><lng>el</lng>
<d>Έλγχος για αλφαβητικούς χαρακτήρες</d>
</text><text><lng>en</lng>
<d>Check for alphabetic character(s)</d>
</text><text><lng>es</lng>
<d>Chequear posibles caracteres alfabéticos</d>
</text></texts></PHPModuleRef><PHPModuleRef>
<t>ctype_cntrl</t>
<mn>ctype</mn>
<ft>F</ft>
<ver>4_0_4,4_0_5,4_0_6,4_1_0,4_1_1,4_1_2,4_2_0,4_2_1,4_2_2,4_2_3,4_3_0,4_3_1,4_3_10,4_3_11,4_3_2,4_3_3,4_3_4,4_3_5,4_3_6,4_3_7,4_3_8,4_3_9,4_4_0,4_4_1,4_4_2,4_4_3,4_4_4,4_4_5,4_4_6,4_cvs,5_0_0,5_0_1,5_0_2,5_0_3,5_1_0,5_1_1,5_1_2,5_1_3,5_1_4,5_1_5,5_1_6,5_2_0,5_2_1,5_cvs</ver>
<p4>bool ctype_cntrl(mixed c)</p4>
<p4d>Checks for control character(s) </p4d>
<p5>bool ctype_cntrl(mixed c)</p5>
<p5d>Checks for control character(s) </p5d>
<texts><text><lng>de</lng>
<d>Auf Steuerzeichenüberprüfen</d>
</text><text><lng>el</lng>
<d>Έλεγχος για χαρακτήρες control</d>
</text><text><lng>en</lng>
<d>Check for control character(s)</d>
</text><text><lng>es</lng>
<d>Chequear posibles caracteres de control</d>
</text></texts></PHPModuleRef><PHPModuleRef>
<t>ctype_digit</t>
<mn>ctype</mn>
<ft>F</ft>
<ver>4_0_4,4_0_5,4_0_6,4_1_0,4_1_1,4_1_2,4_2_0,4_2_1,4_2_2,4_2_3,4_3_0,4_3_1,4_3_10,4_3_11,4_3_2,4_3_3,4_3_4,4_3_5,4_3_6,4_3_7,4_3_8,4_3_9,4_4_0,4_4_1,4_4_2,4_4_3,4_4_4,4_4_5,4_4_6,4_cvs,5_0_0,5_0_1,5_0_2,5_0_3,5_1_0,5_1_1,5_1_2,5_1_3,5_1_4,5_1_5,5_1_6,5_2_0,5_2_1,5_cvs</ver>
<p4>bool ctype_digit(mixed c)</p4>
<p4d>Checks for numeric character(s) </p4d>
<p5>bool ctype_digit(mixed c)</p5>
<p5d>Checks for numeric character(s) </p5d>
<texts><text><lng>de</lng>
<d>Auf Ziffernüberprüfen</d>
</text><text><lng>el</lng>
<d>Έλεγχος για αριθμητικούς χαρακτήρες</d>
</text><text><lng>en</lng>
<d>Check for numeric character(s)</d>
</text><text><lng>es</lng>
<d>Chequear posibles caracteres numéricos</d>
</text></texts></PHPModuleRef><PHPModuleRef>
<t>ctype_graph</t>
<mn>ctype</mn>
<ft>F</ft>
<ver>4_0_4,4_0_5,4_0_6,4_1_0,4_1_1,4_1_2,4_2_0,4_2_1,4_2_2,4_2_3,4_3_0,4_3_1,4_3_10,4_3_11,4_3_2,4_3_3,4_3_4,4_3_5,4_3_6,4_3_7,4_3_8,4_3_9,4_4_0,4_4_1,4_4_2,4_4_3,4_4_4,4_4_5,4_4_6,4_cvs,5_0_0,5_0_1,5_0_2,5_0_3,5_1_0,5_1_1,5_1_2,5_1_3,5_1_4,5_1_5,5_1_6,5_2_0,5_2_1,5_cvs</ver>
<p4>bool ctype_graph(mixed c)</p4>
<p4d>Checks for any printable character(s) except space </p4d>
<p5>bool ctype_graph(mixed c)</p5>
<p5d>Checks for any printable character(s) except space </p5d>
<texts><text><lng>de</lng>
<d>Auf druckbare Zeichen (außer Leerzeichen) überprüfen</d>
</text><text><lng>el</lng>
<d>Έλεγχος για εκτυπώσιμους χαρακτήρες εκτός του space</d>
</text><text><lng>en</lng>
<d>Check for any printable character(s) except space</d>
</text><text><lng>es</lng>
<d>Chequear posibles caracteres imprimibles, conexcepción de los espacios</d>
</text></texts></PHPModuleRef><PHPModuleRef>
<t>ctype_lower</t>
<mn>ctype</mn>
<ft>F</ft>
<ver>4_0_4,4_0_5,4_0_6,4_1_0,4_1_1,4_1_2,4_2_0,4_2_1,4_2_2,4_2_3,4_3_0,4_3_1,4_3_10,4_3_11,4_3_2,4_3_3,4_3_4,4_3_5,4_3_6,4_3_7,4_3_8,4_3_9,4_4_0,4_4_1,4_4_2,4_4_3,4_4_4,4_4_5,4_4_6,4_cvs,5_0_0,5_0_1,5_0_2,5_0_3,5_1_0,5_1_1,5_1_2,5_1_3,5_1_4,5_1_5,5_1_6,5_2_0,5_2_1,5_cvs</ver>
<p4>bool ctype_lower(mixed c)</p4>
<p4d>Checks for lowercase character(s)  </p4d>
<p5>bool ctype_lower(mixed c)</p5>
<p5d>Checks for lowercase character(s)  </p5d>
<texts><text><lng>de</lng>
<d>Auf Kleinbuchstabenüberprüfen</d>
</text><text><lng>el</lng>
<d>Έλεγχος για μικρά γράμματα</d>
</text><text><lng>en</lng>
<d>Check for lowercase character(s)</d>
</text><text><lng>es</lng>
<d>Chequear posibles caracteres enminúscula</d>
</text></texts></PHPModuleRef><PHPModuleRef>
<t>ctype_print</t>
<mn>ctype</mn>
<ft>F</ft>
<ver>4_0_4,4_0_5,4_0_6,4_1_0,4_1_1,4_1_2,4_2_0,4_2_1,4_2_2,4_2_3,4_3_0,4_3_1,4_3_10,4_3_11,4_3_2,4_3_3,4_3_4,4_3_5,4_3_6,4_3_7,4_3_8,4_3_9,4_4_0,4_4_1,4_4_2,4_4_3,4_4_4,4_4_5,4_4_6,4_cvs,5_0_0,5_0_1,5_0_2,5_0_3,5_1_0,5_1_1,5_1_2,5_1_3,5_1_4,5_1_5,5_1_6,5_2_0,5_2_1,5_cvs</ver>
<p4>bool ctype_print(mixed c)</p4>
<p4d>Checks for printable character(s) </p4d>
<p5>bool ctype_print(mixed c)</p5>
<p5d>Checks for printable character(s) </p5d>
<texts><text><lng>de</lng>
<d>Auf druckbare Zeichenüberprüfen</d>
</text><text><lng>el</lng>
<d>Έλεγχος για εκτυπώσιμους χαρακτήρες</d>
</text><text><lng>en</lng>
<d>Check for printable character(s)</d>
</text><text><lng>es</lng>
<d>Chequear posibles caracteres imprimibles</d>
</text></texts></PHPModuleRef><PHPModuleRef>
<t>ctype_punct</t>
<mn>ctype</mn>
<ft>F</ft>
<ver>4_0_4,4_0_5,4_0_6,4_1_0,4_1_1,4_1_2,4_2_0,4_2_1,4_2_2,4_2_3,4_3_0,4_3_1,4_3_10,4_3_11,4_3_2,4_3_3,4_3_4,4_3_5,4_3_6,4_3_7,4_3_8,4_3_9,4_4_0,4_4_1,4_4_2,4_4_3,4_4_4,4_4_5,4_4_6,4_cvs,5_0_0,5_0_1,5_0_2,5_0_3,5_1_0,5_1_1,5_1_2,5_1_3,5_1_4,5_1_5,5_1_6,5_2_0,5_2_1,5_cvs</ver>
<p4>bool ctype_punct(mixed c)</p4>
<p4d>Checks for any printable character which is not whitespace or an alphanumeric character </p4d>
<p5>bool ctype_punct(mixed c)</p5>
<p5d>Checks for any printable character which is not whitespace or an alphanumeric character </p5d>
<texts><text><lng>de</lng>
<d>Prüft auf Sonderzeichem, d.h. auf druckbare Zeichen die weder Buchstaben
   noch Ziffern noch Leerzeichen sind.</d>
</text><text><lng>el</lng>
<d>Έλεγχος για κάθε εκτυπώσιμο χαρακτήρα που δεν είναι whitespace ή αλφαριθμητικό</d>
</text><text><lng>en</lng>
<d>Check for any printable character which is not whitespace or analphanumeric character</d>
</text><text><lng>es</lng>
<d>Chequear posibles caracteres imprimibles que no son ni espacios enblanco ni caracteres alfanuméricos</d>
</text></texts></PHPModuleRef><PHPModuleRef>
<t>ctype_space</t>
<mn>ctype</mn>
<ft>F</ft>
<ver>4_0_4,4_0_5,4_0_6,4_1_0,4_1_1,4_1_2,4_2_0,4_2_1,4_2_2,4_2_3,4_3_0,4_3_1,4_3_10,4_3_11,4_3_2,4_3_3,4_3_4,4_3_5,4_3_6,4_3_7,4_3_8,4_3_9,4_4_0,4_4_1,4_4_2,4_4_3,4_4_4,4_4_5,4_4_6,4_cvs,5_0_0,5_0_1,5_0_2,5_0_3,5_1_0,5_1_1,5_1_2,5_1_3,5_1_4,5_1_5,5_1_6,5_2_0,5_2_1,5_cvs</ver>
<p4>bool ctype_space(mixed c)</p4>
<p4d>Checks for whitespace character(s)</p4d>
<p5>bool ctype_space(mixed c)</p5>
<p5d>Checks for whitespace character(s)</p5d>
<texts><text><lng>de</lng>
<d>Auf Leerzeichenüberprüfen</d>
</text><text><lng>el</lng>
<d>Έλεγχος για χαρακτήρες whitespace</d>
</text><text><lng>en</lng>
<d>Check for whitespace character(s)</d>
</text><text><lng>es</lng>
<d>Chequear posibles caracteres de espacio enblanco</d>
</text></texts></PHPModuleRef><PHPModuleRef>
<t>ctype_upper</t>
<mn>ctype</mn>
<ft>F</ft>
<ver>4_0_4,4_0_5,4_0_6,4_1_0,4_1_1,4_1_2,4_2_0,4_2_1,4_2_2,4_2_3,4_3_0,4_3_1,4_3_10,4_3_11,4_3_2,4_3_3,4_3_4,4_3_5,4_3_6,4_3_7,4_3_8,4_3_9,4_4_0,4_4_1,4_4_2,4_4_3,4_4_4,4_4_5,4_4_6,4_cvs,5_0_0,5_0_1,5_0_2,5_0_3,5_1_0,5_1_1,5_1_2,5_1_3,5_1_4,5_1_5,5_1_6,5_2_0,5_2_1,5_cvs</ver>
<p4>bool ctype_upper(mixed c)</p4>
<p4d>Checks for uppercase character(s) </p4d>
<p5>bool ctype_upper(mixed c)</p5>
<p5d>Checks for uppercase character(s) </p5d>
<texts><text><lng>de</lng>
<d>Auf Großbuchstaben prüfen</d>
</text><text><lng>el</lng>
<d>Έλεγχος για κεφαλαία γράμματα</d>
</text><text><lng>en</lng>
<d>Check for uppercase character(s)</d>
</text><text><lng>es</lng>
<d>Chequear posibles caracteres enmayúscula</d>
</text></texts></PHPModuleRef><PHPModuleRef>
<t>ctype_xdigit</t>
<mn>ctype</mn>
<ft>F</ft>
<ver>4_0_4,4_0_5,4_0_6,4_1_0,4_1_1,4_1_2,4_2_0,4_2_1,4_2_2,4_2_3,4_3_0,4_3_1,4_3_10,4_3_11,4_3_2,4_3_3,4_3_4,4_3_5,4_3_6,4_3_7,4_3_8,4_3_9,4_4_0,4_4_1,4_4_2,4_4_3,4_4_4,4_4_5,4_4_6,4_cvs,5_0_0,5_0_1,5_0_2,5_0_3,5_1_0,5_1_1,5_1_2,5_1_3,5_1_4,5_1_5,5_1_6,5_2_0,5_2_1,5_cvs</ver>
<p4>bool ctype_xdigit(mixed c)</p4>
<p4d>Checks for character(s) representing a hexadecimal digit </p4d>
<p5>bool ctype_xdigit(mixed c)</p5>
<p5d>Checks for character(s) representing a hexadecimal digit </p5d>
<texts><text><lng>de</lng>
<d>Auf Hexadezimalziffernüberprüfen</d>
</text><text><lng>el</lng>
<d>Έλεγχος για χαρακτήρες που αναπαριστούν ένα δεκαεξαδικό ψηφίο</d>
</text><text><lng>en</lng>
<d>Check for character(s) representing a hexadecimal digit</d>
</text><text><lng>es</lng>
<d>Chequear posibles caracteres que representen un dígito
   hexadecimal</d>
</text></texts></PHPModuleRef></PHPModuleRef-List>
