<?xml version="1.0" encoding="utf-8"?>
<PHPModuleRef-List>
<PHPModuleRef>
<t>curl_close</t>
<mn>curl</mn>
<ft>F</ft>
<ver>4_0_2,4_0_3,4_0_4,4_0_5,4_0_6,4_1_0,4_1_1,4_1_2,4_2_0,4_2_1,4_2_2,4_2_3,4_3_0,4_3_1,4_3_10,4_3_11,4_3_2,4_3_3,4_3_4,4_3_5,4_3_6,4_3_7,4_3_8,4_3_9,4_4_0,4_4_1,4_4_2,4_4_3,4_4_4,4_4_5,4_4_6,4_cvs,5_0_0,5_0_1,5_0_2,5_0_3,5_1_0,5_1_1,5_1_2,5_1_3,5_1_4,5_1_5,5_1_6,5_2_0,5_2_1,5_cvs</ver>
<p4>void curl_close(resource ch)</p4>
<p4d>Close a CURL session </p4d>
<p5>void curl_close(resource ch) U</p5>
<p5d>Close a cURL session </p5d>
<texts><text><lng>cs</lng>
<d>Zavřít CURL session</d>
</text><text><lng>de</lng>
<d>Eine cURL-Session beenden</d>
</text><text><lng>en</lng>
<d>Close a cURL session</d>
</text><text><lng>es</lng>
<d>Cierra una sesión CURL</d>
</text></texts></PHPModuleRef><PHPModuleRef>
<t>curl_copy_handle</t>
<mn>curl</mn>
<ft>F</ft>
<ver>5_0_0,5_0_1,5_0_2,5_0_3,5_1_0,5_1_1,5_1_2,5_1_3,5_1_4,5_1_5,5_1_6,5_2_0,5_2_1,5_cvs</ver>
<p5>resource curl_copy_handle(resource ch) U</p5>
<p5d>Copy a cURL handle along with all of it's preferences </p5d>
<texts><text><lng>de</lng>
<d>Kopieren eines cURL-Handles inklusiver aller Voreinstellungen</d>
</text><text><lng>en</lng>
<d>Copy a cURL handle along with all of its preferences</d>
</text><text><lng>es</lng>
<d>Copia un recurso CURL y todas sus opciones asociadas</d>
</text></texts></PHPModuleRef><PHPModuleRef>
<t>curl_errno</t>
<mn>curl</mn>
<ft>F</ft>
<ver>4_0_3,4_0_4,4_0_5,4_0_6,4_1_0,4_1_1,4_1_2,4_2_0,4_2_1,4_2_2,4_2_3,4_3_0,4_3_1,4_3_10,4_3_11,4_3_2,4_3_3,4_3_4,4_3_5,4_3_6,4_3_7,4_3_8,4_3_9,4_4_0,4_4_1,4_4_2,4_4_3,4_4_4,4_4_5,4_4_6,4_cvs,5_0_0,5_0_1,5_0_2,5_0_3,5_1_0,5_1_1,5_1_2,5_1_3,5_1_4,5_1_5,5_1_6,5_2_0,5_2_1,5_cvs</ver>
<p4>int curl_errno(resource ch)</p4>
<p4d>Return an integer containing the last error number </p4d>
<p5>int curl_errno(resource ch) U</p5>
<p5d>Return an integer containing the last error number </p5d>
<texts><text><lng>de</lng>
<d>Gibt die letzte Fehlernummer zurück</d>
</text><text><lng>en</lng>
<d>Return the last error number</d>
</text><text><lng>es</lng>
<d>Devuelve elúltimo número de error</d>
</text></texts></PHPModuleRef><PHPModuleRef>
<t>curl_error</t>
<mn>curl</mn>
<ft>F</ft>
<ver>4_0_3,4_0_4,4_0_5,4_0_6,4_1_0,4_1_1,4_1_2,4_2_0,4_2_1,4_2_2,4_2_3,4_3_0,4_3_1,4_3_10,4_3_11,4_3_2,4_3_3,4_3_4,4_3_5,4_3_6,4_3_7,4_3_8,4_3_9,4_4_0,4_4_1,4_4_2,4_4_3,4_4_4,4_4_5,4_4_6,4_cvs,5_0_0,5_0_1,5_0_2,5_0_3,5_1_0,5_1_1,5_1_2,5_1_3,5_1_4,5_1_5,5_1_6,5_2_0,5_2_1,5_cvs</ver>
<p4>string curl_error(resource ch)</p4>
<p4d>Return a string contain the last error for the current session </p4d>
<p5>string curl_error(resource ch) U</p5>
<p5d>Return a string contain the last error for the current session </p5d>
<texts><text><lng>de</lng>
<d>Gibt eine Fehlermeldung als String zurück</d>
</text><text><lng>en</lng>
<d>Return a string containing the last error for the current session</d>
</text><text><lng>es</lng>
<d>Devuelve una cadena conteniendo elúltimo error para la sesión actual.</d>
</text></texts></PHPModuleRef><PHPModuleRef>
<t>curl_exec</t>
<mn>curl</mn>
<ft>F</ft>
<ver>4_0_2,4_0_3,4_0_4,4_0_5,4_0_6,4_1_0,4_1_1,4_1_2,4_2_0,4_2_1,4_2_2,4_2_3,4_3_0,4_3_1,4_3_10,4_3_11,4_3_2,4_3_3,4_3_4,4_3_5,4_3_6,4_3_7,4_3_8,4_3_9,4_4_0,4_4_1,4_4_2,4_4_3,4_4_4,4_4_5,4_4_6,4_cvs,5_0_0,5_0_1,5_0_2,5_0_3,5_1_0,5_1_1,5_1_2,5_1_3,5_1_4,5_1_5,5_1_6,5_2_0,5_2_1,5_cvs</ver>
<p4>bool curl_exec(resource ch)</p4>
<p4d>Perform a CURL session </p4d>
<p5>bool curl_exec(resource ch) U</p5>
<p5d>Perform a cURL session </p5d>
<texts><text><lng>cs</lng>
<d>Provést CURL session</d>
</text><text><lng>de</lng>
<d>Eine cURL Session ausführen</d>
</text><text><lng>en</lng>
<d>Perform a cURL session</d>
</text><text><lng>es</lng>
<d>Ejecuta una sesión CURL</d>
</text></texts></PHPModuleRef><PHPModuleRef>
<t>curl_getinfo</t>
<mn>curl</mn>
<ft>F</ft>
<ver>4_0_4,4_0_5,4_0_6,4_1_0,4_1_1,4_1_2,4_2_0,4_2_1,4_2_2,4_2_3,4_3_0,4_3_1,4_3_10,4_3_11,4_3_2,4_3_3,4_3_4,4_3_5,4_3_6,4_3_7,4_3_8,4_3_9,4_4_0,4_4_1,4_4_2,4_4_3,4_4_4,4_4_5,4_4_6,4_cvs,5_0_0,5_0_1,5_0_2,5_0_3,5_1_0,5_1_1,5_1_2,5_1_3,5_1_4,5_1_5,5_1_6,5_2_0,5_2_1,5_cvs</ver>
<p4>mixed curl_getinfo(resource ch, int opt)</p4>
<p4d>Get information regarding a specific transfer </p4d>
<p5>mixed curl_getinfo(resource ch [, int option]) U</p5>
<p5d>Get information regarding a specific transfer </p5d>
<texts><text><lng>de</lng>
<d>Informationen zu einem bestimmten Transfer abfragen</d>
</text><text><lng>en</lng>
<d>Get information regarding a specific transfer</d>
</text><text><lng>es</lng>
<d>Obtiene información relativa a una transferencia específica</d>
</text></texts></PHPModuleRef><PHPModuleRef>
<t>curl_init</t>
<mn>curl</mn>
<ft>F</ft>
<ver>4_0_2,4_0_3,4_0_4,4_0_5,4_0_6,4_1_0,4_1_1,4_1_2,4_2_0,4_2_1,4_2_2,4_2_3,4_3_0,4_3_1,4_3_10,4_3_11,4_3_2,4_3_3,4_3_4,4_3_5,4_3_6,4_3_7,4_3_8,4_3_9,4_4_0,4_4_1,4_4_2,4_4_3,4_4_4,4_4_5,4_4_6,4_cvs,5_0_0,5_0_1,5_0_2,5_0_3,5_1_0,5_1_1,5_1_2,5_1_3,5_1_4,5_1_5,5_1_6,5_2_0,5_2_1,5_cvs</ver>
<p4>resource curl_init([string url])</p4>
<p4d>Initialize a CURL session </p4d>
<p5>resource curl_init([string url]) U</p5>
<p5d>Initialize a cURL session </p5d>
<texts><text><lng>cs</lng>
<d>Inicializovat CURL session</d>
</text><text><lng>de</lng>
<d>Eine cURL-Session initialisieren</d>
</text><text><lng>en</lng>
<d>Initialize a cURL session</d>
</text><text><lng>es</lng>
<d>Inicializa una sesión CURL</d>
</text></texts></PHPModuleRef><PHPModuleRef>
<t>curl_multi_add_handle</t>
<mn>curl</mn>
<ft>F</ft>
<ver>5_0_0,5_0_1,5_0_2,5_0_3,5_1_0,5_1_1,5_1_2,5_1_3,5_1_4,5_1_5,5_1_6,5_2_0,5_2_1,5_cvs</ver>
<p5>int curl_multi_add_handle(resource mh, resource ch) U</p5>
<p5d>Add a normal cURL handle to a cURL multi handle </p5d>
<texts><text><lng>de</lng>
<d>Einen normalen cURL-Handle zu einem cURL Multi-handle hinzufügen</d>
</text><text><lng>en</lng>
<d>Add a normal cURL handle to a cURL multi handle</d>
</text><text><lng>es</lng>
<d>Añade un recurso de tipo CURL a un grupo de recursos CURL</d>
</text></texts></PHPModuleRef><PHPModuleRef>
<t>curl_multi_close</t>
<mn>curl</mn>
<ft>F</ft>
<ver>5_0_0,5_0_1,5_0_2,5_0_3,5_1_0,5_1_1,5_1_2,5_1_3,5_1_4,5_1_5,5_1_6,5_2_0,5_2_1,5_cvs</ver>
<p5>void curl_multi_close(resource mh) U</p5>
<p5d>Close a set of cURL handles </p5d>
<texts><text><lng>de</lng>
<d>Eine Gruppe von cURL-Handlern schließen</d>
</text><text><lng>en</lng>
<d>Close a set of cURL handles</d>
</text><text><lng>es</lng>
<d>Cierra un grupo de recursos CURL</d>
</text></texts></PHPModuleRef><PHPModuleRef>
<t>curl_multi_exec</t>
<mn>curl</mn>
<ft>F</ft>
<ver>5_0_0,5_0_1,5_0_2,5_0_3,5_1_0,5_1_1,5_1_2,5_1_3,5_1_4,5_1_5,5_1_6,5_2_0,5_2_1,5_cvs</ver>
<p5>int curl_multi_exec(resource mh, int &amp;still_running) U</p5>
<p5d>Run the sub-connections of the current cURL handle </p5d>
<texts><text><lng>de</lng>
<d>Die Unterverbindungen des cURL Handles' ausführen</d>
</text><text><lng>en</lng>
<d>Run the sub-connections of the current cURL handle</d>
</text><text><lng>es</lng>
<d>Ejecuta la subconexiones del manejador CURL actual</d>
</text></texts></PHPModuleRef><PHPModuleRef>
<t>curl_multi_getcontent</t>
<mn>curl</mn>
<ft>F</ft>
<ver>5_0_0,5_0_1,5_0_2,5_0_3,5_1_0,5_1_1,5_1_2,5_1_3,5_1_4,5_1_5,5_1_6,5_2_0,5_2_1,5_cvs</ver>
<p5>string curl_multi_getcontent(resource ch) U</p5>
<p5d>Return the content of a cURL handle if CURLOPT_RETURNTRANSFER is set </p5d>
<texts><text><lng>de</lng>
<d>Den Inhalt des cURL-Handles zurückgeben, falls CURLOPT_RETURNTRANSFER gesetzt ist</d>
</text><text><lng>en</lng>
<d>Return the content of a cURL handle ifCURLOPT_RETURNTRANSFERis set</d>
</text><text><lng>es</lng>
<d>Devuelve el contenido de un recurso CURL si la opción CURLOPT_RETURNTRANSFER está activada</d>
</text></texts></PHPModuleRef><PHPModuleRef>
<t>curl_multi_info_read</t>
<mn>curl</mn>
<ft>F</ft>
<ver>5_0_0,5_0_1,5_0_2,5_0_3,5_1_0,5_1_1,5_1_2,5_1_3,5_1_4,5_1_5,5_1_6,5_2_0,5_2_1,5_cvs</ver>
<p5>array curl_multi_info_read(resource mh [, long msgs_in_queue]) U</p5>
<p5d>Get information about the current transfers </p5d>
<texts><text><lng>de</lng>
<d>Informationenüber die aktuellen Transfers abfragen</d>
</text><text><lng>en</lng>
<d>Get information about the current transfers</d>
</text><text><lng>es</lng>
<d>Obtiene información sobre las transferencias actuales</d>
</text></texts></PHPModuleRef><PHPModuleRef>
<t>curl_multi_init</t>
<mn>curl</mn>
<ft>F</ft>
<ver>5_0_0,5_0_1,5_0_2,5_0_3,5_1_0,5_1_1,5_1_2,5_1_3,5_1_4,5_1_5,5_1_6,5_2_0,5_2_1,5_cvs</ver>
<p5>resource curl_multi_init(void) U</p5>
<p5d>Returns a new cURL multi handle </p5d>
<texts><text><lng>de</lng>
<d>Gibt einen neuen cURL-Multi-Handle zurück</d>
</text><text><lng>en</lng>
<d>Returns a new cURL multi handle</d>
</text><text><lng>es</lng>
<d>Crea un nuevo grupo de recursos CURL</d>
</text></texts></PHPModuleRef><PHPModuleRef>
<t>curl_multi_remove_handle</t>
<mn>curl</mn>
<ft>F</ft>
<ver>5_0_0,5_0_1,5_0_2,5_0_3,5_1_0,5_1_1,5_1_2,5_1_3,5_1_4,5_1_5,5_1_6,5_2_0,5_2_1,5_cvs</ver>
<p5>int curl_multi_remove_handle(resource mh, resource ch) U</p5>
<p5d>Remove a multi handle from a set of cURL handles </p5d>
<texts><text><lng>de</lng>
<d>Einen Multi-Handle von einer Handle-Gruppe entfernen</d>
</text><text><lng>en</lng>
<d>Remove a multi handle from a set of cURL handles</d>
</text><text><lng>es</lng>
<d>Elimina un recurso de tipo CURL de un grupo de recursos CURL</d>
</text></texts></PHPModuleRef><PHPModuleRef>
<t>curl_multi_select</t>
<mn>curl</mn>
<ft>F</ft>
<ver>5_0_0,5_0_1,5_0_2,5_0_3,5_1_0,5_1_1,5_1_2,5_1_3,5_1_4,5_1_5,5_1_6,5_2_0,5_2_1,5_cvs</ver>
<p5>int curl_multi_select(resource mh[, double timeout]) U</p5>
<p5d>Get all the sockets associated with the cURL extension, which can then be &quot;selected&quot; </p5d>
<texts><text><lng>de</lng>
<d>Alle Sockets abfragen, die mit der cURL Erweiterung assoziiert sind und ausgewählt werden können</d>
</text><text><lng>en</lng>
<d>Get all the sockets associated with the cURL extension, which can then be &quot;selected&quot;</d>
</text><text><lng>es</lng>
<d>Obtiene todos los sockets asociados a la extensión CURL, 
		que después pueden ser seleccionados.</d>
</text></texts></PHPModuleRef><PHPModuleRef>
<t>curl_setopt</t>
<mn>curl</mn>
<ft>F</ft>
<ver>4_0_2,4_0_3,4_0_4,4_0_5,4_0_6,4_1_0,4_1_1,4_1_2,4_2_0,4_2_1,4_2_2,4_2_3,4_3_0,4_3_1,4_3_10,4_3_11,4_3_2,4_3_3,4_3_4,4_3_5,4_3_6,4_3_7,4_3_8,4_3_9,4_4_0,4_4_1,4_4_2,4_4_3,4_4_4,4_4_5,4_4_6,4_cvs,5_0_0,5_0_1,5_0_2,5_0_3,5_1_0,5_1_1,5_1_2,5_1_3,5_1_4,5_1_5,5_1_6,5_2_0,5_2_1,5_cvs</ver>
<p4>bool curl_setopt(resource ch, int option, mixed value)</p4>
<p4d>Set an option for a CURL transfer </p4d>
<p5>bool curl_setopt(resource ch, int option, mixed value) U</p5>
<p5d>Set an option for a cURL transfer </p5d>
<texts><text><lng>cs</lng>
<d>Nastavit parametr CURL transferu</d>
</text><text><lng>de</lng>
<d>Eine Option für einen cURL Transfer setzen</d>
</text><text><lng>en</lng>
<d>Set an option for a cURL transfer</d>
</text><text><lng>es</lng>
<d>Asigna un valor a una opción de una sesión CURL</d>
</text></texts></PHPModuleRef><PHPModuleRef>
<t>curl_setopt_array</t>
<mn>curl</mn>
<ft>F</ft>
<ver>5_1_3,5_1_4,5_1_5,5_1_6,5_2_0,5_2_1,5_cvs</ver>
<p5>bool curl_setopt_array(resource ch, array options) U</p5>
<p5d>Set an array of option for a cURL transfer </p5d>
<texts><text><lng>de</lng>
<d>Mehrere Optionen für einen cURL-Transfer setzen</d>
</text><text><lng>en</lng>
<d>Set multiple options for a cURL transfer</d>
</text></texts></PHPModuleRef><PHPModuleRef>
<t>curl_version</t>
<mn>curl</mn>
<ft>F</ft>
<ver>4_0_2,4_0_3,4_0_4,4_0_5,4_0_6,4_1_0,4_1_1,4_1_2,4_2_0,4_2_1,4_2_2,4_2_3,4_3_0,4_3_1,4_3_10,4_3_11,4_3_2,4_3_3,4_3_4,4_3_5,4_3_6,4_3_7,4_3_8,4_3_9,4_4_0,4_4_1,4_4_2,4_4_3,4_4_4,4_4_5,4_4_6,4_cvs,5_0_0,5_0_1,5_0_2,5_0_3,5_1_0,5_1_1,5_1_2,5_1_3,5_1_4,5_1_5,5_1_6,5_2_0,5_2_1,5_cvs</ver>
<p4>string curl_version(void)</p4>
<p4d>Return cURL version information. </p4d>
<p5>array curl_version([int version]) U</p5>
<p5d>Return cURL version information. </p5d>
<texts><text><lng>cs</lng>
<d>Vrátit verzi CURL</d>
</text><text><lng>de</lng>
<d>Gibt die aktuelle cURL-Version zurück</d>
</text><text><lng>en</lng>
<d>Gets cURL version information</d>
</text><text><lng>es</lng>
<d>Devuelve la versión actual de CURL</d>
</text></texts></PHPModuleRef><PHPModuleRef>
<t>CURLAUTH_ANY</t>
<mn>curl</mn>
<ft>C</ft>
<p4>integer CURLAUTH_ANY</p4>
<p5>integer CURLAUTH_ANY</p5>
</PHPModuleRef><PHPModuleRef>
<t>CURLAUTH_ANYSAFE</t>
<mn>curl</mn>
<ft>C</ft>
<p4>integer CURLAUTH_ANYSAFE</p4>
<p5>integer CURLAUTH_ANYSAFE</p5>
</PHPModuleRef><PHPModuleRef>
<t>CURLAUTH_BASIC</t>
<mn>curl</mn>
<ft>C</ft>
<p4>integer CURLAUTH_BASIC</p4>
<p5>integer CURLAUTH_BASIC</p5>
</PHPModuleRef><PHPModuleRef>
<t>CURLAUTH_DIGEST</t>
<mn>curl</mn>
<ft>C</ft>
<p4>integer CURLAUTH_DIGEST</p4>
<p5>integer CURLAUTH_DIGEST</p5>
</PHPModuleRef><PHPModuleRef>
<t>CURLAUTH_GSSNEGOTIATE</t>
<mn>curl</mn>
<ft>C</ft>
<p4>integer CURLAUTH_GSSNEGOTIATE</p4>
<p5>integer CURLAUTH_GSSNEGOTIATE</p5>
</PHPModuleRef><PHPModuleRef>
<t>CURLAUTH_NTLM</t>
<mn>curl</mn>
<ft>C</ft>
<p4>integer CURLAUTH_NTLM</p4>
<p5>integer CURLAUTH_NTLM</p5>
</PHPModuleRef><PHPModuleRef>
<t>CURLCLOSEPOLICY_CALLBACK</t>
<mn>curl</mn>
<ft>C</ft>
<p4>integer CURLCLOSEPOLICY_CALLBACK</p4>
<p5>integer CURLCLOSEPOLICY_CALLBACK</p5>
</PHPModuleRef><PHPModuleRef>
<t>CURLCLOSEPOLICY_LEAST_RECENTLY_USED</t>
<mn>curl</mn>
<ft>C</ft>
<p4>integer CURLCLOSEPOLICY_LEAST_RECENTLY_USED</p4>
<p5>integer CURLCLOSEPOLICY_LEAST_RECENTLY_USED</p5>
</PHPModuleRef><PHPModuleRef>
<t>CURLCLOSEPOLICY_LEAST_TRAFFIC</t>
<mn>curl</mn>
<ft>C</ft>
<p4>integer CURLCLOSEPOLICY_LEAST_TRAFFIC</p4>
<p5>integer CURLCLOSEPOLICY_LEAST_TRAFFIC</p5>
</PHPModuleRef><PHPModuleRef>
<t>CURLCLOSEPOLICY_OLDEST</t>
<mn>curl</mn>
<ft>C</ft>
<p4>integer CURLCLOSEPOLICY_OLDEST</p4>
<p5>integer CURLCLOSEPOLICY_OLDEST</p5>
</PHPModuleRef><PHPModuleRef>
<t>CURLCLOSEPOLICY_SLOWEST</t>
<mn>curl</mn>
<ft>C</ft>
<p4>integer CURLCLOSEPOLICY_SLOWEST</p4>
<p5>integer CURLCLOSEPOLICY_SLOWEST</p5>
</PHPModuleRef><PHPModuleRef>
<t>CURLE_ABORTED_BY_CALLBACK</t>
<mn>curl</mn>
<ft>C</ft>
<p4>integer CURLE_ABORTED_BY_CALLBACK</p4>
<p5>integer CURLE_ABORTED_BY_CALLBACK</p5>
</PHPModuleRef><PHPModuleRef>
<t>CURLE_BAD_CALLING_ORDER</t>
<mn>curl</mn>
<ft>C</ft>
<p4>integer CURLE_BAD_CALLING_ORDER</p4>
<p5>integer CURLE_BAD_CALLING_ORDER</p5>
</PHPModuleRef><PHPModuleRef>
<t>CURLE_BAD_CONTENT_ENCODING</t>
<mn>curl</mn>
<ft>C</ft>
<p4>integer CURLE_BAD_CONTENT_ENCODING</p4>
<p5>integer CURLE_BAD_CONTENT_ENCODING</p5>
</PHPModuleRef><PHPModuleRef>
<t>CURLE_BAD_FUNCTION_ARGUMENT</t>
<mn>curl</mn>
<ft>C</ft>
<p4>integer CURLE_BAD_FUNCTION_ARGUMENT</p4>
<p5>integer CURLE_BAD_FUNCTION_ARGUMENT</p5>
</PHPModuleRef><PHPModuleRef>
<t>CURLE_BAD_PASSWORD_ENTERED</t>
<mn>curl</mn>
<ft>C</ft>
<p4>integer CURLE_BAD_PASSWORD_ENTERED</p4>
<p5>integer CURLE_BAD_PASSWORD_ENTERED</p5>
</PHPModuleRef><PHPModuleRef>
<t>CURLE_COULDNT_CONNECT</t>
<mn>curl</mn>
<ft>C</ft>
<p4>integer CURLE_COULDNT_CONNECT</p4>
<p5>integer CURLE_COULDNT_CONNECT</p5>
</PHPModuleRef><PHPModuleRef>
<t>CURLE_COULDNT_RESOLVE_HOST</t>
<mn>curl</mn>
<ft>C</ft>
<p4>integer CURLE_COULDNT_RESOLVE_HOST</p4>
<p5>integer CURLE_COULDNT_RESOLVE_HOST</p5>
</PHPModuleRef><PHPModuleRef>
<t>CURLE_COULDNT_RESOLVE_PROXY</t>
<mn>curl</mn>
<ft>C</ft>
<p4>integer CURLE_COULDNT_RESOLVE_PROXY</p4>
<p5>integer CURLE_COULDNT_RESOLVE_PROXY</p5>
</PHPModuleRef><PHPModuleRef>
<t>CURLE_FAILED_INIT</t>
<mn>curl</mn>
<ft>C</ft>
<p4>integer CURLE_FAILED_INIT</p4>
<p5>integer CURLE_FAILED_INIT</p5>
</PHPModuleRef><PHPModuleRef>
<t>CURLE_FILESIZE_EXCEEDED</t>
<mn>curl</mn>
<ft>C</ft>
<p4>integer CURLE_FILESIZE_EXCEEDED</p4>
<p5>integer CURLE_FILESIZE_EXCEEDED</p5>
</PHPModuleRef><PHPModuleRef>
<t>CURLE_FILE_COULDNT_READ_FILE</t>
<mn>curl</mn>
<ft>C</ft>
<p4>integer CURLE_FILE_COULDNT_READ_FILE</p4>
<p5>integer CURLE_FILE_COULDNT_READ_FILE</p5>
</PHPModuleRef><PHPModuleRef>
<t>CURLE_FTP_ACCESS_DENIED</t>
<mn>curl</mn>
<ft>C</ft>
<p4>integer CURLE_FTP_ACCESS_DENIED</p4>
<p5>integer CURLE_FTP_ACCESS_DENIED</p5>
</PHPModuleRef><PHPModuleRef>
<t>CURLE_FTP_BAD_DOWNLOAD_RESUME</t>
<mn>curl</mn>
<ft>C</ft>
<p4>integer CURLE_FTP_BAD_DOWNLOAD_RESUME</p4>
<p5>integer CURLE_FTP_BAD_DOWNLOAD_RESUME</p5>
</PHPModuleRef><PHPModuleRef>
<t>CURLE_FTP_CANT_GET_HOST</t>
<mn>curl</mn>
<ft>C</ft>
<p4>integer CURLE_FTP_CANT_GET_HOST</p4>
<p5>integer CURLE_FTP_CANT_GET_HOST</p5>
</PHPModuleRef><PHPModuleRef>
<t>CURLE_FTP_CANT_RECONNECT</t>
<mn>curl</mn>
<ft>C</ft>
<p4>integer CURLE_FTP_CANT_RECONNECT</p4>
<p5>integer CURLE_FTP_CANT_RECONNECT</p5>
</PHPModuleRef><PHPModuleRef>
<t>CURLE_FTP_COULDNT_GET_SIZE</t>
<mn>curl</mn>
<ft>C</ft>
<p4>integer CURLE_FTP_COULDNT_GET_SIZE</p4>
<p5>integer CURLE_FTP_COULDNT_GET_SIZE</p5>
</PHPModuleRef><PHPModuleRef>
<t>CURLE_FTP_COULDNT_RETR_FILE</t>
<mn>curl</mn>
<ft>C</ft>
<p4>integer CURLE_FTP_COULDNT_RETR_FILE</p4>
<p5>integer CURLE_FTP_COULDNT_RETR_FILE</p5>
</PHPModuleRef><PHPModuleRef>
<t>CURLE_FTP_COULDNT_SET_ASCII</t>
<mn>curl</mn>
<ft>C</ft>
<p4>integer CURLE_FTP_COULDNT_SET_ASCII</p4>
<p5>integer CURLE_FTP_COULDNT_SET_ASCII</p5>
</PHPModuleRef><PHPModuleRef>
<t>CURLE_FTP_COULDNT_SET_BINARY</t>
<mn>curl</mn>
<ft>C</ft>
<p4>integer CURLE_FTP_COULDNT_SET_BINARY</p4>
<p5>integer CURLE_FTP_COULDNT_SET_BINARY</p5>
</PHPModuleRef><PHPModuleRef>
<t>CURLE_FTP_COULDNT_STOR_FILE</t>
<mn>curl</mn>
<ft>C</ft>
<p4>integer CURLE_FTP_COULDNT_STOR_FILE</p4>
<p5>integer CURLE_FTP_COULDNT_STOR_FILE</p5>
</PHPModuleRef><PHPModuleRef>
<t>CURLE_FTP_COULDNT_USE_REST</t>
<mn>curl</mn>
<ft>C</ft>
<p4>integer CURLE_FTP_COULDNT_USE_REST</p4>
<p5>integer CURLE_FTP_COULDNT_USE_REST</p5>
</PHPModuleRef><PHPModuleRef>
<t>CURLE_FTP_PORT_FAILED</t>
<mn>curl</mn>
<ft>C</ft>
<p4>integer CURLE_FTP_PORT_FAILED</p4>
<p5>integer CURLE_FTP_PORT_FAILED</p5>
</PHPModuleRef><PHPModuleRef>
<t>CURLE_FTP_QUOTE_ERROR</t>
<mn>curl</mn>
<ft>C</ft>
<p4>integer CURLE_FTP_QUOTE_ERROR</p4>
<p5>integer CURLE_FTP_QUOTE_ERROR</p5>
</PHPModuleRef><PHPModuleRef>
<t>CURLE_FTP_SSL_FAILED</t>
<mn>curl</mn>
<ft>C</ft>
<p4>integer CURLE_FTP_SSL_FAILED</p4>
<p5>integer CURLE_FTP_SSL_FAILED</p5>
</PHPModuleRef><PHPModuleRef>
<t>CURLE_FTP_USER_PASSWORD_INCORRECT</t>
<mn>curl</mn>
<ft>C</ft>
<p4>integer CURLE_FTP_USER_PASSWORD_INCORRECT</p4>
<p5>integer CURLE_FTP_USER_PASSWORD_INCORRECT</p5>
</PHPModuleRef><PHPModuleRef>
<t>CURLE_FTP_WEIRD_227_FORMAT</t>
<mn>curl</mn>
<ft>C</ft>
<p4>integer CURLE_FTP_WEIRD_227_FORMAT</p4>
<p5>integer CURLE_FTP_WEIRD_227_FORMAT</p5>
</PHPModuleRef><PHPModuleRef>
<t>CURLE_FTP_WEIRD_PASS_REPLY</t>
<mn>curl</mn>
<ft>C</ft>
<p4>integer CURLE_FTP_WEIRD_PASS_REPLY</p4>
<p5>integer CURLE_FTP_WEIRD_PASS_REPLY</p5>
</PHPModuleRef><PHPModuleRef>
<t>CURLE_FTP_WEIRD_PASV_REPLY</t>
<mn>curl</mn>
<ft>C</ft>
<p4>integer CURLE_FTP_WEIRD_PASV_REPLY</p4>
<p5>integer CURLE_FTP_WEIRD_PASV_REPLY</p5>
</PHPModuleRef><PHPModuleRef>
<t>CURLE_FTP_WEIRD_SERVER_REPLY</t>
<mn>curl</mn>
<ft>C</ft>
<p4>integer CURLE_FTP_WEIRD_SERVER_REPLY</p4>
<p5>integer CURLE_FTP_WEIRD_SERVER_REPLY</p5>
</PHPModuleRef><PHPModuleRef>
<t>CURLE_FTP_WEIRD_USER_REPLY</t>
<mn>curl</mn>
<ft>C</ft>
<p4>integer CURLE_FTP_WEIRD_USER_REPLY</p4>
<p5>integer CURLE_FTP_WEIRD_USER_REPLY</p5>
</PHPModuleRef><PHPModuleRef>
<t>CURLE_FTP_WRITE_ERROR</t>
<mn>curl</mn>
<ft>C</ft>
<p4>integer CURLE_FTP_WRITE_ERROR</p4>
<p5>integer CURLE_FTP_WRITE_ERROR</p5>
</PHPModuleRef><PHPModuleRef>
<t>CURLE_FUNCTION_NOT_FOUND</t>
<mn>curl</mn>
<ft>C</ft>
<p4>integer CURLE_FUNCTION_NOT_FOUND</p4>
<p5>integer CURLE_FUNCTION_NOT_FOUND</p5>
</PHPModuleRef><PHPModuleRef>
<t>CURLE_GOT_NOTHING</t>
<mn>curl</mn>
<ft>C</ft>
<p4>integer CURLE_GOT_NOTHING</p4>
<p5>integer CURLE_GOT_NOTHING</p5>
</PHPModuleRef><PHPModuleRef>
<t>CURLE_HTTP_NOT_FOUND</t>
<mn>curl</mn>
<ft>C</ft>
<p4>integer CURLE_HTTP_NOT_FOUND</p4>
<p5>integer CURLE_HTTP_NOT_FOUND</p5>
</PHPModuleRef><PHPModuleRef>
<t>CURLE_HTTP_PORT_FAILED</t>
<mn>curl</mn>
<ft>C</ft>
<p4>integer CURLE_HTTP_PORT_FAILED</p4>
<p5>integer CURLE_HTTP_PORT_FAILED</p5>
</PHPModuleRef><PHPModuleRef>
<t>CURLE_HTTP_POST_ERROR</t>
<mn>curl</mn>
<ft>C</ft>
<p4>integer CURLE_HTTP_POST_ERROR</p4>
<p5>integer CURLE_HTTP_POST_ERROR</p5>
</PHPModuleRef><PHPModuleRef>
<t>CURLE_HTTP_RANGE_ERROR</t>
<mn>curl</mn>
<ft>C</ft>
<p4>integer CURLE_HTTP_RANGE_ERROR</p4>
<p5>integer CURLE_HTTP_RANGE_ERROR</p5>
</PHPModuleRef><PHPModuleRef>
<t>CURLE_LDAP_CANNOT_BIND</t>
<mn>curl</mn>
<ft>C</ft>
<p4>integer CURLE_LDAP_CANNOT_BIND</p4>
<p5>integer CURLE_LDAP_CANNOT_BIND</p5>
</PHPModuleRef><PHPModuleRef>
<t>CURLE_LDAP_INVALID_URL</t>
<mn>curl</mn>
<ft>C</ft>
<p4>integer CURLE_LDAP_INVALID_URL</p4>
<p5>integer CURLE_LDAP_INVALID_URL</p5>
</PHPModuleRef><PHPModuleRef>
<t>CURLE_LDAP_SEARCH_FAILED</t>
<mn>curl</mn>
<ft>C</ft>
<p4>integer CURLE_LDAP_SEARCH_FAILED</p4>
<p5>integer CURLE_LDAP_SEARCH_FAILED</p5>
</PHPModuleRef><PHPModuleRef>
<t>CURLE_LIBRARY_NOT_FOUND</t>
<mn>curl</mn>
<ft>C</ft>
<p4>integer CURLE_LIBRARY_NOT_FOUND</p4>
<p5>integer CURLE_LIBRARY_NOT_FOUND</p5>
</PHPModuleRef><PHPModuleRef>
<t>CURLE_MALFORMAT_USER</t>
<mn>curl</mn>
<ft>C</ft>
<p4>integer CURLE_MALFORMAT_USER</p4>
<p5>integer CURLE_MALFORMAT_USER</p5>
</PHPModuleRef><PHPModuleRef>
<t>CURLE_OBSOLETE</t>
<mn>curl</mn>
<ft>C</ft>
<p4>integer CURLE_OBSOLETE</p4>
<p5>integer CURLE_OBSOLETE</p5>
</PHPModuleRef><PHPModuleRef>
<t>CURLE_OK</t>
<mn>curl</mn>
<ft>C</ft>
<p4>integer CURLE_OK</p4>
<p5>integer CURLE_OK</p5>
</PHPModuleRef><PHPModuleRef>
<t>CURLE_OPERATION_TIMEOUTED</t>
<mn>curl</mn>
<ft>C</ft>
<p4>integer CURLE_OPERATION_TIMEOUTED</p4>
<p5>integer CURLE_OPERATION_TIMEOUTED</p5>
</PHPModuleRef><PHPModuleRef>
<t>CURLE_OUT_OF_MEMORY</t>
<mn>curl</mn>
<ft>C</ft>
<p4>integer CURLE_OUT_OF_MEMORY</p4>
<p5>integer CURLE_OUT_OF_MEMORY</p5>
</PHPModuleRef><PHPModuleRef>
<t>CURLE_PARTIAL_FILE</t>
<mn>curl</mn>
<ft>C</ft>
<p4>integer CURLE_PARTIAL_FILE</p4>
<p5>integer CURLE_PARTIAL_FILE</p5>
</PHPModuleRef><PHPModuleRef>
<t>CURLE_READ_ERROR</t>
<mn>curl</mn>
<ft>C</ft>
<p4>integer CURLE_READ_ERROR</p4>
<p5>integer CURLE_READ_ERROR</p5>
</PHPModuleRef><PHPModuleRef>
<t>CURLE_RECV_ERROR</t>
<mn>curl</mn>
<ft>C</ft>
<p4>integer CURLE_RECV_ERROR</p4>
<p5>integer CURLE_RECV_ERROR</p5>
</PHPModuleRef><PHPModuleRef>
<t>CURLE_SEND_ERROR</t>
<mn>curl</mn>
<ft>C</ft>
<p4>integer CURLE_SEND_ERROR</p4>
<p5>integer CURLE_SEND_ERROR</p5>
</PHPModuleRef><PHPModuleRef>
<t>CURLE_SHARE_IN_USE</t>
<mn>curl</mn>
<ft>C</ft>
<p4>integer CURLE_SHARE_IN_USE</p4>
<p5>integer CURLE_SHARE_IN_USE</p5>
</PHPModuleRef><PHPModuleRef>
<t>CURLE_SSL_CACERT</t>
<mn>curl</mn>
<ft>C</ft>
<p4>integer CURLE_SSL_CACERT</p4>
<p5>integer CURLE_SSL_CACERT</p5>
</PHPModuleRef><PHPModuleRef>
<t>CURLE_SSL_CERTPROBLEM</t>
<mn>curl</mn>
<ft>C</ft>
<p4>integer CURLE_SSL_CERTPROBLEM</p4>
<p5>integer CURLE_SSL_CERTPROBLEM</p5>
</PHPModuleRef><PHPModuleRef>
<t>CURLE_SSL_CIPHER</t>
<mn>curl</mn>
<ft>C</ft>
<p4>integer CURLE_SSL_CIPHER</p4>
<p5>integer CURLE_SSL_CIPHER</p5>
</PHPModuleRef><PHPModuleRef>
<t>CURLE_SSL_CONNECT_ERROR</t>
<mn>curl</mn>
<ft>C</ft>
<p4>integer CURLE_SSL_CONNECT_ERROR</p4>
<p5>integer CURLE_SSL_CONNECT_ERROR</p5>
</PHPModuleRef><PHPModuleRef>
<t>CURLE_SSL_ENGINE_NOTFOUND</t>
<mn>curl</mn>
<ft>C</ft>
<p4>integer CURLE_SSL_ENGINE_NOTFOUND</p4>
<p5>integer CURLE_SSL_ENGINE_NOTFOUND</p5>
</PHPModuleRef><PHPModuleRef>
<t>CURLE_SSL_ENGINE_SETFAILED</t>
<mn>curl</mn>
<ft>C</ft>
<p4>integer CURLE_SSL_ENGINE_SETFAILED</p4>
<p5>integer CURLE_SSL_ENGINE_SETFAILED</p5>
</PHPModuleRef><PHPModuleRef>
<t>CURLE_SSL_PEER_CERTIFICATE</t>
<mn>curl</mn>
<ft>C</ft>
<p4>integer CURLE_SSL_PEER_CERTIFICATE</p4>
<p5>integer CURLE_SSL_PEER_CERTIFICATE</p5>
</PHPModuleRef><PHPModuleRef>
<t>CURLE_TELNET_OPTION_SYNTAX</t>
<mn>curl</mn>
<ft>C</ft>
<p4>integer CURLE_TELNET_OPTION_SYNTAX</p4>
<p5>integer CURLE_TELNET_OPTION_SYNTAX</p5>
</PHPModuleRef><PHPModuleRef>
<t>CURLE_TOO_MANY_REDIRECTS</t>
<mn>curl</mn>
<ft>C</ft>
<p4>integer CURLE_TOO_MANY_REDIRECTS</p4>
<p5>integer CURLE_TOO_MANY_REDIRECTS</p5>
</PHPModuleRef><PHPModuleRef>
<t>CURLE_UNKNOWN_TELNET_OPTION</t>
<mn>curl</mn>
<ft>C</ft>
<p4>integer CURLE_UNKNOWN_TELNET_OPTION</p4>
<p5>integer CURLE_UNKNOWN_TELNET_OPTION</p5>
</PHPModuleRef><PHPModuleRef>
<t>CURLE_UNSUPPORTED_PROTOCOL</t>
<mn>curl</mn>
<ft>C</ft>
<p4>integer CURLE_UNSUPPORTED_PROTOCOL</p4>
<p5>integer CURLE_UNSUPPORTED_PROTOCOL</p5>
</PHPModuleRef><PHPModuleRef>
<t>CURLE_URL_MALFORMAT</t>
<mn>curl</mn>
<ft>C</ft>
<p4>integer CURLE_URL_MALFORMAT</p4>
<p5>integer CURLE_URL_MALFORMAT</p5>
</PHPModuleRef><PHPModuleRef>
<t>CURLE_URL_MALFORMAT_USER</t>
<mn>curl</mn>
<ft>C</ft>
<p4>integer CURLE_URL_MALFORMAT_USER</p4>
<p5>integer CURLE_URL_MALFORMAT_USER</p5>
</PHPModuleRef><PHPModuleRef>
<t>CURLE_WRITE_ERROR</t>
<mn>curl</mn>
<ft>C</ft>
<p4>integer CURLE_WRITE_ERROR</p4>
<p5>integer CURLE_WRITE_ERROR</p5>
</PHPModuleRef><PHPModuleRef>
<t>CURLFTPAUTH_DEFAULT</t>
<mn>curl</mn>
<ft>C</ft>
<p4>integer CURLFTPAUTH_DEFAULT</p4>
<p5>integer CURLFTPAUTH_DEFAULT</p5>
<texts><text><lng>es</lng>
<d>Disponible desde PHP 5.1.0</d>
</text></texts></PHPModuleRef><PHPModuleRef>
<t>CURLFTPAUTH_SSL</t>
<mn>curl</mn>
<ft>C</ft>
<p4>integer CURLFTPAUTH_SSL</p4>
<p5>integer CURLFTPAUTH_SSL</p5>
<texts><text><lng>es</lng>
<d>Disponible desde PHP 5.1.0</d>
</text></texts></PHPModuleRef><PHPModuleRef>
<t>CURLFTPAUTH_TLS</t>
<mn>curl</mn>
<ft>C</ft>
<p4>integer CURLFTPAUTH_TLS</p4>
<p5>integer CURLFTPAUTH_TLS</p5>
<texts><text><lng>es</lng>
<d>Disponible desde PHP 5.1.0</d>
</text></texts></PHPModuleRef><PHPModuleRef>
<t>CURLINFO_CONNECT_TIME</t>
<mn>curl</mn>
<ft>C</ft>
<p4>integer CURLINFO_CONNECT_TIME</p4>
<p5>integer CURLINFO_CONNECT_TIME</p5>
</PHPModuleRef><PHPModuleRef>
<t>CURLINFO_CONTENT_LENGTH_DOWNLOAD</t>
<mn>curl</mn>
<ft>C</ft>
<p4>integer CURLINFO_CONTENT_LENGTH_DOWNLOAD</p4>
<p5>integer CURLINFO_CONTENT_LENGTH_DOWNLOAD</p5>
</PHPModuleRef><PHPModuleRef>
<t>CURLINFO_CONTENT_LENGTH_UPLOAD</t>
<mn>curl</mn>
<ft>C</ft>
<p4>integer CURLINFO_CONTENT_LENGTH_UPLOAD</p4>
<p5>integer CURLINFO_CONTENT_LENGTH_UPLOAD</p5>
</PHPModuleRef><PHPModuleRef>
<t>CURLINFO_CONTENT_TYPE</t>
<mn>curl</mn>
<ft>C</ft>
<p4>integer CURLINFO_CONTENT_TYPE</p4>
<p5>integer CURLINFO_CONTENT_TYPE</p5>
</PHPModuleRef><PHPModuleRef>
<t>CURLINFO_EFFECTIVE_URL</t>
<mn>curl</mn>
<ft>C</ft>
<p4>integer CURLINFO_EFFECTIVE_URL</p4>
<p5>integer CURLINFO_EFFECTIVE_URL</p5>
</PHPModuleRef><PHPModuleRef>
<t>CURLINFO_FILETIME</t>
<mn>curl</mn>
<ft>C</ft>
<p4>integer CURLINFO_FILETIME</p4>
<p5>integer CURLINFO_FILETIME</p5>
</PHPModuleRef><PHPModuleRef>
<t>CURLINFO_HEADER_SIZE</t>
<mn>curl</mn>
<ft>C</ft>
<p4>integer CURLINFO_HEADER_SIZE</p4>
<p5>integer CURLINFO_HEADER_SIZE</p5>
</PHPModuleRef><PHPModuleRef>
<t>CURLINFO_HTTP_CODE</t>
<mn>curl</mn>
<ft>C</ft>
<p4>integer CURLINFO_HTTP_CODE</p4>
<p5>integer CURLINFO_HTTP_CODE</p5>
</PHPModuleRef><PHPModuleRef>
<t>CURLINFO_NAMELOOKUP_TIME</t>
<mn>curl</mn>
<ft>C</ft>
<p4>integer CURLINFO_NAMELOOKUP_TIME</p4>
<p5>integer CURLINFO_NAMELOOKUP_TIME</p5>
</PHPModuleRef><PHPModuleRef>
<t>CURLINFO_PRETRANSFER_TIME</t>
<mn>curl</mn>
<ft>C</ft>
<p4>integer CURLINFO_PRETRANSFER_TIME</p4>
<p5>integer CURLINFO_PRETRANSFER_TIME</p5>
</PHPModuleRef><PHPModuleRef>
<t>CURLINFO_REDIRECT_COUNT</t>
<mn>curl</mn>
<ft>C</ft>
<p4>integer CURLINFO_REDIRECT_COUNT</p4>
<p5>integer CURLINFO_REDIRECT_COUNT</p5>
</PHPModuleRef><PHPModuleRef>
<t>CURLINFO_REDIRECT_TIME</t>
<mn>curl</mn>
<ft>C</ft>
<p4>integer CURLINFO_REDIRECT_TIME</p4>
<p5>integer CURLINFO_REDIRECT_TIME</p5>
</PHPModuleRef><PHPModuleRef>
<t>CURLINFO_REQUEST_SIZE</t>
<mn>curl</mn>
<ft>C</ft>
<p4>integer CURLINFO_REQUEST_SIZE</p4>
<p5>integer CURLINFO_REQUEST_SIZE</p5>
</PHPModuleRef><PHPModuleRef>
<t>CURLINFO_SIZE_DOWNLOAD</t>
<mn>curl</mn>
<ft>C</ft>
<p4>integer CURLINFO_SIZE_DOWNLOAD</p4>
<p5>integer CURLINFO_SIZE_DOWNLOAD</p5>
</PHPModuleRef><PHPModuleRef>
<t>CURLINFO_SIZE_UPLOAD</t>
<mn>curl</mn>
<ft>C</ft>
<p4>integer CURLINFO_SIZE_UPLOAD</p4>
<p5>integer CURLINFO_SIZE_UPLOAD</p5>
</PHPModuleRef><PHPModuleRef>
<t>CURLINFO_SPEED_DOWNLOAD</t>
<mn>curl</mn>
<ft>C</ft>
<p4>integer CURLINFO_SPEED_DOWNLOAD</p4>
<p5>integer CURLINFO_SPEED_DOWNLOAD</p5>
</PHPModuleRef><PHPModuleRef>
<t>CURLINFO_SPEED_UPLOAD</t>
<mn>curl</mn>
<ft>C</ft>
<p4>integer CURLINFO_SPEED_UPLOAD</p4>
<p5>integer CURLINFO_SPEED_UPLOAD</p5>
</PHPModuleRef><PHPModuleRef>
<t>CURLINFO_SSL_VERIFYRESULT</t>
<mn>curl</mn>
<ft>C</ft>
<p4>integer CURLINFO_SSL_VERIFYRESULT</p4>
<p5>integer CURLINFO_SSL_VERIFYRESULT</p5>
</PHPModuleRef><PHPModuleRef>
<t>CURLINFO_STARTTRANSFER_TIME</t>
<mn>curl</mn>
<ft>C</ft>
<p4>integer CURLINFO_STARTTRANSFER_TIME</p4>
<p5>integer CURLINFO_STARTTRANSFER_TIME</p5>
</PHPModuleRef><PHPModuleRef>
<t>CURLINFO_TOTAL_TIME</t>
<mn>curl</mn>
<ft>C</ft>
<p4>integer CURLINFO_TOTAL_TIME</p4>
<p5>integer CURLINFO_TOTAL_TIME</p5>
</PHPModuleRef><PHPModuleRef>
<t>CURLMSG_DONE</t>
<mn>curl</mn>
<ft>C</ft>
<p4>integer CURLMSG_DONE</p4>
<p5>integer CURLMSG_DONE</p5>
</PHPModuleRef><PHPModuleRef>
<t>CURLM_BAD_EASY_HANDLE</t>
<mn>curl</mn>
<ft>C</ft>
<p4>integer CURLM_BAD_EASY_HANDLE</p4>
<p5>integer CURLM_BAD_EASY_HANDLE</p5>
</PHPModuleRef><PHPModuleRef>
<t>CURLM_BAD_HANDLE</t>
<mn>curl</mn>
<ft>C</ft>
<p4>integer CURLM_BAD_HANDLE</p4>
<p5>integer CURLM_BAD_HANDLE</p5>
</PHPModuleRef><PHPModuleRef>
<t>CURLM_CALL_MULTI_PERFORM</t>
<mn>curl</mn>
<ft>C</ft>
<p4>integer CURLM_CALL_MULTI_PERFORM</p4>
<p5>integer CURLM_CALL_MULTI_PERFORM</p5>
</PHPModuleRef><PHPModuleRef>
<t>CURLM_INTERNAL_ERROR</t>
<mn>curl</mn>
<ft>C</ft>
<p4>integer CURLM_INTERNAL_ERROR</p4>
<p5>integer CURLM_INTERNAL_ERROR</p5>
</PHPModuleRef><PHPModuleRef>
<t>CURLM_OK</t>
<mn>curl</mn>
<ft>C</ft>
<p4>integer CURLM_OK</p4>
<p5>integer CURLM_OK</p5>
</PHPModuleRef><PHPModuleRef>
<t>CURLM_OUT_OF_MEMORY</t>
<mn>curl</mn>
<ft>C</ft>
<p4>integer CURLM_OUT_OF_MEMORY</p4>
<p5>integer CURLM_OUT_OF_MEMORY</p5>
</PHPModuleRef><PHPModuleRef>
<t>CURLOPT_AUTOREFERER</t>
<mn>curl</mn>
<ft>C</ft>
<p4>integer CURLOPT_AUTOREFERER</p4>
<p5>integer CURLOPT_AUTOREFERER</p5>
<texts><text><lng>es</lng>
<d>Disponible desde PHP 5.1.0</d>
</text></texts></PHPModuleRef><PHPModuleRef>
<t>CURLOPT_BINARYTRANSFER</t>
<mn>curl</mn>
<ft>C</ft>
<p4>integer CURLOPT_BINARYTRANSFER</p4>
<p5>integer CURLOPT_BINARYTRANSFER</p5>
</PHPModuleRef><PHPModuleRef>
<t>CURLOPT_BUFFERSIZE</t>
<mn>curl</mn>
<ft>C</ft>
<p4>integer CURLOPT_BUFFERSIZE</p4>
<p5>integer CURLOPT_BUFFERSIZE</p5>
</PHPModuleRef><PHPModuleRef>
<t>CURLOPT_CAINFO</t>
<mn>curl</mn>
<ft>C</ft>
<p4>integer CURLOPT_CAINFO</p4>
<p5>integer CURLOPT_CAINFO</p5>
</PHPModuleRef><PHPModuleRef>
<t>CURLOPT_CAPATH</t>
<mn>curl</mn>
<ft>C</ft>
<p4>integer CURLOPT_CAPATH</p4>
<p5>integer CURLOPT_CAPATH</p5>
</PHPModuleRef><PHPModuleRef>
<t>CURLOPT_CLOSEPOLICY</t>
<mn>curl</mn>
<ft>C</ft>
<p4>integer CURLOPT_CLOSEPOLICY</p4>
<p5>integer CURLOPT_CLOSEPOLICY</p5>
</PHPModuleRef><PHPModuleRef>
<t>CURLOPT_CONNECTTIMEOUT</t>
<mn>curl</mn>
<ft>C</ft>
<p4>integer CURLOPT_CONNECTTIMEOUT</p4>
<p5>integer CURLOPT_CONNECTTIMEOUT</p5>
</PHPModuleRef><PHPModuleRef>
<t>CURLOPT_COOKIE</t>
<mn>curl</mn>
<ft>C</ft>
<p4>integer CURLOPT_COOKIE</p4>
<p5>integer CURLOPT_COOKIE</p5>
</PHPModuleRef><PHPModuleRef>
<t>CURLOPT_COOKIEFILE</t>
<mn>curl</mn>
<ft>C</ft>
<p4>integer CURLOPT_COOKIEFILE</p4>
<p5>integer CURLOPT_COOKIEFILE</p5>
</PHPModuleRef><PHPModuleRef>
<t>CURLOPT_COOKIEJAR</t>
<mn>curl</mn>
<ft>C</ft>
<p4>integer CURLOPT_COOKIEJAR</p4>
<p5>integer CURLOPT_COOKIEJAR</p5>
</PHPModuleRef><PHPModuleRef>
<t>CURLOPT_COOKIESESSION</t>
<mn>curl</mn>
<ft>C</ft>
<p4>integer CURLOPT_COOKIESESSION</p4>
<p5>integer CURLOPT_COOKIESESSION</p5>
<texts><text><lng>es</lng>
<d>Disponible desde PHP 5.1.0</d>
</text></texts></PHPModuleRef><PHPModuleRef>
<t>CURLOPT_CRLF</t>
<mn>curl</mn>
<ft>C</ft>
<p4>integer CURLOPT_CRLF</p4>
<p5>integer CURLOPT_CRLF</p5>
</PHPModuleRef><PHPModuleRef>
<t>CURLOPT_CUSTOMREQUEST</t>
<mn>curl</mn>
<ft>C</ft>
<p4>integer CURLOPT_CUSTOMREQUEST</p4>
<p5>integer CURLOPT_CUSTOMREQUEST</p5>
</PHPModuleRef><PHPModuleRef>
<t>CURLOPT_DNS_CACHE_TIMEOUT</t>
<mn>curl</mn>
<ft>C</ft>
<p4>integer CURLOPT_DNS_CACHE_TIMEOUT</p4>
<p5>integer CURLOPT_DNS_CACHE_TIMEOUT</p5>
</PHPModuleRef><PHPModuleRef>
<t>CURLOPT_DNS_USE_GLOBAL_CACHE</t>
<mn>curl</mn>
<ft>C</ft>
<p4>integer CURLOPT_DNS_USE_GLOBAL_CACHE</p4>
<p5>integer CURLOPT_DNS_USE_GLOBAL_CACHE</p5>
</PHPModuleRef><PHPModuleRef>
<t>CURLOPT_EGDSOCKET</t>
<mn>curl</mn>
<ft>C</ft>
<p4>integer CURLOPT_EGDSOCKET</p4>
<p5>integer CURLOPT_EGDSOCKET</p5>
</PHPModuleRef><PHPModuleRef>
<t>CURLOPT_ENCODING</t>
<mn>curl</mn>
<ft>C</ft>
<p4>integer CURLOPT_ENCODING</p4>
<p5>integer CURLOPT_ENCODING</p5>
</PHPModuleRef><PHPModuleRef>
<t>CURLOPT_FAILONERROR</t>
<mn>curl</mn>
<ft>C</ft>
<p4>integer CURLOPT_FAILONERROR</p4>
<p5>integer CURLOPT_FAILONERROR</p5>
</PHPModuleRef><PHPModuleRef>
<t>CURLOPT_FILE</t>
<mn>curl</mn>
<ft>C</ft>
<p4>integer CURLOPT_FILE</p4>
<p5>integer CURLOPT_FILE</p5>
</PHPModuleRef><PHPModuleRef>
<t>CURLOPT_FILETIME</t>
<mn>curl</mn>
<ft>C</ft>
<p4>integer CURLOPT_FILETIME</p4>
<p5>integer CURLOPT_FILETIME</p5>
</PHPModuleRef><PHPModuleRef>
<t>CURLOPT_FOLLOWLOCATION</t>
<mn>curl</mn>
<ft>C</ft>
<p4>integer CURLOPT_FOLLOWLOCATION</p4>
<p5>integer CURLOPT_FOLLOWLOCATION</p5>
</PHPModuleRef><PHPModuleRef>
<t>CURLOPT_FORBID_REUSE</t>
<mn>curl</mn>
<ft>C</ft>
<p4>integer CURLOPT_FORBID_REUSE</p4>
<p5>integer CURLOPT_FORBID_REUSE</p5>
</PHPModuleRef><PHPModuleRef>
<t>CURLOPT_FRESH_CONNECT</t>
<mn>curl</mn>
<ft>C</ft>
<p4>integer CURLOPT_FRESH_CONNECT</p4>
<p5>integer CURLOPT_FRESH_CONNECT</p5>
</PHPModuleRef><PHPModuleRef>
<t>CURLOPT_FTPAPPEND</t>
<mn>curl</mn>
<ft>C</ft>
<p4>integer CURLOPT_FTPAPPEND</p4>
<p5>integer CURLOPT_FTPAPPEND</p5>
</PHPModuleRef><PHPModuleRef>
<t>CURLOPT_FTPASCII</t>
<mn>curl</mn>
<ft>C</ft>
<p4>integer CURLOPT_FTPASCII</p4>
<p5>integer CURLOPT_FTPASCII</p5>
</PHPModuleRef><PHPModuleRef>
<t>CURLOPT_FTPLISTONLY</t>
<mn>curl</mn>
<ft>C</ft>
<p4>integer CURLOPT_FTPLISTONLY</p4>
<p5>integer CURLOPT_FTPLISTONLY</p5>
</PHPModuleRef><PHPModuleRef>
<t>CURLOPT_FTPPORT</t>
<mn>curl</mn>
<ft>C</ft>
<p4>integer CURLOPT_FTPPORT</p4>
<p5>integer CURLOPT_FTPPORT</p5>
</PHPModuleRef><PHPModuleRef>
<t>CURLOPT_FTPSSLAUTH</t>
<mn>curl</mn>
<ft>C</ft>
<p4>integer CURLOPT_FTPSSLAUTH</p4>
<p5>integer CURLOPT_FTPSSLAUTH</p5>
<texts><text><lng>es</lng>
<d>Disponible desde PHP 5.1.0</d>
</text></texts></PHPModuleRef><PHPModuleRef>
<t>CURLOPT_FTP_USE_EPRT</t>
<mn>curl</mn>
<ft>C</ft>
<p4>integer CURLOPT_FTP_USE_EPRT</p4>
<p5>integer CURLOPT_FTP_USE_EPRT</p5>
</PHPModuleRef><PHPModuleRef>
<t>CURLOPT_FTP_USE_EPSV</t>
<mn>curl</mn>
<ft>C</ft>
<p4>integer CURLOPT_FTP_USE_EPSV</p4>
<p5>integer CURLOPT_FTP_USE_EPSV</p5>
</PHPModuleRef><PHPModuleRef>
<t>CURLOPT_HEADER</t>
<mn>curl</mn>
<ft>C</ft>
<p4>integer CURLOPT_HEADER</p4>
<p5>integer CURLOPT_HEADER</p5>
</PHPModuleRef><PHPModuleRef>
<t>CURLOPT_HEADERFUNCTION</t>
<mn>curl</mn>
<ft>C</ft>
<p4>integer CURLOPT_HEADERFUNCTION</p4>
<p5>integer CURLOPT_HEADERFUNCTION</p5>
</PHPModuleRef><PHPModuleRef>
<t>CURLOPT_HTTP200ALIASES</t>
<mn>curl</mn>
<ft>C</ft>
<p4>integer CURLOPT_HTTP200ALIASES</p4>
<p5>integer CURLOPT_HTTP200ALIASES</p5>
</PHPModuleRef><PHPModuleRef>
<t>CURLOPT_HTTPAUTH</t>
<mn>curl</mn>
<ft>C</ft>
<p4>integer CURLOPT_HTTPAUTH</p4>
<p5>integer CURLOPT_HTTPAUTH</p5>
</PHPModuleRef><PHPModuleRef>
<t>CURLOPT_HTTPGET</t>
<mn>curl</mn>
<ft>C</ft>
<p4>integer CURLOPT_HTTPGET</p4>
<p5>integer CURLOPT_HTTPGET</p5>
</PHPModuleRef><PHPModuleRef>
<t>CURLOPT_HTTPHEADER</t>
<mn>curl</mn>
<ft>C</ft>
<p4>integer CURLOPT_HTTPHEADER</p4>
<p5>integer CURLOPT_HTTPHEADER</p5>
</PHPModuleRef><PHPModuleRef>
<t>CURLOPT_HTTPPROXYTUNNEL</t>
<mn>curl</mn>
<ft>C</ft>
<p4>integer CURLOPT_HTTPPROXYTUNNEL</p4>
<p5>integer CURLOPT_HTTPPROXYTUNNEL</p5>
</PHPModuleRef><PHPModuleRef>
<t>CURLOPT_HTTP_VERSION</t>
<mn>curl</mn>
<ft>C</ft>
<p4>integer CURLOPT_HTTP_VERSION</p4>
<p5>integer CURLOPT_HTTP_VERSION</p5>
</PHPModuleRef><PHPModuleRef>
<t>CURLOPT_INFILE</t>
<mn>curl</mn>
<ft>C</ft>
<p4>integer CURLOPT_INFILE</p4>
<p5>integer CURLOPT_INFILE</p5>
</PHPModuleRef><PHPModuleRef>
<t>CURLOPT_INFILESIZE</t>
<mn>curl</mn>
<ft>C</ft>
<p4>integer CURLOPT_INFILESIZE</p4>
<p5>integer CURLOPT_INFILESIZE</p5>
</PHPModuleRef><PHPModuleRef>
<t>CURLOPT_INTERFACE</t>
<mn>curl</mn>
<ft>C</ft>
<p4>integer CURLOPT_INTERFACE</p4>
<p5>integer CURLOPT_INTERFACE</p5>
</PHPModuleRef><PHPModuleRef>
<t>CURLOPT_KRB4LEVEL</t>
<mn>curl</mn>
<ft>C</ft>
<p4>integer CURLOPT_KRB4LEVEL</p4>
<p5>integer CURLOPT_KRB4LEVEL</p5>
</PHPModuleRef><PHPModuleRef>
<t>CURLOPT_LOW_SPEED_LIMIT</t>
<mn>curl</mn>
<ft>C</ft>
<p4>integer CURLOPT_LOW_SPEED_LIMIT</p4>
<p5>integer CURLOPT_LOW_SPEED_LIMIT</p5>
</PHPModuleRef><PHPModuleRef>
<t>CURLOPT_LOW_SPEED_TIME</t>
<mn>curl</mn>
<ft>C</ft>
<p4>integer CURLOPT_LOW_SPEED_TIME</p4>
<p5>integer CURLOPT_LOW_SPEED_TIME</p5>
</PHPModuleRef><PHPModuleRef>
<t>CURLOPT_MAXCONNECTS</t>
<mn>curl</mn>
<ft>C</ft>
<p4>integer CURLOPT_MAXCONNECTS</p4>
<p5>integer CURLOPT_MAXCONNECTS</p5>
</PHPModuleRef><PHPModuleRef>
<t>CURLOPT_MAXREDIRS</t>
<mn>curl</mn>
<ft>C</ft>
<p4>integer CURLOPT_MAXREDIRS</p4>
<p5>integer CURLOPT_MAXREDIRS</p5>
</PHPModuleRef><PHPModuleRef>
<t>CURLOPT_MUTE</t>
<mn>curl</mn>
<ft>C</ft>
<p4>integer CURLOPT_MUTE</p4>
<p5>integer CURLOPT_MUTE</p5>
</PHPModuleRef><PHPModuleRef>
<t>CURLOPT_NETRC</t>
<mn>curl</mn>
<ft>C</ft>
<p4>integer CURLOPT_NETRC</p4>
<p5>integer CURLOPT_NETRC</p5>
</PHPModuleRef><PHPModuleRef>
<t>CURLOPT_NOBODY</t>
<mn>curl</mn>
<ft>C</ft>
<p4>integer CURLOPT_NOBODY</p4>
<p5>integer CURLOPT_NOBODY</p5>
</PHPModuleRef><PHPModuleRef>
<t>CURLOPT_NOPROGRESS</t>
<mn>curl</mn>
<ft>C</ft>
<p4>integer CURLOPT_NOPROGRESS</p4>
<p5>integer CURLOPT_NOPROGRESS</p5>
</PHPModuleRef><PHPModuleRef>
<t>CURLOPT_NOSIGNAL</t>
<mn>curl</mn>
<ft>C</ft>
<p4>integer CURLOPT_NOSIGNAL</p4>
<p5>integer CURLOPT_NOSIGNAL</p5>
</PHPModuleRef><PHPModuleRef>
<t>CURLOPT_PASSWDFUNCTION</t>
<mn>curl</mn>
<ft>C</ft>
<p4>integer CURLOPT_PASSWDFUNCTION</p4>
<p5>integer CURLOPT_PASSWDFUNCTION</p5>
</PHPModuleRef><PHPModuleRef>
<t>CURLOPT_PORT</t>
<mn>curl</mn>
<ft>C</ft>
<p4>integer CURLOPT_PORT</p4>
<p5>integer CURLOPT_PORT</p5>
</PHPModuleRef><PHPModuleRef>
<t>CURLOPT_POST</t>
<mn>curl</mn>
<ft>C</ft>
<p4>integer CURLOPT_POST</p4>
<p5>integer CURLOPT_POST</p5>
</PHPModuleRef><PHPModuleRef>
<t>CURLOPT_POSTFIELDS</t>
<mn>curl</mn>
<ft>C</ft>
<p4>integer CURLOPT_POSTFIELDS</p4>
<p5>integer CURLOPT_POSTFIELDS</p5>
</PHPModuleRef><PHPModuleRef>
<t>CURLOPT_POSTQUOTE</t>
<mn>curl</mn>
<ft>C</ft>
<p4>integer CURLOPT_POSTQUOTE</p4>
<p5>integer CURLOPT_POSTQUOTE</p5>
</PHPModuleRef><PHPModuleRef>
<t>CURLOPT_PROXY</t>
<mn>curl</mn>
<ft>C</ft>
<p4>integer CURLOPT_PROXY</p4>
<p5>integer CURLOPT_PROXY</p5>
</PHPModuleRef><PHPModuleRef>
<t>CURLOPT_PROXYAUTH</t>
<mn>curl</mn>
<ft>C</ft>
<p4>integer CURLOPT_PROXYAUTH</p4>
<p5>integer CURLOPT_PROXYAUTH</p5>
</PHPModuleRef><PHPModuleRef>
<t>CURLOPT_PROXYPORT</t>
<mn>curl</mn>
<ft>C</ft>
<p4>integer CURLOPT_PROXYPORT</p4>
<p5>integer CURLOPT_PROXYPORT</p5>
</PHPModuleRef><PHPModuleRef>
<t>CURLOPT_PROXYTYPE</t>
<mn>curl</mn>
<ft>C</ft>
<p4>integer CURLOPT_PROXYTYPE</p4>
<p5>integer CURLOPT_PROXYTYPE</p5>
</PHPModuleRef><PHPModuleRef>
<t>CURLOPT_PROXYUSERPWD</t>
<mn>curl</mn>
<ft>C</ft>
<p4>integer CURLOPT_PROXYUSERPWD</p4>
<p5>integer CURLOPT_PROXYUSERPWD</p5>
</PHPModuleRef><PHPModuleRef>
<t>CURLOPT_PUT</t>
<mn>curl</mn>
<ft>C</ft>
<p4>integer CURLOPT_PUT</p4>
<p5>integer CURLOPT_PUT</p5>
</PHPModuleRef><PHPModuleRef>
<t>CURLOPT_QUOTE</t>
<mn>curl</mn>
<ft>C</ft>
<p4>integer CURLOPT_QUOTE</p4>
<p5>integer CURLOPT_QUOTE</p5>
</PHPModuleRef><PHPModuleRef>
<t>CURLOPT_RANDOM_FILE</t>
<mn>curl</mn>
<ft>C</ft>
<p4>integer CURLOPT_RANDOM_FILE</p4>
<p5>integer CURLOPT_RANDOM_FILE</p5>
</PHPModuleRef><PHPModuleRef>
<t>CURLOPT_RANGE</t>
<mn>curl</mn>
<ft>C</ft>
<p4>integer CURLOPT_RANGE</p4>
<p5>integer CURLOPT_RANGE</p5>
</PHPModuleRef><PHPModuleRef>
<t>CURLOPT_READFUNCTION</t>
<mn>curl</mn>
<ft>C</ft>
<p4>integer CURLOPT_READFUNCTION</p4>
<p5>integer CURLOPT_READFUNCTION</p5>
</PHPModuleRef><PHPModuleRef>
<t>CURLOPT_REFERER</t>
<mn>curl</mn>
<ft>C</ft>
<p4>integer CURLOPT_REFERER</p4>
<p5>integer CURLOPT_REFERER</p5>
</PHPModuleRef><PHPModuleRef>
<t>CURLOPT_RESUME_FROM</t>
<mn>curl</mn>
<ft>C</ft>
<p4>integer CURLOPT_RESUME_FROM</p4>
<p5>integer CURLOPT_RESUME_FROM</p5>
</PHPModuleRef><PHPModuleRef>
<t>CURLOPT_RETURNTRANSFER</t>
<mn>curl</mn>
<ft>C</ft>
<p4>integer CURLOPT_RETURNTRANSFER</p4>
<p5>integer CURLOPT_RETURNTRANSFER</p5>
</PHPModuleRef><PHPModuleRef>
<t>CURLOPT_SSLCERT</t>
<mn>curl</mn>
<ft>C</ft>
<p4>integer CURLOPT_SSLCERT</p4>
<p5>integer CURLOPT_SSLCERT</p5>
</PHPModuleRef><PHPModuleRef>
<t>CURLOPT_SSLCERTPASSWD</t>
<mn>curl</mn>
<ft>C</ft>
<p4>integer CURLOPT_SSLCERTPASSWD</p4>
<p5>integer CURLOPT_SSLCERTPASSWD</p5>
</PHPModuleRef><PHPModuleRef>
<t>CURLOPT_SSLCERTTYPE</t>
<mn>curl</mn>
<ft>C</ft>
<p4>integer CURLOPT_SSLCERTTYPE</p4>
<p5>integer CURLOPT_SSLCERTTYPE</p5>
</PHPModuleRef><PHPModuleRef>
<t>CURLOPT_SSLENGINE</t>
<mn>curl</mn>
<ft>C</ft>
<p4>integer CURLOPT_SSLENGINE</p4>
<p5>integer CURLOPT_SSLENGINE</p5>
</PHPModuleRef><PHPModuleRef>
<t>CURLOPT_SSLENGINE_DEFAULT</t>
<mn>curl</mn>
<ft>C</ft>
<p4>integer CURLOPT_SSLENGINE_DEFAULT</p4>
<p5>integer CURLOPT_SSLENGINE_DEFAULT</p5>
</PHPModuleRef><PHPModuleRef>
<t>CURLOPT_SSLKEY</t>
<mn>curl</mn>
<ft>C</ft>
<p4>integer CURLOPT_SSLKEY</p4>
<p5>integer CURLOPT_SSLKEY</p5>
</PHPModuleRef><PHPModuleRef>
<t>CURLOPT_SSLKEYPASSWD</t>
<mn>curl</mn>
<ft>C</ft>
<p4>integer CURLOPT_SSLKEYPASSWD</p4>
<p5>integer CURLOPT_SSLKEYPASSWD</p5>
</PHPModuleRef><PHPModuleRef>
<t>CURLOPT_SSLKEYTYPE</t>
<mn>curl</mn>
<ft>C</ft>
<p4>integer CURLOPT_SSLKEYTYPE</p4>
<p5>integer CURLOPT_SSLKEYTYPE</p5>
</PHPModuleRef><PHPModuleRef>
<t>CURLOPT_SSLVERSION</t>
<mn>curl</mn>
<ft>C</ft>
<p4>integer CURLOPT_SSLVERSION</p4>
<p5>integer CURLOPT_SSLVERSION</p5>
</PHPModuleRef><PHPModuleRef>
<t>CURLOPT_SSL_CIPHER_LIST</t>
<mn>curl</mn>
<ft>C</ft>
<p4>integer CURLOPT_SSL_CIPHER_LIST</p4>
<p5>integer CURLOPT_SSL_CIPHER_LIST</p5>
</PHPModuleRef><PHPModuleRef>
<t>CURLOPT_SSL_VERIFYHOST</t>
<mn>curl</mn>
<ft>C</ft>
<p4>integer CURLOPT_SSL_VERIFYHOST</p4>
<p5>integer CURLOPT_SSL_VERIFYHOST</p5>
</PHPModuleRef><PHPModuleRef>
<t>CURLOPT_SSL_VERIFYPEER</t>
<mn>curl</mn>
<ft>C</ft>
<p4>integer CURLOPT_SSL_VERIFYPEER</p4>
<p5>integer CURLOPT_SSL_VERIFYPEER</p5>
</PHPModuleRef><PHPModuleRef>
<t>CURLOPT_STDERR</t>
<mn>curl</mn>
<ft>C</ft>
<p4>integer CURLOPT_STDERR</p4>
<p5>integer CURLOPT_STDERR</p5>
</PHPModuleRef><PHPModuleRef>
<t>CURLOPT_TIMECONDITION</t>
<mn>curl</mn>
<ft>C</ft>
<p4>integer CURLOPT_TIMECONDITION</p4>
<p5>integer CURLOPT_TIMECONDITION</p5>
</PHPModuleRef><PHPModuleRef>
<t>CURLOPT_TIMEOUT</t>
<mn>curl</mn>
<ft>C</ft>
<p4>integer CURLOPT_TIMEOUT</p4>
<p5>integer CURLOPT_TIMEOUT</p5>
</PHPModuleRef><PHPModuleRef>
<t>CURLOPT_TIMEVALUE</t>
<mn>curl</mn>
<ft>C</ft>
<p4>integer CURLOPT_TIMEVALUE</p4>
<p5>integer CURLOPT_TIMEVALUE</p5>
</PHPModuleRef><PHPModuleRef>
<t>CURLOPT_TRANSFERTEXT</t>
<mn>curl</mn>
<ft>C</ft>
<p4>integer CURLOPT_TRANSFERTEXT</p4>
<p5>integer CURLOPT_TRANSFERTEXT</p5>
</PHPModuleRef><PHPModuleRef>
<t>CURLOPT_UNRESTRICTED_AUTH</t>
<mn>curl</mn>
<ft>C</ft>
<p4>integer CURLOPT_UNRESTRICTED_AUTH</p4>
<p5>integer CURLOPT_UNRESTRICTED_AUTH</p5>
</PHPModuleRef><PHPModuleRef>
<t>CURLOPT_UPLOAD</t>
<mn>curl</mn>
<ft>C</ft>
<p4>integer CURLOPT_UPLOAD</p4>
<p5>integer CURLOPT_UPLOAD</p5>
</PHPModuleRef><PHPModuleRef>
<t>CURLOPT_URL</t>
<mn>curl</mn>
<ft>C</ft>
<p4>integer CURLOPT_URL</p4>
<p5>integer CURLOPT_URL</p5>
</PHPModuleRef><PHPModuleRef>
<t>CURLOPT_USERAGENT</t>
<mn>curl</mn>
<ft>C</ft>
<p4>integer CURLOPT_USERAGENT</p4>
<p5>integer CURLOPT_USERAGENT</p5>
</PHPModuleRef><PHPModuleRef>
<t>CURLOPT_USERPWD</t>
<mn>curl</mn>
<ft>C</ft>
<p4>integer CURLOPT_USERPWD</p4>
<p5>integer CURLOPT_USERPWD</p5>
</PHPModuleRef><PHPModuleRef>
<t>CURLOPT_VERBOSE</t>
<mn>curl</mn>
<ft>C</ft>
<p4>integer CURLOPT_VERBOSE</p4>
<p5>integer CURLOPT_VERBOSE</p5>
</PHPModuleRef><PHPModuleRef>
<t>CURLOPT_WRITEFUNCTION</t>
<mn>curl</mn>
<ft>C</ft>
<p4>integer CURLOPT_WRITEFUNCTION</p4>
<p5>integer CURLOPT_WRITEFUNCTION</p5>
</PHPModuleRef><PHPModuleRef>
<t>CURLOPT_WRITEHEADER</t>
<mn>curl</mn>
<ft>C</ft>
<p4>integer CURLOPT_WRITEHEADER</p4>
<p5>integer CURLOPT_WRITEHEADER</p5>
</PHPModuleRef><PHPModuleRef>
<t>CURLPROXY_HTTP</t>
<mn>curl</mn>
<ft>C</ft>
<p4>integer CURLPROXY_HTTP</p4>
<p5>integer CURLPROXY_HTTP</p5>
</PHPModuleRef><PHPModuleRef>
<t>CURLPROXY_SOCKS5</t>
<mn>curl</mn>
<ft>C</ft>
<p4>integer CURLPROXY_SOCKS5</p4>
<p5>integer CURLPROXY_SOCKS5</p5>
</PHPModuleRef><PHPModuleRef>
<t>CURLVERSION_NOW</t>
<mn>curl</mn>
<ft>C</ft>
<p4>integer CURLVERSION_NOW</p4>
<p5>integer CURLVERSION_NOW</p5>
</PHPModuleRef><PHPModuleRef>
<t>CURL_HTTP_VERSION_1_0</t>
<mn>curl</mn>
<ft>C</ft>
<p4>integer CURL_HTTP_VERSION_1_0</p4>
<p5>integer CURL_HTTP_VERSION_1_0</p5>
</PHPModuleRef><PHPModuleRef>
<t>CURL_HTTP_VERSION_1_1</t>
<mn>curl</mn>
<ft>C</ft>
<p4>integer CURL_HTTP_VERSION_1_1</p4>
<p5>integer CURL_HTTP_VERSION_1_1</p5>
</PHPModuleRef><PHPModuleRef>
<t>CURL_HTTP_VERSION_NONE</t>
<mn>curl</mn>
<ft>C</ft>
<p4>integer CURL_HTTP_VERSION_NONE</p4>
<p5>integer CURL_HTTP_VERSION_NONE</p5>
</PHPModuleRef><PHPModuleRef>
<t>CURL_NETRC_IGNORED</t>
<mn>curl</mn>
<ft>C</ft>
<p4>integer CURL_NETRC_IGNORED</p4>
<p5>integer CURL_NETRC_IGNORED</p5>
</PHPModuleRef><PHPModuleRef>
<t>CURL_NETRC_OPTIONAL</t>
<mn>curl</mn>
<ft>C</ft>
<p4>integer CURL_NETRC_OPTIONAL</p4>
<p5>integer CURL_NETRC_OPTIONAL</p5>
</PHPModuleRef><PHPModuleRef>
<t>CURL_NETRC_REQUIRED</t>
<mn>curl</mn>
<ft>C</ft>
<p4>integer CURL_NETRC_REQUIRED</p4>
<p5>integer CURL_NETRC_REQUIRED</p5>
</PHPModuleRef><PHPModuleRef>
<t>CURL_VERSION_IPV6</t>
<mn>curl</mn>
<ft>C</ft>
<p4>integer CURL_VERSION_IPV6</p4>
<p5>integer CURL_VERSION_IPV6</p5>
</PHPModuleRef><PHPModuleRef>
<t>CURL_VERSION_KERBEROS4</t>
<mn>curl</mn>
<ft>C</ft>
<p4>integer CURL_VERSION_KERBEROS4</p4>
<p5>integer CURL_VERSION_KERBEROS4</p5>
</PHPModuleRef><PHPModuleRef>
<t>CURL_VERSION_LIBZ</t>
<mn>curl</mn>
<ft>C</ft>
<p4>integer CURL_VERSION_LIBZ</p4>
<p5>integer CURL_VERSION_LIBZ</p5>
</PHPModuleRef><PHPModuleRef>
<t>CURL_VERSION_SSL</t>
<mn>curl</mn>
<ft>C</ft>
<p4>integer CURL_VERSION_SSL</p4>
<p5>integer CURL_VERSION_SSL</p5>
</PHPModuleRef></PHPModuleRef-List>
