<?xml version="1.0" encoding="utf-8"?>
<PHPModuleRef-List>
<PHPModuleRef>
<t>confirm_cybermut_compiled</t>
<mn>cybermut</mn>
<ft>F</ft>
<ver>4_0_5,4_0_6</ver>
</PHPModuleRef><PHPModuleRef>
<t>cybermut_creerformulairecm</t>
<mn>cybermut</mn>
<ft>F</ft>
<ver>4_0_5,4_0_6,4_1_0,4_1_1,4_1_2,4_2_0,4_2_1,4_2_2,4_2_3</ver>
<texts><text><lng>de</lng>
<d>Generiert ein HTML Formular für eine Zahlungaufforderung</d>
</text><text><lng>en</lng>
<d>Generate HTML form of request for payment</d>
</text></texts></PHPModuleRef><PHPModuleRef>
<t>cybermut_creerreponsecm</t>
<mn>cybermut</mn>
<ft>F</ft>
<ver>4_0_5,4_0_6,4_1_0,4_1_1,4_1_2,4_2_0,4_2_1,4_2_2,4_2_3</ver>
<texts><text><lng>de</lng>
<d>Generiert eine Bestätigung, dass die Zahlungsbestätigung gesendet wurde.</d>
</text><text><lng>en</lng>
<d>Generate the delivery's acknowledgement of the payment's confirmation</d>
</text></texts></PHPModuleRef><PHPModuleRef>
<t>cybermut_testmac</t>
<mn>cybermut</mn>
<ft>F</ft>
<ver>4_0_5,4_0_6,4_1_0,4_1_1,4_1_2,4_2_0,4_2_1,4_2_2,4_2_3</ver>
<texts><text><lng>de</lng>
<d>Stellt sicher, dass keine betrügerischen Daten in der Bestätigungsnachricht sind.</d>
</text><text><lng>en</lng>
<d>Make sure that there was no data diddling containedin the received message of confirmation</d>
</text></texts></PHPModuleRef></PHPModuleRef-List>
