<?xml version="1.0" encoding="utf-8"?>
<PHPModuleRef-List>
<PHPModuleRef>
<t>cybercash_base64_decode</t>
<mn>cybercash</mn>
<ft>F</ft>
<ver>4_0_0,4_0_1,4_0_2,4_0_3,4_0_4,4_0_5,4_0_6,4_1_0,4_1_1,4_1_2,4_2_0,4_2_1,4_2_2,4_2_3</ver>
<texts><text><lng>en</lng>
<d>base64 decode data for Cybercash</d>
</text></texts></PHPModuleRef><PHPModuleRef>
<t>cybercash_base64_encode</t>
<mn>cybercash</mn>
<ft>F</ft>
<ver>4_0_0,4_0_1,4_0_2,4_0_3,4_0_4,4_0_5,4_0_6,4_1_0,4_1_1,4_1_2,4_2_0,4_2_1,4_2_2,4_2_3</ver>
<texts><text><lng>de</lng>
<d>???</d>
</text><text><lng>en</lng>
<d>base64 encode data for Cybercash</d>
</text><text><lng>es</lng>
<d>???</d>
</text></texts></PHPModuleRef><PHPModuleRef>
<t>cybercash_decr</t>
<mn>cybercash</mn>
<ft>F</ft>
<ver>4_0_0,4_0_1,4_0_2,4_0_3,4_0_4,4_0_5,4_0_6,4_1_0,4_1_1,4_1_2,4_2_0,4_2_1,4_2_2,4_2_3</ver>
<texts><text><lng>cs</lng>
<d>Cybercash dešifrování</d>
</text><text><lng>de</lng>
<d>???</d>
</text><text><lng>en</lng>
<d>Cybercash decrypt</d>
</text><text><lng>es</lng>
<d>???</d>
</text></texts></PHPModuleRef><PHPModuleRef>
<t>cybercash_encr</t>
<mn>cybercash</mn>
<ft>F</ft>
<ver>4_0_0,4_0_1,4_0_2,4_0_3,4_0_4,4_0_5,4_0_6,4_1_0,4_1_1,4_1_2,4_2_0,4_2_1,4_2_2,4_2_3</ver>
<texts><text><lng>cs</lng>
<d>Cybercash zašifrování</d>
</text><text><lng>de</lng>
<d>???</d>
</text><text><lng>en</lng>
<d>Cybercash encrypt</d>
</text><text><lng>es</lng>
<d>???</d>
</text></texts></PHPModuleRef></PHPModuleRef-List>
