<?xml version="1.0" encoding="utf-8"?>
<PHPModuleRef-List>
<PHPModuleRef>
<t>cyrus_authenticate</t>
<mn>cyrus</mn>
<ft>F</ft>
<ver>4_1_0,4_1_1,4_1_2,4_2_0,4_2_1,4_2_2,4_2_3,4_3_0,4_3_1,4_3_10,4_3_11,4_3_2,4_3_3,4_3_4,4_3_5,4_3_6,4_3_7,4_3_8,4_3_9,4_4_0,4_4_1,4_4_2,4_4_3,4_4_4,4_4_5,4_4_6,4_cvs</ver>
<p4>void cyrus_authenticate( resource connection [, string mechlist [, string service [, string user [,</p4>
<p4d>Authenticate agaings a Cyrus IMAP server </p4d>
<texts><text><lng>en</lng>
<d>Authenticate against a Cyrus IMAP server</d>
</text></texts></PHPModuleRef><PHPModuleRef>
<t>cyrus_bind</t>
<mn>cyrus</mn>
<ft>F</ft>
<ver>4_1_0,4_1_1,4_1_2,4_2_0,4_2_1,4_2_2,4_2_3,4_3_0,4_3_1,4_3_10,4_3_11,4_3_2,4_3_3,4_3_4,4_3_5,4_3_6,4_3_7,4_3_8,4_3_9,4_4_0,4_4_1,4_4_2,4_4_3,4_4_4,4_4_5,4_4_6,4_cvs</ver>
<p4>bool cyrus_bind( resource connection, array callbacks)</p4>
<p4d>Bind callbacks to a Cyrus IMAP connection </p4d>
<texts><text><lng>en</lng>
<d>Bind callbacks to a Cyrus IMAP connection</d>
</text></texts></PHPModuleRef><PHPModuleRef>
<t>cyrus_close</t>
<mn>cyrus</mn>
<ft>F</ft>
<ver>4_1_0,4_1_1,4_1_2,4_2_0,4_2_1,4_2_2,4_2_3,4_3_0,4_3_1,4_3_10,4_3_11,4_3_2,4_3_3,4_3_4,4_3_5,4_3_6,4_3_7,4_3_8,4_3_9,4_4_0,4_4_1,4_4_2,4_4_3,4_4_4,4_4_5,4_4_6,4_cvs</ver>
<p4>bool cyrus_close( resource connection)</p4>
<p4d>Close connection to a cyrus server </p4d>
<texts><text><lng>en</lng>
<d>Close connection to a Cyrus IMAP server</d>
</text></texts></PHPModuleRef><PHPModuleRef>
<t>cyrus_connect</t>
<mn>cyrus</mn>
<ft>F</ft>
<ver>4_1_0,4_1_1,4_1_2,4_2_0,4_2_1,4_2_2,4_2_3,4_3_0,4_3_1,4_3_10,4_3_11,4_3_2,4_3_3,4_3_4,4_3_5,4_3_6,4_3_7,4_3_8,4_3_9,4_4_0,4_4_1,4_4_2,4_4_3,4_4_4,4_4_5,4_4_6,4_cvs</ver>
<p4>resource cyrus_connect([ string host [, string port [, int flags]]])</p4>
<p4d>Connect to a Cyrus IMAP server </p4d>
<texts><text><lng>en</lng>
<d>Connect to a Cyrus IMAP server</d>
</text></texts></PHPModuleRef><PHPModuleRef>
<t>cyrus_query</t>
<mn>cyrus</mn>
<ft>F</ft>
<ver>4_1_0,4_1_1,4_1_2,4_2_0,4_2_1,4_2_2,4_2_3,4_3_0,4_3_1,4_3_10,4_3_11,4_3_2,4_3_3,4_3_4,4_3_5,4_3_6,4_3_7,4_3_8,4_3_9,4_4_0,4_4_1,4_4_2,4_4_3,4_4_4,4_4_5,4_4_6,4_cvs</ver>
<p4>bool cyrus_query( resource connection, string query)</p4>
<p4d>Send a query to a Cyrus IMAP server </p4d>
<texts><text><lng>en</lng>
<d>Send a query to a Cyrus IMAP server</d>
</text></texts></PHPModuleRef><PHPModuleRef>
<t>cyrus_unbind</t>
<mn>cyrus</mn>
<ft>F</ft>
<ver>4_1_0,4_1_1,4_1_2,4_2_0,4_2_1,4_2_2,4_2_3,4_3_0,4_3_1,4_3_10,4_3_11,4_3_2,4_3_3,4_3_4,4_3_5,4_3_6,4_3_7,4_3_8,4_3_9,4_4_0,4_4_1,4_4_2,4_4_3,4_4_4,4_4_5,4_4_6,4_cvs</ver>
<p4>bool cyrus_unbind( resource connection, string trigger_name)</p4>
<p4d>Unbind ... </p4d>
<texts><text><lng>en</lng>
<d>Unbind ...</d>
</text></texts></PHPModuleRef><PHPModuleRef>
<t>CYRUS_CALLBACK_NOLITERAL</t>
<mn>cyrus</mn>
<ft>C</ft>
<p4>integer CYRUS_CALLBACK_NOLITERAL</p4>
<p5>integer CYRUS_CALLBACK_NOLITERAL</p5>
</PHPModuleRef><PHPModuleRef>
<t>CYRUS_CALLBACK_NUMBERED</t>
<mn>cyrus</mn>
<ft>C</ft>
<p4>integer CYRUS_CALLBACK_NUMBERED</p4>
<p5>integer CYRUS_CALLBACK_NUMBERED</p5>
</PHPModuleRef><PHPModuleRef>
<t>CYRUS_CONN_INITIALRESPONSE</t>
<mn>cyrus</mn>
<ft>C</ft>
<p4>integer CYRUS_CONN_INITIALRESPONSE</p4>
<p5>integer CYRUS_CONN_INITIALRESPONSE</p5>
</PHPModuleRef><PHPModuleRef>
<t>CYRUS_CONN_NONSYNCLITERAL</t>
<mn>cyrus</mn>
<ft>C</ft>
<p4>integer CYRUS_CONN_NONSYNCLITERAL</p4>
<p5>integer CYRUS_CONN_NONSYNCLITERAL</p5>
</PHPModuleRef></PHPModuleRef-List>
