<?xml version="1.0" encoding="utf-8"?>
<PHPModuleRef-List>
<PHPModuleRef>
<t>checkdate</t>
<mn>date</mn>
<ft>F</ft>
<ver>4_0_0,4_0_1,4_0_2,4_0_3,4_0_4,4_0_5,4_0_6,4_1_0,4_1_1,4_1_2,4_2_0,4_2_1,4_2_2,4_2_3,4_3_0,4_3_1,4_3_10,4_3_11,4_3_2,4_3_3,4_3_4,4_3_5,4_3_6,4_3_7,4_3_8,4_3_9,4_4_0,4_4_1,4_4_2,4_4_3,4_4_4,4_4_5,4_4_6,4_cvs,5_0_0,5_0_1,5_0_2,5_0_3,5_1_0,5_1_1,5_1_2,5_1_3,5_1_4,5_1_5,5_1_6,5_2_0,5_2_1,5_cvs</ver>
<p4>bool checkdate(int month, int day, int year)</p4>
<p4d>Returns true(1) if it is a valid date in gregorian calendar </p4d>
<p5>bool checkdate(int month, int day, int year)</p5>
<p5d>Returns true(1) if it is a valid date in gregorian calendar </p5d>
<texts><text><lng>bg</lng>
<d>Проверява Грегорианска дата</d>
</text><text><lng>cs</lng>
<d>Zkontroluje gregoriánské datum</d>
</text><text><lng>de</lng>
<d>Prüft ein Gregorianisches Datum auf Gültigkeit</d>
</text><text><lng>el</lng>
<d>Ελέγξτε την εγκυρότητα μίας Γρηγοριανής Ημερομηνίας</d>
</text><text><lng>en</lng>
<d>Validate a Gregorian date</d>
</text><text><lng>es</lng>
<d>Vaidar una fecha Gregoriana</d>
</text></texts></PHPModuleRef><PHPModuleRef>
<t>date</t>
<mn>date</mn>
<ft>F</ft>
<ver>4_0_0,4_0_1,4_0_2,4_0_3,4_0_4,4_0_5,4_0_6,4_1_0,4_1_1,4_1_2,4_2_0,4_2_1,4_2_2,4_2_3,4_3_0,4_3_1,4_3_10,4_3_11,4_3_2,4_3_3,4_3_4,4_3_5,4_3_6,4_3_7,4_3_8,4_3_9,4_4_0,4_4_1,4_4_2,4_4_3,4_4_4,4_4_5,4_4_6,4_cvs,5_0_0,5_0_1,5_0_2,5_0_3,5_1_0,5_1_1,5_1_2,5_1_3,5_1_4,5_1_5,5_1_6,5_2_0,5_2_1,5_cvs</ver>
<p4>string date(string format [, int timestamp])</p4>
<p4d>Format a local time/date </p4d>
<p5>string date(string format [, long timestamp])</p5>
<p5d>Format a local date/time </p5d>
<texts><text><lng>bg</lng>
<d>Форматира местно време/дата</d>
</text><text><lng>cs</lng>
<d>Formátuje místní datum/čas</d>
</text><text><lng>de</lng>
<d>Formatiert ein(e) angegebene(s) Zeit/Datum</d>
</text><text><lng>el</lng>
<d>Σχηματίστε μία τοπική ώρα/ημερομηνία</d>
</text><text><lng>en</lng>
<d>Format a local time/date</d>
</text><text><lng>es</lng>
<d>Dar formato a una hora/fecha local</d>
</text></texts></PHPModuleRef><PHPModuleRef>
<t>date_create</t>
<mn>date</mn>
<ft>F</ft>
<ver>5_1_0,5_1_1,5_1_2,5_1_3,5_1_4,5_1_5,5_1_6,5_2_0,5_2_1,5_cvs</ver>
<p5>DateTime date_create([string time[, DateTimeZone object]])</p5>
<p5d>Returns new DateTime object </p5d>
<texts><text><lng>en</lng>
<d>Returns new DateTime object</d>
</text></texts></PHPModuleRef><PHPModuleRef>
<t>date_date_set</t>
<mn>date</mn>
<ft>F</ft>
<ver>5_1_0,5_1_1,5_1_2,5_1_3,5_1_4,5_1_5,5_1_6,5_2_0,5_2_1,5_cvs</ver>
<p5>void date_date_set(DateTime object, long year, long month, long day)</p5>
<p5d>Sets the date. </p5d>
<texts><text><lng>en</lng>
<d>Sets the date</d>
</text></texts></PHPModuleRef><PHPModuleRef>
<t>date_default_timezone_get</t>
<mn>date</mn>
<ft>F</ft>
<ver>5_1_0,5_1_1,5_1_2,5_1_3,5_1_4,5_1_5,5_1_6,5_2_0,5_2_1,5_cvs</ver>
<p5>string date_default_timezone_get()</p5>
<p5d>Gets the default timezone used by all date/time functions in a script </p5d>
<texts><text><lng>en</lng>
<d>Gets the default timezone used by all date/time functions in a script</d>
</text></texts></PHPModuleRef><PHPModuleRef>
<t>date_default_timezone_set</t>
<mn>date</mn>
<ft>F</ft>
<ver>5_1_0,5_1_1,5_1_2,5_1_3,5_1_4,5_1_5,5_1_6,5_2_0,5_2_1,5_cvs</ver>
<p5>bool date_default_timezone_set(string timezone_identifier)</p5>
<p5d>Sets the default timezone used by all date/time functions in a script </p5d>
<texts><text><lng>en</lng>
<d>Sets the default timezone used by all date/time functions in a script</d>
</text></texts></PHPModuleRef><PHPModuleRef>
<t>date_format</t>
<mn>date</mn>
<ft>F</ft>
<ver>5_1_0,5_1_1,5_1_2,5_1_3,5_1_4,5_1_5,5_1_6,5_2_0,5_2_1,5_cvs</ver>
<p5>string date_format(DateTime object, string format)</p5>
<p5d>Returns date formatted according to given format </p5d>
<texts><text><lng>en</lng>
<d>Returns date formatted according to given format</d>
</text></texts></PHPModuleRef><PHPModuleRef>
<t>date_format_locale</t>
<mn>date</mn>
<ft>F</ft>
<ver>5_cvs</ver>
<p5>string date_format_locale(DateTime object, string format)</p5>
<p5d></p5d>
</PHPModuleRef><PHPModuleRef>
<t>date_isodate_set</t>
<mn>date</mn>
<ft>F</ft>
<ver>5_1_0,5_1_1,5_1_2,5_1_3,5_1_4,5_1_5,5_1_6,5_2_0,5_2_1,5_cvs</ver>
<p5>void date_isodate_set(DateTime object, long year, long week[, long day])</p5>
<p5d>Sets the ISO date. </p5d>
<texts><text><lng>en</lng>
<d>Sets the ISO date</d>
</text></texts></PHPModuleRef><PHPModuleRef>
<t>date_modify</t>
<mn>date</mn>
<ft>F</ft>
<ver>5_1_0,5_1_1,5_1_2,5_1_3,5_1_4,5_1_5,5_1_6,5_2_0,5_2_1,5_cvs</ver>
<p5>void date_modify(DateTime object, string modify)</p5>
<p5d>Alters the timestamp. </p5d>
<texts><text><lng>en</lng>
<d>Alters the timestamp</d>
</text></texts></PHPModuleRef><PHPModuleRef>
<t>date_offset_get</t>
<mn>date</mn>
<ft>F</ft>
<ver>5_1_0,5_1_1,5_1_2,5_1_3,5_1_4,5_1_5,5_1_6,5_2_0,5_2_1,5_cvs</ver>
<p5>long date_offset_get(DateTime object)</p5>
<p5d>Returns the DST offset. </p5d>
<texts><text><lng>en</lng>
<d>Returns the daylight saving time offset</d>
</text></texts></PHPModuleRef><PHPModuleRef>
<t>date_parse</t>
<mn>date</mn>
<ft>F</ft>
<ver>5_1_3,5_1_4,5_1_5,5_1_6,5_2_0,5_2_1,5_cvs</ver>
<p5>array date_parse(string date)</p5>
<p5d>Returns associative array with detailed info about given date </p5d>
<texts><text><lng>en</lng>
<d>Returns associative array with detailed info about given date</d>
</text></texts></PHPModuleRef><PHPModuleRef>
<t>date_sunrise</t>
<mn>date</mn>
<ft>F</ft>
<ver>5_0_0,5_0_1,5_0_2,5_0_3,5_1_0,5_1_1,5_1_2,5_1_3,5_1_4,5_1_5,5_1_6,5_2_0,5_2_1,5_cvs</ver>
<p5>mixed date_sunrise(mixed time [, int format [, float latitude [, float longitude [, float zenith [,</p5>
<p5d>Returns time of sunrise for a given day and location </p5d>
<texts><text><lng>en</lng>
<d>Returns time of sunrise for a given day and location</d>
</text><text><lng>es</lng>
<d>Obtiene la hora del amanecer de un día y lugar concretos</d>
</text></texts></PHPModuleRef><PHPModuleRef>
<t>date_sunset</t>
<mn>date</mn>
<ft>F</ft>
<ver>5_0_0,5_0_1,5_0_2,5_0_3,5_1_0,5_1_1,5_1_2,5_1_3,5_1_4,5_1_5,5_1_6,5_2_0,5_2_1,5_cvs</ver>
<p5>mixed date_sunset(mixed time [, int format [, float latitude [, float longitude [, float zenith [, f</p5>
<p5d>Returns time of sunset for a given day and location </p5d>
<texts><text><lng>en</lng>
<d>Returns time of sunset for a given day and location</d>
</text><text><lng>es</lng>
<d>Obtiene la hora del atardecer de un día y lugar concretos</d>
</text></texts></PHPModuleRef><PHPModuleRef>
<t>date_sun_info</t>
<mn>date</mn>
<ft>F</ft>
<ver>5_1_2,5_1_3,5_1_4,5_1_5,5_1_6,5_2_0,5_2_1,5_cvs</ver>
<p5>array date_sun_info(long time, float latitude, float longitude)</p5>
<p5d>Returns an array with information about sun set/rise and twilight begin/end </p5d>
<texts><text><lng>en</lng>
<d>Returns an array with information about sunset/sunrise and twilight begin/end</d>
</text></texts></PHPModuleRef><PHPModuleRef>
<t>date_timezone_get</t>
<mn>date</mn>
<ft>F</ft>
<ver>5_1_0,5_1_1,5_1_2,5_1_3,5_1_4,5_1_5,5_1_6,5_2_0,5_2_1,5_cvs</ver>
<p5>DateTimeZone date_timezone_get(DateTime object)</p5>
<p5d>Return new DateTimeZone object relative to give DateTime </p5d>
<texts><text><lng>en</lng>
<d>Return time zone relative to given DateTime</d>
</text></texts></PHPModuleRef><PHPModuleRef>
<t>date_timezone_set</t>
<mn>date</mn>
<ft>F</ft>
<ver>5_1_0,5_1_1,5_1_2,5_1_3,5_1_4,5_1_5,5_1_6,5_2_0,5_2_1,5_cvs</ver>
<p5>void date_timezone_set(DateTime object, DateTimeZone object)</p5>
<p5d>Sets the timezone for the DateTime object. </p5d>
<texts><text><lng>en</lng>
<d>Sets the time zone for the DateTime object</d>
</text></texts></PHPModuleRef><PHPModuleRef>
<t>date_time_set</t>
<mn>date</mn>
<ft>F</ft>
<ver>5_1_0,5_1_1,5_1_2,5_1_3,5_1_4,5_1_5,5_1_6,5_2_0,5_2_1,5_cvs</ver>
<p5>void date_time_set(DateTime object, long hour, long minute[, long second])</p5>
<p5d>Sets the time. </p5d>
<texts><text><lng>en</lng>
<d>Sets the time</d>
</text></texts></PHPModuleRef><PHPModuleRef>
<t>format</t>
<mn>date</mn>
<ft>F</ft>
<ver>5_1_0,5_1_1,5_1_2,5_1_3,5_1_4,5_1_5,5_1_6,5_2_0</ver>
</PHPModuleRef><PHPModuleRef>
<t>getdate</t>
<mn>date</mn>
<ft>F</ft>
<ver>4_0_0,4_0_1,4_0_2,4_0_3,4_0_4,4_0_5,4_0_6,4_1_0,4_1_1,4_1_2,4_2_0,4_2_1,4_2_2,4_2_3,4_3_0,4_3_1,4_3_10,4_3_11,4_3_2,4_3_3,4_3_4,4_3_5,4_3_6,4_3_7,4_3_8,4_3_9,4_4_0,4_4_1,4_4_2,4_4_3,4_4_4,4_4_5,4_4_6,4_cvs,5_0_0,5_0_1,5_0_2,5_0_3,5_1_0,5_1_1,5_1_2,5_1_3,5_1_4,5_1_5,5_1_6,5_2_0,5_2_1,5_cvs</ver>
<p4>array getdate([int timestamp])</p4>
<p4d>Get date/time information </p4d>
<p5>array getdate([int timestamp])</p5>
<p5d>Get date/time information </p5d>
<texts><text><lng>bg</lng>
<d>Взима информация за датата и часа</d>
</text><text><lng>cs</lng>
<d>Vrací informaci o datu/čase</d>
</text><text><lng>de</lng>
<d>Gibt Datums- und Zeitinformationen zurück</d>
</text><text><lng>el</lng>
<d>Ανάκτηση πληροφοριών για την ημερομηνία/ώρα</d>
</text><text><lng>en</lng>
<d>Get date/time information</d>
</text></texts></PHPModuleRef><PHPModuleRef>
<t>getName</t>
<mn>date</mn>
<ft>F</ft>
<ver>5_1_0,5_1_1,5_1_2,5_1_3,5_1_4,5_1_5,5_1_6,5_2_0</ver>
</PHPModuleRef><PHPModuleRef>
<t>getOffset</t>
<mn>date</mn>
<ft>F</ft>
<ver>5_1_0,5_1_1,5_1_2,5_1_3,5_1_4,5_1_5,5_1_6,5_2_0</ver>
</PHPModuleRef><PHPModuleRef>
<t>getTimezone</t>
<mn>date</mn>
<ft>F</ft>
<ver>5_1_0,5_1_1,5_1_2,5_1_3,5_1_4,5_1_5,5_1_6,5_2_0</ver>
</PHPModuleRef><PHPModuleRef>
<t>getTransistions</t>
<mn>date</mn>
<ft>F</ft>
<ver>5_1_0,5_1_1,5_1_2,5_1_3,5_1_4,5_1_5,5_1_6</ver>
</PHPModuleRef><PHPModuleRef>
<t>getTransitions</t>
<mn>date</mn>
<ft>F</ft>
<ver>5_2_0</ver>
</PHPModuleRef><PHPModuleRef>
<t>gmdate</t>
<mn>date</mn>
<ft>F</ft>
<ver>4_0_0,4_0_1,4_0_2,4_0_3,4_0_4,4_0_5,4_0_6,4_1_0,4_1_1,4_1_2,4_2_0,4_2_1,4_2_2,4_2_3,4_3_0,4_3_1,4_3_10,4_3_11,4_3_2,4_3_3,4_3_4,4_3_5,4_3_6,4_3_7,4_3_8,4_3_9,4_4_0,4_4_1,4_4_2,4_4_3,4_4_4,4_4_5,4_4_6,4_cvs,5_0_0,5_0_1,5_0_2,5_0_3,5_1_0,5_1_1,5_1_2,5_1_3,5_1_4,5_1_5,5_1_6,5_2_0,5_2_1,5_cvs</ver>
<p4>string gmdate(string format [, int timestamp])</p4>
<p4d>Format a GMT/UTC date/time </p4d>
<p5>string gmdate(string format [, long timestamp])</p5>
<p5d>Format a GMT date/time </p5d>
<texts><text><lng>bg</lng>
<d>Форматира грийнуички (GMT/UTC) дата и час</d>
</text><text><lng>cs</lng>
<d>Formátuje datum/čas GMT/UTC</d>
</text><text><lng>de</lng>
<d>Formatiert eine GMT/UTC Zeit- Datumsangabe</d>
</text><text><lng>el</lng>
<d>Διαμορφώστε μία GMT/CUT ημερομηνία/ώρα</d>
</text><text><lng>en</lng>
<d>Format a GMT/UTC date/time</d>
</text><text><lng>es</lng>
<d>Dar formato a una fecha/hora GMT/UTC</d>
</text></texts></PHPModuleRef><PHPModuleRef>
<t>gmmktime</t>
<mn>date</mn>
<ft>F</ft>
<ver>4_0_0,4_0_1,4_0_2,4_0_3,4_0_4,4_0_5,4_0_6,4_1_0,4_1_1,4_1_2,4_2_0,4_2_1,4_2_2,4_2_3,4_3_0,4_3_1,4_3_10,4_3_11,4_3_2,4_3_3,4_3_4,4_3_5,4_3_6,4_3_7,4_3_8,4_3_9,4_4_0,4_4_1,4_4_2,4_4_3,4_4_4,4_4_5,4_4_6,4_cvs,5_0_0,5_0_1,5_0_2,5_0_3,5_1_0,5_1_1,5_1_2,5_1_3,5_1_4,5_1_5,5_1_6,5_2_0,5_2_1,5_cvs</ver>
<p4>int gmmktime(int hour, int min, int sec, int mon, int day, int year)</p4>
<p4d>Get UNIX timestamp for a GMT date </p4d>
<p5>int gmmktime([int hour [, int min [, int sec [, int mon [, int day [, int year]]]]]])</p5>
<p5d>Get UNIX timestamp for a GMT date </p5d>
<texts><text><lng>bg</lng>
<d>Взима Unix времеви отпечатък за GMT дата</d>
</text><text><lng>cs</lng>
<d>Vrací UNIXové časové razítko pro datum/čas v GMT</d>
</text><text><lng>de</lng>
<d>Gibt einen Unix-Timestamp (Zeitstempel) für ein GMT Datum zurück</d>
</text><text><lng>el</lng>
<d>Επιστρέφει το UNIX timestamp για μία GMT ημερομηνία</d>
</text><text><lng>en</lng>
<d>Get Unix timestamp for a GMT date</d>
</text><text><lng>es</lng>
<d>Obtiene la marca de tiempo Unix para una fechaGMT</d>
</text></texts></PHPModuleRef><PHPModuleRef>
<t>gmstrftime</t>
<mn>date</mn>
<ft>F</ft>
<ver>4_0_0,4_0_1,4_0_2,4_0_3,4_0_4,4_0_5,4_0_6,4_1_0,4_1_1,4_1_2,4_2_0,4_2_1,4_2_2,4_2_3,4_3_0,4_3_1,4_3_10,4_3_11,4_3_2,4_3_3,4_3_4,4_3_5,4_3_6,4_3_7,4_3_8,4_3_9,4_4_0,4_4_1,4_4_2,4_4_3,4_4_4,4_4_5,4_4_6,4_cvs,5_0_0,5_0_1,5_0_2,5_0_3,5_1_0,5_1_1,5_1_2,5_1_3,5_1_4,5_1_5,5_1_6,5_2_0,5_2_1,5_cvs</ver>
<p4>string gmstrftime(string format [, int timestamp])</p4>
<p4d>Format a GMT/UCT time/date according to locale settings </p4d>
<p5>string gmstrftime(string format [, int timestamp])</p5>
<p5d>Format a GMT/UCT time/date according to locale settings </p5d>
<texts><text><lng>bg</lng>
<d>Форматира GMT/UTC време и дата според локала</d>
</text><text><lng>cs</lng>
<d>Formátuje datum/čas v GMT/UTC vzhledem k národnímu nastavení</d>
</text><text><lng>de</lng>
<d>Formatiert eine Datum-/Zeitangabe in GMT/UTC-Format entsprechend denlokalen Einstellungen</d>
</text><text><lng>el</lng>
<d>Διαμορφώνει μία GMT/CUT ώρα/ημερομηνία σύμφωνα με τις τοπικές ρυθμίσεις</d>
</text><text><lng>en</lng>
<d>Format a GMT/UTC time/date according to locale settings</d>
</text><text><lng>es</lng>
<d>Dar formato a una hora/fecha GMT/UTC de acuerdo aparámetros de la localidad</d>
</text></texts></PHPModuleRef><PHPModuleRef>
<t>idate</t>
<mn>date</mn>
<ft>F</ft>
<ver>5_0_0,5_0_1,5_0_2,5_0_3,5_1_0,5_1_1,5_1_2,5_1_3,5_1_4,5_1_5,5_1_6,5_2_0,5_2_1,5_cvs</ver>
<p5>int idate(string format [, int timestamp])</p5>
<p5d>Format a local time/date as integer </p5d>
<texts><text><lng>bg</lng>
<d>Форматира местно време и дата като цяло число</d>
</text><text><lng>en</lng>
<d>Format a local time/date as integer</d>
</text><text><lng>es</lng>
<d>Formatea la fecha/hora local como un número entero</d>
</text></texts></PHPModuleRef><PHPModuleRef>
<t>localtime</t>
<mn>date</mn>
<ft>F</ft>
<ver>4_0_0,4_0_1,4_0_2,4_0_3,4_0_4,4_0_5,4_0_6,4_1_0,4_1_1,4_1_2,4_2_0,4_2_1,4_2_2,4_2_3,4_3_0,4_3_1,4_3_10,4_3_11,4_3_2,4_3_3,4_3_4,4_3_5,4_3_6,4_3_7,4_3_8,4_3_9,4_4_0,4_4_1,4_4_2,4_4_3,4_4_4,4_4_5,4_4_6,4_cvs,5_0_0,5_0_1,5_0_2,5_0_3,5_1_0,5_1_1,5_1_2,5_1_3,5_1_4,5_1_5,5_1_6,5_2_0,5_2_1,5_cvs</ver>
<p4>array localtime([int timestamp [, bool associative_array]])</p4>
<p4d>Returns the results of the C system call localtime as an associative array if the associative_array argument is set to 1 other wise it is a regular array </p4d>
<p5>array localtime([int timestamp [, bool associative_array]])</p5>
<p5d>Returns the results of the C system call localtime as an associative array if the associative_array argument is set to 1 other wise it is a regular array </p5d>
<texts><text><lng>bg</lng>
<d>Взима местното време</d>
</text><text><lng>cs</lng>
<d>Vrací místní čas</d>
</text><text><lng>de</lng>
<d>Ermittelt die lokalen Zeitwerte</d>
</text><text><lng>el</lng>
<d>Επιστρέφει την τοπική ώρα</d>
</text><text><lng>en</lng>
<d>Get the local time</d>
</text><text><lng>es</lng>
<d>Obtener la hora local</d>
</text></texts></PHPModuleRef><PHPModuleRef>
<t>mktime</t>
<mn>date</mn>
<ft>F</ft>
<ver>4_0_0,4_0_1,4_0_2,4_0_3,4_0_4,4_0_5,4_0_6,4_1_0,4_1_1,4_1_2,4_2_0,4_2_1,4_2_2,4_2_3,4_3_0,4_3_1,4_3_10,4_3_11,4_3_2,4_3_3,4_3_4,4_3_5,4_3_6,4_3_7,4_3_8,4_3_9,4_4_0,4_4_1,4_4_2,4_4_3,4_4_4,4_4_5,4_4_6,4_cvs,5_0_0,5_0_1,5_0_2,5_0_3,5_1_0,5_1_1,5_1_2,5_1_3,5_1_4,5_1_5,5_1_6,5_2_0,5_2_1,5_cvs</ver>
<p4>int mktime(int hour, int min, int sec, int mon, int day, int year)</p4>
<p4d>Get UNIX timestamp for a date </p4d>
<p5>int mktime([int hour [, int min [, int sec [, int mon [, int day [, int year]]]]]])</p5>
<p5d>Get UNIX timestamp for a date </p5d>
<texts><text><lng>bg</lng>
<d>Взима Unix времеви отпечатък за дата</d>
</text><text><lng>cs</lng>
<d>Vrací UNIXové časové razítko pro datum/čas</d>
</text><text><lng>de</lng>
<d>Gibt den Unix-Timestamp/Zeitstempel für ein Datum zurück</d>
</text><text><lng>el</lng>
<d>Επιστρέφει το UNIX timestamp για μία δοσμένη ημερομηνία</d>
</text><text><lng>en</lng>
<d>Get Unix timestamp for a date</d>
</text><text><lng>es</lng>
<d>Obtener la marca de tiempo Unix de una fecha</d>
</text></texts></PHPModuleRef><PHPModuleRef>
<t>modify</t>
<mn>date</mn>
<ft>F</ft>
<ver>5_1_0,5_1_1,5_1_2,5_1_3,5_1_4,5_1_5,5_1_6,5_2_0</ver>
</PHPModuleRef><PHPModuleRef>
<t>setDate</t>
<mn>date</mn>
<ft>F</ft>
<ver>5_1_0,5_1_1,5_1_2,5_1_3,5_1_4,5_1_5,5_1_6,5_2_0</ver>
</PHPModuleRef><PHPModuleRef>
<t>setISODate</t>
<mn>date</mn>
<ft>F</ft>
<ver>5_1_0,5_1_1,5_1_2,5_1_3,5_1_4,5_1_5,5_1_6,5_2_0</ver>
</PHPModuleRef><PHPModuleRef>
<t>setTime</t>
<mn>date</mn>
<ft>F</ft>
<ver>5_1_0,5_1_1,5_1_2,5_1_3,5_1_4,5_1_5,5_1_6,5_2_0</ver>
</PHPModuleRef><PHPModuleRef>
<t>setTimezone</t>
<mn>date</mn>
<ft>F</ft>
<ver>5_1_0,5_1_1,5_1_2,5_1_3,5_1_4,5_1_5,5_1_6,5_2_0</ver>
</PHPModuleRef><PHPModuleRef>
<t>strftime</t>
<mn>date</mn>
<ft>F</ft>
<ver>4_0_0,4_0_1,4_0_2,4_0_3,4_0_4,4_0_5,4_0_6,4_1_0,4_1_1,4_1_2,4_2_0,4_2_1,4_2_2,4_2_3,4_3_0,4_3_1,4_3_10,4_3_11,4_3_2,4_3_3,4_3_4,4_3_5,4_3_6,4_3_7,4_3_8,4_3_9,4_4_0,4_4_1,4_4_2,4_4_3,4_4_4,4_4_5,4_4_6,4_cvs,5_0_0,5_0_1,5_0_2,5_0_3,5_1_0,5_1_1,5_1_2,5_1_3,5_1_4,5_1_5,5_1_6,5_2_0,5_2_1,5_cvs</ver>
<p4>string strftime(string format [, int timestamp])</p4>
<p4d>Format a local time/date according to locale settings </p4d>
<p5>string strftime(string format [, int timestamp])</p5>
<p5d>Format a local time/date according to locale settings </p5d>
<texts><text><lng>bg</lng>
<d>Форматира местно време и дата съгласно локала</d>
</text><text><lng>cs</lng>
<d>Formátuje místní čas/datum s ohledem na nastavení národních specifik</d>
</text><text><lng>de</lng>
<d>Formatiert eine Zeit-/Datumsangabe nach den lokalen Einstellungen</d>
</text><text><lng>el</lng>
<d>Διαμορφώνει μια τοπική ώρα/ημερομηνία σύμφωνα με τις τοπικές ρυθμίσεις</d>
</text><text><lng>en</lng>
<d>Format a local time/date according to locale settings</d>
</text><text><lng>es</lng>
<d>Dar formato a una hora/fecha local de acuerdo a valores delocalidad</d>
</text></texts></PHPModuleRef><PHPModuleRef>
<t>strtotime</t>
<mn>date</mn>
<ft>F</ft>
<ver>4_0_0,4_0_1,4_0_2,4_0_3,4_0_4,4_0_5,4_0_6,4_1_0,4_1_1,4_1_2,4_2_0,4_2_1,4_2_2,4_2_3,4_3_0,4_3_1,4_3_10,4_3_11,4_3_2,4_3_3,4_3_4,4_3_5,4_3_6,4_3_7,4_3_8,4_3_9,4_4_0,4_4_1,4_4_2,4_4_3,4_4_4,4_4_5,4_4_6,4_cvs,5_0_0,5_0_1,5_0_2,5_0_3,5_1_0,5_1_1,5_1_2,5_1_3,5_1_4,5_1_5,5_1_6,5_2_0,5_2_1,5_cvs</ver>
<p4>int strtotime(string time, int now)</p4>
<p4d>Convert string representation of date and time to a timestamp </p4d>
<p5>int strtotime(string time [, int now ])</p5>
<p5d>Convert string representation of date and time to a timestamp </p5d>
<texts><text><lng>bg</lng>
<d>Прави разбор (parse) на каквото и да е английско описание за час и дата в Unix времеви отпечатък (timestamp)</d>
</text><text><lng>de</lng>
<d>Wandelt ein beliebiges Datum (englisches Format) in einenUNIX-Zeitstempel (Timestamp) um.</d>
</text><text><lng>el</lng>
<d>Μετατρέψτε σχεδόν οποιαδήποτε ημερομηνία ή ώρα που είναι σε μορφή Αγγλικού κειμένου σε ένα UNIX

     timestamp</d>
</text><text><lng>en</lng>
<d>Parse about any English textual datetime description into a Unix timestamp</d>
</text><text><lng>es</lng>
<d>Procesar cualquier descripción textual de fecha/hora en Inglés
	 convirtiéndola en una timestamp de UNIX.</d>
</text></texts></PHPModuleRef><PHPModuleRef>
<t>time</t>
<mn>date</mn>
<ft>F</ft>
<ver>4_0_0,4_0_1,4_0_2,4_0_3,4_0_4,4_0_5,4_0_6,4_1_0,4_1_1,4_1_2,4_2_0,4_2_1,4_2_2,4_2_3,4_3_0,4_3_1,4_3_10,4_3_11,4_3_2,4_3_3,4_3_4,4_3_5,4_3_6,4_3_7,4_3_8,4_3_9,4_4_0,4_4_1,4_4_2,4_4_3,4_4_4,4_4_5,4_4_6,4_cvs,5_0_0,5_0_1,5_0_2,5_0_3,5_1_0,5_1_1,5_1_2,5_1_3,5_1_4,5_1_5,5_1_6,5_2_0,5_2_1,5_cvs</ver>
<p4>int time(void)</p4>
<p4d>Return current UNIX timestamp </p4d>
<p5>int time(void)</p5>
<p5d>Return current UNIX timestamp </p5d>
<texts><text><lng>bg</lng>
<d>Връща текущия Unix времеви отпечатък</d>
</text><text><lng>de</lng>
<d>Gibt den gegenwärtigen Unix-Timestamp/Zeitstempel zurück</d>
</text><text><lng>el</lng>
<d>Επιστρέφει το τρέχων UNIX timestamp</d>
</text><text><lng>en</lng>
<d>Return current Unix timestamp</d>
</text><text><lng>es</lng>
<d>Devuelve la marca de tiempo Unix actual</d>
</text></texts></PHPModuleRef><PHPModuleRef>
<t>timezone_abbreviations_list</t>
<mn>date</mn>
<ft>F</ft>
<ver>5_1_0,5_1_1,5_1_2,5_1_3,5_1_4,5_1_5,5_1_6,5_2_0,5_2_1,5_cvs</ver>
<p5>array timezone_abbreviations_list()</p5>
<p5d>Returns associative array containing dst, offset and the timezone name </p5d>
<texts><text><lng>en</lng>
<d>Returns associative array containing dst, offset and the timezone name</d>
</text></texts></PHPModuleRef><PHPModuleRef>
<t>timezone_identifiers_list</t>
<mn>date</mn>
<ft>F</ft>
<ver>5_1_0,5_1_1,5_1_2,5_1_3,5_1_4,5_1_5,5_1_6,5_2_0,5_2_1,5_cvs</ver>
<p5>array timezone_identifiers_list()</p5>
<p5d>Returns numerically index array with all timezone identifiers. </p5d>
<texts><text><lng>en</lng>
<d>Returns numerically index array with all timezone identifiers</d>
</text></texts></PHPModuleRef><PHPModuleRef>
<t>timezone_name_from_abbr</t>
<mn>date</mn>
<ft>F</ft>
<ver>5_1_3,5_1_4,5_1_5,5_1_6,5_2_0,5_2_1,5_cvs</ver>
<p5>string timezone_name_from_abbr(string abbr[, long gmtOffset[, long isdst]])</p5>
<p5d>Returns the timezone name from abbrevation </p5d>
<texts><text><lng>en</lng>
<d>Returns the timezone name from abbrevation</d>
</text></texts></PHPModuleRef><PHPModuleRef>
<t>timezone_name_get</t>
<mn>date</mn>
<ft>F</ft>
<ver>5_1_0,5_1_1,5_1_2,5_1_3,5_1_4,5_1_5,5_1_6,5_2_0,5_2_1,5_cvs</ver>
<p5>string timezone_name_get(DateTimeZone object)</p5>
<p5d>Returns the name of the timezone. </p5d>
<texts><text><lng>en</lng>
<d>Returns the name of the timezone</d>
</text></texts></PHPModuleRef><PHPModuleRef>
<t>timezone_offset_get</t>
<mn>date</mn>
<ft>F</ft>
<ver>5_1_0,5_1_1,5_1_2,5_1_3,5_1_4,5_1_5,5_1_6,5_2_0,5_2_1,5_cvs</ver>
<p5>long timezone_offset_get(DateTimeZone object, DateTime object)</p5>
<p5d>Returns the timezone offset. </p5d>
<texts><text><lng>en</lng>
<d>Returns the timezone offset from GMT</d>
</text></texts></PHPModuleRef><PHPModuleRef>
<t>timezone_open</t>
<mn>date</mn>
<ft>F</ft>
<ver>5_1_0,5_1_1,5_1_2,5_1_3,5_1_4,5_1_5,5_1_6,5_2_0,5_2_1,5_cvs</ver>
<p5>DateTimeZone timezone_open(string timezone)</p5>
<p5d>Returns new DateTimeZone object </p5d>
<texts><text><lng>en</lng>
<d>Returns new DateTimeZone object</d>
</text></texts></PHPModuleRef><PHPModuleRef>
<t>timezone_transistions_get</t>
<mn>date</mn>
<ft>F</ft>
<ver>5_1_0,5_1_1,5_1_2,5_1_3,5_1_4,5_1_5,5_1_6</ver>
</PHPModuleRef><PHPModuleRef>
<t>timezone_transitions_get</t>
<mn>date</mn>
<ft>F</ft>
<ver>5_2_0,5_2_1,5_cvs</ver>
<p5>array timezone_transitions_get(DateTimeZone object)</p5>
<p5d>Returns numeracilly indexed array containing associative array for all transitions for the timezone. </p5d>
<texts><text><lng>en</lng>
<d>Returns all transitions for the timezone</d>
</text></texts></PHPModuleRef></PHPModuleRef-List>
