<?xml version="1.0" encoding="utf-8"?>
<PHPModuleRef-List>
<PHPModuleRef>
<t>dblist</t>
<mn>db</mn>
<ft>F</ft>
<ver>4_0_0,4_0_1,4_0_2,4_0_3,4_0_4,4_0_5,4_0_6,4_1_0,4_1_1,4_1_2,4_2_0,4_2_1,4_2_2,4_2_3,4_3_0,4_3_1,4_3_10,4_3_11,4_3_2,4_3_3,4_3_4,4_3_5,4_3_6,4_3_7,4_3_8,4_3_9,4_4_0,4_4_1,4_4_2,4_4_3,4_4_4,4_4_5,4_4_6,4_cvs</ver>
<p4>string dblist(void)</p4>
<p4d>Describes the dbm-compatible library being used </p4d>
<texts><text><lng>cs</lng>
<d>Získat název používané DBM-kompatibilní knihovny</d>
</text><text><lng>de</lng>
<d>Liefert eine Beschreibung, welches DBM-Formatverwendet wird.</d>
</text><text><lng>en</lng>
<d>Describes the DBM-compatible library being used</d>
</text><text><lng>es</lng>
<d>Describe la biblioteca compatible con DBM usada</d>
</text></texts></PHPModuleRef><PHPModuleRef>
<t>dbmclose</t>
<mn>db</mn>
<ft>F</ft>
<ver>4_0_0,4_0_1,4_0_2,4_0_3,4_0_4,4_0_5,4_0_6,4_1_0,4_1_1,4_1_2,4_2_0,4_2_1,4_2_2,4_2_3,4_3_0,4_3_1,4_3_10,4_3_11,4_3_2,4_3_3,4_3_4,4_3_5,4_3_6,4_3_7,4_3_8,4_3_9,4_4_0,4_4_1,4_4_2,4_4_3,4_4_4,4_4_5,4_4_6,4_cvs</ver>
<p4>bool dbmclose(int dbm_identifier)</p4>
<p4d>Closes a dbm database </p4d>
<texts><text><lng>cs</lng>
<d>Zavřít dbm databázi</d>
</text><text><lng>de</lng>
<d>Schließen einer DBM Datenbank</d>
</text><text><lng>en</lng>
<d>Closes a dbm database</d>
</text><text><lng>es</lng>
<d>cierra una base de datos dbm</d>
</text></texts></PHPModuleRef><PHPModuleRef>
<t>dbmdelete</t>
<mn>db</mn>
<ft>F</ft>
<ver>4_0_0,4_0_1,4_0_2,4_0_3,4_0_4,4_0_5,4_0_6,4_1_0,4_1_1,4_1_2,4_2_0,4_2_1,4_2_2,4_2_3,4_3_0,4_3_1,4_3_10,4_3_11,4_3_2,4_3_3,4_3_4,4_3_5,4_3_6,4_3_7,4_3_8,4_3_9,4_4_0,4_4_1,4_4_2,4_4_3,4_4_4,4_4_5,4_4_6,4_cvs</ver>
<p4>int dbmdelete(int dbm_identifier, string key)</p4>
<p4d>Deletes the value for a key from a dbm database </p4d>
<texts><text><lng>cs</lng>
<d>Smazat v DMB databázi hodnotu spojenou s určitým klíčem</d>
</text><text><lng>de</lng>
<d>Löscht einen Datensatz mit dem angegebenen Schlüssel
     aus der DBM Datenbank.</d>
</text><text><lng>en</lng>
<d>Deletes the value for a key from a DBM database</d>
</text><text><lng>es</lng>
<d>borra el valor de una clave de una base de datos dbm</d>
</text></texts></PHPModuleRef><PHPModuleRef>
<t>dbmexists</t>
<mn>db</mn>
<ft>F</ft>
<ver>4_0_0,4_0_1,4_0_2,4_0_3,4_0_4,4_0_5,4_0_6,4_1_0,4_1_1,4_1_2,4_2_0,4_2_1,4_2_2,4_2_3,4_3_0,4_3_1,4_3_10,4_3_11,4_3_2,4_3_3,4_3_4,4_3_5,4_3_6,4_3_7,4_3_8,4_3_9,4_4_0,4_4_1,4_4_2,4_4_3,4_4_4,4_4_5,4_4_6,4_cvs</ver>
<p4>int dbmexists(int dbm_identifier, string key)</p4>
<p4d>Tells if a value exists for a key in a dbm database </p4d>
<texts><text><lng>cs</lng>
<d>Zjistí, jestli pro zadaný klíč existuje v DBM databázi hodnota</d>
</text><text><lng>de</lng>
<d>Prüft, ob ein Eintrag für den angegebenen Schlüssel
     in der DBM Datenbank vorhanden ist.</d>
</text><text><lng>en</lng>
<d>Tells if a value exists for a key in a DBM database</d>
</text><text><lng>es</lng>
<d>dice si existe un valor para una clave dada en la base de datos dbm</d>
</text></texts></PHPModuleRef><PHPModuleRef>
<t>dbmfetch</t>
<mn>db</mn>
<ft>F</ft>
<ver>4_0_0,4_0_1,4_0_2,4_0_3,4_0_4,4_0_5,4_0_6,4_1_0,4_1_1,4_1_2,4_2_0,4_2_1,4_2_2,4_2_3,4_3_0,4_3_1,4_3_10,4_3_11,4_3_2,4_3_3,4_3_4,4_3_5,4_3_6,4_3_7,4_3_8,4_3_9,4_4_0,4_4_1,4_4_2,4_4_3,4_4_4,4_4_5,4_4_6,4_cvs</ver>
<p4>string dbmfetch(int dbm_identifier, string key)</p4>
<p4d>Fetches a value for a key from a dbm database </p4d>
<texts><text><lng>cs</lng>
<d>Získat z DBM databáze hodnotu spojenou s určitým klíčem</d>
</text><text><lng>de</lng>
<d>Holt einen Datensatz mit dem angegebenen Schlüssel
     aus der DBM Datenbank.</d>
</text><text><lng>en</lng>
<d>Fetches a value for a key from a DBM database</d>
</text><text><lng>es</lng>
<d>obtiene un valor para una clave desde la base de datos dbm</d>
</text></texts></PHPModuleRef><PHPModuleRef>
<t>dbmfirstkey</t>
<mn>db</mn>
<ft>F</ft>
<ver>4_0_0,4_0_1,4_0_2,4_0_3,4_0_4,4_0_5,4_0_6,4_1_0,4_1_1,4_1_2,4_2_0,4_2_1,4_2_2,4_2_3,4_3_0,4_3_1,4_3_10,4_3_11,4_3_2,4_3_3,4_3_4,4_3_5,4_3_6,4_3_7,4_3_8,4_3_9,4_4_0,4_4_1,4_4_2,4_4_3,4_4_4,4_4_5,4_4_6,4_cvs</ver>
<p4>string dbmfirstkey(int dbm_identifier)</p4>
<p4d>Retrieves the first key from a dbm database </p4d>
<texts><text><lng>cs</lng>
<d>Získat z DBM databáze první klíč</d>
</text><text><lng>de</lng>
<d>Gibt den ersten Schlüssel der DBM Datenbank zurück.</d>
</text><text><lng>en</lng>
<d>Retrieves the first key from a DBM database</d>
</text><text><lng>es</lng>
<d>obtiene la primera clave de una base de datos dbm</d>
</text></texts></PHPModuleRef><PHPModuleRef>
<t>dbminsert</t>
<mn>db</mn>
<ft>F</ft>
<ver>4_0_0,4_0_1,4_0_2,4_0_3,4_0_4,4_0_5,4_0_6,4_1_0,4_1_1,4_1_2,4_2_0,4_2_1,4_2_2,4_2_3,4_3_0,4_3_1,4_3_10,4_3_11,4_3_2,4_3_3,4_3_4,4_3_5,4_3_6,4_3_7,4_3_8,4_3_9,4_4_0,4_4_1,4_4_2,4_4_3,4_4_4,4_4_5,4_4_6,4_cvs</ver>
<p4>int dbminsert(int dbm_identifier, string key, string value)</p4>
<p4d>Inserts a value for a key in a dbm database </p4d>
<texts><text><lng>cs</lng>
<d>Vložit do DBM databáze hodnotu a klíč</d>
</text><text><lng>de</lng>
<d>Schreibt einen Datensatz mit dem angegebenen Schlüssel
     in die DBM Datenbank.</d>
</text><text><lng>en</lng>
<d>Inserts a value for a key in a DBM database</d>
</text><text><lng>es</lng>
<d>inserta un valor para una clave en la base de datos dbm</d>
</text></texts></PHPModuleRef><PHPModuleRef>
<t>dbmnextkey</t>
<mn>db</mn>
<ft>F</ft>
<ver>4_0_0,4_0_1,4_0_2,4_0_3,4_0_4,4_0_5,4_0_6,4_1_0,4_1_1,4_1_2,4_2_0,4_2_1,4_2_2,4_2_3,4_3_0,4_3_1,4_3_10,4_3_11,4_3_2,4_3_3,4_3_4,4_3_5,4_3_6,4_3_7,4_3_8,4_3_9,4_4_0,4_4_1,4_4_2,4_4_3,4_4_4,4_4_5,4_4_6,4_cvs</ver>
<p4>string dbmnextkey(int dbm_identifier, string key)</p4>
<p4d>Retrieves the next key from a dbm database </p4d>
<texts><text><lng>cs</lng>
<d>Získat další klíč z DBM databáze</d>
</text><text><lng>de</lng>
<d>Stellt den nächsten Schlüssel aus den Datenbank zur Verfügung.</d>
</text><text><lng>es</lng>
<d>obtiene la siguiente clave de una base de datos dbm</d>
</text></texts></PHPModuleRef><PHPModuleRef>
<t>dbmopen</t>
<mn>db</mn>
<ft>F</ft>
<ver>4_0_0,4_0_1,4_0_2,4_0_3,4_0_4,4_0_5,4_0_6,4_1_0,4_1_1,4_1_2,4_2_0,4_2_1,4_2_2,4_2_3,4_3_0,4_3_1,4_3_10,4_3_11,4_3_2,4_3_3,4_3_4,4_3_5,4_3_6,4_3_7,4_3_8,4_3_9,4_4_0,4_4_1,4_4_2,4_4_3,4_4_4,4_4_5,4_4_6,4_cvs</ver>
<p4>int dbmopen(string filename, string mode)</p4>
<p4d>Opens a dbm database </p4d>
<texts><text><lng>cs</lng>
<d>Otevřít DBM databázi</d>
</text><text><lng>de</lng>
<d>Öffnen einer DBM Datenbank</d>
</text><text><lng>en</lng>
<d>Opens a DBM database</d>
</text><text><lng>es</lng>
<d>Abre una base de datos DBM</d>
</text></texts></PHPModuleRef><PHPModuleRef>
<t>dbmreplace</t>
<mn>db</mn>
<ft>F</ft>
<ver>4_0_0,4_0_1,4_0_2,4_0_3,4_0_4,4_0_5,4_0_6,4_1_0,4_1_1,4_1_2,4_2_0,4_2_1,4_2_2,4_2_3,4_3_0,4_3_1,4_3_10,4_3_11,4_3_2,4_3_3,4_3_4,4_3_5,4_3_6,4_3_7,4_3_8,4_3_9,4_4_0,4_4_1,4_4_2,4_4_3,4_4_4,4_4_5,4_4_6,4_cvs</ver>
<p4>int dbmreplace(int dbm_identifier, string key, string value)</p4>
<p4d>Replaces the value for a key in a dbm database </p4d>
<texts><text><lng>cs</lng>
<d>Nahredit v DBM databázi hodnotu s určitým klíčem</d>
</text><text><lng>de</lng>
<d>Ersetzt einen Datensatz mit dem angegebenen Schlüssel
     in der DBM Datenbank.</d>
</text><text><lng>en</lng>
<d>Replaces the value for a key in a DBM database</d>
</text><text><lng>es</lng>
<d>sustituye el valor de una clave en la base de datos dbm</d>
</text></texts></PHPModuleRef><PHPModuleRef>
<t>db_id_list</t>
<mn>db</mn>
<ft>F</ft>
<ver>4_3_0,4_3_1,4_3_10,4_3_11,4_3_2,4_3_3,4_3_4,4_3_5,4_3_6,4_3_7,4_3_8,4_3_9,4_4_0,4_4_1,4_4_2,4_4_3,4_4_4,4_4_5,4_4_6,4_cvs</ver>
</PHPModuleRef></PHPModuleRef-List>
