<?xml version="1.0" encoding="utf-8"?>
<PHPModuleRef-List>
<PHPModuleRef>
<t>dbase_add_record</t>
<mn>dbase</mn>
<ft>F</ft>
<ver>4_0_0,4_0_1,4_0_2,4_0_3,4_0_4,4_0_5,4_0_6,4_1_0,4_1_1,4_1_2,4_2_0,4_2_1,4_2_2,4_2_3,4_3_0,4_3_1,4_3_10,4_3_11,4_3_2,4_3_3,4_3_4,4_3_5,4_3_6,4_3_7,4_3_8,4_3_9,4_4_0,4_4_1,4_4_2,4_4_3,4_4_4,4_4_5,4_4_6,4_cvs,5_0_0,5_0_1,5_0_2,5_0_3,5_1_0,5_1_1,5_1_2,5_1_3,5_1_4,5_1_5,5_1_6,5_2_0,5_2_1,5_cvs</ver>
<p4>bool dbase_add_record(int identifier, array data)</p4>
<p4d>Adds a record to the database </p4d>
<p5>bool dbase_add_record(int identifier, array data)</p5>
<p5d>Adds a record to the database </p5d>
<texts><text><lng>de</lng>
<d>Hängt einen neuen Datensatz an eine dBase-Datenbank an</d>
</text><text><lng>en</lng>
<d>Adds a record to a database</d>
</text><text><lng>es</lng>
<d>Añade un registro a la base de datos</d>
</text></texts></PHPModuleRef><PHPModuleRef>
<t>dbase_close</t>
<mn>dbase</mn>
<ft>F</ft>
<ver>4_0_0,4_0_1,4_0_2,4_0_3,4_0_4,4_0_5,4_0_6,4_1_0,4_1_1,4_1_2,4_2_0,4_2_1,4_2_2,4_2_3,4_3_0,4_3_1,4_3_10,4_3_11,4_3_2,4_3_3,4_3_4,4_3_5,4_3_6,4_3_7,4_3_8,4_3_9,4_4_0,4_4_1,4_4_2,4_4_3,4_4_4,4_4_5,4_4_6,4_cvs,5_0_0,5_0_1,5_0_2,5_0_3,5_1_0,5_1_1,5_1_2,5_1_3,5_1_4,5_1_5,5_1_6,5_2_0,5_2_1,5_cvs</ver>
<p4>bool dbase_close(int identifier)</p4>
<p4d>Closes an open dBase-format database file </p4d>
<p5>bool dbase_close(int identifier)</p5>
<p5d>Closes an open dBase-format database file </p5d>
<texts><text><lng>de</lng>
<d>Schließt eine dBase-Datenbank</d>
</text><text><lng>en</lng>
<d>Closes a database</d>
</text><text><lng>es</lng>
<d>Cierra una base de datos</d>
</text></texts></PHPModuleRef><PHPModuleRef>
<t>dbase_create</t>
<mn>dbase</mn>
<ft>F</ft>
<ver>4_0_0,4_0_1,4_0_2,4_0_3,4_0_4,4_0_5,4_0_6,4_1_0,4_1_1,4_1_2,4_2_0,4_2_1,4_2_2,4_2_3,4_3_0,4_3_1,4_3_10,4_3_11,4_3_2,4_3_3,4_3_4,4_3_5,4_3_6,4_3_7,4_3_8,4_3_9,4_4_0,4_4_1,4_4_2,4_4_3,4_4_4,4_4_5,4_4_6,4_cvs,5_0_0,5_0_1,5_0_2,5_0_3,5_1_0,5_1_1,5_1_2,5_1_3,5_1_4,5_1_5,5_1_6,5_2_0,5_2_1,5_cvs</ver>
<p4>bool dbase_create(string filename, array fields)</p4>
<p4d>Creates a new dBase-format database file </p4d>
<p5>bool dbase_create(string filename, array fields)</p5>
<p5d>Creates a new dBase-format database file </p5d>
<texts><text><lng>de</lng>
<d>Erzeugt eine dBase-Datenbank</d>
</text><text><lng>en</lng>
<d>Creates a database</d>
</text><text><lng>es</lng>
<d>crea una base de datos dBase</d>
</text></texts></PHPModuleRef><PHPModuleRef>
<t>dbase_delete_record</t>
<mn>dbase</mn>
<ft>F</ft>
<ver>4_0_0,4_0_1,4_0_2,4_0_3,4_0_4,4_0_5,4_0_6,4_1_0,4_1_1,4_1_2,4_2_0,4_2_1,4_2_2,4_2_3,4_3_0,4_3_1,4_3_10,4_3_11,4_3_2,4_3_3,4_3_4,4_3_5,4_3_6,4_3_7,4_3_8,4_3_9,4_4_0,4_4_1,4_4_2,4_4_3,4_4_4,4_4_5,4_4_6,4_cvs,5_0_0,5_0_1,5_0_2,5_0_3,5_1_0,5_1_1,5_1_2,5_1_3,5_1_4,5_1_5,5_1_6,5_2_0,5_2_1,5_cvs</ver>
<p4>bool dbase_delete_record(int identifier, int record)</p4>
<p4d>Marks a record to be deleted </p4d>
<p5>bool dbase_delete_record(int identifier, int record)</p5>
<p5d>Marks a record to be deleted </p5d>
<texts><text><lng>de</lng>
<d>Markiert einen Datensatz als gelöscht</d>
</text><text><lng>en</lng>
<d>Deletes a record from a database</d>
</text><text><lng>es</lng>
<d>Borra un registro de la base de datos</d>
</text></texts></PHPModuleRef><PHPModuleRef>
<t>dbase_get_header_info</t>
<mn>dbase</mn>
<ft>F</ft>
<ver>5_0_0,5_0_1,5_0_2,5_0_3,5_1_0,5_1_1,5_1_2,5_1_3,5_1_4,5_1_5,5_1_6,5_2_0,5_2_1,5_cvs</ver>
<p5>array dbase_get_header_info(int database_handle)</p5>
<p5d></p5d>
<texts><text><lng>en</lng>
<d>Gets the header info of a database</d>
</text><text><lng>es</lng>
<d>Obtiene la información de la cabecera de la base de datos</d>
</text></texts></PHPModuleRef><PHPModuleRef>
<t>dbase_get_record</t>
<mn>dbase</mn>
<ft>F</ft>
<ver>4_0_0,4_0_1,4_0_2,4_0_3,4_0_4,4_0_5,4_0_6,4_1_0,4_1_1,4_1_2,4_2_0,4_2_1,4_2_2,4_2_3,4_3_0,4_3_1,4_3_10,4_3_11,4_3_2,4_3_3,4_3_4,4_3_5,4_3_6,4_3_7,4_3_8,4_3_9,4_4_0,4_4_1,4_4_2,4_4_3,4_4_4,4_4_5,4_4_6,4_cvs,5_0_0,5_0_1,5_0_2,5_0_3,5_1_0,5_1_1,5_1_2,5_1_3,5_1_4,5_1_5,5_1_6,5_2_0,5_2_1,5_cvs</ver>
<p4>array dbase_get_record(int identifier, int record)</p4>
<p4d>Returns an array representing a record from the database </p4d>
<p5>array dbase_get_record(int identifier, int record)</p5>
<p5d>Returns an array representing a record from the database </p5d>
<texts><text><lng>de</lng>
<d>Liest einen Datensatz aus einer dBase-Datenbank</d>
</text><text><lng>en</lng>
<d>Gets a record from a database as an indexed array</d>
</text><text><lng>es</lng>
<d>Obtiene un registro de la base de datos en forma de matriz</d>
</text></texts></PHPModuleRef><PHPModuleRef>
<t>dbase_get_record_with_names</t>
<mn>dbase</mn>
<ft>F</ft>
<ver>4_0_0,4_0_1,4_0_2,4_0_3,4_0_4,4_0_5,4_0_6,4_1_0,4_1_1,4_1_2,4_2_0,4_2_1,4_2_2,4_2_3,4_3_0,4_3_1,4_3_10,4_3_11,4_3_2,4_3_3,4_3_4,4_3_5,4_3_6,4_3_7,4_3_8,4_3_9,4_4_0,4_4_1,4_4_2,4_4_3,4_4_4,4_4_5,4_4_6,4_cvs,5_0_0,5_0_1,5_0_2,5_0_3,5_1_0,5_1_1,5_1_2,5_1_3,5_1_4,5_1_5,5_1_6,5_2_0,5_2_1,5_cvs</ver>
<p4>array dbase_get_record_with_names(int identifier, int record)</p4>
<p4d>Returns an associative array representing a record from the database </p4d>
<p5>array dbase_get_record_with_names(int identifier, int record)</p5>
<p5d>Returns an associative array representing a record from the database </p5d>
<texts><text><lng>de</lng>
<d>Gibt einen Datensatz einer dBase-Datenbank als assoziativesArray zurück</d>
</text><text><lng>en</lng>
<d>Gets a record from a database as an associative array</d>
</text><text><lng>es</lng>
<d>Obtiene un registro de la base de datos en forma de matriz asociativa</d>
</text></texts></PHPModuleRef><PHPModuleRef>
<t>dbase_numfields</t>
<mn>dbase</mn>
<ft>F</ft>
<ver>4_0_0,4_0_1,4_0_2,4_0_3,4_0_4,4_0_5,4_0_6,4_1_0,4_1_1,4_1_2,4_2_0,4_2_1,4_2_2,4_2_3,4_3_0,4_3_1,4_3_10,4_3_11,4_3_2,4_3_3,4_3_4,4_3_5,4_3_6,4_3_7,4_3_8,4_3_9,4_4_0,4_4_1,4_4_2,4_4_3,4_4_4,4_4_5,4_4_6,4_cvs,5_0_0,5_0_1,5_0_2,5_0_3,5_1_0,5_1_1,5_1_2,5_1_3,5_1_4,5_1_5,5_1_6,5_2_0,5_2_1,5_cvs</ver>
<p4>int dbase_numfields(int identifier)</p4>
<p4d>Returns the number of fields (columns) in the database </p4d>
<p5>int dbase_numfields(int identifier)</p5>
<p5d>Returns the number of fields (columns) in the database </p5d>
<texts><text><lng>de</lng>
<d>Stellt fest, wieviele Felder eine dBase-Datenbank hat</d>
</text><text><lng>en</lng>
<d>Gets the number of fields of a database</d>
</text><text><lng>es</lng>
<d>Obtiene el número de campos de la base de datos</d>
</text></texts></PHPModuleRef><PHPModuleRef>
<t>dbase_numrecords</t>
<mn>dbase</mn>
<ft>F</ft>
<ver>4_0_0,4_0_1,4_0_2,4_0_3,4_0_4,4_0_5,4_0_6,4_1_0,4_1_1,4_1_2,4_2_0,4_2_1,4_2_2,4_2_3,4_3_0,4_3_1,4_3_10,4_3_11,4_3_2,4_3_3,4_3_4,4_3_5,4_3_6,4_3_7,4_3_8,4_3_9,4_4_0,4_4_1,4_4_2,4_4_3,4_4_4,4_4_5,4_4_6,4_cvs,5_0_0,5_0_1,5_0_2,5_0_3,5_1_0,5_1_1,5_1_2,5_1_3,5_1_4,5_1_5,5_1_6,5_2_0,5_2_1,5_cvs</ver>
<p4>int dbase_numrecords(int identifier)</p4>
<p4d>Returns the number of records in the database </p4d>
<p5>int dbase_numrecords(int identifier)</p5>
<p5d>Returns the number of records in the database </p5d>
<texts><text><lng>de</lng>
<d>Ermittelt die Anzahl der Datensätze einer dBase-Datenbank</d>
</text><text><lng>en</lng>
<d>Gets the number of records in a database</d>
</text><text><lng>es</lng>
<d>Obtiene el número de registros de la base de datos</d>
</text></texts></PHPModuleRef><PHPModuleRef>
<t>dbase_open</t>
<mn>dbase</mn>
<ft>F</ft>
<ver>4_0_0,4_0_1,4_0_2,4_0_3,4_0_4,4_0_5,4_0_6,4_1_0,4_1_1,4_1_2,4_2_0,4_2_1,4_2_2,4_2_3,4_3_0,4_3_1,4_3_10,4_3_11,4_3_2,4_3_3,4_3_4,4_3_5,4_3_6,4_3_7,4_3_8,4_3_9,4_4_0,4_4_1,4_4_2,4_4_3,4_4_4,4_4_5,4_4_6,4_cvs,5_0_0,5_0_1,5_0_2,5_0_3,5_1_0,5_1_1,5_1_2,5_1_3,5_1_4,5_1_5,5_1_6,5_2_0,5_2_1,5_cvs</ver>
<p4>int dbase_open(string name, int mode)</p4>
<p4d>Opens a dBase-format database file </p4d>
<p5>int dbase_open(string name, int mode)</p5>
<p5d>Opens a dBase-format database file </p5d>
<texts><text><lng>de</lng>
<d>Öffnet eine dBase-Datenbank</d>
</text><text><lng>en</lng>
<d>Opens a database</d>
</text><text><lng>es</lng>
<d>Abre una base de datos</d>
</text></texts></PHPModuleRef><PHPModuleRef>
<t>dbase_pack</t>
<mn>dbase</mn>
<ft>F</ft>
<ver>4_0_0,4_0_1,4_0_2,4_0_3,4_0_4,4_0_5,4_0_6,4_1_0,4_1_1,4_1_2,4_2_0,4_2_1,4_2_2,4_2_3,4_3_0,4_3_1,4_3_10,4_3_11,4_3_2,4_3_3,4_3_4,4_3_5,4_3_6,4_3_7,4_3_8,4_3_9,4_4_0,4_4_1,4_4_2,4_4_3,4_4_4,4_4_5,4_4_6,4_cvs,5_0_0,5_0_1,5_0_2,5_0_3,5_1_0,5_1_1,5_1_2,5_1_3,5_1_4,5_1_5,5_1_6,5_2_0,5_2_1,5_cvs</ver>
<p4>bool dbase_pack(int identifier)</p4>
<p4d>Packs the database (deletes records marked for deletion) </p4d>
<p5>bool dbase_pack(int identifier)</p5>
<p5d>Packs the database (deletes records marked for deletion) </p5d>
<texts><text><lng>de</lng>
<d>Entfernt die als gelöscht markierten Datensätze aus der Datenbank</d>
</text><text><lng>en</lng>
<d>Packs a database</d>
</text><text><lng>es</lng>
<d>Comprime una base de datos</d>
</text></texts></PHPModuleRef><PHPModuleRef>
<t>dbase_replace_record</t>
<mn>dbase</mn>
<ft>F</ft>
<ver>4_0_0,4_0_1,4_0_2,4_0_3,4_0_4,4_0_5,4_0_6,4_1_0,4_1_1,4_1_2,4_2_0,4_2_1,4_2_2,4_2_3,4_3_0,4_3_1,4_3_10,4_3_11,4_3_2,4_3_3,4_3_4,4_3_5,4_3_6,4_3_7,4_3_8,4_3_9,4_4_0,4_4_1,4_4_2,4_4_3,4_4_4,4_4_5,4_4_6,4_cvs,5_0_0,5_0_1,5_0_2,5_0_3,5_1_0,5_1_1,5_1_2,5_1_3,5_1_4,5_1_5,5_1_6,5_2_0,5_2_1,5_cvs</ver>
<p4>bool dbase_replace_record(int identifier, array data, int recnum)</p4>
<p4d>Replaces a record to the database </p4d>
<p5>bool dbase_replace_record(int identifier, array data, int recnum)</p5>
<p5d>Replaces a record to the database </p5d>
<texts><text><lng>de</lng>
<d>Ersetzt einen Datensatz in einer dBase-Datenbank</d>
</text><text><lng>en</lng>
<d>Replaces a record in a database</d>
</text><text><lng>es</lng>
<d>Modifica un registro de la base de datos</d>
</text></texts></PHPModuleRef></PHPModuleRef-List>
