<?xml version="1.0" encoding="utf-8"?>
<PHPModuleRef-List>
<PHPModuleRef>
<t>dbx_close</t>
<mn>dbx</mn>
<ft>F</ft>
<ver>4_0_6,4_1_0,4_1_1,4_1_2,4_2_0,4_2_1,4_2_2,4_2_3,4_3_0,4_3_1,4_3_10,4_3_11,4_3_2,4_3_3,4_3_4,4_3_5,4_3_6,4_3_7,4_3_8,4_3_9,4_4_0,4_4_1,4_4_2,4_4_3,4_4_4,4_4_5,4_4_6,4_cvs,5_0_0,5_0_1,5_0_2,5_0_3</ver>
<p4>bool dbx_close(dbx_link_object dbx_link)</p4>
<p4d>Returns success or failure </p4d>
<texts><text><lng>de</lng>
<d>Schließt eine offene Verbindung/Datenbank</d>
</text><text><lng>en</lng>
<d>Close an open connection/database</d>
</text></texts></PHPModuleRef><PHPModuleRef>
<t>dbx_cmp_asc</t>
<mn>dbx</mn>
<ft>F</ft>
<ver>4_0_6</ver>
</PHPModuleRef><PHPModuleRef>
<t>dbx_cmp_desc</t>
<mn>dbx</mn>
<ft>F</ft>
<ver>4_0_6</ver>
</PHPModuleRef><PHPModuleRef>
<t>dbx_compare</t>
<mn>dbx</mn>
<ft>F</ft>
<ver>4_1_0,4_1_1,4_1_2,4_2_0,4_2_1,4_2_2,4_2_3,4_3_0,4_3_1,4_3_10,4_3_11,4_3_2,4_3_3,4_3_4,4_3_5,4_3_6,4_3_7,4_3_8,4_3_9,4_4_0,4_4_1,4_4_2,4_4_3,4_4_4,4_4_5,4_4_6,4_cvs,5_0_0,5_0_1,5_0_2,5_0_3</ver>
<p4>int dbx_compare(array row_x, array row_y, string columnname [, int flags])</p4>
<p4d>Returns row_y[columnname] - row_x[columnname], converted to -1, 0 or 1 </p4d>
<texts><text><lng>de</lng>
<d>Vergleicht zwei Reihen für Sortierzwecke</d>
</text><text><lng>en</lng>
<d>Compare two rows for sorting purposes</d>
</text></texts></PHPModuleRef><PHPModuleRef>
<t>dbx_connect</t>
<mn>dbx</mn>
<ft>F</ft>
<ver>4_0_6,4_1_0,4_1_1,4_1_2,4_2_0,4_2_1,4_2_2,4_2_3,4_3_0,4_3_1,4_3_10,4_3_11,4_3_2,4_3_3,4_3_4,4_3_5,4_3_6,4_3_7,4_3_8,4_3_9,4_4_0,4_4_1,4_4_2,4_4_3,4_4_4,4_4_5,4_4_6,4_cvs,5_0_0,5_0_1,5_0_2,5_0_3</ver>
<p4>dbx_link_object dbx_connect(string module_name, string host, string db, string username, string pass</p4>
<p4d>Returns a dbx_link_object on success and returns 0 on failure </p4d>
<texts><text><lng>de</lng>
<d>Öffnet eine Verbindung/Datenbank</d>
</text><text><lng>en</lng>
<d>Open a connection/database</d>
</text></texts></PHPModuleRef><PHPModuleRef>
<t>dbx_error</t>
<mn>dbx</mn>
<ft>F</ft>
<ver>4_0_6,4_1_0,4_1_1,4_1_2,4_2_0,4_2_1,4_2_2,4_2_3,4_3_0,4_3_1,4_3_10,4_3_11,4_3_2,4_3_3,4_3_4,4_3_5,4_3_6,4_3_7,4_3_8,4_3_9,4_4_0,4_4_1,4_4_2,4_4_3,4_4_4,4_4_5,4_4_6,4_cvs,5_0_0,5_0_1,5_0_2,5_0_3</ver>
<p4>void dbx_error(dbx_link_object dbx_link)</p4>
<p4d>Returns success or failure </p4d>
<texts><text><lng>de</lng>
<d>Liefert die Fehlermeldung des letzten Funktionsaufrufes in dem Modul(nicht nur in der Verbindung).</d>
</text><text><lng>en</lng>
<d>Report the error message of the latest function call in the module</d>
</text></texts></PHPModuleRef><PHPModuleRef>
<t>dbx_escape_string</t>
<mn>dbx</mn>
<ft>F</ft>
<ver>4_3_0,4_3_1,4_3_10,4_3_11,4_3_2,4_3_3,4_3_4,4_3_5,4_3_6,4_3_7,4_3_8,4_3_9,4_4_0,4_4_1,4_4_2,4_4_3,4_4_4,4_4_5,4_4_6,4_cvs,5_0_0,5_0_1,5_0_2,5_0_3</ver>
<texts><text><lng>en</lng>
<d>Escape a string so it can safely be used in an sql-statement</d>
</text></texts></PHPModuleRef><PHPModuleRef>
<t>dbx_fetch_row</t>
<mn>dbx</mn>
<ft>F</ft>
<ver>5_0_0,5_0_1,5_0_2,5_0_3</ver>
<texts><text><lng>en</lng>
<d>Fetches rows from a query-result that had theDBX_RESULT_UNBUFFEREDflag set</d>
</text></texts></PHPModuleRef><PHPModuleRef>
<t>dbx_query</t>
<mn>dbx</mn>
<ft>F</ft>
<ver>4_0_6,4_1_0,4_1_1,4_1_2,4_2_0,4_2_1,4_2_2,4_2_3,4_3_0,4_3_1,4_3_10,4_3_11,4_3_2,4_3_3,4_3_4,4_3_5,4_3_6,4_3_7,4_3_8,4_3_9,4_4_0,4_4_1,4_4_2,4_4_3,4_4_4,4_4_5,4_4_6,4_cvs,5_0_0,5_0_1,5_0_2,5_0_3</ver>
<p4>dbx_result_object dbx_query(dbx_link_object dbx_link, string sql_statement [, long flags])</p4>
<p4d>Returns a dbx_link_object on success and returns 0 on failure </p4d>
<texts><text><lng>de</lng>
<d>Sendet eine Abfrage und holt alle Ergebnisse (falls vorhanden)</d>
</text><text><lng>en</lng>
<d>Send a query and fetch all results (if any)</d>
</text></texts></PHPModuleRef><PHPModuleRef>
<t>dbx_sort</t>
<mn>dbx</mn>
<ft>F</ft>
<ver>4_0_6,4_1_0,4_1_1,4_1_2,4_2_0,4_2_1,4_2_2,4_2_3,4_3_0,4_3_1,4_3_10,4_3_11,4_3_2,4_3_3,4_3_4,4_3_5,4_3_6,4_3_7,4_3_8,4_3_9,4_4_0,4_4_1,4_4_2,4_4_3,4_4_4,4_4_5,4_4_6,4_cvs,5_0_0,5_0_1,5_0_2,5_0_3</ver>
<p4>int dbx_sort(object dbx_result, string compare_function_name)</p4>
<p4d>Returns 0 on failure, 1 on success </p4d>
<texts><text><lng>de</lng>
<d>Sortiert das Ergebnis einer dbx-Abfrage mittels einer Benutzerfunktion</d>
</text><text><lng>en</lng>
<d>Sort a result from a dbx_query by a custom sort function</d>
</text></texts></PHPModuleRef><PHPModuleRef>
<t>DBX_CMP_ASC</t>
<mn>dbx</mn>
<ft>C</ft>
<p4>integer DBX_CMP_ASC</p4>
<p5>integer DBX_CMP_ASC</p5>
</PHPModuleRef><PHPModuleRef>
<t>DBX_CMP_DESC</t>
<mn>dbx</mn>
<ft>C</ft>
<p4>integer DBX_CMP_DESC</p4>
<p5>integer DBX_CMP_DESC</p5>
</PHPModuleRef><PHPModuleRef>
<t>DBX_CMP_NATIVE</t>
<mn>dbx</mn>
<ft>C</ft>
<p4>integer DBX_CMP_NATIVE</p4>
<p5>integer DBX_CMP_NATIVE</p5>
</PHPModuleRef><PHPModuleRef>
<t>DBX_CMP_NUMBER</t>
<mn>dbx</mn>
<ft>C</ft>
<p4>integer DBX_CMP_NUMBER</p4>
<p5>integer DBX_CMP_NUMBER</p5>
</PHPModuleRef><PHPModuleRef>
<t>DBX_CMP_TEXT</t>
<mn>dbx</mn>
<ft>C</ft>
<p4>integer DBX_CMP_TEXT</p4>
<p5>integer DBX_CMP_TEXT</p5>
</PHPModuleRef><PHPModuleRef>
<t>DBX_COLNAMES_LOWERCASE</t>
<mn>dbx</mn>
<ft>C</ft>
<p4>integer DBX_COLNAMES_LOWERCASE</p4>
<p5>integer DBX_COLNAMES_LOWERCASE</p5>
</PHPModuleRef><PHPModuleRef>
<t>DBX_COLNAMES_UNCHANGED</t>
<mn>dbx</mn>
<ft>C</ft>
<p4>integer DBX_COLNAMES_UNCHANGED</p4>
<p5>integer DBX_COLNAMES_UNCHANGED</p5>
</PHPModuleRef><PHPModuleRef>
<t>DBX_COLNAMES_UPPERCASE</t>
<mn>dbx</mn>
<ft>C</ft>
<p4>integer DBX_COLNAMES_UPPERCASE</p4>
<p5>integer DBX_COLNAMES_UPPERCASE</p5>
</PHPModuleRef><PHPModuleRef>
<t>DBX_FBSQL</t>
<mn>dbx</mn>
<ft>C</ft>
<p4>integer DBX_FBSQL</p4>
<p5>integer DBX_FBSQL</p5>
</PHPModuleRef><PHPModuleRef>
<t>DBX_MSSQL</t>
<mn>dbx</mn>
<ft>C</ft>
<p4>integer DBX_MSSQL</p4>
<p5>integer DBX_MSSQL</p5>
</PHPModuleRef><PHPModuleRef>
<t>DBX_MYSQL</t>
<mn>dbx</mn>
<ft>C</ft>
<p4>integer DBX_MYSQL</p4>
<p5>integer DBX_MYSQL</p5>
</PHPModuleRef><PHPModuleRef>
<t>DBX_OCI8</t>
<mn>dbx</mn>
<ft>C</ft>
<p4>integer DBX_OCI8</p4>
<p5>integer DBX_OCI8</p5>
</PHPModuleRef><PHPModuleRef>
<t>DBX_ODBC</t>
<mn>dbx</mn>
<ft>C</ft>
<p4>integer DBX_ODBC</p4>
<p5>integer DBX_ODBC</p5>
</PHPModuleRef><PHPModuleRef>
<t>DBX_PERSISTENT</t>
<mn>dbx</mn>
<ft>C</ft>
<p4>integer DBX_PERSISTENT</p4>
<p5>integer DBX_PERSISTENT</p5>
</PHPModuleRef><PHPModuleRef>
<t>DBX_PGSQL</t>
<mn>dbx</mn>
<ft>C</ft>
<p4>integer DBX_PGSQL</p4>
<p5>integer DBX_PGSQL</p5>
</PHPModuleRef><PHPModuleRef>
<t>DBX_RESULT_ASSOC</t>
<mn>dbx</mn>
<ft>C</ft>
<p4>integer DBX_RESULT_ASSOC</p4>
<p5>integer DBX_RESULT_ASSOC</p5>
</PHPModuleRef><PHPModuleRef>
<t>DBX_RESULT_INDEX</t>
<mn>dbx</mn>
<ft>C</ft>
<p4>integer DBX_RESULT_INDEX</p4>
<p5>integer DBX_RESULT_INDEX</p5>
</PHPModuleRef><PHPModuleRef>
<t>DBX_RESULT_INFO</t>
<mn>dbx</mn>
<ft>C</ft>
<p4>integer DBX_RESULT_INFO</p4>
<p5>integer DBX_RESULT_INFO</p5>
</PHPModuleRef><PHPModuleRef>
<t>DBX_RESULT_UNBUFFERED</t>
<mn>dbx</mn>
<ft>C</ft>
<p4>integer DBX_RESULT_UNBUFFERED</p4>
<p5>integer DBX_RESULT_UNBUFFERED</p5>
</PHPModuleRef><PHPModuleRef>
<t>DBX_SQLITE</t>
<mn>dbx</mn>
<ft>C</ft>
<p4>integer DBX_SQLITE</p4>
<p5>integer DBX_SQLITE</p5>
</PHPModuleRef><PHPModuleRef>
<t>DBX_SYBASECT</t>
<mn>dbx</mn>
<ft>C</ft>
<p4>integer DBX_SYBASECT</p4>
<p5>integer DBX_SYBASECT</p5>
</PHPModuleRef></PHPModuleRef-List>
