<?xml version="1.0" encoding="utf-8"?>
<PHPModuleRef-List>
<PHPModuleRef>
<t>dio_close</t>
<mn>dio</mn>
<ft>F</ft>
<ver>4_2_0,4_2_1,4_2_2,4_2_3,4_3_0,4_3_1,4_3_10,4_3_11,4_3_2,4_3_3,4_3_4,4_3_5,4_3_6,4_3_7,4_3_8,4_3_9,4_4_0,4_4_1,4_4_2,4_4_3,4_4_4,4_4_5,4_4_6,4_cvs,5_0_0,5_0_1,5_0_2,5_0_3</ver>
<p4>void dio_close(resource fd)</p4>
<p4d>Close the file descriptor given by fd </p4d>
<texts><text><lng>de</lng>
<d>Schliesst die Datei</d>
</text><text><lng>en</lng>
<d>Closes the file descriptor given by fd</d>
</text><text><lng>es</lng>
<d>Cierra el descriptor de archivo indicado por el parámetro fd</d>
</text></texts></PHPModuleRef><PHPModuleRef>
<t>dio_fcntl</t>
<mn>dio</mn>
<ft>F</ft>
<ver>4_2_0,4_2_1,4_2_2,4_2_3,4_3_0,4_3_1,4_3_10,4_3_11,4_3_2,4_3_3,4_3_4,4_3_5,4_3_6,4_3_7,4_3_8,4_3_9,4_4_0,4_4_1,4_4_2,4_4_3,4_4_4,4_4_5,4_4_6,4_cvs,5_0_0,5_0_1,5_0_2,5_0_3</ver>
<p4>mixed dio_fcntl(resource fd, int cmd[, mixed arg])</p4>
<p4d>Perform a c library fcntl on fd </p4d>
<texts><text><lng>de</lng>
<d>Ändert den Dateideskriptor</d>
</text><text><lng>en</lng>
<d>Performs a c library fcntl on fd</d>
</text><text><lng>es</lng>
<d>Realiza una operación del tipo fcntl de la
    librería de C sobre el descriptor de archivo indicado por el
    parámetro fd</d>
</text></texts></PHPModuleRef><PHPModuleRef>
<t>dio_open</t>
<mn>dio</mn>
<ft>F</ft>
<ver>4_2_0,4_2_1,4_2_2,4_2_3,4_3_0,4_3_1,4_3_10,4_3_11,4_3_2,4_3_3,4_3_4,4_3_5,4_3_6,4_3_7,4_3_8,4_3_9,4_4_0,4_4_1,4_4_2,4_4_3,4_4_4,4_4_5,4_4_6,4_cvs,5_0_0,5_0_1,5_0_2,5_0_3</ver>
<p4>resource dio_open(string filename, int flags[, int mode])</p4>
<p4d>Open a new filename with specified permissions of flags and creation permissions of mode </p4d>
<texts><text><lng>de</lng>
<d>Öffnet eine Datei mit den angegebenen Rechten</d>
</text><text><lng>en</lng>
<d>Opens a new filename with specified permissions of flags andcreation permissions of mode</d>
</text><text><lng>es</lng>
<d>Abre un archivo cuyo nombre indica el parámetro &quot;nombre_archivo&quot; con las opciones indicadas por &quot;flags&quot; y los permisos establecidos con &quot;modo&quot;</d>
</text></texts></PHPModuleRef><PHPModuleRef>
<t>dio_read</t>
<mn>dio</mn>
<ft>F</ft>
<ver>4_2_0,4_2_1,4_2_2,4_2_3,4_3_0,4_3_1,4_3_10,4_3_11,4_3_2,4_3_3,4_3_4,4_3_5,4_3_6,4_3_7,4_3_8,4_3_9,4_4_0,4_4_1,4_4_2,4_4_3,4_4_4,4_4_5,4_4_6,4_cvs,5_0_0,5_0_1,5_0_2,5_0_3</ver>
<p4>string dio_read(resource fd[, int n])</p4>
<p4d>Read n bytes from fd and return them, if n is not specified, read 1k </p4d>
<texts><text><lng>de</lng>
<d>Liest n Bytes und gibt sie zurück, ist n nicht angegeben wird ein
     1K Block gelesen</d>
</text><text><lng>en</lng>
<d>Reads bytes from a file descriptor</d>
</text><text><lng>es</lng>
<d>Lee bytes del archivo cuyo descriptor se pasa como parámetro.</d>
</text></texts></PHPModuleRef><PHPModuleRef>
<t>dio_seek</t>
<mn>dio</mn>
<ft>F</ft>
<ver>4_2_0,4_2_1,4_2_2,4_2_3,4_3_0,4_3_1,4_3_10,4_3_11,4_3_2,4_3_3,4_3_4,4_3_5,4_3_6,4_3_7,4_3_8,4_3_9,4_4_0,4_4_1,4_4_2,4_4_3,4_4_4,4_4_5,4_4_6,4_cvs,5_0_0,5_0_1,5_0_2,5_0_3</ver>
<p4>int dio_seek(resource fd, int pos, int whence)</p4>
<p4d>Seek to pos on fd from whence </p4d>
<texts><text><lng>de</lng>
<d>Setzt den Dateizeiger</d>
</text><text><lng>en</lng>
<d>Seeks to pos on fd from whence</d>
</text><text><lng>es</lng>
<d>Cambia el posicionamiento en el archivo cuyo descriptor esfda traves de los parámetrosposywhence</d>
</text></texts></PHPModuleRef><PHPModuleRef>
<t>dio_stat</t>
<mn>dio</mn>
<ft>F</ft>
<ver>4_2_0,4_2_1,4_2_2,4_2_3,4_3_0,4_3_1,4_3_10,4_3_11,4_3_2,4_3_3,4_3_4,4_3_5,4_3_6,4_3_7,4_3_8,4_3_9,4_4_0,4_4_1,4_4_2,4_4_3,4_4_4,4_4_5,4_4_6,4_cvs,5_0_0,5_0_1,5_0_2,5_0_3</ver>
<p4>array dio_stat(resource fd)</p4>
<p4d>Get stat information about the file descriptor fd </p4d>
<texts><text><lng>de</lng>
<d>Liefert Statusinformationenüber eine Datei</d>
</text><text><lng>en</lng>
<d>Gets stat information about the file descriptor fd</d>
</text><text><lng>es</lng>
<d>Obtiene la información sobre el archivo cuyo descriptor esfd</d>
</text></texts></PHPModuleRef><PHPModuleRef>
<t>dio_tcsetattr</t>
<mn>dio</mn>
<ft>F</ft>
<ver>4_3_0,4_3_1,4_3_10,4_3_11,4_3_2,4_3_3,4_3_4,4_3_5,4_3_6,4_3_7,4_3_8,4_3_9,4_4_0,4_4_1,4_4_2,4_4_3,4_4_4,4_4_5,4_4_6,4_cvs,5_0_0,5_0_1,5_0_2,5_0_3</ver>
<p4>mixed dio_tcsetattr(resource fd,  array args )</p4>
<p4d>Perform a c library tcsetattr on fd </p4d>
<texts><text><lng>en</lng>
<d>Sets terminal attributes and baud rate for a serial port</d>
</text><text><lng>es</lng>
<d>Configura las opciones de un terminal y la velocidad de un puerto serie</d>
</text></texts></PHPModuleRef><PHPModuleRef>
<t>dio_truncate</t>
<mn>dio</mn>
<ft>F</ft>
<ver>4_2_0,4_2_1,4_2_2,4_2_3,4_3_0,4_3_1,4_3_10,4_3_11,4_3_2,4_3_3,4_3_4,4_3_5,4_3_6,4_3_7,4_3_8,4_3_9,4_4_0,4_4_1,4_4_2,4_4_3,4_4_4,4_4_5,4_4_6,4_cvs,5_0_0,5_0_1,5_0_2,5_0_3</ver>
<p4>bool dio_truncate(resource fd, int offset)</p4>
<p4d>Truncate file descriptor fd to offset bytes </p4d>
<texts><text><lng>de</lng>
<d>Schneidet eine Datei ab</d>
</text><text><lng>en</lng>
<d>Truncates file descriptor fd to offset bytes</d>
</text><text><lng>es</lng>
<d>Trunca el tamaño del archivo cuyo descriptor esfdhasta un valor deoffsetbytes</d>
</text></texts></PHPModuleRef><PHPModuleRef>
<t>dio_write</t>
<mn>dio</mn>
<ft>F</ft>
<ver>4_2_0,4_2_1,4_2_2,4_2_3,4_3_0,4_3_1,4_3_10,4_3_11,4_3_2,4_3_3,4_3_4,4_3_5,4_3_6,4_3_7,4_3_8,4_3_9,4_4_0,4_4_1,4_4_2,4_4_3,4_4_4,4_4_5,4_4_6,4_cvs,5_0_0,5_0_1,5_0_2,5_0_3</ver>
<p4>int dio_write(resource fd, string data[, int len])</p4>
<p4d>Write data to fd with optional truncation at length </p4d>
<texts><text><lng>de</lng>
<d>Schreibt Daten in eine Datei</d>
</text><text><lng>en</lng>
<d>Writes data to fd with optional truncation at length</d>
</text><text><lng>es</lng>
<d>Escribe datos en el archivo cuyo descriptor esfd</d>
</text></texts></PHPModuleRef><PHPModuleRef>
<t>c</t>
<mn>dio</mn>
<ft>C</ft>
<p4>integer c</p4>
<p5>integer c</p5>
</PHPModuleRef><PHPModuleRef>
<t>F_DUPFD</t>
<mn>dio</mn>
<ft>C</ft>
<p4>integer F_DUPFD</p4>
<p5>integer F_DUPFD</p5>
</PHPModuleRef><PHPModuleRef>
<t>F_GETFD</t>
<mn>dio</mn>
<ft>C</ft>
<p4>integer F_GETFD</p4>
<p5>integer F_GETFD</p5>
</PHPModuleRef><PHPModuleRef>
<t>F_GETFL</t>
<mn>dio</mn>
<ft>C</ft>
<p4>integer F_GETFL</p4>
<p5>integer F_GETFL</p5>
</PHPModuleRef><PHPModuleRef>
<t>F_GETLK</t>
<mn>dio</mn>
<ft>C</ft>
<p4>integer F_GETLK</p4>
<p5>integer F_GETLK</p5>
</PHPModuleRef><PHPModuleRef>
<t>F_GETOWN</t>
<mn>dio</mn>
<ft>C</ft>
<p4>integer F_GETOWN</p4>
<p5>integer F_GETOWN</p5>
</PHPModuleRef><PHPModuleRef>
<t>F_RDLCK</t>
<mn>dio</mn>
<ft>C</ft>
<p4>integer F_RDLCK</p4>
<p5>integer F_RDLCK</p5>
</PHPModuleRef><PHPModuleRef>
<t>F_SETFL</t>
<mn>dio</mn>
<ft>C</ft>
<p4>integer F_SETFL</p4>
<p5>integer F_SETFL</p5>
</PHPModuleRef><PHPModuleRef>
<t>F_SETLK</t>
<mn>dio</mn>
<ft>C</ft>
<p4>integer F_SETLK</p4>
<p5>integer F_SETLK</p5>
</PHPModuleRef><PHPModuleRef>
<t>F_SETLKW</t>
<mn>dio</mn>
<ft>C</ft>
<p4>integer F_SETLKW</p4>
<p5>integer F_SETLKW</p5>
</PHPModuleRef><PHPModuleRef>
<t>F_SETOWN</t>
<mn>dio</mn>
<ft>C</ft>
<p4>integer F_SETOWN</p4>
<p5>integer F_SETOWN</p5>
</PHPModuleRef><PHPModuleRef>
<t>F_UNLCK</t>
<mn>dio</mn>
<ft>C</ft>
<p4>integer F_UNLCK</p4>
<p5>integer F_UNLCK</p5>
</PHPModuleRef><PHPModuleRef>
<t>F_WRLCK</t>
<mn>dio</mn>
<ft>C</ft>
<p4>integer F_WRLCK</p4>
<p5>integer F_WRLCK</p5>
</PHPModuleRef><PHPModuleRef>
<t>O_APPEND</t>
<mn>dio</mn>
<ft>C</ft>
<p4>integer O_APPEND</p4>
<p5>integer O_APPEND</p5>
</PHPModuleRef><PHPModuleRef>
<t>O_ASYNC</t>
<mn>dio</mn>
<ft>C</ft>
<p4>integer O_ASYNC</p4>
<p5>integer O_ASYNC</p5>
</PHPModuleRef><PHPModuleRef>
<t>O_CREAT</t>
<mn>dio</mn>
<ft>C</ft>
<p4>integer O_CREAT</p4>
<p5>integer O_CREAT</p5>
</PHPModuleRef><PHPModuleRef>
<t>O_EXCL</t>
<mn>dio</mn>
<ft>C</ft>
<p4>integer O_EXCL</p4>
<p5>integer O_EXCL</p5>
</PHPModuleRef><PHPModuleRef>
<t>O_NDELAY</t>
<mn>dio</mn>
<ft>C</ft>
<p4>integer O_NDELAY</p4>
<p5>integer O_NDELAY</p5>
</PHPModuleRef><PHPModuleRef>
<t>O_NOCTTY</t>
<mn>dio</mn>
<ft>C</ft>
<p4>integer O_NOCTTY</p4>
<p5>integer O_NOCTTY</p5>
</PHPModuleRef><PHPModuleRef>
<t>O_NONBLOCK</t>
<mn>dio</mn>
<ft>C</ft>
<p4>integer O_NONBLOCK</p4>
<p5>integer O_NONBLOCK</p5>
</PHPModuleRef><PHPModuleRef>
<t>O_RDONLY</t>
<mn>dio</mn>
<ft>C</ft>
<p4>integer O_RDONLY</p4>
<p5>integer O_RDONLY</p5>
</PHPModuleRef><PHPModuleRef>
<t>O_RDWR</t>
<mn>dio</mn>
<ft>C</ft>
<p4>integer O_RDWR</p4>
<p5>integer O_RDWR</p5>
</PHPModuleRef><PHPModuleRef>
<t>O_SYNC</t>
<mn>dio</mn>
<ft>C</ft>
<p4>integer O_SYNC</p4>
<p5>integer O_SYNC</p5>
</PHPModuleRef><PHPModuleRef>
<t>O_TRUNC</t>
<mn>dio</mn>
<ft>C</ft>
<p4>integer O_TRUNC</p4>
<p5>integer O_TRUNC</p5>
</PHPModuleRef><PHPModuleRef>
<t>O_WRONLY</t>
<mn>dio</mn>
<ft>C</ft>
<p4>integer O_WRONLY</p4>
<p5>integer O_WRONLY</p5>
</PHPModuleRef><PHPModuleRef>
<t>S_IRGRP</t>
<mn>dio</mn>
<ft>C</ft>
<p4>integer S_IRGRP</p4>
<p5>integer S_IRGRP</p5>
</PHPModuleRef><PHPModuleRef>
<t>S_IROTH</t>
<mn>dio</mn>
<ft>C</ft>
<p4>integer S_IROTH</p4>
<p5>integer S_IROTH</p5>
</PHPModuleRef><PHPModuleRef>
<t>S_IRUSR</t>
<mn>dio</mn>
<ft>C</ft>
<p4>integer S_IRUSR</p4>
<p5>integer S_IRUSR</p5>
</PHPModuleRef><PHPModuleRef>
<t>S_IRWXG</t>
<mn>dio</mn>
<ft>C</ft>
<p4>integer S_IRWXG</p4>
<p5>integer S_IRWXG</p5>
</PHPModuleRef><PHPModuleRef>
<t>S_IRWXO</t>
<mn>dio</mn>
<ft>C</ft>
<p4>integer S_IRWXO</p4>
<p5>integer S_IRWXO</p5>
</PHPModuleRef><PHPModuleRef>
<t>S_IRWXU</t>
<mn>dio</mn>
<ft>C</ft>
<p4>integer S_IRWXU</p4>
<p5>integer S_IRWXU</p5>
</PHPModuleRef><PHPModuleRef>
<t>S_IWGRP</t>
<mn>dio</mn>
<ft>C</ft>
<p4>integer S_IWGRP</p4>
<p5>integer S_IWGRP</p5>
</PHPModuleRef><PHPModuleRef>
<t>S_IWOTH</t>
<mn>dio</mn>
<ft>C</ft>
<p4>integer S_IWOTH</p4>
<p5>integer S_IWOTH</p5>
</PHPModuleRef><PHPModuleRef>
<t>S_IWUSR</t>
<mn>dio</mn>
<ft>C</ft>
<p4>integer S_IWUSR</p4>
<p5>integer S_IWUSR</p5>
</PHPModuleRef><PHPModuleRef>
<t>S_IXGRP</t>
<mn>dio</mn>
<ft>C</ft>
<p4>integer S_IXGRP</p4>
<p5>integer S_IXGRP</p5>
</PHPModuleRef><PHPModuleRef>
<t>S_IXOTH</t>
<mn>dio</mn>
<ft>C</ft>
<p4>integer S_IXOTH</p4>
<p5>integer S_IXOTH</p5>
</PHPModuleRef><PHPModuleRef>
<t>S_IXUSR</t>
<mn>dio</mn>
<ft>C</ft>
<p4>integer S_IXUSR</p4>
<p5>integer S_IXUSR</p5>
</PHPModuleRef></PHPModuleRef-List>
