<?xml version="1.0" encoding="utf-8"?>
<PHPModuleRef-List>
<PHPModuleRef>
<t>dom_import_simplexml</t>
<mn>dom</mn>
<ft>F</ft>
<ver>5_0_0,5_0_1,5_0_2,5_0_3,5_1_0,5_1_1,5_1_2,5_1_3,5_1_4,5_1_5,5_1_6,5_2_0,5_2_1,5_cvs</ver>
<p5>somNode dom_import_simplexml(sxeobject node) U</p5>
<p5d>Get a simplexml_element object from dom to allow for processing </p5d>
<texts><text><lng>en</lng>
<d>Gets a DOMElement object from a SimpleXMLElement object</d>
</text></texts></PHPModuleRef><PHPModuleRef>
<t>DOMSTRING_SIZE_ERR</t>
<mn>dom</mn>
<ft>C</ft>
<p4>integer DOMSTRING_SIZE_ERR</p4>
<p5>integer DOMSTRING_SIZE_ERR</p5>
</PHPModuleRef><PHPModuleRef>
<t>DOM_HIERARCHY_REQUEST_ERR</t>
<mn>dom</mn>
<ft>C</ft>
<p4>integer DOM_HIERARCHY_REQUEST_ERR</p4>
<p5>integer DOM_HIERARCHY_REQUEST_ERR</p5>
</PHPModuleRef><PHPModuleRef>
<t>DOM_INDEX_SIZE_ERR</t>
<mn>dom</mn>
<ft>C</ft>
<p4>integer DOM_INDEX_SIZE_ERR</p4>
<p5>integer DOM_INDEX_SIZE_ERR</p5>
</PHPModuleRef><PHPModuleRef>
<t>DOM_INUSE_ATTRIBUTE_ERR</t>
<mn>dom</mn>
<ft>C</ft>
<p4>integer DOM_INUSE_ATTRIBUTE_ERR</p4>
<p5>integer DOM_INUSE_ATTRIBUTE_ERR</p5>
</PHPModuleRef><PHPModuleRef>
<t>DOM_INVALID_ACCESS_ERR</t>
<mn>dom</mn>
<ft>C</ft>
<p4>integer DOM_INVALID_ACCESS_ERR</p4>
<p5>integer DOM_INVALID_ACCESS_ERR</p5>
</PHPModuleRef><PHPModuleRef>
<t>DOM_INVALID_CHARACTER_ERR</t>
<mn>dom</mn>
<ft>C</ft>
<p4>integer DOM_INVALID_CHARACTER_ERR</p4>
<p5>integer DOM_INVALID_CHARACTER_ERR</p5>
</PHPModuleRef><PHPModuleRef>
<t>DOM_INVALID_MODIFICATION_ERR</t>
<mn>dom</mn>
<ft>C</ft>
<p4>integer DOM_INVALID_MODIFICATION_ERR</p4>
<p5>integer DOM_INVALID_MODIFICATION_ERR</p5>
</PHPModuleRef><PHPModuleRef>
<t>DOM_INVALID_STATE_ERR</t>
<mn>dom</mn>
<ft>C</ft>
<p4>integer DOM_INVALID_STATE_ERR</p4>
<p5>integer DOM_INVALID_STATE_ERR</p5>
</PHPModuleRef><PHPModuleRef>
<t>DOM_NAMESPACE_ERR</t>
<mn>dom</mn>
<ft>C</ft>
<p4>integer DOM_NAMESPACE_ERR</p4>
<p5>integer DOM_NAMESPACE_ERR</p5>
</PHPModuleRef><PHPModuleRef>
<t>DOM_NOT_FOUND_ERR</t>
<mn>dom</mn>
<ft>C</ft>
<p4>integer DOM_NOT_FOUND_ERR</p4>
<p5>integer DOM_NOT_FOUND_ERR</p5>
</PHPModuleRef><PHPModuleRef>
<t>DOM_NOT_SUPPORTED_ERR</t>
<mn>dom</mn>
<ft>C</ft>
<p4>integer DOM_NOT_SUPPORTED_ERR</p4>
<p5>integer DOM_NOT_SUPPORTED_ERR</p5>
</PHPModuleRef><PHPModuleRef>
<t>DOM_NO_DATA_ALLOWED_ERR</t>
<mn>dom</mn>
<ft>C</ft>
<p4>integer DOM_NO_DATA_ALLOWED_ERR</p4>
<p5>integer DOM_NO_DATA_ALLOWED_ERR</p5>
</PHPModuleRef><PHPModuleRef>
<t>DOM_NO_MODIFICATION_ALLOWED_ERR</t>
<mn>dom</mn>
<ft>C</ft>
<p4>integer DOM_NO_MODIFICATION_ALLOWED_ERR</p4>
<p5>integer DOM_NO_MODIFICATION_ALLOWED_ERR</p5>
</PHPModuleRef><PHPModuleRef>
<t>DOM_SYNTAX_ERR</t>
<mn>dom</mn>
<ft>C</ft>
<p4>integer DOM_SYNTAX_ERR</p4>
<p5>integer DOM_SYNTAX_ERR</p5>
</PHPModuleRef><PHPModuleRef>
<t>DOM_VALIDATION_ERR</t>
<mn>dom</mn>
<ft>C</ft>
<p4>integer DOM_VALIDATION_ERR</p4>
<p5>integer DOM_VALIDATION_ERR</p5>
</PHPModuleRef><PHPModuleRef>
<t>DOM_WRONG_DOCUMENT_ERR</t>
<mn>dom</mn>
<ft>C</ft>
<p4>integer DOM_WRONG_DOCUMENT_ERR</p4>
<p5>integer DOM_WRONG_DOCUMENT_ERR</p5>
</PHPModuleRef><PHPModuleRef>
<t>XML_ATTRIBUTE_CDATA</t>
<mn>dom</mn>
<ft>C</ft>
<p4>integer XML_ATTRIBUTE_CDATA</p4>
<p5>integer XML_ATTRIBUTE_CDATA</p5>
</PHPModuleRef><PHPModuleRef>
<t>XML_ATTRIBUTE_DECL_NODE</t>
<mn>dom</mn>
<ft>C</ft>
<p4>integer XML_ATTRIBUTE_DECL_NODE</p4>
<p5>integer XML_ATTRIBUTE_DECL_NODE</p5>
</PHPModuleRef><PHPModuleRef>
<t>XML_ATTRIBUTE_ENTITY</t>
<mn>dom</mn>
<ft>C</ft>
<p4>integer XML_ATTRIBUTE_ENTITY</p4>
<p5>integer XML_ATTRIBUTE_ENTITY</p5>
</PHPModuleRef><PHPModuleRef>
<t>XML_ATTRIBUTE_ENUMERATION</t>
<mn>dom</mn>
<ft>C</ft>
<p4>integer XML_ATTRIBUTE_ENUMERATION</p4>
<p5>integer XML_ATTRIBUTE_ENUMERATION</p5>
</PHPModuleRef><PHPModuleRef>
<t>XML_ATTRIBUTE_ID</t>
<mn>dom</mn>
<ft>C</ft>
<p4>integer XML_ATTRIBUTE_ID</p4>
<p5>integer XML_ATTRIBUTE_ID</p5>
</PHPModuleRef><PHPModuleRef>
<t>XML_ATTRIBUTE_IDREF</t>
<mn>dom</mn>
<ft>C</ft>
<p4>integer XML_ATTRIBUTE_IDREF</p4>
<p5>integer XML_ATTRIBUTE_IDREF</p5>
</PHPModuleRef><PHPModuleRef>
<t>XML_ATTRIBUTE_IDREFS</t>
<mn>dom</mn>
<ft>C</ft>
<p4>integer XML_ATTRIBUTE_IDREFS</p4>
<p5>integer XML_ATTRIBUTE_IDREFS</p5>
</PHPModuleRef><PHPModuleRef>
<t>XML_ATTRIBUTE_NMTOKEN</t>
<mn>dom</mn>
<ft>C</ft>
<p4>integer XML_ATTRIBUTE_NMTOKEN</p4>
<p5>integer XML_ATTRIBUTE_NMTOKEN</p5>
</PHPModuleRef><PHPModuleRef>
<t>XML_ATTRIBUTE_NMTOKENS</t>
<mn>dom</mn>
<ft>C</ft>
<p4>integer XML_ATTRIBUTE_NMTOKENS</p4>
<p5>integer XML_ATTRIBUTE_NMTOKENS</p5>
</PHPModuleRef><PHPModuleRef>
<t>XML_ATTRIBUTE_NODE</t>
<mn>dom</mn>
<ft>C</ft>
<p4>integer XML_ATTRIBUTE_NODE</p4>
<p5>integer XML_ATTRIBUTE_NODE</p5>
</PHPModuleRef><PHPModuleRef>
<t>XML_ATTRIBUTE_NOTATION</t>
<mn>dom</mn>
<ft>C</ft>
<p4>integer XML_ATTRIBUTE_NOTATION</p4>
<p5>integer XML_ATTRIBUTE_NOTATION</p5>
</PHPModuleRef><PHPModuleRef>
<t>XML_CDATA_SECTION_NODE</t>
<mn>dom</mn>
<ft>C</ft>
<p4>integer XML_CDATA_SECTION_NODE</p4>
<p5>integer XML_CDATA_SECTION_NODE</p5>
</PHPModuleRef><PHPModuleRef>
<t>XML_COMMENT_NODE</t>
<mn>dom</mn>
<ft>C</ft>
<p4>integer XML_COMMENT_NODE</p4>
<p5>integer XML_COMMENT_NODE</p5>
</PHPModuleRef><PHPModuleRef>
<t>XML_DOCUMENT_FRAG_NODE</t>
<mn>dom</mn>
<ft>C</ft>
<p4>integer XML_DOCUMENT_FRAG_NODE</p4>
<p5>integer XML_DOCUMENT_FRAG_NODE</p5>
</PHPModuleRef><PHPModuleRef>
<t>XML_DOCUMENT_NODE</t>
<mn>dom</mn>
<ft>C</ft>
<p4>integer XML_DOCUMENT_NODE</p4>
<p5>integer XML_DOCUMENT_NODE</p5>
</PHPModuleRef><PHPModuleRef>
<t>XML_DOCUMENT_TYPE_NODE</t>
<mn>dom</mn>
<ft>C</ft>
<p4>integer XML_DOCUMENT_TYPE_NODE</p4>
<p5>integer XML_DOCUMENT_TYPE_NODE</p5>
</PHPModuleRef><PHPModuleRef>
<t>XML_DTD_NODE</t>
<mn>dom</mn>
<ft>C</ft>
<p4>integer XML_DTD_NODE</p4>
<p5>integer XML_DTD_NODE</p5>
</PHPModuleRef><PHPModuleRef>
<t>XML_ELEMENT_DECL_NODE</t>
<mn>dom</mn>
<ft>C</ft>
<p4>integer XML_ELEMENT_DECL_NODE</p4>
<p5>integer XML_ELEMENT_DECL_NODE</p5>
</PHPModuleRef><PHPModuleRef>
<t>XML_ELEMENT_NODE</t>
<mn>dom</mn>
<ft>C</ft>
<p4>integer XML_ELEMENT_NODE</p4>
<p5>integer XML_ELEMENT_NODE</p5>
</PHPModuleRef><PHPModuleRef>
<t>XML_ENTITY_DECL_NODE</t>
<mn>dom</mn>
<ft>C</ft>
<p4>integer XML_ENTITY_DECL_NODE</p4>
<p5>integer XML_ENTITY_DECL_NODE</p5>
</PHPModuleRef><PHPModuleRef>
<t>XML_ENTITY_NODE</t>
<mn>dom</mn>
<ft>C</ft>
<p4>integer XML_ENTITY_NODE</p4>
<p5>integer XML_ENTITY_NODE</p5>
</PHPModuleRef><PHPModuleRef>
<t>XML_ENTITY_REF_NODE</t>
<mn>dom</mn>
<ft>C</ft>
<p4>integer XML_ENTITY_REF_NODE</p4>
<p5>integer XML_ENTITY_REF_NODE</p5>
</PHPModuleRef><PHPModuleRef>
<t>XML_HTML_DOCUMENT_NODE</t>
<mn>dom</mn>
<ft>C</ft>
<p4>integer XML_HTML_DOCUMENT_NODE</p4>
<p5>integer XML_HTML_DOCUMENT_NODE</p5>
</PHPModuleRef><PHPModuleRef>
<t>XML_NAMESPACE_DECL_NODE</t>
<mn>dom</mn>
<ft>C</ft>
<p4>integer XML_NAMESPACE_DECL_NODE</p4>
<p5>integer XML_NAMESPACE_DECL_NODE</p5>
</PHPModuleRef><PHPModuleRef>
<t>XML_NOTATION_NODE</t>
<mn>dom</mn>
<ft>C</ft>
<p4>integer XML_NOTATION_NODE</p4>
<p5>integer XML_NOTATION_NODE</p5>
</PHPModuleRef><PHPModuleRef>
<t>XML_PI_NODE</t>
<mn>dom</mn>
<ft>C</ft>
<p4>integer XML_PI_NODE</p4>
<p5>integer XML_PI_NODE</p5>
</PHPModuleRef><PHPModuleRef>
<t>XML_TEXT_NODE</t>
<mn>dom</mn>
<ft>C</ft>
<p4>integer XML_TEXT_NODE</p4>
<p5>integer XML_TEXT_NODE</p5>
</PHPModuleRef></PHPModuleRef-List>
