<?xml version="1.0" encoding="utf-8"?>
<PHPModuleRef-List>
<PHPModuleRef>
<t>exif_imagetype</t>
<mn>exif</mn>
<ft>F</ft>
<ver>4_3_0,4_3_1,4_3_10,4_3_11,4_3_2,4_3_3,4_3_4,4_3_5,4_3_6,4_3_7,4_3_8,4_3_9,4_4_0,4_4_1,4_4_2,4_4_3,4_4_4,4_4_5,4_4_6,4_cvs,5_0_0,5_0_1,5_0_2,5_0_3,5_1_0,5_1_1,5_1_2,5_1_3,5_1_4,5_1_5,5_1_6,5_2_0,5_2_1,5_cvs</ver>
<p4>int exif_imagetype(string imagefile)</p4>
<p4d>Get the type of an image </p4d>
<p5>int exif_imagetype(string imagefile)</p5>
<p5d>Get the type of an image </p5d>
<texts><text><lng>el</lng>
<d>Προσδιορίστε τον τύπο μίας εικόνας</d>
</text><text><lng>en</lng>
<d>Determine the type of an image</d>
</text></texts></PHPModuleRef><PHPModuleRef>
<t>exif_read_data</t>
<mn>exif</mn>
<ft>F</ft>
<ver>4_2_0,4_2_1,4_2_2,4_2_3,4_3_0,4_3_1,4_3_10,4_3_11,4_3_2,4_3_3,4_3_4,4_3_5,4_3_6,4_3_7,4_3_8,4_3_9,4_4_0,4_4_1,4_4_2,4_4_3,4_4_4,4_4_5,4_4_6,4_cvs,5_0_0,5_0_1,5_0_2,5_0_3,5_1_0,5_1_1,5_1_2,5_1_3,5_1_4,5_1_5,5_1_6,5_2_0,5_2_1,5_cvs</ver>
<p4>array exif_read_data(string filename [, sections_needed [, sub_arrays[, read_thumbnail]]])</p4>
<p4d>Reads header data from the JPEG/TIFF image filename and optionally reads the internal thumbnails </p4d>
<p5>array exif_read_data(string filename [, sections_needed [, sub_arrays[, read_thumbnail]]])</p5>
<p5d>Reads header data from the JPEG/TIFF image filename and optionally reads the internal thumbnails </p5d>
<texts><text><lng>el</lng>
<d>Διαβάστε ταEXIFheadersαπόJPEGήTIFFτύπους εικόνων. Με αυτόν τον τρόπο μπορείτε να διαβάσετε τα meta data που 

	παράγονται από ψηφιακές κάμερες.</d>
</text><text><lng>en</lng>
<d>Reads theEXIFheaders fromJPEGorTIFF</d>
</text></texts></PHPModuleRef><PHPModuleRef>
<t>exif_tagname</t>
<mn>exif</mn>
<ft>F</ft>
<ver>4_2_0,4_2_1,4_2_2,4_2_3,4_3_0,4_3_1,4_3_10,4_3_11,4_3_2,4_3_3,4_3_4,4_3_5,4_3_6,4_3_7,4_3_8,4_3_9,4_4_0,4_4_1,4_4_2,4_4_3,4_4_4,4_4_5,4_4_6,4_cvs,5_0_0,5_0_1,5_0_2,5_0_3,5_1_0,5_1_1,5_1_2,5_1_3,5_1_4,5_1_5,5_1_6,5_2_0,5_2_1,5_cvs</ver>
<p4>string exif_tagname(index)</p4>
<p4d>Get headername for index or false if not defined </p4d>
<p5>string exif_tagname(index)</p5>
<p5d>Get headername for index or false if not defined </p5d>
<texts><text><lng>en</lng>
<d>Get the header name for an index</d>
</text></texts></PHPModuleRef><PHPModuleRef>
<t>exif_thumbnail</t>
<mn>exif</mn>
<ft>F</ft>
<ver>4_2_0,4_2_1,4_2_2,4_2_3,4_3_0,4_3_1,4_3_10,4_3_11,4_3_2,4_3_3,4_3_4,4_3_5,4_3_6,4_3_7,4_3_8,4_3_9,4_4_0,4_4_1,4_4_2,4_4_3,4_4_4,4_4_5,4_4_6,4_cvs,5_0_0,5_0_1,5_0_2,5_0_3,5_1_0,5_1_1,5_1_2,5_1_3,5_1_4,5_1_5,5_1_6,5_2_0,5_2_1,5_cvs</ver>
<p4>string exif_thumbnail(string filename [, &amp;width, &amp;height [, &amp;imagetype]])</p4>
<p4d>Reads the embedded thumbnail </p4d>
<p5>string exif_thumbnail(string filename [, &amp;width, &amp;height [, &amp;imagetype]])</p5>
<p5d>Reads the embedded thumbnail </p5d>
<texts><text><lng>el</lng>
<d>Ανακτήστε το συνημμένο thumbnail μίας εικόνας TIFF ή JPEG</d>
</text><text><lng>en</lng>
<d>Retrieve the embedded thumbnail of a TIFF or JPEG image</d>
</text></texts></PHPModuleRef><PHPModuleRef>
<t>read_exif_data</t>
<mn>exif</mn>
<ft>F</ft>
<ver>4_0_1,4_0_2,4_0_3,4_0_4,4_0_5,4_0_6,4_1_0,4_1_1,4_1_2,4_2_0,4_2_1,4_2_2,4_2_3,4_3_0,4_3_1,4_3_10,4_3_11,4_3_2,4_3_3,4_3_4,4_3_5,4_3_6,4_3_7,4_3_8,4_3_9,4_4_0,4_4_1,4_4_2,4_4_3,4_4_4,4_4_5,4_4_6,4_cvs,5_0_0,5_0_1,5_0_2,5_0_3,5_1_0,5_1_1,5_1_2,5_1_3,5_1_4,5_1_5,5_1_6,5_2_0,5_2_1,5_cvs</ver>
<texts><text><lng>el</lng>
<d>Διαφορετικό όνομα για τη συνάρτησηexif_read_data</d>
</text><text><lng>en</lng>
<d>&amp;Alias;exif_read_data</d>
</text></texts></PHPModuleRef><PHPModuleRef>
<t>EXIF_USE_MBSTRING</t>
<mn>exif</mn>
<ft>C</ft>
<p4>integer EXIF_USE_MBSTRING</p4>
<p5>integer EXIF_USE_MBSTRING</p5>
</PHPModuleRef></PHPModuleRef-List>
