<?xml version="1.0" encoding="utf-8"?>
<PHPModuleRef-List>
<PHPModuleRef>
<t>fam_cancel_monitor</t>
<mn>fam</mn>
<ft>F</ft>
<ver>5_0_0,5_0_1,5_0_2,5_0_3</ver>
<texts><text><lng>en</lng>
<d>Terminate monitoring</d>
</text></texts></PHPModuleRef><PHPModuleRef>
<t>fam_close</t>
<mn>fam</mn>
<ft>F</ft>
<ver>5_0_0,5_0_1,5_0_2,5_0_3</ver>
<texts><text><lng>en</lng>
<d>Close FAM connection</d>
</text></texts></PHPModuleRef><PHPModuleRef>
<t>fam_monitor_collection</t>
<mn>fam</mn>
<ft>F</ft>
<ver>5_0_0,5_0_1,5_0_2,5_0_3</ver>
<texts><text><lng>en</lng>
<d>Monitor a collection of files in a directory for changes</d>
</text></texts></PHPModuleRef><PHPModuleRef>
<t>fam_monitor_directory</t>
<mn>fam</mn>
<ft>F</ft>
<ver>5_0_0,5_0_1,5_0_2,5_0_3</ver>
<texts><text><lng>en</lng>
<d>Monitor a directory for changes</d>
</text></texts></PHPModuleRef><PHPModuleRef>
<t>fam_monitor_file</t>
<mn>fam</mn>
<ft>F</ft>
<ver>5_0_0,5_0_1,5_0_2,5_0_3</ver>
<texts><text><lng>en</lng>
<d>Monitor a regular file for changes</d>
</text></texts></PHPModuleRef><PHPModuleRef>
<t>fam_next_event</t>
<mn>fam</mn>
<ft>F</ft>
<ver>5_0_0,5_0_1,5_0_2,5_0_3</ver>
<texts><text><lng>en</lng>
<d>Get next pending FAM event</d>
</text></texts></PHPModuleRef><PHPModuleRef>
<t>fam_open</t>
<mn>fam</mn>
<ft>F</ft>
<ver>5_0_0,5_0_1,5_0_2,5_0_3</ver>
<texts><text><lng>en</lng>
<d>Open connection to FAM daemon</d>
</text></texts></PHPModuleRef><PHPModuleRef>
<t>fam_pending</t>
<mn>fam</mn>
<ft>F</ft>
<ver>5_0_0,5_0_1,5_0_2,5_0_3</ver>
<texts><text><lng>en</lng>
<d>Check for pending FAM events</d>
</text></texts></PHPModuleRef><PHPModuleRef>
<t>fam_resume_monitor</t>
<mn>fam</mn>
<ft>F</ft>
<ver>5_0_0,5_0_1,5_0_2,5_0_3</ver>
<texts><text><lng>en</lng>
<d>Resume suspended monitoring</d>
</text></texts></PHPModuleRef><PHPModuleRef>
<t>fam_suspend_monitor</t>
<mn>fam</mn>
<ft>F</ft>
<ver>5_0_0,5_0_1,5_0_2,5_0_3</ver>
<texts><text><lng>en</lng>
<d>Temporarily suspend monitoring</d>
</text></texts></PHPModuleRef><PHPModuleRef>
<t>FAMAcknowledge</t>
<mn>fam</mn>
<ft>C</ft>
<p4>integer FAMAcknowledge</p4>
<p5>integer FAMAcknowledge</p5>
</PHPModuleRef><PHPModuleRef>
<t>FAMChanged</t>
<mn>fam</mn>
<ft>C</ft>
<p4>integer FAMChanged</p4>
<p5>integer FAMChanged</p5>
</PHPModuleRef><PHPModuleRef>
<t>FAMCreated</t>
<mn>fam</mn>
<ft>C</ft>
<p4>integer FAMCreated</p4>
<p5>integer FAMCreated</p5>
</PHPModuleRef><PHPModuleRef>
<t>FAMDeleted</t>
<mn>fam</mn>
<ft>C</ft>
<p4>integer FAMDeleted</p4>
<p5>integer FAMDeleted</p5>
</PHPModuleRef><PHPModuleRef>
<t>FAMEndExist</t>
<mn>fam</mn>
<ft>C</ft>
<p4>integer FAMEndExist</p4>
<p5>integer FAMEndExist</p5>
</PHPModuleRef><PHPModuleRef>
<t>FAMExists</t>
<mn>fam</mn>
<ft>C</ft>
<p4>integer FAMExists</p4>
<p5>integer FAMExists</p5>
</PHPModuleRef><PHPModuleRef>
<t>FAMMoved</t>
<mn>fam</mn>
<ft>C</ft>
<p4>integer FAMMoved</p4>
<p5>integer FAMMoved</p5>
</PHPModuleRef><PHPModuleRef>
<t>FAMStartExecuting</t>
<mn>fam</mn>
<ft>C</ft>
<p4>integer FAMStartExecuting</p4>
<p5>integer FAMStartExecuting</p5>
</PHPModuleRef><PHPModuleRef>
<t>FAMStopExecuting</t>
<mn>fam</mn>
<ft>C</ft>
<p4>integer FAMStopExecuting</p4>
<p5>integer FAMStopExecuting</p5>
</PHPModuleRef></PHPModuleRef-List>
