<?xml version="1.0" encoding="utf-8"?>
<PHPModuleRef-List>
<PHPModuleRef>
<t>fbsql</t>
<mn>fbsql</mn>
<ft>A</ft>
<af>fbsql_db_query</af>
<ver>4_0_6,4_1_0,4_1_1,4_1_2,4_2_0,4_2_1,4_2_2,4_2_3,4_3_0,4_3_1,4_3_10,4_3_11,4_3_2,4_3_3,4_3_4,4_3_5,4_3_6,4_3_7,4_3_8,4_3_9,4_4_0,4_4_1,4_4_2,4_4_3,4_4_4,4_4_5,4_4_6,4_cvs,5_0_0,5_0_1,5_0_2,5_0_3,5_1_0,5_1_1,5_1_2,5_1_3,5_1_4,5_1_5,5_1_6,5_2_0,5_2_1,5_cvs</ver>
</PHPModuleRef><PHPModuleRef>
<t>fbsql_affected_rows</t>
<mn>fbsql</mn>
<ft>F</ft>
<ver>4_0_6,4_1_0,4_1_1,4_1_2,4_2_0,4_2_1,4_2_2,4_2_3,4_3_0,4_3_1,4_3_10,4_3_11,4_3_2,4_3_3,4_3_4,4_3_5,4_3_6,4_3_7,4_3_8,4_3_9,4_4_0,4_4_1,4_4_2,4_4_3,4_4_4,4_4_5,4_4_6,4_cvs,5_0_0,5_0_1,5_0_2,5_0_3,5_1_0,5_1_1,5_1_2,5_1_3,5_1_4,5_1_5,5_1_6,5_2_0,5_2_1,5_cvs</ver>
<p4>int fbsql_affected_rows([resource link_identifier])</p4>
<p4d>Get the number of rows affected by the last statement </p4d>
<p5>int fbsql_affected_rows([resource link_identifier])</p5>
<p5d>Get the number of rows affected by the last statement </p5d>
<texts><text><lng>de</lng>
<d>Ermittelt die Anzahl der von der vorherigen FrontBase-Operation betroffenen Datensätze</d>
</text><text><lng>en</lng>
<d>Get number of affected rows in previous FrontBase operation</d>
</text></texts></PHPModuleRef><PHPModuleRef>
<t>fbsql_autocommit</t>
<mn>fbsql</mn>
<ft>F</ft>
<ver>4_0_6,4_1_0,4_1_1,4_1_2,4_2_0,4_2_1,4_2_2,4_2_3,4_3_0,4_3_1,4_3_10,4_3_11,4_3_2,4_3_3,4_3_4,4_3_5,4_3_6,4_3_7,4_3_8,4_3_9,4_4_0,4_4_1,4_4_2,4_4_3,4_4_4,4_4_5,4_4_6,4_cvs,5_0_0,5_0_1,5_0_2,5_0_3,5_1_0,5_1_1,5_1_2,5_1_3,5_1_4,5_1_5,5_1_6,5_2_0,5_2_1,5_cvs</ver>
<p4>bool fbsql_autocommit(resource link_identifier [, bool OnOff])</p4>
<p4d>Turns on auto-commit </p4d>
<p5>bool fbsql_autocommit(resource link_identifier [, bool OnOff])</p5>
<p5d>Turns on auto-commit </p5d>
<texts><text><lng>de</lng>
<d>Aktiviert oder deaktiviert Autocommit</d>
</text><text><lng>en</lng>
<d>Enable or disable autocommit</d>
</text></texts></PHPModuleRef><PHPModuleRef>
<t>fbsql_blob_size</t>
<mn>fbsql</mn>
<ft>F</ft>
<ver>4_2_0,4_2_1,4_2_2,4_2_3,4_3_0,4_3_1,4_3_10,4_3_11,4_3_2,4_3_3,4_3_4,4_3_5,4_3_6,4_3_7,4_3_8,4_3_9,4_4_0,4_4_1,4_4_2,4_4_3,4_4_4,4_4_5,4_4_6,4_cvs,5_0_0,5_0_1,5_0_2,5_0_3,5_1_0,5_1_1,5_1_2,5_1_3,5_1_4,5_1_5,5_1_6,5_2_0,5_2_1,5_cvs</ver>
<p4>string fbsql_blob_size(string blob_handle [, resource link_identifier])</p4>
<p4d>Get the size of a BLOB identified by blob_handle </p4d>
<p5>int fbsql_blob_size(string blob_handle [, resource link_identifier])</p5>
<p5d>Get the size of a BLOB identified by blob_handle </p5d>
<texts><text><lng>en</lng>
<d>Get the size of a BLOB</d>
</text></texts></PHPModuleRef><PHPModuleRef>
<t>fbsql_clob_size</t>
<mn>fbsql</mn>
<ft>F</ft>
<ver>4_2_0,4_2_1,4_2_2,4_2_3,4_3_0,4_3_1,4_3_10,4_3_11,4_3_2,4_3_3,4_3_4,4_3_5,4_3_6,4_3_7,4_3_8,4_3_9,4_4_0,4_4_1,4_4_2,4_4_3,4_4_4,4_4_5,4_4_6,4_cvs,5_0_0,5_0_1,5_0_2,5_0_3,5_1_0,5_1_1,5_1_2,5_1_3,5_1_4,5_1_5,5_1_6,5_2_0,5_2_1,5_cvs</ver>
<p4>string fbsql_clob_size(string clob_handle [, resource link_identifier])</p4>
<p4d>Get the size of a CLOB identified by clob_handle </p4d>
<p5>int fbsql_clob_size(string clob_handle [, resource link_identifier])</p5>
<p5d>Get the size of a CLOB identified by clob_handle </p5d>
<texts><text><lng>en</lng>
<d>Get the size of a CLOB</d>
</text></texts></PHPModuleRef><PHPModuleRef>
<t>fbsql_close</t>
<mn>fbsql</mn>
<ft>F</ft>
<ver>4_0_6,4_1_0,4_1_1,4_1_2,4_2_0,4_2_1,4_2_2,4_2_3,4_3_0,4_3_1,4_3_10,4_3_11,4_3_2,4_3_3,4_3_4,4_3_5,4_3_6,4_3_7,4_3_8,4_3_9,4_4_0,4_4_1,4_4_2,4_4_3,4_4_4,4_4_5,4_4_6,4_cvs,5_0_0,5_0_1,5_0_2,5_0_3,5_1_0,5_1_1,5_1_2,5_1_3,5_1_4,5_1_5,5_1_6,5_2_0,5_2_1,5_cvs</ver>
<p4>int fbsql_close([resource link_identifier])</p4>
<p4d>Close a connection to a database server </p4d>
<p5>bool fbsql_close([resource link_identifier])</p5>
<p5d>Close a connection to a database server </p5d>
<texts><text><lng>de</lng>
<d>Beendet eine FrontBase-Verbindung</d>
</text><text><lng>en</lng>
<d>Close FrontBase connection</d>
</text></texts></PHPModuleRef><PHPModuleRef>
<t>fbsql_commit</t>
<mn>fbsql</mn>
<ft>F</ft>
<ver>4_0_6,4_1_0,4_1_1,4_1_2,4_2_0,4_2_1,4_2_2,4_2_3,4_3_0,4_3_1,4_3_10,4_3_11,4_3_2,4_3_3,4_3_4,4_3_5,4_3_6,4_3_7,4_3_8,4_3_9,4_4_0,4_4_1,4_4_2,4_4_3,4_4_4,4_4_5,4_4_6,4_cvs,5_0_0,5_0_1,5_0_2,5_0_3,5_1_0,5_1_1,5_1_2,5_1_3,5_1_4,5_1_5,5_1_6,5_2_0,5_2_1,5_cvs</ver>
<p4>bool fbsql_commit([resource link_identifier])</p4>
<p4d>Commit the transaction </p4d>
<p5>bool fbsql_commit([resource link_identifier])</p5>
<p5d>Commit the transaction </p5d>
<texts><text><lng>de</lng>
<d>Wendet eine Transaktion auf die Datenbank an</d>
</text><text><lng>en</lng>
<d>Commits a transaction to the database</d>
</text></texts></PHPModuleRef><PHPModuleRef>
<t>fbsql_connect</t>
<mn>fbsql</mn>
<ft>F</ft>
<ver>4_0_6,4_1_0,4_1_1,4_1_2,4_2_0,4_2_1,4_2_2,4_2_3,4_3_0,4_3_1,4_3_10,4_3_11,4_3_2,4_3_3,4_3_4,4_3_5,4_3_6,4_3_7,4_3_8,4_3_9,4_4_0,4_4_1,4_4_2,4_4_3,4_4_4,4_4_5,4_4_6,4_cvs,5_0_0,5_0_1,5_0_2,5_0_3,5_1_0,5_1_1,5_1_2,5_1_3,5_1_4,5_1_5,5_1_6,5_2_0,5_2_1,5_cvs</ver>
<p4>resource fbsql_connect([string hostname [, string username [, string password]]])</p4>
<p4d>Create a connection to a database server </p4d>
<p5>resource fbsql_connect([string hostname [, string username [, string password]]])</p5>
<p5d>Create a connection to a database server </p5d>
<texts><text><lng>de</lng>
<d>Öffnet eine Verbindung mit einem FrontBase-Server</d>
</text><text><lng>en</lng>
<d>Open a connection to a FrontBase Server</d>
</text></texts></PHPModuleRef><PHPModuleRef>
<t>fbsql_create_blob</t>
<mn>fbsql</mn>
<ft>F</ft>
<ver>4_2_0,4_2_1,4_2_2,4_2_3,4_3_0,4_3_1,4_3_10,4_3_11,4_3_2,4_3_3,4_3_4,4_3_5,4_3_6,4_3_7,4_3_8,4_3_9,4_4_0,4_4_1,4_4_2,4_4_3,4_4_4,4_4_5,4_4_6,4_cvs,5_0_0,5_0_1,5_0_2,5_0_3,5_1_0,5_1_1,5_1_2,5_1_3,5_1_4,5_1_5,5_1_6,5_2_0,5_2_1,5_cvs</ver>
<p4>string fbsql_create_blob(string blob_data [, resource link_identifier])</p4>
<p4d>Create a BLOB in the database for use with an insert or update statement </p4d>
<p5>string fbsql_create_blob(string blob_data [, resource link_identifier])</p5>
<p5d>Create a BLOB in the database for use with an insert or update statement </p5d>
<texts><text><lng>en</lng>
<d>Create a BLOB</d>
</text></texts></PHPModuleRef><PHPModuleRef>
<t>fbsql_create_clob</t>
<mn>fbsql</mn>
<ft>F</ft>
<ver>4_2_0,4_2_1,4_2_2,4_2_3,4_3_0,4_3_1,4_3_10,4_3_11,4_3_2,4_3_3,4_3_4,4_3_5,4_3_6,4_3_7,4_3_8,4_3_9,4_4_0,4_4_1,4_4_2,4_4_3,4_4_4,4_4_5,4_4_6,4_cvs,5_0_0,5_0_1,5_0_2,5_0_3,5_1_0,5_1_1,5_1_2,5_1_3,5_1_4,5_1_5,5_1_6,5_2_0,5_2_1,5_cvs</ver>
<p4>string fbsql_create_clob(string clob_data [, resource link_identifier])</p4>
<p4d>Create a CLOB in the database for use with an insert or update statement </p4d>
<p5>string fbsql_create_clob(string clob_data [, resource link_identifier])</p5>
<p5d>Create a CLOB in the database for use with an insert or update statement </p5d>
<texts><text><lng>en</lng>
<d>Create a CLOB</d>
</text></texts></PHPModuleRef><PHPModuleRef>
<t>fbsql_create_db</t>
<mn>fbsql</mn>
<ft>F</ft>
<ver>4_0_6,4_1_0,4_1_1,4_1_2,4_2_0,4_2_1,4_2_2,4_2_3,4_3_0,4_3_1,4_3_10,4_3_11,4_3_2,4_3_3,4_3_4,4_3_5,4_3_6,4_3_7,4_3_8,4_3_9,4_4_0,4_4_1,4_4_2,4_4_3,4_4_4,4_4_5,4_4_6,4_cvs,5_0_0,5_0_1,5_0_2,5_0_3,5_1_0,5_1_1,5_1_2,5_1_3,5_1_4,5_1_5,5_1_6,5_2_0,5_2_1,5_cvs</ver>
<p4>bool fbsql_create_db(string database_name [, resource link_identifier])</p4>
<p4d>Create a new database on the server </p4d>
<p5>bool fbsql_create_db(string database_name [, resource link_identifier [, string database_options]])</p5>
<p5d>Create a new database on the server </p5d>
<texts><text><lng>de</lng>
<d>Erstellt eine FrontBase-Datenbank</d>
</text><text><lng>en</lng>
<d>Create a FrontBase database</d>
</text></texts></PHPModuleRef><PHPModuleRef>
<t>fbsql_database</t>
<mn>fbsql</mn>
<ft>F</ft>
<ver>4_0_6,4_1_0,4_1_1,4_1_2,4_2_0,4_2_1,4_2_2,4_2_3,4_3_0,4_3_1,4_3_10,4_3_11,4_3_2,4_3_3,4_3_4,4_3_5,4_3_6,4_3_7,4_3_8,4_3_9,4_4_0,4_4_1,4_4_2,4_4_3,4_4_4,4_4_5,4_4_6,4_cvs,5_0_0,5_0_1,5_0_2,5_0_3,5_1_0,5_1_1,5_1_2,5_1_3,5_1_4,5_1_5,5_1_6,5_2_0,5_2_1,5_cvs</ver>
<p4>string fbsql_database(resource link_identifier [, string database]) </p4>
<p4d>Get or set the database name used with a connection </p4d>
<p5>string fbsql_database(resource link_identifier [, string database]) </p5>
<p5d>Get or set the database name used with a connection </p5d>
<texts><text><lng>de</lng>
<d>Lesen oder setzen des Datenbanknamens, der mit einer Verbindung verwendet wird</d>
</text><text><lng>en</lng>
<d>Get or set the database name used with a connection</d>
</text></texts></PHPModuleRef><PHPModuleRef>
<t>fbsql_database_password</t>
<mn>fbsql</mn>
<ft>F</ft>
<ver>4_0_6,4_1_0,4_1_1,4_1_2,4_2_0,4_2_1,4_2_2,4_2_3,4_3_0,4_3_1,4_3_10,4_3_11,4_3_2,4_3_3,4_3_4,4_3_5,4_3_6,4_3_7,4_3_8,4_3_9,4_4_0,4_4_1,4_4_2,4_4_3,4_4_4,4_4_5,4_4_6,4_cvs,5_0_0,5_0_1,5_0_2,5_0_3,5_1_0,5_1_1,5_1_2,5_1_3,5_1_4,5_1_5,5_1_6,5_2_0,5_2_1,5_cvs</ver>
<p4>string fbsql_database_password(resource link_identifier [, string database_password])</p4>
<p4d>Get or set the databsae password used with a connection </p4d>
<p5>string fbsql_database_password(resource link_identifier [, string database_password])</p5>
<p5d>Get or set the databsae password used with a connection </p5d>
<texts><text><lng>en</lng>
<d>Sets or retrieves the password for a FrontBase database</d>
</text></texts></PHPModuleRef><PHPModuleRef>
<t>fbsql_data_seek</t>
<mn>fbsql</mn>
<ft>F</ft>
<ver>4_0_6,4_1_0,4_1_1,4_1_2,4_2_0,4_2_1,4_2_2,4_2_3,4_3_0,4_3_1,4_3_10,4_3_11,4_3_2,4_3_3,4_3_4,4_3_5,4_3_6,4_3_7,4_3_8,4_3_9,4_4_0,4_4_1,4_4_2,4_4_3,4_4_4,4_4_5,4_4_6,4_cvs,5_0_0,5_0_1,5_0_2,5_0_3,5_1_0,5_1_1,5_1_2,5_1_3,5_1_4,5_1_5,5_1_6,5_2_0,5_2_1,5_cvs</ver>
<p4>int fbsql_data_seek(int result, int row_number)</p4>
<p4d>Move the internal row counter to the specified row_number </p4d>
<p5>bool fbsql_data_seek(int result, int row_number)</p5>
<p5d>Move the internal row counter to the specified row_number </p5d>
<texts><text><lng>de</lng>
<d>Bewegt den internen Ergebnis-Zeiger</d>
</text><text><lng>en</lng>
<d>Move internal result pointer</d>
</text></texts></PHPModuleRef><PHPModuleRef>
<t>fbsql_db_query</t>
<mn>fbsql</mn>
<ft>F</ft>
<ver>4_0_6,4_1_0,4_1_1,4_1_2,4_2_0,4_2_1,4_2_2,4_2_3,4_3_0,4_3_1,4_3_10,4_3_11,4_3_2,4_3_3,4_3_4,4_3_5,4_3_6,4_3_7,4_3_8,4_3_9,4_4_0,4_4_1,4_4_2,4_4_3,4_4_4,4_4_5,4_4_6,4_cvs,5_0_0,5_0_1,5_0_2,5_0_3,5_1_0,5_1_1,5_1_2,5_1_3,5_1_4,5_1_5,5_1_6,5_2_0,5_2_1,5_cvs</ver>
<p4>resource fbsql_db_query(string database_name, string query [, resource link_identifier])</p4>
<p4d>Send one or more SQL statements to a specified database on the server </p4d>
<p5>resource fbsql_db_query(string database_name, string query [, resource link_identifier])</p5>
<p5d>Send one or more SQL statements to a specified database on the server </p5d>
<texts><text><lng>de</lng>
<d>Absetzen einer Anfrage an die Datenbank</d>
</text><text><lng>en</lng>
<d>Send a FrontBase query</d>
</text></texts></PHPModuleRef><PHPModuleRef>
<t>fbsql_db_status</t>
<mn>fbsql</mn>
<ft>F</ft>
<ver>4_1_0,4_1_1,4_1_2,4_2_0,4_2_1,4_2_2,4_2_3,4_3_0,4_3_1,4_3_10,4_3_11,4_3_2,4_3_3,4_3_4,4_3_5,4_3_6,4_3_7,4_3_8,4_3_9,4_4_0,4_4_1,4_4_2,4_4_3,4_4_4,4_4_5,4_4_6,4_cvs,5_0_0,5_0_1,5_0_2,5_0_3,5_1_0,5_1_1,5_1_2,5_1_3,5_1_4,5_1_5,5_1_6,5_2_0,5_2_1,5_cvs</ver>
<p4>int fbsql_db_status(string database_name [, resource link_identifier])</p4>
<p4d>Gets the status (Stopped, Starting, Running, Stopping) for a given database </p4d>
<p5>int fbsql_db_status(string database_name [, resource link_identifier])</p5>
<p5d>Gets the status (Stopped, Starting, Running, Stopping) for a given database </p5d>
<texts><text><lng>de</lng>
<d>Status einer angegebenen Datenbanküberprüfen</d>
</text><text><lng>en</lng>
<d>Get the status for a given database</d>
</text></texts></PHPModuleRef><PHPModuleRef>
<t>fbsql_drop_db</t>
<mn>fbsql</mn>
<ft>F</ft>
<ver>4_0_6,4_1_0,4_1_1,4_1_2,4_2_0,4_2_1,4_2_2,4_2_3,4_3_0,4_3_1,4_3_10,4_3_11,4_3_2,4_3_3,4_3_4,4_3_5,4_3_6,4_3_7,4_3_8,4_3_9,4_4_0,4_4_1,4_4_2,4_4_3,4_4_4,4_4_5,4_4_6,4_cvs,5_0_0,5_0_1,5_0_2,5_0_3,5_1_0,5_1_1,5_1_2,5_1_3,5_1_4,5_1_5,5_1_6,5_2_0,5_2_1,5_cvs</ver>
<p4>int fbsql_drop_db(string database_name [, resource link_identifier])</p4>
<p4d>Drop a database on the server </p4d>
<p5>int fbsql_drop_db(string database_name [, resource link_identifier])</p5>
<p5d>Drop a database on the server </p5d>
<texts><text><lng>de</lng>
<d>Löschen (DROP) einer FrontBase-Datenbank</d>
</text><text><lng>en</lng>
<d>Drop (delete) a FrontBase database</d>
</text></texts></PHPModuleRef><PHPModuleRef>
<t>fbsql_errno</t>
<mn>fbsql</mn>
<ft>F</ft>
<ver>4_0_6,4_1_0,4_1_1,4_1_2,4_2_0,4_2_1,4_2_2,4_2_3,4_3_0,4_3_1,4_3_10,4_3_11,4_3_2,4_3_3,4_3_4,4_3_5,4_3_6,4_3_7,4_3_8,4_3_9,4_4_0,4_4_1,4_4_2,4_4_3,4_4_4,4_4_5,4_4_6,4_cvs,5_0_0,5_0_1,5_0_2,5_0_3,5_1_0,5_1_1,5_1_2,5_1_3,5_1_4,5_1_5,5_1_6,5_2_0,5_2_1,5_cvs</ver>
<p4>int fbsql_errno([resource link_identifier])</p4>
<p4d>Returns the last error code </p4d>
<p5>int fbsql_errno([resource link_identifier])</p5>
<p5d>Returns the last error code </p5d>
<texts><text><lng>de</lng>
<d>Liefert die numerische Fehlermeldung der der letzten FrontBase-Operation zurück</d>
</text><text><lng>en</lng>
<d>Returns the error number from previous operation</d>
</text></texts></PHPModuleRef><PHPModuleRef>
<t>fbsql_error</t>
<mn>fbsql</mn>
<ft>F</ft>
<ver>4_0_6,4_1_0,4_1_1,4_1_2,4_2_0,4_2_1,4_2_2,4_2_3,4_3_0,4_3_1,4_3_10,4_3_11,4_3_2,4_3_3,4_3_4,4_3_5,4_3_6,4_3_7,4_3_8,4_3_9,4_4_0,4_4_1,4_4_2,4_4_3,4_4_4,4_4_5,4_4_6,4_cvs,5_0_0,5_0_1,5_0_2,5_0_3,5_1_0,5_1_1,5_1_2,5_1_3,5_1_4,5_1_5,5_1_6,5_2_0,5_2_1,5_cvs</ver>
<p4>string fbsql_error([resource link_identifier])</p4>
<p4d>Returns the last error string </p4d>
<p5>string fbsql_error([resource link_identifier])</p5>
<p5d>Returns the last error string </p5d>
<texts><text><lng>de</lng>
<d>Liefert den Fehlertext der zuvor ausgeführten FrontBase-Operation</d>
</text><text><lng>en</lng>
<d>Returns the error message from previous operation</d>
</text></texts></PHPModuleRef><PHPModuleRef>
<t>fbsql_fetch_array</t>
<mn>fbsql</mn>
<ft>F</ft>
<ver>4_0_6,4_1_0,4_1_1,4_1_2,4_2_0,4_2_1,4_2_2,4_2_3,4_3_0,4_3_1,4_3_10,4_3_11,4_3_2,4_3_3,4_3_4,4_3_5,4_3_6,4_3_7,4_3_8,4_3_9,4_4_0,4_4_1,4_4_2,4_4_3,4_4_4,4_4_5,4_4_6,4_cvs,5_0_0,5_0_1,5_0_2,5_0_3,5_1_0,5_1_1,5_1_2,5_1_3,5_1_4,5_1_5,5_1_6,5_2_0,5_2_1,5_cvs</ver>
<p4>array fbsql_fetch_array(resource result [, int result_type])</p4>
<p4d>Fetches a result row as an array (associative, numeric or both)</p4d>
<p5>array fbsql_fetch_array(resource result [, int result_type])</p5>
<p5d>Fetches a result row as an array (associative, numeric or both)</p5d>
<texts><text><lng>en</lng>
<d>Fetch a result row as an associative array, a numeric array, or both</d>
</text></texts></PHPModuleRef><PHPModuleRef>
<t>fbsql_fetch_assoc</t>
<mn>fbsql</mn>
<ft>F</ft>
<ver>4_0_6,4_1_0,4_1_1,4_1_2,4_2_0,4_2_1,4_2_2,4_2_3,4_3_0,4_3_1,4_3_10,4_3_11,4_3_2,4_3_3,4_3_4,4_3_5,4_3_6,4_3_7,4_3_8,4_3_9,4_4_0,4_4_1,4_4_2,4_4_3,4_4_4,4_4_5,4_4_6,4_cvs,5_0_0,5_0_1,5_0_2,5_0_3,5_1_0,5_1_1,5_1_2,5_1_3,5_1_4,5_1_5,5_1_6,5_2_0,5_2_1,5_cvs</ver>
<p4>object fbsql_fetch_assoc(resource result)</p4>
<p4d>Detch a row of data. Returns an assoc array </p4d>
<p5>object fbsql_fetch_assoc(resource result)</p5>
<p5d>Detch a row of data. Returns an assoc array </p5d>
<texts><text><lng>en</lng>
<d>Fetch a result row as an associative array</d>
</text></texts></PHPModuleRef><PHPModuleRef>
<t>fbsql_fetch_field</t>
<mn>fbsql</mn>
<ft>F</ft>
<ver>4_0_6,4_1_0,4_1_1,4_1_2,4_2_0,4_2_1,4_2_2,4_2_3,4_3_0,4_3_1,4_3_10,4_3_11,4_3_2,4_3_3,4_3_4,4_3_5,4_3_6,4_3_7,4_3_8,4_3_9,4_4_0,4_4_1,4_4_2,4_4_3,4_4_4,4_4_5,4_4_6,4_cvs,5_0_0,5_0_1,5_0_2,5_0_3,5_1_0,5_1_1,5_1_2,5_1_3,5_1_4,5_1_5,5_1_6,5_2_0,5_2_1,5_cvs</ver>
<p4>object fbsql_fetch_field(int result [, int field_index])</p4>
<p4d>Get the field properties for a specified field_index </p4d>
<p5>object fbsql_fetch_field(int result [, int field_index])</p5>
<p5d>Get the field properties for a specified field_index </p5d>
<texts><text><lng>de</lng>
<d>Liefert ein Objekt mit Feldinformationen aus einem Anfrageergebnis</d>
</text><text><lng>en</lng>
<d>Get column information from a result and return as an object</d>
</text></texts></PHPModuleRef><PHPModuleRef>
<t>fbsql_fetch_lengths</t>
<mn>fbsql</mn>
<ft>F</ft>
<ver>4_0_6,4_1_0,4_1_1,4_1_2,4_2_0,4_2_1,4_2_2,4_2_3,4_3_0,4_3_1,4_3_10,4_3_11,4_3_2,4_3_3,4_3_4,4_3_5,4_3_6,4_3_7,4_3_8,4_3_9,4_4_0,4_4_1,4_4_2,4_4_3,4_4_4,4_4_5,4_4_6,4_cvs,5_0_0,5_0_1,5_0_2,5_0_3,5_1_0,5_1_1,5_1_2,5_1_3,5_1_4,5_1_5,5_1_6,5_2_0,5_2_1,5_cvs</ver>
<p4>array fbsql_fetch_lengths(int result)</p4>
<p4d>Returns an array of the lengths of each column in the result set </p4d>
<p5>array fbsql_fetch_lengths(int result)</p5>
<p5d>Returns an array of the lengths of each column in the result set </p5d>
<texts><text><lng>en</lng>
<d>Get the length of each output in a result</d>
</text></texts></PHPModuleRef><PHPModuleRef>
<t>fbsql_fetch_object</t>
<mn>fbsql</mn>
<ft>F</ft>
<ver>4_0_6,4_1_0,4_1_1,4_1_2,4_2_0,4_2_1,4_2_2,4_2_3,4_3_0,4_3_1,4_3_10,4_3_11,4_3_2,4_3_3,4_3_4,4_3_5,4_3_6,4_3_7,4_3_8,4_3_9,4_4_0,4_4_1,4_4_2,4_4_3,4_4_4,4_4_5,4_4_6,4_cvs,5_0_0,5_0_1,5_0_2,5_0_3,5_1_0,5_1_1,5_1_2,5_1_3,5_1_4,5_1_5,5_1_6,5_2_0,5_2_1,5_cvs</ver>
<p4>object fbsql_fetch_object(resource result [, int result_type])</p4>
<p4d>Fetch a row of data. Returns an object </p4d>
<p5>object fbsql_fetch_object(resource result [, int result_type])</p5>
<p5d>Fetch a row of data. Returns an object </p5d>
<texts><text><lng>en</lng>
<d>Fetch a result row as an object</d>
</text></texts></PHPModuleRef><PHPModuleRef>
<t>fbsql_fetch_row</t>
<mn>fbsql</mn>
<ft>F</ft>
<ver>4_0_6,4_1_0,4_1_1,4_1_2,4_2_0,4_2_1,4_2_2,4_2_3,4_3_0,4_3_1,4_3_10,4_3_11,4_3_2,4_3_3,4_3_4,4_3_5,4_3_6,4_3_7,4_3_8,4_3_9,4_4_0,4_4_1,4_4_2,4_4_3,4_4_4,4_4_5,4_4_6,4_cvs,5_0_0,5_0_1,5_0_2,5_0_3,5_1_0,5_1_1,5_1_2,5_1_3,5_1_4,5_1_5,5_1_6,5_2_0,5_2_1,5_cvs</ver>
<p4>array fbsql_fetch_row(resource result)</p4>
<p4d>Fetch a row of data. Returns an indexed array </p4d>
<p5>array fbsql_fetch_row(resource result)</p5>
<p5d>Fetch a row of data. Returns an indexed array </p5d>
<texts><text><lng>de</lng>
<d>Liefert einen Datensatz als indiziertes Array</d>
</text><text><lng>en</lng>
<d>Get a result row as an enumerated array</d>
</text></texts></PHPModuleRef><PHPModuleRef>
<t>fbsql_field_flags</t>
<mn>fbsql</mn>
<ft>F</ft>
<ver>4_0_6,4_1_0,4_1_1,4_1_2,4_2_0,4_2_1,4_2_2,4_2_3,4_3_0,4_3_1,4_3_10,4_3_11,4_3_2,4_3_3,4_3_4,4_3_5,4_3_6,4_3_7,4_3_8,4_3_9,4_4_0,4_4_1,4_4_2,4_4_3,4_4_4,4_4_5,4_4_6,4_cvs,5_0_0,5_0_1,5_0_2,5_0_3,5_1_0,5_1_1,5_1_2,5_1_3,5_1_4,5_1_5,5_1_6,5_2_0,5_2_1,5_cvs</ver>
<p4>string fbsql_field_flags(int result [, int field_index])</p4>
<p4d>??? </p4d>
<p5>string fbsql_field_flags(int result [, int field_index])</p5>
<p5d>??? </p5d>
<texts><text><lng>en</lng>
<d>Get the flags associated with the specified field in a result</d>
</text></texts></PHPModuleRef><PHPModuleRef>
<t>fbsql_field_len</t>
<mn>fbsql</mn>
<ft>F</ft>
<ver>4_0_6,4_1_0,4_1_1,4_1_2,4_2_0,4_2_1,4_2_2,4_2_3,4_3_0,4_3_1,4_3_10,4_3_11,4_3_2,4_3_3,4_3_4,4_3_5,4_3_6,4_3_7,4_3_8,4_3_9,4_4_0,4_4_1,4_4_2,4_4_3,4_4_4,4_4_5,4_4_6,4_cvs,5_0_0,5_0_1,5_0_2,5_0_3,5_1_0,5_1_1,5_1_2,5_1_3,5_1_4,5_1_5,5_1_6,5_2_0,5_2_1,5_cvs</ver>
<p4>string fbsql_field_len(int result [, int field_index])</p4>
<p4d>Get the column length for a specified field_index </p4d>
<p5>mixed fbsql_field_len(int result [, int field_index])</p5>
<p5d>Get the column length for a specified field_index </p5d>
<texts><text><lng>en</lng>
<d>Returns the length of the specified field</d>
</text></texts></PHPModuleRef><PHPModuleRef>
<t>fbsql_field_name</t>
<mn>fbsql</mn>
<ft>F</ft>
<ver>4_0_6,4_1_0,4_1_1,4_1_2,4_2_0,4_2_1,4_2_2,4_2_3,4_3_0,4_3_1,4_3_10,4_3_11,4_3_2,4_3_3,4_3_4,4_3_5,4_3_6,4_3_7,4_3_8,4_3_9,4_4_0,4_4_1,4_4_2,4_4_3,4_4_4,4_4_5,4_4_6,4_cvs,5_0_0,5_0_1,5_0_2,5_0_3,5_1_0,5_1_1,5_1_2,5_1_3,5_1_4,5_1_5,5_1_6,5_2_0,5_2_1,5_cvs</ver>
<p4>string fbsql_field_name(int result [, int field_index])</p4>
<p4d>Get the column name for a specified field_index </p4d>
<p5>string fbsql_field_name(int result [, int field_index])</p5>
<p5d>Get the column name for a specified field_index </p5d>
<texts><text><lng>de</lng>
<d>Liefert den Namen eines Feldes im Ergebnis</d>
</text><text><lng>en</lng>
<d>Get the name of the specified field in a result</d>
</text></texts></PHPModuleRef><PHPModuleRef>
<t>fbsql_field_seek</t>
<mn>fbsql</mn>
<ft>F</ft>
<ver>4_0_6,4_1_0,4_1_1,4_1_2,4_2_0,4_2_1,4_2_2,4_2_3,4_3_0,4_3_1,4_3_10,4_3_11,4_3_2,4_3_3,4_3_4,4_3_5,4_3_6,4_3_7,4_3_8,4_3_9,4_4_0,4_4_1,4_4_2,4_4_3,4_4_4,4_4_5,4_4_6,4_cvs,5_0_0,5_0_1,5_0_2,5_0_3,5_1_0,5_1_1,5_1_2,5_1_3,5_1_4,5_1_5,5_1_6,5_2_0,5_2_1,5_cvs</ver>
<p4>bool fbsql_field_seek(int result [, int field_index])</p4>
<p4d>??? </p4d>
<p5>bool fbsql_field_seek(int result [, int field_index])</p5>
<p5d>??? </p5d>
<texts><text><lng>de</lng>
<d>Setzt den Ergebniszeiger auf ein bestimmtes Feldoffset</d>
</text><text><lng>en</lng>
<d>Set result pointer to a specified field offset</d>
</text></texts></PHPModuleRef><PHPModuleRef>
<t>fbsql_field_table</t>
<mn>fbsql</mn>
<ft>F</ft>
<ver>4_0_6,4_1_0,4_1_1,4_1_2,4_2_0,4_2_1,4_2_2,4_2_3,4_3_0,4_3_1,4_3_10,4_3_11,4_3_2,4_3_3,4_3_4,4_3_5,4_3_6,4_3_7,4_3_8,4_3_9,4_4_0,4_4_1,4_4_2,4_4_3,4_4_4,4_4_5,4_4_6,4_cvs,5_0_0,5_0_1,5_0_2,5_0_3,5_1_0,5_1_1,5_1_2,5_1_3,5_1_4,5_1_5,5_1_6,5_2_0,5_2_1,5_cvs</ver>
<p4>string fbsql_field_table(int result [, int field_index])</p4>
<p4d>Get the table name for a specified field_index </p4d>
<p5>string fbsql_field_table(int result [, int field_index])</p5>
<p5d>Get the table name for a specified field_index </p5d>
<texts><text><lng>de</lng>
<d>Liefert den Namen der Tabelle, die das genannte Feld enthält</d>
</text><text><lng>en</lng>
<d>Get name of the table the specified field is in</d>
</text></texts></PHPModuleRef><PHPModuleRef>
<t>fbsql_field_type</t>
<mn>fbsql</mn>
<ft>F</ft>
<ver>4_0_6,4_1_0,4_1_1,4_1_2,4_2_0,4_2_1,4_2_2,4_2_3,4_3_0,4_3_1,4_3_10,4_3_11,4_3_2,4_3_3,4_3_4,4_3_5,4_3_6,4_3_7,4_3_8,4_3_9,4_4_0,4_4_1,4_4_2,4_4_3,4_4_4,4_4_5,4_4_6,4_cvs,5_0_0,5_0_1,5_0_2,5_0_3,5_1_0,5_1_1,5_1_2,5_1_3,5_1_4,5_1_5,5_1_6,5_2_0,5_2_1,5_cvs</ver>
<p4>string fbsql_field_type(int result [, int field_index])</p4>
<p4d>Get the field type for a specified field_index </p4d>
<p5>string fbsql_field_type(int result [, int field_index])</p5>
<p5d>Get the field type for a specified field_index </p5d>
<texts><text><lng>de</lng>
<d>Liefert den Typ eines Feldes in einem Ergebnis</d>
</text><text><lng>en</lng>
<d>Get the type of the specified field in a result</d>
</text></texts></PHPModuleRef><PHPModuleRef>
<t>fbsql_free_result</t>
<mn>fbsql</mn>
<ft>F</ft>
<ver>4_0_6,4_1_0,4_1_1,4_1_2,4_2_0,4_2_1,4_2_2,4_2_3,4_3_0,4_3_1,4_3_10,4_3_11,4_3_2,4_3_3,4_3_4,4_3_5,4_3_6,4_3_7,4_3_8,4_3_9,4_4_0,4_4_1,4_4_2,4_4_3,4_4_4,4_4_5,4_4_6,4_cvs,5_0_0,5_0_1,5_0_2,5_0_3,5_1_0,5_1_1,5_1_2,5_1_3,5_1_4,5_1_5,5_1_6,5_2_0,5_2_1,5_cvs</ver>
<p4>bool fbsql_free_result(resource result)</p4>
<p4d>free the memory used to store a result </p4d>
<p5>bool fbsql_free_result(resource result)</p5>
<p5d>free the memory used to store a result </p5d>
<texts><text><lng>de</lng>
<d>Gibt belegten Speicher wieder frei</d>
</text><text><lng>en</lng>
<d>Free result memory</d>
</text></texts></PHPModuleRef><PHPModuleRef>
<t>fbsql_get_autostart_info</t>
<mn>fbsql</mn>
<ft>F</ft>
<ver>4_1_0,4_1_1,4_1_2,4_2_0,4_2_1,4_2_2,4_2_3,4_3_0,4_3_1,4_3_10,4_3_11,4_3_2,4_3_3,4_3_4,4_3_5,4_3_6,4_3_7,4_3_8,4_3_9,4_4_0,4_4_1,4_4_2,4_4_3,4_4_4,4_4_5,4_4_6,4_cvs,5_0_0,5_0_1,5_0_2,5_0_3,5_1_0,5_1_1,5_1_2,5_1_3,5_1_4,5_1_5,5_1_6,5_2_0,5_2_1,5_cvs</ver>
<p4>array fbsql_get_autostart_info([resource link_identifier])</p4>
<p4d>??? </p4d>
<p5>array fbsql_get_autostart_info([resource link_identifier])</p5>
<p5d>??? </p5d>
</PHPModuleRef><PHPModuleRef>
<t>fbsql_hostname</t>
<mn>fbsql</mn>
<ft>F</ft>
<ver>4_0_6,4_1_0,4_1_1,4_1_2,4_2_0,4_2_1,4_2_2,4_2_3,4_3_0,4_3_1,4_3_10,4_3_11,4_3_2,4_3_3,4_3_4,4_3_5,4_3_6,4_3_7,4_3_8,4_3_9,4_4_0,4_4_1,4_4_2,4_4_3,4_4_4,4_4_5,4_4_6,4_cvs,5_0_0,5_0_1,5_0_2,5_0_3,5_1_0,5_1_1,5_1_2,5_1_3,5_1_4,5_1_5,5_1_6,5_2_0,5_2_1,5_cvs</ver>
<p4>string fbsql_hostname(resource link_identifier [, string host_name])</p4>
<p4d>Get or set the host name used with a connection </p4d>
<p5>string fbsql_hostname(resource link_identifier [, string host_name])</p5>
<p5d>Get or set the host name used with a connection </p5d>
<texts><text><lng>de</lng>
<d>Ermittelt oder setzt den mit einer Verbindung benutzten Hostnamen</d>
</text><text><lng>en</lng>
<d>Get or set the host name used with a connection</d>
</text></texts></PHPModuleRef><PHPModuleRef>
<t>fbsql_insert_id</t>
<mn>fbsql</mn>
<ft>F</ft>
<ver>4_0_6,4_1_0,4_1_1,4_1_2,4_2_0,4_2_1,4_2_2,4_2_3,4_3_0,4_3_1,4_3_10,4_3_11,4_3_2,4_3_3,4_3_4,4_3_5,4_3_6,4_3_7,4_3_8,4_3_9,4_4_0,4_4_1,4_4_2,4_4_3,4_4_4,4_4_5,4_4_6,4_cvs,5_0_0,5_0_1,5_0_2,5_0_3,5_1_0,5_1_1,5_1_2,5_1_3,5_1_4,5_1_5,5_1_6,5_2_0,5_2_1,5_cvs</ver>
<p4>int fbsql_insert_id([resource link_identifier])</p4>
<p4d>Get the internal index for the last insert statement </p4d>
<p5>int fbsql_insert_id([resource link_identifier])</p5>
<p5d>Get the internal index for the last insert statement </p5d>
<texts><text><lng>en</lng>
<d>Get the id generated from the previous INSERT operation</d>
</text></texts></PHPModuleRef><PHPModuleRef>
<t>fbsql_list_dbs</t>
<mn>fbsql</mn>
<ft>F</ft>
<ver>4_0_6,4_1_0,4_1_1,4_1_2,4_2_0,4_2_1,4_2_2,4_2_3,4_3_0,4_3_1,4_3_10,4_3_11,4_3_2,4_3_3,4_3_4,4_3_5,4_3_6,4_3_7,4_3_8,4_3_9,4_4_0,4_4_1,4_4_2,4_4_3,4_4_4,4_4_5,4_4_6,4_cvs,5_0_0,5_0_1,5_0_2,5_0_3,5_1_0,5_1_1,5_1_2,5_1_3,5_1_4,5_1_5,5_1_6,5_2_0,5_2_1,5_cvs</ver>
<p4>resource fbsql_list_dbs([resource link_identifier])</p4>
<p4d>Retreive a list of all databases on the server </p4d>
<p5>resource fbsql_list_dbs([resource link_identifier])</p5>
<p5d>Retreive a list of all databases on the server </p5d>
<texts><text><lng>en</lng>
<d>List databases available on a FrontBase server</d>
</text></texts></PHPModuleRef><PHPModuleRef>
<t>fbsql_list_fields</t>
<mn>fbsql</mn>
<ft>F</ft>
<ver>4_0_6,4_1_0,4_1_1,4_1_2,4_2_0,4_2_1,4_2_2,4_2_3,4_3_0,4_3_1,4_3_10,4_3_11,4_3_2,4_3_3,4_3_4,4_3_5,4_3_6,4_3_7,4_3_8,4_3_9,4_4_0,4_4_1,4_4_2,4_4_3,4_4_4,4_4_5,4_4_6,4_cvs,5_0_0,5_0_1,5_0_2,5_0_3,5_1_0,5_1_1,5_1_2,5_1_3,5_1_4,5_1_5,5_1_6,5_2_0,5_2_1,5_cvs</ver>
<p4>resource fbsql_list_fields(string database_name, string table_name [, resource link_identifier])</p4>
<p4d>Retrieve a list of all fields for the specified database.table </p4d>
<p5>resource fbsql_list_fields(string database_name, string table_name [, resource link_identifier])</p5>
<p5d>Retrieve a list of all fields for the specified database.table </p5d>
<texts><text><lng>en</lng>
<d>List FrontBase result fields</d>
</text></texts></PHPModuleRef><PHPModuleRef>
<t>fbsql_list_tables</t>
<mn>fbsql</mn>
<ft>F</ft>
<ver>4_0_6,4_1_0,4_1_1,4_1_2,4_2_0,4_2_1,4_2_2,4_2_3,4_3_0,4_3_1,4_3_10,4_3_11,4_3_2,4_3_3,4_3_4,4_3_5,4_3_6,4_3_7,4_3_8,4_3_9,4_4_0,4_4_1,4_4_2,4_4_3,4_4_4,4_4_5,4_4_6,4_cvs,5_0_0,5_0_1,5_0_2,5_0_3,5_1_0,5_1_1,5_1_2,5_1_3,5_1_4,5_1_5,5_1_6,5_2_0,5_2_1,5_cvs</ver>
<p4>resource fbsql_list_tables(string database [, int link_identifier])</p4>
<p4d>Retreive a list of all tables from the specifoied database </p4d>
<p5>resource fbsql_list_tables(string database [, int link_identifier])</p5>
<p5d>Retreive a list of all tables from the specifoied database </p5d>
<texts><text><lng>en</lng>
<d>List tables in a FrontBase database</d>
</text></texts></PHPModuleRef><PHPModuleRef>
<t>fbsql_next_result</t>
<mn>fbsql</mn>
<ft>F</ft>
<ver>4_0_6,4_1_0,4_1_1,4_1_2,4_2_0,4_2_1,4_2_2,4_2_3,4_3_0,4_3_1,4_3_10,4_3_11,4_3_2,4_3_3,4_3_4,4_3_5,4_3_6,4_3_7,4_3_8,4_3_9,4_4_0,4_4_1,4_4_2,4_4_3,4_4_4,4_4_5,4_4_6,4_cvs,5_0_0,5_0_1,5_0_2,5_0_3,5_1_0,5_1_1,5_1_2,5_1_3,5_1_4,5_1_5,5_1_6,5_2_0,5_2_1,5_cvs</ver>
<p4>int fbsql_next_result(int result)</p4>
<p4d>Switch to the next result if multiple results are available </p4d>
<p5>bool fbsql_next_result(int result)</p5>
<p5d>Switch to the next result if multiple results are available </p5d>
<texts><text><lng>de</lng>
<d>Setzt den internen Ergebniskennungszeiger auf das nächste Ergebnis</d>
</text><text><lng>en</lng>
<d>Move the internal result pointer to the next result</d>
</text></texts></PHPModuleRef><PHPModuleRef>
<t>fbsql_num_fields</t>
<mn>fbsql</mn>
<ft>F</ft>
<ver>4_0_6,4_1_0,4_1_1,4_1_2,4_2_0,4_2_1,4_2_2,4_2_3,4_3_0,4_3_1,4_3_10,4_3_11,4_3_2,4_3_3,4_3_4,4_3_5,4_3_6,4_3_7,4_3_8,4_3_9,4_4_0,4_4_1,4_4_2,4_4_3,4_4_4,4_4_5,4_4_6,4_cvs,5_0_0,5_0_1,5_0_2,5_0_3,5_1_0,5_1_1,5_1_2,5_1_3,5_1_4,5_1_5,5_1_6,5_2_0,5_2_1,5_cvs</ver>
<p4>int fbsql_num_fields(int result)</p4>
<p4d>Get number of fields in the result set </p4d>
<p5>int fbsql_num_fields(int result)</p5>
<p5d>Get number of fields in the result set </p5d>
<texts><text><lng>de</lng>
<d>Anzahl der Felder in einem Ergebnis</d>
</text><text><lng>en</lng>
<d>Get number of fields in result</d>
</text></texts></PHPModuleRef><PHPModuleRef>
<t>fbsql_num_rows</t>
<mn>fbsql</mn>
<ft>F</ft>
<ver>4_0_6,4_1_0,4_1_1,4_1_2,4_2_0,4_2_1,4_2_2,4_2_3,4_3_0,4_3_1,4_3_10,4_3_11,4_3_2,4_3_3,4_3_4,4_3_5,4_3_6,4_3_7,4_3_8,4_3_9,4_4_0,4_4_1,4_4_2,4_4_3,4_4_4,4_4_5,4_4_6,4_cvs,5_0_0,5_0_1,5_0_2,5_0_3,5_1_0,5_1_1,5_1_2,5_1_3,5_1_4,5_1_5,5_1_6,5_2_0,5_2_1,5_cvs</ver>
<p4>int fbsql_num_rows(int result)</p4>
<p4d>Get number of rows </p4d>
<p5>int fbsql_num_rows(int result)</p5>
<p5d>Get number of rows </p5d>
<texts><text><lng>de</lng>
<d>Liefert die Anzahl der Datensätze in einem Ergebnis</d>
</text><text><lng>en</lng>
<d>Get number of rows in result</d>
</text></texts></PHPModuleRef><PHPModuleRef>
<t>fbsql_password</t>
<mn>fbsql</mn>
<ft>F</ft>
<ver>4_0_6,4_1_0,4_1_1,4_1_2,4_2_0,4_2_1,4_2_2,4_2_3,4_3_0,4_3_1,4_3_10,4_3_11,4_3_2,4_3_3,4_3_4,4_3_5,4_3_6,4_3_7,4_3_8,4_3_9,4_4_0,4_4_1,4_4_2,4_4_3,4_4_4,4_4_5,4_4_6,4_cvs,5_0_0,5_0_1,5_0_2,5_0_3,5_1_0,5_1_1,5_1_2,5_1_3,5_1_4,5_1_5,5_1_6,5_2_0,5_2_1,5_cvs</ver>
<p4>string fbsql_password(resource link_identifier [, string password])</p4>
<p4d>Get or set the user password used with a connection </p4d>
<p5>string fbsql_password(resource link_identifier [, string password])</p5>
<p5d>Get or set the user password used with a connection </p5d>
<texts><text><lng>de</lng>
<d>Liest oder setzt das Bentuzerpasswort für eine Verbindung</d>
</text><text><lng>en</lng>
<d>Get or set the user password used with a connection</d>
</text></texts></PHPModuleRef><PHPModuleRef>
<t>fbsql_pconnect</t>
<mn>fbsql</mn>
<ft>F</ft>
<ver>4_0_6,4_1_0,4_1_1,4_1_2,4_2_0,4_2_1,4_2_2,4_2_3,4_3_0,4_3_1,4_3_10,4_3_11,4_3_2,4_3_3,4_3_4,4_3_5,4_3_6,4_3_7,4_3_8,4_3_9,4_4_0,4_4_1,4_4_2,4_4_3,4_4_4,4_4_5,4_4_6,4_cvs,5_0_0,5_0_1,5_0_2,5_0_3,5_1_0,5_1_1,5_1_2,5_1_3,5_1_4,5_1_5,5_1_6,5_2_0,5_2_1,5_cvs</ver>
<p4>resource fbsql_pconnect([string hostname [, string username [, string password]]])</p4>
<p4d>Create a persistant connection to a database server </p4d>
<p5>resource fbsql_pconnect([string hostname [, string username [, string password]]])</p5>
<p5d>Create a persistant connection to a database server </p5d>
<texts><text><lng>de</lng>
<d>Öffnet eine persistente Verbindung einem FrontBase-Server</d>
</text><text><lng>en</lng>
<d>Open a persistent connection to a FrontBase Server</d>
</text></texts></PHPModuleRef><PHPModuleRef>
<t>fbsql_query</t>
<mn>fbsql</mn>
<ft>F</ft>
<ver>4_0_6,4_1_0,4_1_1,4_1_2,4_2_0,4_2_1,4_2_2,4_2_3,4_3_0,4_3_1,4_3_10,4_3_11,4_3_2,4_3_3,4_3_4,4_3_5,4_3_6,4_3_7,4_3_8,4_3_9,4_4_0,4_4_1,4_4_2,4_4_3,4_4_4,4_4_5,4_4_6,4_cvs,5_0_0,5_0_1,5_0_2,5_0_3,5_1_0,5_1_1,5_1_2,5_1_3,5_1_4,5_1_5,5_1_6,5_2_0,5_2_1,5_cvs</ver>
<p4>resource fbsql_query(string query [, resource link_identifier])</p4>
<p4d>Send one or more SQL statements to the server and execute them </p4d>
<p5>resource fbsql_query(string query [, resource link_identifier [, long batch_size]])</p5>
<p5d>Send one or more SQL statements to the server and execute them </p5d>
<texts><text><lng>de</lng>
<d>Sendet eine FrontBase-Abfrage</d>
</text><text><lng>en</lng>
<d>Send a FrontBase query</d>
</text></texts></PHPModuleRef><PHPModuleRef>
<t>fbsql_read_blob</t>
<mn>fbsql</mn>
<ft>F</ft>
<ver>4_2_0,4_2_1,4_2_2,4_2_3,4_3_0,4_3_1,4_3_10,4_3_11,4_3_2,4_3_3,4_3_4,4_3_5,4_3_6,4_3_7,4_3_8,4_3_9,4_4_0,4_4_1,4_4_2,4_4_3,4_4_4,4_4_5,4_4_6,4_cvs,5_0_0,5_0_1,5_0_2,5_0_3,5_1_0,5_1_1,5_1_2,5_1_3,5_1_4,5_1_5,5_1_6,5_2_0,5_2_1,5_cvs</ver>
<p4>string fbsql_read_blob(string blob_handle [, resource link_identifier])</p4>
<p4d>Read the BLOB data identified by blob_handle </p4d>
<p5>string fbsql_read_blob(string blob_handle [, resource link_identifier])</p5>
<p5d>Read the BLOB data identified by blob_handle </p5d>
<texts><text><lng>en</lng>
<d>Read a BLOB from the database</d>
</text></texts></PHPModuleRef><PHPModuleRef>
<t>fbsql_read_clob</t>
<mn>fbsql</mn>
<ft>F</ft>
<ver>4_2_0,4_2_1,4_2_2,4_2_3,4_3_0,4_3_1,4_3_10,4_3_11,4_3_2,4_3_3,4_3_4,4_3_5,4_3_6,4_3_7,4_3_8,4_3_9,4_4_0,4_4_1,4_4_2,4_4_3,4_4_4,4_4_5,4_4_6,4_cvs,5_0_0,5_0_1,5_0_2,5_0_3,5_1_0,5_1_1,5_1_2,5_1_3,5_1_4,5_1_5,5_1_6,5_2_0,5_2_1,5_cvs</ver>
<p4>string fbsql_read_clob(string clob_handle [, resource link_identifier])</p4>
<p4d>Read the CLOB data identified by clob_handle </p4d>
<p5>string fbsql_read_clob(string clob_handle [, resource link_identifier])</p5>
<p5d>Read the CLOB data identified by clob_handle </p5d>
<texts><text><lng>en</lng>
<d>Read a CLOB from the database</d>
</text></texts></PHPModuleRef><PHPModuleRef>
<t>fbsql_result</t>
<mn>fbsql</mn>
<ft>F</ft>
<ver>4_0_6,4_1_0,4_1_1,4_1_2,4_2_0,4_2_1,4_2_2,4_2_3,4_3_0,4_3_1,4_3_10,4_3_11,4_3_2,4_3_3,4_3_4,4_3_5,4_3_6,4_3_7,4_3_8,4_3_9,4_4_0,4_4_1,4_4_2,4_4_3,4_4_4,4_4_5,4_4_6,4_cvs,5_0_0,5_0_1,5_0_2,5_0_3,5_1_0,5_1_1,5_1_2,5_1_3,5_1_4,5_1_5,5_1_6,5_2_0,5_2_1,5_cvs</ver>
<p4>mixed fbsql_result(int result [, int row [, mixed field]])</p4>
<p4d>??? </p4d>
<p5>mixed fbsql_result(int result [, int row [, mixed field]])</p5>
<p5d>??? </p5d>
<texts><text><lng>de</lng>
<d>Liefert Ergebnisdaten</d>
</text><text><lng>en</lng>
<d>Get result data</d>
</text></texts></PHPModuleRef><PHPModuleRef>
<t>fbsql_rollback</t>
<mn>fbsql</mn>
<ft>F</ft>
<ver>4_0_6,4_1_0,4_1_1,4_1_2,4_2_0,4_2_1,4_2_2,4_2_3,4_3_0,4_3_1,4_3_10,4_3_11,4_3_2,4_3_3,4_3_4,4_3_5,4_3_6,4_3_7,4_3_8,4_3_9,4_4_0,4_4_1,4_4_2,4_4_3,4_4_4,4_4_5,4_4_6,4_cvs,5_0_0,5_0_1,5_0_2,5_0_3,5_1_0,5_1_1,5_1_2,5_1_3,5_1_4,5_1_5,5_1_6,5_2_0,5_2_1,5_cvs</ver>
<p4>int fbsql_rollback([resource link_identifier])</p4>
<p4d>Rollback all statments since last commit </p4d>
<p5>bool fbsql_rollback([resource link_identifier])</p5>
<p5d>Rollback all statments since last commit </p5d>
<texts><text><lng>en</lng>
<d>Rollback a transaction to the database</d>
</text></texts></PHPModuleRef><PHPModuleRef>
<t>fbsql_rows_fetched</t>
<mn>fbsql</mn>
<ft>F</ft>
<ver>5_1_0,5_1_1,5_1_2,5_1_3,5_1_4,5_1_5,5_1_6,5_2_0,5_2_1,5_cvs</ver>
<p5>int fbsql_rows_fetched(resource result)</p5>
<p5d>Get the number of rows affected by the last statement </p5d>
<texts><text><lng>en</lng>
<d>Get the number of rows affected by the last statement</d>
</text></texts></PHPModuleRef><PHPModuleRef>
<t>fbsql_select_db</t>
<mn>fbsql</mn>
<ft>F</ft>
<ver>4_0_6,4_1_0,4_1_1,4_1_2,4_2_0,4_2_1,4_2_2,4_2_3,4_3_0,4_3_1,4_3_10,4_3_11,4_3_2,4_3_3,4_3_4,4_3_5,4_3_6,4_3_7,4_3_8,4_3_9,4_4_0,4_4_1,4_4_2,4_4_3,4_4_4,4_4_5,4_4_6,4_cvs,5_0_0,5_0_1,5_0_2,5_0_3,5_1_0,5_1_1,5_1_2,5_1_3,5_1_4,5_1_5,5_1_6,5_2_0,5_2_1,5_cvs</ver>
<p4>bool fbsql_select_db([string database_name [, resource link_identifier]])</p4>
<p4d>Select the database to open </p4d>
<p5>bool fbsql_select_db([string database_name [, resource link_identifier]])</p5>
<p5d>Select the database to open </p5d>
<texts><text><lng>de</lng>
<d>Wählt eine FrontBase-Datenbank aus</d>
</text><text><lng>en</lng>
<d>Select a FrontBase database</d>
</text></texts></PHPModuleRef><PHPModuleRef>
<t>fbsql_set_autostart_info</t>
<mn>fbsql</mn>
<ft>F</ft>
<ver>4_1_0,4_1_1,4_1_2,4_2_0,4_2_1,4_2_2,4_2_3,4_3_0,4_3_1,4_3_10,4_3_11,4_3_2,4_3_3,4_3_4,4_3_5,4_3_6,4_3_7,4_3_8,4_3_9,4_4_0,4_4_1,4_4_2,4_4_3,4_4_4,4_4_5,4_4_6,4_cvs,5_0_0,5_0_1,5_0_2,5_0_3,5_1_0,5_1_1,5_1_2,5_1_3,5_1_4,5_1_5,5_1_6,5_2_0,5_2_1,5_cvs</ver>
</PHPModuleRef><PHPModuleRef>
<t>fbsql_set_characterset</t>
<mn>fbsql</mn>
<ft>F</ft>
<ver>5_1_0,5_1_1,5_1_2,5_1_3,5_1_4,5_1_5,5_1_6,5_2_0,5_2_1,5_cvs</ver>
<p5>void fbsql_set_characterset(resource link_identifier, long charcterset [, long in_out_both]])</p5>
<p5d>Change input/output character set </p5d>
<texts><text><lng>en</lng>
<d>Change input/output character set</d>
</text></texts></PHPModuleRef><PHPModuleRef>
<t>fbsql_set_lob_mode</t>
<mn>fbsql</mn>
<ft>F</ft>
<ver>4_2_0,4_2_1,4_2_2,4_2_3,4_3_0,4_3_1,4_3_10,4_3_11,4_3_2,4_3_3,4_3_4,4_3_5,4_3_6,4_3_7,4_3_8,4_3_9,4_4_0,4_4_1,4_4_2,4_4_3,4_4_4,4_4_5,4_4_6,4_cvs,5_0_0,5_0_1,5_0_2,5_0_3,5_1_0,5_1_1,5_1_2,5_1_3,5_1_4,5_1_5,5_1_6,5_2_0,5_2_1,5_cvs</ver>
<p4>bool fbsql_set_lob_mode(resource result, int lob_mode)</p4>
<p4d>Sets the mode for how LOB data re retreived (actual data or a handle) </p4d>
<p5>bool fbsql_set_lob_mode(resource result, int lob_mode)</p5>
<p5d>Sets the mode for how LOB data re retreived (actual data or a handle) </p5d>
<texts><text><lng>de</lng>
<d>Setzt den LOB-Lese-Modus für ein FrontBase-Ergebnis</d>
</text><text><lng>en</lng>
<d>Set the LOB retrieve mode for a FrontBase result set</d>
</text></texts></PHPModuleRef><PHPModuleRef>
<t>fbsql_set_password</t>
<mn>fbsql</mn>
<ft>F</ft>
<ver>5_0_0,5_0_1,5_0_2,5_0_3,5_1_0,5_1_1,5_1_2,5_1_3,5_1_4,5_1_5,5_1_6,5_2_0,5_2_1,5_cvs</ver>
<p5>bool fbsql_set_password(resource link_identifier, string user, string password, string old_password)</p5>
<p5d>Change the password for a given user </p5d>
<texts><text><lng>en</lng>
<d>Change the password for a given user</d>
</text></texts></PHPModuleRef><PHPModuleRef>
<t>fbsql_set_transaction</t>
<mn>fbsql</mn>
<ft>F</ft>
<ver>4_2_0,4_2_1,4_2_2,4_2_3,4_3_0,4_3_1,4_3_10,4_3_11,4_3_2,4_3_3,4_3_4,4_3_5,4_3_6,4_3_7,4_3_8,4_3_9,4_4_0,4_4_1,4_4_2,4_4_3,4_4_4,4_4_5,4_4_6,4_cvs,5_0_0,5_0_1,5_0_2,5_0_3,5_1_0,5_1_1,5_1_2,5_1_3,5_1_4,5_1_5,5_1_6,5_2_0,5_2_1,5_cvs</ver>
<p4>void fbsql_set_transaction(resource link_identifier, int locking, int isolation)</p4>
<p4d>Sets the transaction locking and isolation </p4d>
<p5>void fbsql_set_transaction(resource link_identifier, int locking, int isolation)</p5>
<p5d>Sets the transaction locking and isolation </p5d>
<texts><text><lng>en</lng>
<d>Set the transaction locking and isolation</d>
</text></texts></PHPModuleRef><PHPModuleRef>
<t>fbsql_start_db</t>
<mn>fbsql</mn>
<ft>F</ft>
<ver>4_0_6,4_1_0,4_1_1,4_1_2,4_2_0,4_2_1,4_2_2,4_2_3,4_3_0,4_3_1,4_3_10,4_3_11,4_3_2,4_3_3,4_3_4,4_3_5,4_3_6,4_3_7,4_3_8,4_3_9,4_4_0,4_4_1,4_4_2,4_4_3,4_4_4,4_4_5,4_4_6,4_cvs,5_0_0,5_0_1,5_0_2,5_0_3,5_1_0,5_1_1,5_1_2,5_1_3,5_1_4,5_1_5,5_1_6,5_2_0,5_2_1,5_cvs</ver>
<p4>bool fbsql_start_db(string database_name [, resource link_identifier])</p4>
<p4d>Start a database on the server </p4d>
<p5>bool fbsql_start_db(string database_name [, resource link_identifier [, string database_options]])</p5>
<p5d>Start a database on the server </p5d>
<texts><text><lng>de</lng>
<d>Startet eine Datenbank auf einem lokalen oder entfernten Server</d>
</text><text><lng>en</lng>
<d>Start a database on local or remote server</d>
</text></texts></PHPModuleRef><PHPModuleRef>
<t>fbsql_stop_db</t>
<mn>fbsql</mn>
<ft>F</ft>
<ver>4_0_6,4_1_0,4_1_1,4_1_2,4_2_0,4_2_1,4_2_2,4_2_3,4_3_0,4_3_1,4_3_10,4_3_11,4_3_2,4_3_3,4_3_4,4_3_5,4_3_6,4_3_7,4_3_8,4_3_9,4_4_0,4_4_1,4_4_2,4_4_3,4_4_4,4_4_5,4_4_6,4_cvs,5_0_0,5_0_1,5_0_2,5_0_3,5_1_0,5_1_1,5_1_2,5_1_3,5_1_4,5_1_5,5_1_6,5_2_0,5_2_1,5_cvs</ver>
<p4>bool fbsql_stop_db(string database_name [, resource link_identifier])</p4>
<p4d>Stop a database on the server </p4d>
<p5>bool fbsql_stop_db(string database_name [, resource link_identifier])</p5>
<p5d>Stop a database on the server </p5d>
<texts><text><lng>de</lng>
<d>Stoppt eine Datenbank auf einem lokalen oder entferneten Server</d>
</text><text><lng>en</lng>
<d>Stop a database on local or remote server</d>
</text></texts></PHPModuleRef><PHPModuleRef>
<t>fbsql_tablename</t>
<mn>fbsql</mn>
<ft>A</ft>
<af>fbsql_table_name</af>
<ver>4_2_0,4_2_1,4_2_2,4_2_3,4_3_0,4_3_1,4_3_10,4_3_11,4_3_2,4_3_3,4_3_4,4_3_5,4_3_6,4_3_7,4_3_8,4_3_9,4_4_0,4_4_1,4_4_2,4_4_3,4_4_4,4_4_5,4_4_6,4_cvs,5_0_0,5_0_1,5_0_2,5_0_3,5_1_0,5_1_1,5_1_2,5_1_3,5_1_4,5_1_5,5_1_6,5_2_0,5_2_1,5_cvs</ver>
</PHPModuleRef><PHPModuleRef>
<t>fbsql_table_name</t>
<mn>fbsql</mn>
<ft>F</ft>
<ver>4_2_0,4_2_1,4_2_2,4_2_3,4_3_0,4_3_1,4_3_10,4_3_11,4_3_2,4_3_3,4_3_4,4_3_5,4_3_6,4_3_7,4_3_8,4_3_9,4_4_0,4_4_1,4_4_2,4_4_3,4_4_4,4_4_5,4_4_6,4_cvs,5_0_0,5_0_1,5_0_2,5_0_3,5_1_0,5_1_1,5_1_2,5_1_3,5_1_4,5_1_5,5_1_6,5_2_0,5_2_1,5_cvs</ver>
<p4>string fbsql_table_name(resource result, int index)</p4>
<p4d>Retreive the table name for index after a call to fbsql_list_tables() </p4d>
<p5>string fbsql_table_name(resource result, int index)</p5>
<p5d>Retreive the table name for index after a call to fbsql_list_tables() </p5d>
<texts><text><lng>en</lng>
<d>Get table name of field</d>
</text></texts></PHPModuleRef><PHPModuleRef>
<t>fbsql_username</t>
<mn>fbsql</mn>
<ft>F</ft>
<ver>4_0_6,4_1_0,4_1_1,4_1_2,4_2_0,4_2_1,4_2_2,4_2_3,4_3_0,4_3_1,4_3_10,4_3_11,4_3_2,4_3_3,4_3_4,4_3_5,4_3_6,4_3_7,4_3_8,4_3_9,4_4_0,4_4_1,4_4_2,4_4_3,4_4_4,4_4_5,4_4_6,4_cvs,5_0_0,5_0_1,5_0_2,5_0_3,5_1_0,5_1_1,5_1_2,5_1_3,5_1_4,5_1_5,5_1_6,5_2_0,5_2_1,5_cvs</ver>
<p4>string fbsql_username(resource link_identifier [, string username])</p4>
<p4d>Get or set the host user used with a connection </p4d>
<p5>string fbsql_username(resource link_identifier [, string username])</p5>
<p5d>Get or set the host user used with a connection </p5d>
<texts><text><lng>de</lng>
<d>Liest oder setzt den Host-Benutzer einer Verbindung</d>
</text><text><lng>en</lng>
<d>Get or set the username for the connection</d>
</text></texts></PHPModuleRef><PHPModuleRef>
<t>fbsql_warnings</t>
<mn>fbsql</mn>
<ft>F</ft>
<ver>4_0_6,4_1_0,4_1_1,4_1_2,4_2_0,4_2_1,4_2_2,4_2_3,4_3_0,4_3_1,4_3_10,4_3_11,4_3_2,4_3_3,4_3_4,4_3_5,4_3_6,4_3_7,4_3_8,4_3_9,4_4_0,4_4_1,4_4_2,4_4_3,4_4_4,4_4_5,4_4_6,4_cvs,5_0_0,5_0_1,5_0_2,5_0_3,5_1_0,5_1_1,5_1_2,5_1_3,5_1_4,5_1_5,5_1_6,5_2_0,5_2_1,5_cvs</ver>
<p4>bool fbsql_warnings([int flag])</p4>
<p4d>Enable or disable FrontBase warnings </p4d>
<p5>bool fbsql_warnings([int flag])</p5>
<p5d>Enable or disable FrontBase warnings </p5d>
<texts><text><lng>de</lng>
<d>Aktivieren oder Deaktivieren der FrontBase-Warnungen</d>
</text><text><lng>en</lng>
<d>Enable or disable FrontBase warnings</d>
</text></texts></PHPModuleRef><PHPModuleRef>
<t>FBSQL_ASSOC</t>
<mn>fbsql</mn>
<ft>C</ft>
<p4>integer FBSQL_ASSOC</p4>
<p5>integer FBSQL_ASSOC</p5>
</PHPModuleRef><PHPModuleRef>
<t>FBSQL_BOTH</t>
<mn>fbsql</mn>
<ft>C</ft>
<p4>integer FBSQL_BOTH</p4>
<p5>integer FBSQL_BOTH</p5>
</PHPModuleRef><PHPModuleRef>
<t>FBSQL_ISO_READ_COMMITTED</t>
<mn>fbsql</mn>
<ft>C</ft>
<p4>integer FBSQL_ISO_READ_COMMITTED</p4>
<p5>integer FBSQL_ISO_READ_COMMITTED</p5>
</PHPModuleRef><PHPModuleRef>
<t>FBSQL_ISO_READ_UNCOMMITTED</t>
<mn>fbsql</mn>
<ft>C</ft>
<p4>integer FBSQL_ISO_READ_UNCOMMITTED</p4>
<p5>integer FBSQL_ISO_READ_UNCOMMITTED</p5>
</PHPModuleRef><PHPModuleRef>
<t>FBSQL_ISO_REPEATABLE_READ</t>
<mn>fbsql</mn>
<ft>C</ft>
<p4>integer FBSQL_ISO_REPEATABLE_READ</p4>
<p5>integer FBSQL_ISO_REPEATABLE_READ</p5>
</PHPModuleRef><PHPModuleRef>
<t>FBSQL_ISO_SERIALIZABLE</t>
<mn>fbsql</mn>
<ft>C</ft>
<p4>integer FBSQL_ISO_SERIALIZABLE</p4>
<p5>integer FBSQL_ISO_SERIALIZABLE</p5>
</PHPModuleRef><PHPModuleRef>
<t>FBSQL_ISO_VERSIONED</t>
<mn>fbsql</mn>
<ft>C</ft>
<p4>integer FBSQL_ISO_VERSIONED</p4>
<p5>integer FBSQL_ISO_VERSIONED</p5>
</PHPModuleRef><PHPModuleRef>
<t>FBSQL_LOB_DIRECT</t>
<mn>fbsql</mn>
<ft>C</ft>
<p4>integer FBSQL_LOB_DIRECT</p4>
<p5>integer FBSQL_LOB_DIRECT</p5>
</PHPModuleRef><PHPModuleRef>
<t>FBSQL_LOB_HANDLE</t>
<mn>fbsql</mn>
<ft>C</ft>
<p4>integer FBSQL_LOB_HANDLE</p4>
<p5>integer FBSQL_LOB_HANDLE</p5>
</PHPModuleRef><PHPModuleRef>
<t>FBSQL_LOCK_DEFERRED</t>
<mn>fbsql</mn>
<ft>C</ft>
<p4>integer FBSQL_LOCK_DEFERRED</p4>
<p5>integer FBSQL_LOCK_DEFERRED</p5>
</PHPModuleRef><PHPModuleRef>
<t>FBSQL_LOCK_OPTIMISTIC</t>
<mn>fbsql</mn>
<ft>C</ft>
<p4>integer FBSQL_LOCK_OPTIMISTIC</p4>
<p5>integer FBSQL_LOCK_OPTIMISTIC</p5>
</PHPModuleRef><PHPModuleRef>
<t>FBSQL_LOCK_PESSIMISTIC</t>
<mn>fbsql</mn>
<ft>C</ft>
<p4>integer FBSQL_LOCK_PESSIMISTIC</p4>
<p5>integer FBSQL_LOCK_PESSIMISTIC</p5>
</PHPModuleRef><PHPModuleRef>
<t>FBSQL_NOEXEC</t>
<mn>fbsql</mn>
<ft>C</ft>
<p4>integer FBSQL_NOEXEC</p4>
<p5>integer FBSQL_NOEXEC</p5>
</PHPModuleRef><PHPModuleRef>
<t>FBSQL_NUM</t>
<mn>fbsql</mn>
<ft>C</ft>
<p4>integer FBSQL_NUM</p4>
<p5>integer FBSQL_NUM</p5>
</PHPModuleRef><PHPModuleRef>
<t>FBSQL_RUNNING</t>
<mn>fbsql</mn>
<ft>C</ft>
<p4>integer FBSQL_RUNNING</p4>
<p5>integer FBSQL_RUNNING</p5>
</PHPModuleRef><PHPModuleRef>
<t>FBSQL_STARTING</t>
<mn>fbsql</mn>
<ft>C</ft>
<p4>integer FBSQL_STARTING</p4>
<p5>integer FBSQL_STARTING</p5>
</PHPModuleRef><PHPModuleRef>
<t>FBSQL_STOPPED</t>
<mn>fbsql</mn>
<ft>C</ft>
<p4>integer FBSQL_STOPPED</p4>
<p5>integer FBSQL_STOPPED</p5>
</PHPModuleRef><PHPModuleRef>
<t>FBSQL_STOPPING</t>
<mn>fbsql</mn>
<ft>C</ft>
<p4>integer FBSQL_STOPPING</p4>
<p5>integer FBSQL_STOPPING</p5>
</PHPModuleRef><PHPModuleRef>
<t>FBSQL_UNKNOWN</t>
<mn>fbsql</mn>
<ft>C</ft>
<p4>integer FBSQL_UNKNOWN</p4>
<p5>integer FBSQL_UNKNOWN</p5>
</PHPModuleRef></PHPModuleRef-List>
