<?xml version="1.0" encoding="utf-8"?>
<PHPModuleRef-List>
<PHPModuleRef>
<t>fdf_add_doc_javascript</t>
<mn>fdf</mn>
<ft>F</ft>
<ver>4_3_0,4_3_1,4_3_10,4_3_11,4_3_2,4_3_3,4_3_4,4_3_5,4_3_6,4_3_7,4_3_8,4_3_9,4_4_0,4_4_1,4_4_2,4_4_3,4_4_4,4_4_5,4_4_6,4_cvs,5_0_0,5_0_1,5_0_2,5_0_3,5_1_0,5_1_1,5_1_2,5_1_3,5_1_4,5_1_5,5_1_6,5_2_0,5_2_1,5_cvs</ver>
<p4>bool fdf_add_doc_javascript(resource fdfdoc, string scriptname, string script) </p4>
<p4d>Add javascript code to the fdf file </p4d>
<p5>bool fdf_add_doc_javascript(resource fdfdoc, string scriptname, string script) </p5>
<p5d>Add javascript code to the fdf file </p5d>
<texts><text><lng>de</lng>
<d>Fügt JavaScript Code in ein FDF Dokument ein.</d>
</text><text><lng>en</lng>
<d>Adds javascript code to the FDF document</d>
</text></texts></PHPModuleRef><PHPModuleRef>
<t>fdf_add_template</t>
<mn>fdf</mn>
<ft>F</ft>
<ver>4_0_0,4_0_1,4_0_2,4_0_3,4_0_4,4_0_5,4_0_6,4_1_0,4_1_1,4_1_2,4_2_0,4_2_1,4_2_2,4_2_3,4_3_0,4_3_1,4_3_10,4_3_11,4_3_2,4_3_3,4_3_4,4_3_5,4_3_6,4_3_7,4_3_8,4_3_9,4_4_0,4_4_1,4_4_2,4_4_3,4_4_4,4_4_5,4_4_6,4_cvs,5_0_0,5_0_1,5_0_2,5_0_3,5_1_0,5_1_1,5_1_2,5_1_3,5_1_4,5_1_5,5_1_6,5_2_0,5_2_1,5_cvs</ver>
<p4>bool fdf_add_template(resource fdfdoc, int newpage, string filename, string template, int rename)</p4>
<p4d>Adds a template into the FDF document </p4d>
<p5>bool fdf_add_template(resource fdfdoc, int newpage, string filename, string template, int rename)</p5>
<p5d>Adds a template into the FDF document </p5d>
<texts><text><lng>de</lng>
<d>Fügt dem FDF Dokument ein Template hinzu</d>
</text><text><lng>en</lng>
<d>Adds a template into the FDF document</d>
</text></texts></PHPModuleRef><PHPModuleRef>
<t>fdf_close</t>
<mn>fdf</mn>
<ft>F</ft>
<ver>4_0_0,4_0_1,4_0_2,4_0_3,4_0_4,4_0_5,4_0_6,4_1_0,4_1_1,4_1_2,4_2_0,4_2_1,4_2_2,4_2_3,4_3_0,4_3_1,4_3_10,4_3_11,4_3_2,4_3_3,4_3_4,4_3_5,4_3_6,4_3_7,4_3_8,4_3_9,4_4_0,4_4_1,4_4_2,4_4_3,4_4_4,4_4_5,4_4_6,4_cvs,5_0_0,5_0_1,5_0_2,5_0_3,5_1_0,5_1_1,5_1_2,5_1_3,5_1_4,5_1_5,5_1_6,5_2_0,5_2_1,5_cvs</ver>
<p4>bool fdf_close(resource fdfdoc)</p4>
<p4d>Closes the FDF document </p4d>
<p5>void fdf_close(resource fdfdoc)</p5>
<p5d>Closes the FDF document </p5d>
<texts><text><lng>de</lng>
<d>Schließt ein FDF Dokument</d>
</text><text><lng>en</lng>
<d>Close an FDF document</d>
</text><text><lng>es</lng>
<d>Cerrar un documento FDF</d>
</text></texts></PHPModuleRef><PHPModuleRef>
<t>fdf_create</t>
<mn>fdf</mn>
<ft>F</ft>
<ver>4_0_0,4_0_1,4_0_2,4_0_3,4_0_4,4_0_5,4_0_6,4_1_0,4_1_1,4_1_2,4_2_0,4_2_1,4_2_2,4_2_3,4_3_0,4_3_1,4_3_10,4_3_11,4_3_2,4_3_3,4_3_4,4_3_5,4_3_6,4_3_7,4_3_8,4_3_9,4_4_0,4_4_1,4_4_2,4_4_3,4_4_4,4_4_5,4_4_6,4_cvs,5_0_0,5_0_1,5_0_2,5_0_3,5_1_0,5_1_1,5_1_2,5_1_3,5_1_4,5_1_5,5_1_6,5_2_0,5_2_1,5_cvs</ver>
<p4>resource fdf_create(void)</p4>
<p4d>Creates a new FDF document </p4d>
<p5>resource fdf_create(void)</p5>
<p5d>Creates a new FDF document </p5d>
<texts><text><lng>de</lng>
<d>Erzeugt ein neues FDF Dokument</d>
</text><text><lng>en</lng>
<d>Create a new FDF document</d>
</text><text><lng>es</lng>
<d>Crear un documento FDF</d>
</text></texts></PHPModuleRef><PHPModuleRef>
<t>fdf_enum_values</t>
<mn>fdf</mn>
<ft>F</ft>
<ver>4_3_0,4_3_1,4_3_10,4_3_11,4_3_2,4_3_3,4_3_4,4_3_5,4_3_6,4_3_7,4_3_8,4_3_9,4_4_0,4_4_1,4_4_2,4_4_3,4_4_4,4_4_5,4_4_6,4_cvs,5_0_0,5_0_1,5_0_2,5_0_3,5_1_0,5_1_1,5_1_2,5_1_3,5_1_4,5_1_5,5_1_6,5_2_0,5_2_1,5_cvs</ver>
<p4>bool fdf_enum_values(resource fdfdoc, callback function [, mixed userdata])</p4>
<p4d>Call a user defined function for each document value </p4d>
<p5>bool fdf_enum_values(resource fdfdoc, callback function [, mixed userdata])</p5>
<p5d>Call a user defined function for each document value </p5d>
<texts><text><lng>en</lng>
<d>Call a user defined function for each document value</d>
</text></texts></PHPModuleRef><PHPModuleRef>
<t>fdf_errno</t>
<mn>fdf</mn>
<ft>F</ft>
<ver>4_3_0,4_3_1,4_3_10,4_3_11,4_3_2,4_3_3,4_3_4,4_3_5,4_3_6,4_3_7,4_3_8,4_3_9,4_4_0,4_4_1,4_4_2,4_4_3,4_4_4,4_4_5,4_4_6,4_cvs,5_0_0,5_0_1,5_0_2,5_0_3,5_1_0,5_1_1,5_1_2,5_1_3,5_1_4,5_1_5,5_1_6,5_2_0,5_2_1,5_cvs</ver>
<p4>int fdf_errno(void) </p4>
<p4d>Gets error code for last operation </p4d>
<p5>int fdf_errno(void) </p5>
<p5d>Gets error code for last operation </p5d>
<texts><text><lng>en</lng>
<d>Return error code for last fdf operation</d>
</text></texts></PHPModuleRef><PHPModuleRef>
<t>fdf_error</t>
<mn>fdf</mn>
<ft>F</ft>
<ver>4_3_0,4_3_1,4_3_10,4_3_11,4_3_2,4_3_3,4_3_4,4_3_5,4_3_6,4_3_7,4_3_8,4_3_9,4_4_0,4_4_1,4_4_2,4_4_3,4_4_4,4_4_5,4_4_6,4_cvs,5_0_0,5_0_1,5_0_2,5_0_3,5_1_0,5_1_1,5_1_2,5_1_3,5_1_4,5_1_5,5_1_6,5_2_0,5_2_1,5_cvs</ver>
<p4>string fdf_error([int errno]) </p4>
<p4d>Gets error description for error code </p4d>
<p5>string fdf_error([int errno]) </p5>
<p5d>Gets error description for error code </p5d>
<texts><text><lng>en</lng>
<d>Return error description for FDF error code</d>
</text></texts></PHPModuleRef><PHPModuleRef>
<t>fdf_get_ap</t>
<mn>fdf</mn>
<ft>F</ft>
<ver>4_3_0,4_3_1,4_3_10,4_3_11,4_3_2,4_3_3,4_3_4,4_3_5,4_3_6,4_3_7,4_3_8,4_3_9,4_4_0,4_4_1,4_4_2,4_4_3,4_4_4,4_4_5,4_4_6,4_cvs,5_0_0,5_0_1,5_0_2,5_0_3,5_1_0,5_1_1,5_1_2,5_1_3,5_1_4,5_1_5,5_1_6,5_2_0,5_2_1,5_cvs</ver>
<p4>bool fdf_get_ap(resource fdfdoc, string fieldname, int face, string filename) </p4>
<p4d>Gets the appearance of a field and creates a PDF document out of it. </p4d>
<p5>bool fdf_get_ap(resource fdfdoc, string fieldname, int face, string filename) </p5>
<p5d>Gets the appearance of a field and creates a PDF document out of it. </p5d>
<texts><text><lng>en</lng>
<d>Get the appearance of a field</d>
</text></texts></PHPModuleRef><PHPModuleRef>
<t>fdf_get_attachment</t>
<mn>fdf</mn>
<ft>F</ft>
<ver>4_3_0,4_3_1,4_3_10,4_3_11,4_3_2,4_3_3,4_3_4,4_3_5,4_3_6,4_3_7,4_3_8,4_3_9,4_4_0,4_4_1,4_4_2,4_4_3,4_4_4,4_4_5,4_4_6,4_cvs,5_0_0,5_0_1,5_0_2,5_0_3,5_1_0,5_1_1,5_1_2,5_1_3,5_1_4,5_1_5,5_1_6,5_2_0,5_2_1,5_cvs</ver>
<p4>array fdf_get_attachment(resource fdfdoc, string fieldname, string savepath)</p4>
<p4d>Get attached uploaded file </p4d>
<p5>array fdf_get_attachment(resource fdfdoc, string fieldname, string savepath)</p5>
<p5d>Get attached uploaded file </p5d>
<texts><text><lng>en</lng>
<d>Extracts uploaded file embedded in the FDF</d>
</text></texts></PHPModuleRef><PHPModuleRef>
<t>fdf_get_encoding</t>
<mn>fdf</mn>
<ft>F</ft>
<ver>4_3_0,4_3_1,4_3_10,4_3_11,4_3_2,4_3_3,4_3_4,4_3_5,4_3_6,4_3_7,4_3_8,4_3_9,4_4_0,4_4_1,4_4_2,4_4_3,4_4_4,4_4_5,4_4_6,4_cvs,5_0_0,5_0_1,5_0_2,5_0_3,5_1_0,5_1_1,5_1_2,5_1_3,5_1_4,5_1_5,5_1_6,5_2_0,5_2_1,5_cvs</ver>
<p4>string fdf_get_encoding(resource fdf) </p4>
<p4d>Gets FDF file encoding scheme </p4d>
<p5>string fdf_get_encoding(resource fdf) </p5>
<p5d>Gets FDF file encoding scheme </p5d>
<texts><text><lng>en</lng>
<d>Get the value of the /Encoding key</d>
</text></texts></PHPModuleRef><PHPModuleRef>
<t>fdf_get_file</t>
<mn>fdf</mn>
<ft>F</ft>
<ver>4_0_0,4_0_1,4_0_2,4_0_3,4_0_4,4_0_5,4_0_6,4_1_0,4_1_1,4_1_2,4_2_0,4_2_1,4_2_2,4_2_3,4_3_0,4_3_1,4_3_10,4_3_11,4_3_2,4_3_3,4_3_4,4_3_5,4_3_6,4_3_7,4_3_8,4_3_9,4_4_0,4_4_1,4_4_2,4_4_3,4_4_4,4_4_5,4_4_6,4_cvs,5_0_0,5_0_1,5_0_2,5_0_3,5_1_0,5_1_1,5_1_2,5_1_3,5_1_4,5_1_5,5_1_6,5_2_0,5_2_1,5_cvs</ver>
<p4>string fdf_get_file(resource fdfdoc)</p4>
<p4d>Gets the value of /F key </p4d>
<p5>string fdf_get_file(resource fdfdoc)</p5>
<p5d>Gets the value of /F key </p5d>
<texts><text><lng>de</lng>
<d>Gibt den Wert des /F Schlüssels zurück</d>
</text><text><lng>en</lng>
<d>Get the value of the /F key</d>
</text><text><lng>es</lng>
<d>Obtener el valor de la clave /F</d>
</text></texts></PHPModuleRef><PHPModuleRef>
<t>fdf_get_flags</t>
<mn>fdf</mn>
<ft>F</ft>
<ver>4_3_0,4_3_1,4_3_10,4_3_11,4_3_2,4_3_3,4_3_4,4_3_5,4_3_6,4_3_7,4_3_8,4_3_9,4_4_0,4_4_1,4_4_2,4_4_3,4_4_4,4_4_5,4_4_6,4_cvs,5_0_0,5_0_1,5_0_2,5_0_3,5_1_0,5_1_1,5_1_2,5_1_3,5_1_4,5_1_5,5_1_6,5_2_0,5_2_1,5_cvs</ver>
<p4>int fdf_get_flags(resorce fdfdoc, string fieldname, int whichflags) </p4>
<p4d>Gets the flags of a field </p4d>
<p5>int fdf_get_flags(resorce fdfdoc, string fieldname, int whichflags) </p5>
<p5d>Gets the flags of a field </p5d>
<texts><text><lng>en</lng>
<d>Gets the flags of a field</d>
</text></texts></PHPModuleRef><PHPModuleRef>
<t>fdf_get_opt</t>
<mn>fdf</mn>
<ft>F</ft>
<ver>4_3_0,4_3_1,4_3_10,4_3_11,4_3_2,4_3_3,4_3_4,4_3_5,4_3_6,4_3_7,4_3_8,4_3_9,4_4_0,4_4_1,4_4_2,4_4_3,4_4_4,4_4_5,4_4_6,4_cvs,5_0_0,5_0_1,5_0_2,5_0_3,5_1_0,5_1_1,5_1_2,5_1_3,5_1_4,5_1_5,5_1_6,5_2_0,5_2_1,5_cvs</ver>
<p4>mixed fdf_get_opt(resource fdfdof, string fieldname [, int element])</p4>
<p4d>Gets a value from the opt array of a field </p4d>
<p5>mixed fdf_get_opt(resource fdfdof, string fieldname [, int element])</p5>
<p5d>Gets a value from the opt array of a field </p5d>
<texts><text><lng>en</lng>
<d>Gets a value from the opt array of a field</d>
</text></texts></PHPModuleRef><PHPModuleRef>
<t>fdf_get_status</t>
<mn>fdf</mn>
<ft>F</ft>
<ver>4_0_0,4_0_1,4_0_2,4_0_3,4_0_4,4_0_5,4_0_6,4_1_0,4_1_1,4_1_2,4_2_0,4_2_1,4_2_2,4_2_3,4_3_0,4_3_1,4_3_10,4_3_11,4_3_2,4_3_3,4_3_4,4_3_5,4_3_6,4_3_7,4_3_8,4_3_9,4_4_0,4_4_1,4_4_2,4_4_3,4_4_4,4_4_5,4_4_6,4_cvs,5_0_0,5_0_1,5_0_2,5_0_3,5_1_0,5_1_1,5_1_2,5_1_3,5_1_4,5_1_5,5_1_6,5_2_0,5_2_1,5_cvs</ver>
<p4>string fdf_get_status(resource fdfdoc)</p4>
<p4d>Gets the value of /Status key </p4d>
<p5>string fdf_get_status(resource fdfdoc)</p5>
<p5d>Gets the value of /Status key </p5d>
<texts><text><lng>de</lng>
<d>Gibt den Wert des /STATUS Schlüssels zurück</d>
</text><text><lng>en</lng>
<d>Get the value of the /STATUS key</d>
</text><text><lng>es</lng>
<d>Obtener el valor de la clave /STATUS</d>
</text></texts></PHPModuleRef><PHPModuleRef>
<t>fdf_get_value</t>
<mn>fdf</mn>
<ft>F</ft>
<ver>4_0_0,4_0_1,4_0_2,4_0_3,4_0_4,4_0_5,4_0_6,4_1_0,4_1_1,4_1_2,4_2_0,4_2_1,4_2_2,4_2_3,4_3_0,4_3_1,4_3_10,4_3_11,4_3_2,4_3_3,4_3_4,4_3_5,4_3_6,4_3_7,4_3_8,4_3_9,4_4_0,4_4_1,4_4_2,4_4_3,4_4_4,4_4_5,4_4_6,4_cvs,5_0_0,5_0_1,5_0_2,5_0_3,5_1_0,5_1_1,5_1_2,5_1_3,5_1_4,5_1_5,5_1_6,5_2_0,5_2_1,5_cvs</ver>
<p4>string fdf_get_value(resource fdfdoc, string fieldname [, int which])</p4>
<p4d>Gets the value of a field as string </p4d>
<p5>string fdf_get_value(resource fdfdoc, string fieldname [, int which])</p5>
<p5d>Gets the value of a field as string </p5d>
<texts><text><lng>de</lng>
<d>Gibt den Wert eines Feldes zurück</d>
</text><text><lng>en</lng>
<d>Get the value of a field</d>
</text><text><lng>es</lng>
<d>Obtener el valor de un campo</d>
</text></texts></PHPModuleRef><PHPModuleRef>
<t>fdf_get_version</t>
<mn>fdf</mn>
<ft>F</ft>
<ver>4_3_0,4_3_1,4_3_10,4_3_11,4_3_2,4_3_3,4_3_4,4_3_5,4_3_6,4_3_7,4_3_8,4_3_9,4_4_0,4_4_1,4_4_2,4_4_3,4_4_4,4_4_5,4_4_6,4_cvs,5_0_0,5_0_1,5_0_2,5_0_3,5_1_0,5_1_1,5_1_2,5_1_3,5_1_4,5_1_5,5_1_6,5_2_0,5_2_1,5_cvs</ver>
<p4>string fdf_get_version([resource fdfdoc]) </p4>
<p4d>Gets version number for FDF api or file </p4d>
<p5>string fdf_get_version([resource fdfdoc]) </p5>
<p5d>Gets version number for FDF api or file </p5d>
<texts><text><lng>en</lng>
<d>Gets version number for FDF API or file</d>
</text></texts></PHPModuleRef><PHPModuleRef>
<t>fdf_header</t>
<mn>fdf</mn>
<ft>F</ft>
<ver>4_3_0,4_3_1,4_3_10,4_3_11,4_3_2,4_3_3,4_3_4,4_3_5,4_3_6,4_3_7,4_3_8,4_3_9,4_4_0,4_4_1,4_4_2,4_4_3,4_4_4,4_4_5,4_4_6,4_cvs,5_0_0,5_0_1,5_0_2,5_0_3,5_1_0,5_1_1,5_1_2,5_1_3,5_1_4,5_1_5,5_1_6,5_2_0,5_2_1,5_cvs</ver>
<p4>void fdf_header(void) </p4>
<p4d>Set FDF specific HTTP headers </p4d>
<p5>void fdf_header(void) </p5>
<p5d>Set FDF specific HTTP headers </p5d>
<texts><text><lng>en</lng>
<d>Sets FDF-specific output headers</d>
</text></texts></PHPModuleRef><PHPModuleRef>
<t>fdf_next_field_name</t>
<mn>fdf</mn>
<ft>F</ft>
<ver>4_0_0,4_0_1,4_0_2,4_0_3,4_0_4,4_0_5,4_0_6,4_1_0,4_1_1,4_1_2,4_2_0,4_2_1,4_2_2,4_2_3,4_3_0,4_3_1,4_3_10,4_3_11,4_3_2,4_3_3,4_3_4,4_3_5,4_3_6,4_3_7,4_3_8,4_3_9,4_4_0,4_4_1,4_4_2,4_4_3,4_4_4,4_4_5,4_4_6,4_cvs,5_0_0,5_0_1,5_0_2,5_0_3,5_1_0,5_1_1,5_1_2,5_1_3,5_1_4,5_1_5,5_1_6,5_2_0,5_2_1,5_cvs</ver>
<p4>string fdf_next_field_name(resource fdfdoc [, string fieldname])</p4>
<p4d>Gets the name of the next field name or the first field name </p4d>
<p5>string fdf_next_field_name(resource fdfdoc [, string fieldname])</p5>
<p5d>Gets the name of the next field name or the first field name </p5d>
<texts><text><lng>de</lng>
<d>Gibt den Namen des nächsten Feldes zurück</d>
</text><text><lng>en</lng>
<d>Get the next field name</d>
</text><text><lng>es</lng>
<d>Obtener el nombre del siguiente campo</d>
</text></texts></PHPModuleRef><PHPModuleRef>
<t>fdf_open</t>
<mn>fdf</mn>
<ft>F</ft>
<ver>4_0_0,4_0_1,4_0_2,4_0_3,4_0_4,4_0_5,4_0_6,4_1_0,4_1_1,4_1_2,4_2_0,4_2_1,4_2_2,4_2_3,4_3_0,4_3_1,4_3_10,4_3_11,4_3_2,4_3_3,4_3_4,4_3_5,4_3_6,4_3_7,4_3_8,4_3_9,4_4_0,4_4_1,4_4_2,4_4_3,4_4_4,4_4_5,4_4_6,4_cvs,5_0_0,5_0_1,5_0_2,5_0_3,5_1_0,5_1_1,5_1_2,5_1_3,5_1_4,5_1_5,5_1_6,5_2_0,5_2_1,5_cvs</ver>
<p4>resource fdf_open(string filename)</p4>
<p4d>Opens a new FDF document </p4d>
<p5>resource fdf_open(string filename)</p5>
<p5d>Opens a new FDF document </p5d>
<texts><text><lng>de</lng>
<d>Öffnet ein FDF Dokument</d>
</text><text><lng>en</lng>
<d>Open a FDF document</d>
</text><text><lng>es</lng>
<d>Abrir un documento FDF</d>
</text></texts></PHPModuleRef><PHPModuleRef>
<t>fdf_open_string</t>
<mn>fdf</mn>
<ft>F</ft>
<ver>4_3_0,4_3_1,4_3_10,4_3_11,4_3_2,4_3_3,4_3_4,4_3_5,4_3_6,4_3_7,4_3_8,4_3_9,4_4_0,4_4_1,4_4_2,4_4_3,4_4_4,4_4_5,4_4_6,4_cvs,5_0_0,5_0_1,5_0_2,5_0_3,5_1_0,5_1_1,5_1_2,5_1_3,5_1_4,5_1_5,5_1_6,5_2_0,5_2_1,5_cvs</ver>
<p4>resource fdf_open_string(string fdf_data)</p4>
<p4d>Opens a new FDF document from string </p4d>
<p5>resource fdf_open_string(string fdf_data)</p5>
<p5d>Opens a new FDF document from string </p5d>
<texts><text><lng>en</lng>
<d>Read a FDF document from a string</d>
</text></texts></PHPModuleRef><PHPModuleRef>
<t>fdf_remove_item</t>
<mn>fdf</mn>
<ft>F</ft>
<ver>4_3_0,4_3_1,4_3_10,4_3_11,4_3_2,4_3_3,4_3_4,4_3_5,4_3_6,4_3_7,4_3_8,4_3_9,4_4_0,4_4_1,4_4_2,4_4_3,4_4_4,4_4_5,4_4_6,4_cvs,5_0_0,5_0_1,5_0_2,5_0_3,5_1_0,5_1_1,5_1_2,5_1_3,5_1_4,5_1_5,5_1_6,5_2_0,5_2_1,5_cvs</ver>
<p4>bool fdf_remove_item(resource fdfdoc, string fieldname, int item)</p4>
<p4d>Sets target frame for form </p4d>
<p5>bool fdf_remove_item(resource fdfdoc, string fieldname, int item)</p5>
<p5d>Sets target frame for form </p5d>
<texts><text><lng>en</lng>
<d>Sets target frame for form</d>
</text></texts></PHPModuleRef><PHPModuleRef>
<t>fdf_save</t>
<mn>fdf</mn>
<ft>F</ft>
<ver>4_0_0,4_0_1,4_0_2,4_0_3,4_0_4,4_0_5,4_0_6,4_1_0,4_1_1,4_1_2,4_2_0,4_2_1,4_2_2,4_2_3,4_3_0,4_3_1,4_3_10,4_3_11,4_3_2,4_3_3,4_3_4,4_3_5,4_3_6,4_3_7,4_3_8,4_3_9,4_4_0,4_4_1,4_4_2,4_4_3,4_4_4,4_4_5,4_4_6,4_cvs,5_0_0,5_0_1,5_0_2,5_0_3,5_1_0,5_1_1,5_1_2,5_1_3,5_1_4,5_1_5,5_1_6,5_2_0,5_2_1,5_cvs</ver>
<p4>mixed fdf_save(resource fdfdoc [, string filename])</p4>
<p4d>Writes out the FDF file </p4d>
<p5>bool fdf_save(resource fdfdoc [, string filename])</p5>
<p5d>Writes out the FDF file </p5d>
<texts><text><lng>de</lng>
<d>Speichern eines FDF Dokuments</d>
</text><text><lng>en</lng>
<d>Save a FDF document</d>
</text><text><lng>es</lng>
<d>Guardar un documeto FDF</d>
</text></texts></PHPModuleRef><PHPModuleRef>
<t>fdf_save_string</t>
<mn>fdf</mn>
<ft>F</ft>
<ver>4_3_0,4_3_1,4_3_10,4_3_11,4_3_2,4_3_3,4_3_4,4_3_5,4_3_6,4_3_7,4_3_8,4_3_9,4_4_0,4_4_1,4_4_2,4_4_3,4_4_4,4_4_5,4_4_6,4_cvs,5_0_0,5_0_1,5_0_2,5_0_3,5_1_0,5_1_1,5_1_2,5_1_3,5_1_4,5_1_5,5_1_6,5_2_0,5_2_1,5_cvs</ver>
<p4>mixed fdf_save_string(resource fdfdoc)</p4>
<p4d>Returns the FDF file as a string </p4d>
<p5>string fdf_save_string(resource fdfdoc)</p5>
<p5d>Returns the FDF file as a string </p5d>
<texts><text><lng>en</lng>
<d>Returns the FDF document as a string</d>
</text></texts></PHPModuleRef><PHPModuleRef>
<t>fdf_set_ap</t>
<mn>fdf</mn>
<ft>F</ft>
<ver>4_0_0,4_0_1,4_0_2,4_0_3,4_0_4,4_0_5,4_0_6,4_1_0,4_1_1,4_1_2,4_2_0,4_2_1,4_2_2,4_2_3,4_3_0,4_3_1,4_3_10,4_3_11,4_3_2,4_3_3,4_3_4,4_3_5,4_3_6,4_3_7,4_3_8,4_3_9,4_4_0,4_4_1,4_4_2,4_4_3,4_4_4,4_4_5,4_4_6,4_cvs,5_0_0,5_0_1,5_0_2,5_0_3,5_1_0,5_1_1,5_1_2,5_1_3,5_1_4,5_1_5,5_1_6,5_2_0,5_2_1,5_cvs</ver>
<p4>bool fdf_set_ap(resource fdfdoc, string fieldname, int face, string filename, int pagenr)</p4>
<p4d>Sets the appearence of a field </p4d>
<p5>bool fdf_set_ap(resource fdfdoc, string fieldname, int face, string filename, int pagenr)</p5>
<p5d>Sets the appearence of a field </p5d>
<texts><text><lng>de</lng>
<d>Legt das Aussehen eines Feldes fest</d>
</text><text><lng>en</lng>
<d>Set the appearance of a field</d>
</text><text><lng>es</lng>
<d>Ajusta la apariencia de un campo</d>
</text></texts></PHPModuleRef><PHPModuleRef>
<t>fdf_set_encoding</t>
<mn>fdf</mn>
<ft>F</ft>
<ver>4_1_0,4_1_1,4_1_2,4_2_0,4_2_1,4_2_2,4_2_3,4_3_0,4_3_1,4_3_10,4_3_11,4_3_2,4_3_3,4_3_4,4_3_5,4_3_6,4_3_7,4_3_8,4_3_9,4_4_0,4_4_1,4_4_2,4_4_3,4_4_4,4_4_5,4_4_6,4_cvs,5_0_0,5_0_1,5_0_2,5_0_3,5_1_0,5_1_1,5_1_2,5_1_3,5_1_4,5_1_5,5_1_6,5_2_0,5_2_1,5_cvs</ver>
<p4>bool fdf_set_encoding(resource fdf_document, string encoding)</p4>
<p4d>Sets FDF encoding (either &quot;Shift-JIS&quot; or &quot;Unicode&quot;) </p4d>
<p5>bool fdf_set_encoding(resource fdf_document, string encoding)</p5>
<p5d>Sets FDF encoding (either &quot;Shift-JIS&quot; or &quot;Unicode&quot;) </p5d>
<texts><text><lng>de</lng>
<d>Legt die Kodierung des FDF Zeichensatzes fest</d>
</text><text><lng>en</lng>
<d>Sets FDF character encoding</d>
</text></texts></PHPModuleRef><PHPModuleRef>
<t>fdf_set_file</t>
<mn>fdf</mn>
<ft>F</ft>
<ver>4_0_0,4_0_1,4_0_2,4_0_3,4_0_4,4_0_5,4_0_6,4_1_0,4_1_1,4_1_2,4_2_0,4_2_1,4_2_2,4_2_3,4_3_0,4_3_1,4_3_10,4_3_11,4_3_2,4_3_3,4_3_4,4_3_5,4_3_6,4_3_7,4_3_8,4_3_9,4_4_0,4_4_1,4_4_2,4_4_3,4_4_4,4_4_5,4_4_6,4_cvs,5_0_0,5_0_1,5_0_2,5_0_3,5_1_0,5_1_1,5_1_2,5_1_3,5_1_4,5_1_5,5_1_6,5_2_0,5_2_1,5_cvs</ver>
<p4>bool fdf_set_file(resource fdfdoc, string filename [, string target_frame])</p4>
<p4d>Sets the value of /F key </p4d>
<p5>bool fdf_set_file(resource fdfdoc, string filename [, string target_frame])</p5>
<p5d>Sets the value of /F key </p5d>
<texts><text><lng>de</lng>
<d>Definiert ein PDF-Dokument, das FDF-Daten anzeigen soll</d>
</text><text><lng>en</lng>
<d>Set PDF document to display FDF data in</d>
</text><text><lng>es</lng>
<d>Fijar el valor de la clave /F</d>
</text></texts></PHPModuleRef><PHPModuleRef>
<t>fdf_set_flags</t>
<mn>fdf</mn>
<ft>F</ft>
<ver>4_0_2,4_0_3,4_0_4,4_0_5,4_0_6,4_1_0,4_1_1,4_1_2,4_2_0,4_2_1,4_2_2,4_2_3,4_3_0,4_3_1,4_3_10,4_3_11,4_3_2,4_3_3,4_3_4,4_3_5,4_3_6,4_3_7,4_3_8,4_3_9,4_4_0,4_4_1,4_4_2,4_4_3,4_4_4,4_4_5,4_4_6,4_cvs,5_0_0,5_0_1,5_0_2,5_0_3,5_1_0,5_1_1,5_1_2,5_1_3,5_1_4,5_1_5,5_1_6,5_2_0,5_2_1,5_cvs</ver>
<p4>bool fdf_set_flags(resource fdfdoc, string fieldname, int whichflags, int newflags)</p4>
<p4d>Sets flags for a field in the FDF document </p4d>
<p5>bool fdf_set_flags(resource fdfdoc, string fieldname, int whichflags, int newflags)</p5>
<p5d>Sets flags for a field in the FDF document </p5d>
<texts><text><lng>de</lng>
<d>Setzt Flags eines Feldes</d>
</text><text><lng>en</lng>
<d>Sets a flag of a field</d>
</text></texts></PHPModuleRef><PHPModuleRef>
<t>fdf_set_javascript_action</t>
<mn>fdf</mn>
<ft>F</ft>
<ver>4_0_2,4_0_3,4_0_4,4_0_5,4_0_6,4_1_0,4_1_1,4_1_2,4_2_0,4_2_1,4_2_2,4_2_3,4_3_0,4_3_1,4_3_10,4_3_11,4_3_2,4_3_3,4_3_4,4_3_5,4_3_6,4_3_7,4_3_8,4_3_9,4_4_0,4_4_1,4_4_2,4_4_3,4_4_4,4_4_5,4_4_6,4_cvs,5_0_0,5_0_1,5_0_2,5_0_3,5_1_0,5_1_1,5_1_2,5_1_3,5_1_4,5_1_5,5_1_6,5_2_0,5_2_1,5_cvs</ver>
<p4>bool fdf_set_javascript_action(resource fdfdoc, string fieldname, int whichtrigger, string script)</p4>
<p4d>Sets the javascript action for a field </p4d>
<p5>bool fdf_set_javascript_action(resource fdfdoc, string fieldname, int whichtrigger, string script)</p5>
<p5d>Sets the javascript action for a field </p5d>
<texts><text><lng>de</lng>
<d>Weist einem Feld eine Javascript Aktion zu</d>
</text><text><lng>en</lng>
<d>Sets an javascript action of a field</d>
</text></texts></PHPModuleRef><PHPModuleRef>
<t>fdf_set_on_import_javascript</t>
<mn>fdf</mn>
<ft>F</ft>
<ver>4_3_0,4_3_1,4_3_10,4_3_11,4_3_2,4_3_3,4_3_4,4_3_5,4_3_6,4_3_7,4_3_8,4_3_9,4_4_0,4_4_1,4_4_2,4_4_3,4_4_4,4_4_5,4_4_6,4_cvs,5_0_0,5_0_1,5_0_2,5_0_3,5_1_0,5_1_1,5_1_2,5_1_3,5_1_4,5_1_5,5_1_6,5_2_0,5_2_1,5_cvs</ver>
<p4>bool fdf_set_on_import_javascript(resource fdfdoc, string script [, bool before_data_import])</p4>
<p4d>Adds javascript code to be executed when Acrobat opens the FDF </p4d>
<p5>bool fdf_set_on_import_javascript(resource fdfdoc, string script, bool before_data_import)</p5>
<p5d>Adds javascript code to be executed when Acrobat opens the FDF </p5d>
<texts><text><lng>en</lng>
<d>Adds javascript code to be executed when Acrobat opens the FDF</d>
</text></texts></PHPModuleRef><PHPModuleRef>
<t>fdf_set_opt</t>
<mn>fdf</mn>
<ft>F</ft>
<ver>4_0_2,4_0_3,4_0_4,4_0_5,4_0_6,4_1_0,4_1_1,4_1_2,4_2_0,4_2_1,4_2_2,4_2_3,4_3_0,4_3_1,4_3_10,4_3_11,4_3_2,4_3_3,4_3_4,4_3_5,4_3_6,4_3_7,4_3_8,4_3_9,4_4_0,4_4_1,4_4_2,4_4_3,4_4_4,4_4_5,4_4_6,4_cvs,5_0_0,5_0_1,5_0_2,5_0_3,5_1_0,5_1_1,5_1_2,5_1_3,5_1_4,5_1_5,5_1_6,5_2_0,5_2_1,5_cvs</ver>
<p4>bool fdf_set_opt(resource fdfdoc, string fieldname, int element, string value, string name)</p4>
<p4d>Sets a value in the opt array for a field </p4d>
<p5>bool fdf_set_opt(resource fdfdoc, string fieldname, int element, string value, string name)</p5>
<p5d>Sets a value in the opt array for a field </p5d>
<texts><text><lng>de</lng>
<d>Setzt die Option eines Feldes</d>
</text><text><lng>en</lng>
<d>Sets an option of a field</d>
</text></texts></PHPModuleRef><PHPModuleRef>
<t>fdf_set_status</t>
<mn>fdf</mn>
<ft>F</ft>
<ver>4_0_0,4_0_1,4_0_2,4_0_3,4_0_4,4_0_5,4_0_6,4_1_0,4_1_1,4_1_2,4_2_0,4_2_1,4_2_2,4_2_3,4_3_0,4_3_1,4_3_10,4_3_11,4_3_2,4_3_3,4_3_4,4_3_5,4_3_6,4_3_7,4_3_8,4_3_9,4_4_0,4_4_1,4_4_2,4_4_3,4_4_4,4_4_5,4_4_6,4_cvs,5_0_0,5_0_1,5_0_2,5_0_3,5_1_0,5_1_1,5_1_2,5_1_3,5_1_4,5_1_5,5_1_6,5_2_0,5_2_1,5_cvs</ver>
<p4>bool fdf_set_status(resource fdfdoc, string status)</p4>
<p4d>Sets the value of /Status key </p4d>
<p5>bool fdf_set_status(resource fdfdoc, string status)</p5>
<p5d>Sets the value of /Status key </p5d>
<texts><text><lng>de</lng>
<d>Setzt den Wert des /STATUS Schlüssels</d>
</text><text><lng>en</lng>
<d>Set the value of the /STATUS key</d>
</text><text><lng>es</lng>
<d>Fija el valor de la clave /STATUS</d>
</text></texts></PHPModuleRef><PHPModuleRef>
<t>fdf_set_submit_form_action</t>
<mn>fdf</mn>
<ft>F</ft>
<ver>4_0_2,4_0_3,4_0_4,4_0_5,4_0_6,4_1_0,4_1_1,4_1_2,4_2_0,4_2_1,4_2_2,4_2_3,4_3_0,4_3_1,4_3_10,4_3_11,4_3_2,4_3_3,4_3_4,4_3_5,4_3_6,4_3_7,4_3_8,4_3_9,4_4_0,4_4_1,4_4_2,4_4_3,4_4_4,4_4_5,4_4_6,4_cvs,5_0_0,5_0_1,5_0_2,5_0_3,5_1_0,5_1_1,5_1_2,5_1_3,5_1_4,5_1_5,5_1_6,5_2_0,5_2_1,5_cvs</ver>
<p4>bool fdf_set_submit_form_action(resource fdfdoc, string fieldname, int whichtrigger, string url, int</p4>
<p4d>Sets the submit form action for a field </p4d>
<p5>bool fdf_set_submit_form_action(resource fdfdoc, string fieldname, int whichtrigger, string url, int</p5>
<p5d>Sets the submit form action for a field </p5d>
<texts><text><lng>de</lng>
<d>Setzt die 'Submit Form Action' für ein Feld</d>
</text><text><lng>en</lng>
<d>Sets a submit form action of a field</d>
</text></texts></PHPModuleRef><PHPModuleRef>
<t>fdf_set_target_frame</t>
<mn>fdf</mn>
<ft>F</ft>
<ver>4_3_0,4_3_1,4_3_10,4_3_11,4_3_2,4_3_3,4_3_4,4_3_5,4_3_6,4_3_7,4_3_8,4_3_9,4_4_0,4_4_1,4_4_2,4_4_3,4_4_4,4_4_5,4_4_6,4_cvs,5_0_0,5_0_1,5_0_2,5_0_3,5_1_0,5_1_1,5_1_2,5_1_3,5_1_4,5_1_5,5_1_6,5_2_0,5_2_1,5_cvs</ver>
<p4>bool fdf_set_target_frame(resource fdfdoc, string target)</p4>
<p4d>Sets target frame for form </p4d>
<p5>bool fdf_set_target_frame(resource fdfdoc, string target)</p5>
<p5d>Sets target frame for form </p5d>
<texts><text><lng>en</lng>
<d>Set target frame for form display</d>
</text></texts></PHPModuleRef><PHPModuleRef>
<t>fdf_set_value</t>
<mn>fdf</mn>
<ft>F</ft>
<ver>4_0_0,4_0_1,4_0_2,4_0_3,4_0_4,4_0_5,4_0_6,4_1_0,4_1_1,4_1_2,4_2_0,4_2_1,4_2_2,4_2_3,4_3_0,4_3_1,4_3_10,4_3_11,4_3_2,4_3_3,4_3_4,4_3_5,4_3_6,4_3_7,4_3_8,4_3_9,4_4_0,4_4_1,4_4_2,4_4_3,4_4_4,4_4_5,4_4_6,4_cvs,5_0_0,5_0_1,5_0_2,5_0_3,5_1_0,5_1_1,5_1_2,5_1_3,5_1_4,5_1_5,5_1_6,5_2_0,5_2_1,5_cvs</ver>
<p4>bool fdf_set_value(resource fdfdoc, string fieldname, mixed value [, int isname])</p4>
<p4d>Sets the value of a field </p4d>
<p5>bool fdf_set_value(resource fdfdoc, string fieldname, mixed value [, int isname])</p5>
<p5d>Sets the value of a field </p5d>
<texts><text><lng>de</lng>
<d>Setzt den Wert eines Feldes</d>
</text><text><lng>en</lng>
<d>Set the value of a field</d>
</text><text><lng>es</lng>
<d>Fijar el valor de un campo</d>
</text></texts></PHPModuleRef><PHPModuleRef>
<t>fdf_set_version</t>
<mn>fdf</mn>
<ft>F</ft>
<ver>4_3_0,4_3_1,4_3_10,4_3_11,4_3_2,4_3_3,4_3_4,4_3_5,4_3_6,4_3_7,4_3_8,4_3_9,4_4_0,4_4_1,4_4_2,4_4_3,4_4_4,4_4_5,4_4_6,4_cvs,5_0_0,5_0_1,5_0_2,5_0_3,5_1_0,5_1_1,5_1_2,5_1_3,5_1_4,5_1_5,5_1_6,5_2_0,5_2_1,5_cvs</ver>
<p4>bool fdf_set_version(resourece fdfdoc, string version)</p4>
<p4d>Sets FDF version for a file</p4d>
<p5>bool fdf_set_version(resourece fdfdoc, string version)</p5>
<p5d>Sets FDF version for a file</p5d>
<texts><text><lng>en</lng>
<d>Sets version number for a FDF file</d>
</text></texts></PHPModuleRef><PHPModuleRef>
<t>FDFAA</t>
<mn>fdf</mn>
<ft>C</ft>
<p4>integer FDFAA</p4>
<p5>integer FDFAA</p5>
</PHPModuleRef><PHPModuleRef>
<t>FDFAction</t>
<mn>fdf</mn>
<ft>C</ft>
<p4>integer FDFAction</p4>
<p5>integer FDFAction</p5>
</PHPModuleRef><PHPModuleRef>
<t>FDFAP</t>
<mn>fdf</mn>
<ft>C</ft>
<p4>integer FDFAP</p4>
<p5>integer FDFAP</p5>
</PHPModuleRef><PHPModuleRef>
<t>FDFAPRef</t>
<mn>fdf</mn>
<ft>C</ft>
<p4>integer FDFAPRef</p4>
<p5>integer FDFAPRef</p5>
</PHPModuleRef><PHPModuleRef>
<t>FDFAS</t>
<mn>fdf</mn>
<ft>C</ft>
<p4>integer FDFAS</p4>
<p5>integer FDFAS</p5>
</PHPModuleRef><PHPModuleRef>
<t>FDFCalculate</t>
<mn>fdf</mn>
<ft>C</ft>
<p4>integer FDFCalculate</p4>
<p5>integer FDFCalculate</p5>
</PHPModuleRef><PHPModuleRef>
<t>FDFClearFf</t>
<mn>fdf</mn>
<ft>C</ft>
<p4>integer FDFClearFf</p4>
<p5>integer FDFClearFf</p5>
</PHPModuleRef><PHPModuleRef>
<t>FDFClrF</t>
<mn>fdf</mn>
<ft>C</ft>
<p4>integer FDFClrF</p4>
<p5>integer FDFClrF</p5>
</PHPModuleRef><PHPModuleRef>
<t>FDFDown</t>
<mn>fdf</mn>
<ft>C</ft>
<p4>integer FDFDown</p4>
<p5>integer FDFDown</p5>
</PHPModuleRef><PHPModuleRef>
<t>FDFDownAP</t>
<mn>fdf</mn>
<ft>C</ft>
<p4>integer FDFDownAP</p4>
<p5>integer FDFDownAP</p5>
</PHPModuleRef><PHPModuleRef>
<t>FDFEnter</t>
<mn>fdf</mn>
<ft>C</ft>
<p4>integer FDFEnter</p4>
<p5>integer FDFEnter</p5>
</PHPModuleRef><PHPModuleRef>
<t>FDFExit</t>
<mn>fdf</mn>
<ft>C</ft>
<p4>integer FDFExit</p4>
<p5>integer FDFExit</p5>
</PHPModuleRef><PHPModuleRef>
<t>FDFFf</t>
<mn>fdf</mn>
<ft>C</ft>
<p4>integer FDFFf</p4>
<p5>integer FDFFf</p5>
</PHPModuleRef><PHPModuleRef>
<t>FDFFile</t>
<mn>fdf</mn>
<ft>C</ft>
<p4>integer FDFFile</p4>
<p5>integer FDFFile</p5>
</PHPModuleRef><PHPModuleRef>
<t>FDFFlags</t>
<mn>fdf</mn>
<ft>C</ft>
<p4>integer FDFFlags</p4>
<p5>integer FDFFlags</p5>
</PHPModuleRef><PHPModuleRef>
<t>FDFFormat</t>
<mn>fdf</mn>
<ft>C</ft>
<p4>integer FDFFormat</p4>
<p5>integer FDFFormat</p5>
</PHPModuleRef><PHPModuleRef>
<t>FDFID</t>
<mn>fdf</mn>
<ft>C</ft>
<p4>integer FDFID</p4>
<p5>integer FDFID</p5>
</PHPModuleRef><PHPModuleRef>
<t>FDFIF</t>
<mn>fdf</mn>
<ft>C</ft>
<p4>integer FDFIF</p4>
<p5>integer FDFIF</p5>
</PHPModuleRef><PHPModuleRef>
<t>FDFKeystroke</t>
<mn>fdf</mn>
<ft>C</ft>
<p4>integer FDFKeystroke</p4>
<p5>integer FDFKeystroke</p5>
</PHPModuleRef><PHPModuleRef>
<t>FDFNormalAP</t>
<mn>fdf</mn>
<ft>C</ft>
<p4>integer FDFNormalAP</p4>
<p5>integer FDFNormalAP</p5>
</PHPModuleRef><PHPModuleRef>
<t>FDFRolloverAP</t>
<mn>fdf</mn>
<ft>C</ft>
<p4>integer FDFRolloverAP</p4>
<p5>integer FDFRolloverAP</p5>
</PHPModuleRef><PHPModuleRef>
<t>FDFSetF</t>
<mn>fdf</mn>
<ft>C</ft>
<p4>integer FDFSetF</p4>
<p5>integer FDFSetF</p5>
</PHPModuleRef><PHPModuleRef>
<t>FDFSetFf</t>
<mn>fdf</mn>
<ft>C</ft>
<p4>integer FDFSetFf</p4>
<p5>integer FDFSetFf</p5>
</PHPModuleRef><PHPModuleRef>
<t>FDFStatus</t>
<mn>fdf</mn>
<ft>C</ft>
<p4>integer FDFStatus</p4>
<p5>integer FDFStatus</p5>
</PHPModuleRef><PHPModuleRef>
<t>FDFUp</t>
<mn>fdf</mn>
<ft>C</ft>
<p4>integer FDFUp</p4>
<p5>integer FDFUp</p5>
</PHPModuleRef><PHPModuleRef>
<t>FDFValidate</t>
<mn>fdf</mn>
<ft>C</ft>
<p4>integer FDFValidate</p4>
<p5>integer FDFValidate</p5>
</PHPModuleRef><PHPModuleRef>
<t>FDFValue</t>
<mn>fdf</mn>
<ft>C</ft>
<p4>integer FDFValue</p4>
<p5>integer FDFValue</p5>
</PHPModuleRef></PHPModuleRef-List>
