<?xml version="1.0" encoding="utf-8"?>
<PHPModuleRef-List>
<PHPModuleRef>
<t>filepro</t>
<mn>filepro</mn>
<ft>F</ft>
<ver>4_0_0,4_0_1,4_0_2,4_0_3,4_0_4,4_0_5,4_0_6,4_1_0,4_1_1,4_1_2,4_2_0,4_2_1,4_2_2,4_2_3,4_3_0,4_3_1,4_3_10,4_3_11,4_3_2,4_3_3,4_3_4,4_3_5,4_3_6,4_3_7,4_3_8,4_3_9,4_4_0,4_4_1,4_4_2,4_4_3,4_4_4,4_4_5,4_4_6,4_cvs,5_0_0,5_0_1,5_0_2,5_0_3,5_1_0,5_1_1,5_1_2,5_1_3,5_1_4,5_1_5,5_1_6</ver>
<p4>bool filepro(string directory)</p4>
<p4d>Read and verify the map file </p4d>
<texts><text><lng>cs</lng>
<d>Přečíst a ověřit mapový soubor</d>
</text><text><lng>de</lng>
<d>lesen undüberprüfen der Kartendatei</d>
</text><text><lng>en</lng>
<d>Read and verify the map file</d>
</text><text><lng>es</lng>
<d>lee y verifica el fichero de mapeo</d>
</text></texts></PHPModuleRef><PHPModuleRef>
<t>filepro_fieldcount</t>
<mn>filepro</mn>
<ft>F</ft>
<ver>4_0_0,4_0_1,4_0_2,4_0_3,4_0_4,4_0_5,4_0_6,4_1_0,4_1_1,4_1_2,4_2_0,4_2_1,4_2_2,4_2_3,4_3_0,4_3_1,4_3_10,4_3_11,4_3_2,4_3_3,4_3_4,4_3_5,4_3_6,4_3_7,4_3_8,4_3_9,4_4_0,4_4_1,4_4_2,4_4_3,4_4_4,4_4_5,4_4_6,4_cvs,5_0_0,5_0_1,5_0_2,5_0_3,5_1_0,5_1_1,5_1_2,5_1_3,5_1_4,5_1_5,5_1_6</ver>
<p4>int filepro_fieldcount(void)</p4>
<p4d>Find out how many fields are in a filePro database </p4d>
<texts><text><lng>cs</lng>
<d>Zjistit, kolik sloupců je ve filePro databázi</d>
</text><text><lng>de</lng>
<d>bestimmt, wie viele Felder sich in einer fileProDatenbank befinden</d>
</text><text><lng>en</lng>
<d>Find out how many fields are in a filePro database</d>
</text><text><lng>es</lng>
<d>encuentra cuantos campos existen en una base de datos filePro</d>
</text></texts></PHPModuleRef><PHPModuleRef>
<t>filepro_fieldname</t>
<mn>filepro</mn>
<ft>F</ft>
<ver>4_0_0,4_0_1,4_0_2,4_0_3,4_0_4,4_0_5,4_0_6,4_1_0,4_1_1,4_1_2,4_2_0,4_2_1,4_2_2,4_2_3,4_3_0,4_3_1,4_3_10,4_3_11,4_3_2,4_3_3,4_3_4,4_3_5,4_3_6,4_3_7,4_3_8,4_3_9,4_4_0,4_4_1,4_4_2,4_4_3,4_4_4,4_4_5,4_4_6,4_cvs,5_0_0,5_0_1,5_0_2,5_0_3,5_1_0,5_1_1,5_1_2,5_1_3,5_1_4,5_1_5,5_1_6</ver>
<p4>string filepro_fieldname(int fieldnumber)</p4>
<p4d>Gets the name of a field </p4d>
<texts><text><lng>cs</lng>
<d>Zjistit název sloupce</d>
</text><text><lng>de</lng>
<d>ermittelt des Namens eines Feldes</d>
</text><text><lng>en</lng>
<d>Gets the name of a field</d>
</text><text><lng>es</lng>
<d>obtiene el nombre de un campo</d>
</text></texts></PHPModuleRef><PHPModuleRef>
<t>filepro_fieldtype</t>
<mn>filepro</mn>
<ft>F</ft>
<ver>4_0_0,4_0_1,4_0_2,4_0_3,4_0_4,4_0_5,4_0_6,4_1_0,4_1_1,4_1_2,4_2_0,4_2_1,4_2_2,4_2_3,4_3_0,4_3_1,4_3_10,4_3_11,4_3_2,4_3_3,4_3_4,4_3_5,4_3_6,4_3_7,4_3_8,4_3_9,4_4_0,4_4_1,4_4_2,4_4_3,4_4_4,4_4_5,4_4_6,4_cvs,5_0_0,5_0_1,5_0_2,5_0_3,5_1_0,5_1_1,5_1_2,5_1_3,5_1_4,5_1_5,5_1_6</ver>
<p4>string filepro_fieldtype(int field_number)</p4>
<p4d>Gets the type of a field </p4d>
<texts><text><lng>cs</lng>
<d>Zjistit typ sloupce</d>
</text><text><lng>de</lng>
<d>ermittelt den Typ eines Feldes</d>
</text><text><lng>en</lng>
<d>Gets the type of a field</d>
</text><text><lng>es</lng>
<d>obtiene el tipo de campo</d>
</text></texts></PHPModuleRef><PHPModuleRef>
<t>filepro_fieldwidth</t>
<mn>filepro</mn>
<ft>F</ft>
<ver>4_0_0,4_0_1,4_0_2,4_0_3,4_0_4,4_0_5,4_0_6,4_1_0,4_1_1,4_1_2,4_2_0,4_2_1,4_2_2,4_2_3,4_3_0,4_3_1,4_3_10,4_3_11,4_3_2,4_3_3,4_3_4,4_3_5,4_3_6,4_3_7,4_3_8,4_3_9,4_4_0,4_4_1,4_4_2,4_4_3,4_4_4,4_4_5,4_4_6,4_cvs,5_0_0,5_0_1,5_0_2,5_0_3,5_1_0,5_1_1,5_1_2,5_1_3,5_1_4,5_1_5,5_1_6</ver>
<p4>int filepro_fieldwidth(int field_number)</p4>
<p4d>Gets the width of a field </p4d>
<texts><text><lng>cs</lng>
<d>Zjistitšířku sloupce</d>
</text><text><lng>de</lng>
<d>ermittelt die Breite eines Feldes</d>
</text><text><lng>en</lng>
<d>Gets the width of a field</d>
</text><text><lng>es</lng>
<d>obtiene la anchura de un campo</d>
</text></texts></PHPModuleRef><PHPModuleRef>
<t>filepro_retrieve</t>
<mn>filepro</mn>
<ft>F</ft>
<ver>4_0_0,4_0_1,4_0_2,4_0_3,4_0_4,4_0_5,4_0_6,4_1_0,4_1_1,4_1_2,4_2_0,4_2_1,4_2_2,4_2_3,4_3_0,4_3_1,4_3_10,4_3_11,4_3_2,4_3_3,4_3_4,4_3_5,4_3_6,4_3_7,4_3_8,4_3_9,4_4_0,4_4_1,4_4_2,4_4_3,4_4_4,4_4_5,4_4_6,4_cvs,5_0_0,5_0_1,5_0_2,5_0_3,5_1_0,5_1_1,5_1_2,5_1_3,5_1_4,5_1_5,5_1_6</ver>
<p4>string filepro_retrieve(int row_number, int field_number)</p4>
<p4d>Retrieves data from a filePro database </p4d>
<texts><text><lng>cs</lng>
<d>Získat data z filePro databáze</d>
</text><text><lng>de</lng>
<d>empfängt Daten aus einer filePro Datenbank</d>
</text><text><lng>en</lng>
<d>Retrieves data from a filePro database</d>
</text><text><lng>es</lng>
<d>extrae informacion de una base de datos filePro</d>
</text></texts></PHPModuleRef><PHPModuleRef>
<t>filepro_rowcount</t>
<mn>filepro</mn>
<ft>F</ft>
<ver>4_0_0,4_0_1,4_0_2,4_0_3,4_0_4,4_0_5,4_0_6,4_1_0,4_1_1,4_1_2,4_2_0,4_2_1,4_2_2,4_2_3,4_3_0,4_3_1,4_3_10,4_3_11,4_3_2,4_3_3,4_3_4,4_3_5,4_3_6,4_3_7,4_3_8,4_3_9,4_4_0,4_4_1,4_4_2,4_4_3,4_4_4,4_4_5,4_4_6,4_cvs,5_0_0,5_0_1,5_0_2,5_0_3,5_1_0,5_1_1,5_1_2,5_1_3,5_1_4,5_1_5,5_1_6</ver>
<p4>int filepro_rowcount(void)</p4>
<p4d>Find out how many rows are in a filePro database </p4d>
<texts><text><lng>cs</lng>
<d>Zjistit, kolikřádků je ve filePro databázi</d>
</text><text><lng>de</lng>
<d>bestimmt, wie viele Reihen sich in einer fileProDatenbank befinden</d>
</text><text><lng>en</lng>
<d>Find out how many rows are in a filePro database</d>
</text><text><lng>es</lng>
<d>encuentra cuantas filas existen en una base de datos filePro</d>
</text></texts></PHPModuleRef></PHPModuleRef-List>
