<?xml version="1.0" encoding="utf-8"?>
<PHPModuleRef-List>
<PHPModuleRef>
<t>filter_has_var</t>
<mn>filter</mn>
<ft>F</ft>
<ver>5_2_0,5_2_1</ver>
</PHPModuleRef><PHPModuleRef>
<t>filter_id</t>
<mn>filter</mn>
<ft>F</ft>
<ver>5_2_0,5_2_1</ver>
</PHPModuleRef><PHPModuleRef>
<t>filter_input</t>
<mn>filter</mn>
<ft>F</ft>
<ver>5_2_0,5_2_1</ver>
</PHPModuleRef><PHPModuleRef>
<t>filter_input_array</t>
<mn>filter</mn>
<ft>F</ft>
<ver>5_2_0,5_2_1</ver>
</PHPModuleRef><PHPModuleRef>
<t>filter_list</t>
<mn>filter</mn>
<ft>F</ft>
<ver>5_2_0,5_2_1</ver>
</PHPModuleRef><PHPModuleRef>
<t>filter_var</t>
<mn>filter</mn>
<ft>F</ft>
<ver>5_2_0,5_2_1</ver>
</PHPModuleRef><PHPModuleRef>
<t>filter_var_array</t>
<mn>filter</mn>
<ft>F</ft>
<ver>5_2_0,5_2_1</ver>
</PHPModuleRef></PHPModuleRef-List>
