<?xml version="1.0" encoding="utf-8"?>
<PHPModuleRef-List>
<PHPModuleRef>
<t>fribidi_charset_info</t>
<mn>fribidi</mn>
<ft>F</ft>
<ver>4_3_0,4_3_1,4_3_10,4_3_11,4_3_2,4_3_3,4_3_4,4_3_5,4_3_6,4_3_7,4_3_8,4_3_9,4_4_0,4_4_1,4_4_2,4_4_3,4_4_4,4_4_5,4_4_6,4_cvs</ver>
<p4>array fribidi_charset_info(int charset)</p4>
<p4d>Returns an array containing information about the specified charset </p4d>
</PHPModuleRef><PHPModuleRef>
<t>fribidi_get_charsets</t>
<mn>fribidi</mn>
<ft>F</ft>
<ver>4_3_0,4_3_1,4_3_10,4_3_11,4_3_2,4_3_3,4_3_4,4_3_5,4_3_6,4_3_7,4_3_8,4_3_9,4_4_0,4_4_1,4_4_2,4_4_3,4_4_4,4_4_5,4_4_6,4_cvs</ver>
<p4>array fribidi_get_charsets()</p4>
<p4d>Returns an array containing available charsets </p4d>
</PHPModuleRef><PHPModuleRef>
<t>fribidi_log2vis</t>
<mn>fribidi</mn>
<ft>F</ft>
<ver>4_0_4,4_0_5,4_0_6,4_1_0,4_1_1,4_1_2,4_2_0,4_2_1,4_2_2,4_2_3,4_3_0,4_3_1,4_3_10,4_3_11,4_3_2,4_3_3,4_3_4,4_3_5,4_3_6,4_3_7,4_3_8,4_3_9,4_4_0,4_4_1,4_4_2,4_4_3,4_4_4,4_4_5,4_4_6,4_cvs</ver>
<p4>string fribidi_log2vis(string logical_str, long direction, long charset)</p4>
<p4d>Convert a logical string to a visual one </p4d>
<texts><text><lng>de</lng>
<d>Einen logischen String in einen visuellen konvertieren</d>
</text><text><lng>en</lng>
<d>Convert a logical string to a visual one</d>
</text></texts></PHPModuleRef><PHPModuleRef>
<t>FRIBIDI_AUTO</t>
<mn>fribidi</mn>
<ft>C</ft>
<p4>integer FRIBIDI_AUTO</p4>
<p5>integer FRIBIDI_AUTO</p5>
<texts><text><lng>de</lng>
<d>Automatische Erkennung der Schriftrichtung.</d>
</text><text><lng>en</lng>
<d>Autodetect the base direction</d>
</text></texts></PHPModuleRef><PHPModuleRef>
<t>FRIBIDI_CHARSET_8859_6</t>
<mn>fribidi</mn>
<ft>C</ft>
<p4>integer FRIBIDI_CHARSET_8859_6</p4>
<p5>integer FRIBIDI_CHARSET_8859_6</p5>
<texts><text><lng>de</lng>
<d>Arabisch</d>
</text><text><lng>en</lng>
<d>Arabic</d>
</text></texts></PHPModuleRef><PHPModuleRef>
<t>FRIBIDI_CHARSET_8859_8</t>
<mn>fribidi</mn>
<ft>C</ft>
<p4>integer FRIBIDI_CHARSET_8859_8</p4>
<p5>integer FRIBIDI_CHARSET_8859_8</p5>
<texts><text><lng>de</lng>
<d>Hebräisch</d>
</text><text><lng>en</lng>
<d>Hebrew</d>
</text></texts></PHPModuleRef><PHPModuleRef>
<t>FRIBIDI_CHARSET_CAP_RTL</t>
<mn>fribidi</mn>
<ft>C</ft>
<p4>integer FRIBIDI_CHARSET_CAP_RTL</p4>
<p5>integer FRIBIDI_CHARSET_CAP_RTL</p5>
<texts><text><lng>de</lng>
<d>Für Testzwecke, behandelt Großbuchstaben als nichtenglische 
     Zeichen.</d>
</text><text><lng>en</lng>
<d>Used for test purposes, will treat CAPS as non-English letters</d>
</text></texts></PHPModuleRef><PHPModuleRef>
<t>FRIBIDI_CHARSET_CP1255</t>
<mn>fribidi</mn>
<ft>C</ft>
<p4>integer FRIBIDI_CHARSET_CP1255</p4>
<p5>integer FRIBIDI_CHARSET_CP1255</p5>
<texts><text><lng>de</lng>
<d>Hebräisch/Jiddish</d>
</text><text><lng>en</lng>
<d>Hebrew/Yiddish</d>
</text></texts></PHPModuleRef><PHPModuleRef>
<t>FRIBIDI_CHARSET_CP1256</t>
<mn>fribidi</mn>
<ft>C</ft>
<p4>integer FRIBIDI_CHARSET_CP1256</p4>
<p5>integer FRIBIDI_CHARSET_CP1256</p5>
<texts><text><lng>de</lng>
<d>Arabisch</d>
</text><text><lng>en</lng>
<d>Arabic</d>
</text></texts></PHPModuleRef><PHPModuleRef>
<t>FRIBIDI_CHARSET_ISIRI_3342</t>
<mn>fribidi</mn>
<ft>C</ft>
<p4>integer FRIBIDI_CHARSET_ISIRI_3342</p4>
<p5>integer FRIBIDI_CHARSET_ISIRI_3342</p5>
<texts><text><lng>de</lng>
<d>Persisch</d>
</text><text><lng>en</lng>
<d>Persian</d>
</text></texts></PHPModuleRef><PHPModuleRef>
<t>FRIBIDI_CHARSET_UTF8</t>
<mn>fribidi</mn>
<ft>C</ft>
<p4>integer FRIBIDI_CHARSET_UTF8</p4>
<p5>integer FRIBIDI_CHARSET_UTF8</p5>
<texts><text><lng>de</lng>
<d>Unicode</d>
</text><text><lng>en</lng>
<d>Unicode</d>
</text></texts></PHPModuleRef><PHPModuleRef>
<t>FRIBIDI_LTR</t>
<mn>fribidi</mn>
<ft>C</ft>
<p4>integer FRIBIDI_LTR</p4>
<p5>integer FRIBIDI_LTR</p5>
<texts><text><lng>de</lng>
<d>Von links nach rechts.</d>
</text><text><lng>en</lng>
<d>Left to right</d>
</text></texts></PHPModuleRef><PHPModuleRef>
<t>FRIBIDI_RTL</t>
<mn>fribidi</mn>
<ft>C</ft>
<p4>integer FRIBIDI_RTL</p4>
<p5>integer FRIBIDI_RTL</p5>
<texts><text><lng>de</lng>
<d>Von rechts nach links.</d>
</text><text><lng>en</lng>
<d>Right to left</d>
</text></texts></PHPModuleRef></PHPModuleRef-List>
