<?xml version="1.0" encoding="utf-8"?>
<PHPModuleRef-List>
<PHPModuleRef>
<t>ftp_alloc</t>
<mn>ftp</mn>
<ft>F</ft>
<ver>5_0_0,5_0_1,5_0_2,5_0_3,5_1_0,5_1_1,5_1_2,5_1_3,5_1_4,5_1_5,5_1_6,5_2_0,5_2_1,5_cvs</ver>
<p5>bool ftp_alloc(resource stream, int size[, &amp;response])</p5>
<p5d>Attempt to allocate space on the remote FTP server </p5d>
<texts><text><lng>en</lng>
<d>Allocates space for a file to be uploaded</d>
</text><text><lng>es</lng>
<d>Reserva espacio para que un archivo seacargado</d>
</text></texts></PHPModuleRef><PHPModuleRef>
<t>ftp_cdup</t>
<mn>ftp</mn>
<ft>F</ft>
<ver>4_0_0,4_0_1,4_0_2,4_0_3,4_0_4,4_0_5,4_0_6,4_1_0,4_1_1,4_1_2,4_2_0,4_2_1,4_2_2,4_2_3,4_3_0,4_3_1,4_3_10,4_3_11,4_3_2,4_3_3,4_3_4,4_3_5,4_3_6,4_3_7,4_3_8,4_3_9,4_4_0,4_4_1,4_4_2,4_4_3,4_4_4,4_4_5,4_4_6,4_cvs,5_0_0,5_0_1,5_0_2,5_0_3,5_1_0,5_1_1,5_1_2,5_1_3,5_1_4,5_1_5,5_1_6,5_2_0,5_2_1,5_cvs</ver>
<p4>bool ftp_cdup(resource stream)</p4>
<p4d>Changes to the parent directory </p4d>
<p5>bool ftp_cdup(resource stream)</p5>
<p5d>Changes to the parent directory </p5d>
<texts><text><lng>de</lng>
<d>Wechselt in das um eine Ebene höhere Verzeichnis</d>
</text><text><lng>el</lng>
<d>Αλλάζει προς το parent directory</d>
</text><text><lng>en</lng>
<d>Changes to the parent directory</d>
</text><text><lng>es</lng>
<d>Cambia al directorio padre</d>
</text></texts></PHPModuleRef><PHPModuleRef>
<t>ftp_chdir</t>
<mn>ftp</mn>
<ft>F</ft>
<ver>4_0_0,4_0_1,4_0_2,4_0_3,4_0_4,4_0_5,4_0_6,4_1_0,4_1_1,4_1_2,4_2_0,4_2_1,4_2_2,4_2_3,4_3_0,4_3_1,4_3_10,4_3_11,4_3_2,4_3_3,4_3_4,4_3_5,4_3_6,4_3_7,4_3_8,4_3_9,4_4_0,4_4_1,4_4_2,4_4_3,4_4_4,4_4_5,4_4_6,4_cvs,5_0_0,5_0_1,5_0_2,5_0_3,5_1_0,5_1_1,5_1_2,5_1_3,5_1_4,5_1_5,5_1_6,5_2_0,5_2_1,5_cvs</ver>
<p4>bool ftp_chdir(resource stream, string directory)</p4>
<p4d>Changes directories </p4d>
<p5>bool ftp_chdir(resource stream, string directory)</p5>
<p5d>Changes directories </p5d>
<texts><text><lng>de</lng>
<d>Verzeichnis-Wechsel auf einem FTP-Server</d>
</text><text><lng>el</lng>
<d>Μετάβαση από έναν κατάλογο σε άλλον σε έναν FTP server</d>
</text><text><lng>en</lng>
<d>Changes the current directory on a FTP server</d>
</text><text><lng>es</lng>
<d>Cambia el directorio actual en un servidorFTP</d>
</text></texts></PHPModuleRef><PHPModuleRef>
<t>ftp_chmod</t>
<mn>ftp</mn>
<ft>F</ft>
<ver>5_0_0,5_0_1,5_0_2,5_0_3,5_1_0,5_1_1,5_1_2,5_1_3,5_1_4,5_1_5,5_1_6,5_2_0,5_2_1,5_cvs</ver>
<p5>int ftp_chmod(resource stream, int mode, string filename)</p5>
<p5d>Sets permissions on a file </p5d>
<texts><text><lng>de</lng>
<d>Ändert die Zugriffsrechte einer Datei über FTP</d>
</text><text><lng>en</lng>
<d>Set permissions on a file via FTP</d>
</text><text><lng>es</lng>
<d>Establecer permisos en un archivo via FTP</d>
</text></texts></PHPModuleRef><PHPModuleRef>
<t>ftp_close</t>
<mn>ftp</mn>
<ft>F</ft>
<ver>4_2_0,4_2_1,4_2_2,4_2_3,4_3_0,4_3_1,4_3_10,4_3_11,4_3_2,4_3_3,4_3_4,4_3_5,4_3_6,4_3_7,4_3_8,4_3_9,4_4_0,4_4_1,4_4_2,4_4_3,4_4_4,4_4_5,4_4_6,4_cvs,5_0_0,5_0_1,5_0_2,5_0_3,5_1_0,5_1_1,5_1_2,5_1_3,5_1_4,5_1_5,5_1_6,5_2_0,5_2_1,5_cvs</ver>
<p4>void ftp_close(resource stream)</p4>
<p4d>Closes the FTP stream </p4d>
<p5>bool ftp_close(resource stream)</p5>
<p5d>Closes the FTP stream </p5d>
<texts><text><lng>de</lng>
<d>Beendet eine FTP Verbindung</d>
</text><text><lng>el</lng>
<d>Τερματίζει μία σύνδεση FTP</d>
</text><text><lng>en</lng>
<d>Closes an FTP connection</d>
</text><text><lng>es</lng>
<d>Cierra una conexión FTP</d>
</text></texts></PHPModuleRef><PHPModuleRef>
<t>ftp_connect</t>
<mn>ftp</mn>
<ft>F</ft>
<ver>4_0_0,4_0_1,4_0_2,4_0_3,4_0_4,4_0_5,4_0_6,4_1_0,4_1_1,4_1_2,4_2_0,4_2_1,4_2_2,4_2_3,4_3_0,4_3_1,4_3_10,4_3_11,4_3_2,4_3_3,4_3_4,4_3_5,4_3_6,4_3_7,4_3_8,4_3_9,4_4_0,4_4_1,4_4_2,4_4_3,4_4_4,4_4_5,4_4_6,4_cvs,5_0_0,5_0_1,5_0_2,5_0_3,5_1_0,5_1_1,5_1_2,5_1_3,5_1_4,5_1_5,5_1_6,5_2_0,5_2_1,5_cvs</ver>
<p4>resource ftp_connect(string host [, int port [, int timeout]])</p4>
<p4d>Opens a FTP stream </p4d>
<p5>resource ftp_connect(string host [, int port [, int timeout]])</p5>
<p5d>Opens a FTP stream </p5d>
<texts><text><lng>de</lng>
<d>Stellt eine FTP-Verbindung her</d>
</text><text><lng>el</lng>
<d>Ανοίγει μία σύνδεση FTP</d>
</text><text><lng>en</lng>
<d>Opens an FTP connection</d>
</text><text><lng>es</lng>
<d>Abre una conexión FTP</d>
</text></texts></PHPModuleRef><PHPModuleRef>
<t>ftp_delete</t>
<mn>ftp</mn>
<ft>F</ft>
<ver>4_0_0,4_0_1,4_0_2,4_0_3,4_0_4,4_0_5,4_0_6,4_1_0,4_1_1,4_1_2,4_2_0,4_2_1,4_2_2,4_2_3,4_3_0,4_3_1,4_3_10,4_3_11,4_3_2,4_3_3,4_3_4,4_3_5,4_3_6,4_3_7,4_3_8,4_3_9,4_4_0,4_4_1,4_4_2,4_4_3,4_4_4,4_4_5,4_4_6,4_cvs,5_0_0,5_0_1,5_0_2,5_0_3,5_1_0,5_1_1,5_1_2,5_1_3,5_1_4,5_1_5,5_1_6,5_2_0,5_2_1,5_cvs</ver>
<p4>bool ftp_delete(resource stream, string file)</p4>
<p4d>Deletes a file </p4d>
<p5>bool ftp_delete(resource stream, string file)</p5>
<p5d>Deletes a file </p5d>
<texts><text><lng>de</lng>
<d>Löscht eine Datei auf dem FTP-Server</d>
</text><text><lng>el</lng>
<d>Διαγράφει ένα αρχείο του FTP server</d>
</text><text><lng>en</lng>
<d>Deletes a file on the FTP server</d>
</text><text><lng>es</lng>
<d>Elimina un archivo en el servidor FTP</d>
</text></texts></PHPModuleRef><PHPModuleRef>
<t>ftp_exec</t>
<mn>ftp</mn>
<ft>F</ft>
<ver>4_0_3,4_0_4,4_0_5,4_0_6,4_1_0,4_1_1,4_1_2,4_2_0,4_2_1,4_2_2,4_2_3,4_3_0,4_3_1,4_3_10,4_3_11,4_3_2,4_3_3,4_3_4,4_3_5,4_3_6,4_3_7,4_3_8,4_3_9,4_4_0,4_4_1,4_4_2,4_4_3,4_4_4,4_4_5,4_4_6,4_cvs,5_0_0,5_0_1,5_0_2,5_0_3,5_1_0,5_1_1,5_1_2,5_1_3,5_1_4,5_1_5,5_1_6,5_2_0,5_2_1,5_cvs</ver>
<p4>bool ftp_exec(resource stream, string command)</p4>
<p4d>Requests execution of a program on the FTP server </p4d>
<p5>bool ftp_exec(resource stream, string command)</p5>
<p5d>Requests execution of a program on the FTP server </p5d>
<texts><text><lng>de</lng>
<d>Fordert die Ausführung eines Programmes auf dem FTP-Server an</d>
</text><text><lng>el</lng>
<d>Απαιτεί την εκτέλεση ενός αρχείου στον FTP server</d>
</text><text><lng>en</lng>
<d>Requests execution of a command on the FTP server</d>
</text><text><lng>es</lng>
<d>Solicita la ejecución de un comando en el servidor
  FTP</d>
</text></texts></PHPModuleRef><PHPModuleRef>
<t>ftp_fget</t>
<mn>ftp</mn>
<ft>F</ft>
<ver>4_0_0,4_0_1,4_0_2,4_0_3,4_0_4,4_0_5,4_0_6,4_1_0,4_1_1,4_1_2,4_2_0,4_2_1,4_2_2,4_2_3,4_3_0,4_3_1,4_3_10,4_3_11,4_3_2,4_3_3,4_3_4,4_3_5,4_3_6,4_3_7,4_3_8,4_3_9,4_4_0,4_4_1,4_4_2,4_4_3,4_4_4,4_4_5,4_4_6,4_cvs,5_0_0,5_0_1,5_0_2,5_0_3,5_1_0,5_1_1,5_1_2,5_1_3,5_1_4,5_1_5,5_1_6,5_2_0,5_2_1,5_cvs</ver>
<p4>bool ftp_fget(resource stream, resource fp, string remote_file, int mode[, int resumepos])</p4>
<p4d>Retrieves a file from the FTP server and writes it to an open file </p4d>
<p5>bool ftp_fget(resource stream, resource fp, string remote_file, int mode[, int resumepos])</p5>
<p5d>Retrieves a file from the FTP server and writes it to an open file </p5d>
<texts><text><lng>de</lng>
<d>Lädt eine Datei vom FTP-Server und speichert sie in eine
     geöffnete, lokale Datei (download)</d>
</text><text><lng>el</lng>
<d>Κάνει download ένα αρχείο από τον FTP server και το σώζει σε ένα open file</d>
</text><text><lng>en</lng>
<d>Downloads a file from the FTP server and saves to an open file</d>
</text><text><lng>es</lng>
<d>Descarga un archivo desde el servidor FTP y lo guarda enun archivo abierto</d>
</text></texts></PHPModuleRef><PHPModuleRef>
<t>ftp_fput</t>
<mn>ftp</mn>
<ft>F</ft>
<ver>4_0_0,4_0_1,4_0_2,4_0_3,4_0_4,4_0_5,4_0_6,4_1_0,4_1_1,4_1_2,4_2_0,4_2_1,4_2_2,4_2_3,4_3_0,4_3_1,4_3_10,4_3_11,4_3_2,4_3_3,4_3_4,4_3_5,4_3_6,4_3_7,4_3_8,4_3_9,4_4_0,4_4_1,4_4_2,4_4_3,4_4_4,4_4_5,4_4_6,4_cvs,5_0_0,5_0_1,5_0_2,5_0_3,5_1_0,5_1_1,5_1_2,5_1_3,5_1_4,5_1_5,5_1_6,5_2_0,5_2_1,5_cvs</ver>
<p4>bool ftp_fput(resource stream, string remote_file, resource fp, int mode[, int startpos])</p4>
<p4d>Stores a file from an open file to the FTP server </p4d>
<p5>bool ftp_fput(resource stream, string remote_file, resource fp, int mode[, int startpos])</p5>
<p5d>Stores a file from an open file to the FTP server </p5d>
<texts><text><lng>de</lng>
<d>Übertragt eine geöffnete Datei auf einen FTP-Server (upload)</d>
</text><text><lng>el</lng>
<d>Κάνει upload από ένα open file, σε στον FTP server</d>
</text><text><lng>en</lng>
<d>Uploads from an open file to the FTP server</d>
</text><text><lng>es</lng>
<d>Carga un archivo abierto al servidor FTP</d>
</text></texts></PHPModuleRef><PHPModuleRef>
<t>ftp_get</t>
<mn>ftp</mn>
<ft>F</ft>
<ver>4_0_0,4_0_1,4_0_2,4_0_3,4_0_4,4_0_5,4_0_6,4_1_0,4_1_1,4_1_2,4_2_0,4_2_1,4_2_2,4_2_3,4_3_0,4_3_1,4_3_10,4_3_11,4_3_2,4_3_3,4_3_4,4_3_5,4_3_6,4_3_7,4_3_8,4_3_9,4_4_0,4_4_1,4_4_2,4_4_3,4_4_4,4_4_5,4_4_6,4_cvs,5_0_0,5_0_1,5_0_2,5_0_3,5_1_0,5_1_1,5_1_2,5_1_3,5_1_4,5_1_5,5_1_6,5_2_0,5_2_1,5_cvs</ver>
<p4>bool ftp_get(resource stream, string local_file, string remote_file, int mode[, int resume_pos])</p4>
<p4d>Retrieves a file from the FTP server and writes it to a local file </p4d>
<p5>bool ftp_get(resource stream, string local_file, string remote_file, int mode[, int resume_pos])</p5>
<p5d>Retrieves a file from the FTP server and writes it to a local file </p5d>
<texts><text><lng>de</lng>
<d>Liest eine Datei von einem FTP-Server und speichert sie lokal (download)</d>
</text><text><lng>el</lng>
<d>Κάνει download ένα αρχείο από τον FTP server</d>
</text><text><lng>en</lng>
<d>Downloads a file from the FTP server</d>
</text><text><lng>es</lng>
<d>Descarga un archivo desde el servidor FTP</d>
</text></texts></PHPModuleRef><PHPModuleRef>
<t>ftp_get_option</t>
<mn>ftp</mn>
<ft>F</ft>
<ver>4_2_0,4_2_1,4_2_2,4_2_3,4_3_0,4_3_1,4_3_10,4_3_11,4_3_2,4_3_3,4_3_4,4_3_5,4_3_6,4_3_7,4_3_8,4_3_9,4_4_0,4_4_1,4_4_2,4_4_3,4_4_4,4_4_5,4_4_6,4_cvs,5_0_0,5_0_1,5_0_2,5_0_3,5_1_0,5_1_1,5_1_2,5_1_3,5_1_4,5_1_5,5_1_6,5_2_0,5_2_1,5_cvs</ver>
<p4>mixed ftp_get_option(resource stream, int option)</p4>
<p4d>Gets an FTP option </p4d>
<p5>mixed ftp_get_option(resource stream, int option)</p5>
<p5d>Gets an FTP option </p5d>
<texts><text><lng>de</lng>
<d>Ruft diverse Laufzeitoptionen des ausgewählten FTP-Streams ab</d>
</text><text><lng>el</lng>
<d>Ανακτά ποικίλες runtime behaviours του τρέχοντος FTP stream</d>
</text><text><lng>en</lng>
<d>Retrieves various runtime behaviours of the current FTP stream</d>
</text><text><lng>es</lng>
<d>Recupera varios comportamientos de tiempo deejecución de la secuencia FTP actual</d>
</text></texts></PHPModuleRef><PHPModuleRef>
<t>ftp_login</t>
<mn>ftp</mn>
<ft>F</ft>
<ver>4_0_0,4_0_1,4_0_2,4_0_3,4_0_4,4_0_5,4_0_6,4_1_0,4_1_1,4_1_2,4_2_0,4_2_1,4_2_2,4_2_3,4_3_0,4_3_1,4_3_10,4_3_11,4_3_2,4_3_3,4_3_4,4_3_5,4_3_6,4_3_7,4_3_8,4_3_9,4_4_0,4_4_1,4_4_2,4_4_3,4_4_4,4_4_5,4_4_6,4_cvs,5_0_0,5_0_1,5_0_2,5_0_3,5_1_0,5_1_1,5_1_2,5_1_3,5_1_4,5_1_5,5_1_6,5_2_0,5_2_1,5_cvs</ver>
<p4>bool ftp_login(resource stream, string username, string password)</p4>
<p4d>Logs into the FTP server </p4d>
<p5>bool ftp_login(resource stream, string username, string password)</p5>
<p5d>Logs into the FTP server </p5d>
<texts><text><lng>de</lng>
<d>Anmelden einer FTP-Verbindung (Login)</d>
</text><text><lng>el</lng>
<d>Συνδέεται σε έναν FTP server</d>
</text><text><lng>en</lng>
<d>Logs in to an FTP connection</d>
</text><text><lng>es</lng>
<d>Inicia sesión en una conexión
  FTP</d>
</text></texts></PHPModuleRef><PHPModuleRef>
<t>ftp_mdtm</t>
<mn>ftp</mn>
<ft>F</ft>
<ver>4_0_0,4_0_1,4_0_2,4_0_3,4_0_4,4_0_5,4_0_6,4_1_0,4_1_1,4_1_2,4_2_0,4_2_1,4_2_2,4_2_3,4_3_0,4_3_1,4_3_10,4_3_11,4_3_2,4_3_3,4_3_4,4_3_5,4_3_6,4_3_7,4_3_8,4_3_9,4_4_0,4_4_1,4_4_2,4_4_3,4_4_4,4_4_5,4_4_6,4_cvs,5_0_0,5_0_1,5_0_2,5_0_3,5_1_0,5_1_1,5_1_2,5_1_3,5_1_4,5_1_5,5_1_6,5_2_0,5_2_1,5_cvs</ver>
<p4>int ftp_mdtm(resource stream, string filename)</p4>
<p4d>Returns the last modification time of the file, or -1 on error </p4d>
<p5>int ftp_mdtm(resource stream, string filename)</p5>
<p5d>Returns the last modification time of the file, or -1 on error </p5d>
<texts><text><lng>de</lng>
<d>Ermittelt die letzteÄnderungszeit der angegebenen Datei</d>
</text><text><lng>el</lng>
<d>Επιστρέφει την ώρα τελευταίας τροποποίησης του ένος αρχείου</d>
</text><text><lng>en</lng>
<d>Returns the last modified time of the given file</d>
</text><text><lng>es</lng>
<d>Devuelve el tiempo de laúltima
  modificación del archivo dado</d>
</text></texts></PHPModuleRef><PHPModuleRef>
<t>ftp_mkdir</t>
<mn>ftp</mn>
<ft>F</ft>
<ver>4_0_0,4_0_1,4_0_2,4_0_3,4_0_4,4_0_5,4_0_6,4_1_0,4_1_1,4_1_2,4_2_0,4_2_1,4_2_2,4_2_3,4_3_0,4_3_1,4_3_10,4_3_11,4_3_2,4_3_3,4_3_4,4_3_5,4_3_6,4_3_7,4_3_8,4_3_9,4_4_0,4_4_1,4_4_2,4_4_3,4_4_4,4_4_5,4_4_6,4_cvs,5_0_0,5_0_1,5_0_2,5_0_3,5_1_0,5_1_1,5_1_2,5_1_3,5_1_4,5_1_5,5_1_6,5_2_0,5_2_1,5_cvs</ver>
<p4>string ftp_mkdir(resource stream, string directory)</p4>
<p4d>Creates a directory and returns the absolute path for the new directory or false on error </p4d>
<p5>string ftp_mkdir(resource stream, string directory)</p5>
<p5d>Creates a directory and returns the absolute path for the new directory or false on error </p5d>
<texts><text><lng>de</lng>
<d>Erzeugt ein Verzeichnis</d>
</text><text><lng>el</lng>
<d>Δημιουργεί έναν κατάλογο</d>
</text><text><lng>en</lng>
<d>Creates a directory</d>
</text><text><lng>es</lng>
<d>Crea un directorio</d>
</text></texts></PHPModuleRef><PHPModuleRef>
<t>ftp_nb_continue</t>
<mn>ftp</mn>
<ft>F</ft>
<ver>4_3_0,4_3_1,4_3_10,4_3_11,4_3_2,4_3_3,4_3_4,4_3_5,4_3_6,4_3_7,4_3_8,4_3_9,4_4_0,4_4_1,4_4_2,4_4_3,4_4_4,4_4_5,4_4_6,4_cvs,5_0_0,5_0_1,5_0_2,5_0_3,5_1_0,5_1_1,5_1_2,5_1_3,5_1_4,5_1_5,5_1_6,5_2_0,5_2_1,5_cvs</ver>
<p4>int ftp_nb_continue(resource stream)</p4>
<p4d>Continues retrieving/sending a file nbronously </p4d>
<p5>int ftp_nb_continue(resource stream)</p5>
<p5d>Continues retrieving/sending a file nbronously </p5d>
<texts><text><lng>de</lng>
<d>Nimmt dieÜbertragung einer Datei wieder auf (nicht blockierend)</d>
</text><text><lng>el</lng>
<d>Συνεχίζει την ανάκτηση/αποστολή ενός αρχείου (non-blocking)</d>
</text><text><lng>en</lng>
<d>Continues retrieving/sending a file (non-blocking)</d>
</text><text><lng>es</lng>
<d>Continúa recuperando/enviando un archivo (modo
  no-bloqueo)</d>
</text></texts></PHPModuleRef><PHPModuleRef>
<t>ftp_nb_fget</t>
<mn>ftp</mn>
<ft>F</ft>
<ver>4_3_0,4_3_1,4_3_10,4_3_11,4_3_2,4_3_3,4_3_4,4_3_5,4_3_6,4_3_7,4_3_8,4_3_9,4_4_0,4_4_1,4_4_2,4_4_3,4_4_4,4_4_5,4_4_6,4_cvs,5_0_0,5_0_1,5_0_2,5_0_3,5_1_0,5_1_1,5_1_2,5_1_3,5_1_4,5_1_5,5_1_6,5_2_0,5_2_1,5_cvs</ver>
<p4>bool ftp_nb_fget(resource stream, resource fp, string remote_file, int mode[, int resumepos])</p4>
<p4d>Retrieves a file from the FTP server asynchronly and writes it to an open file </p4d>
<p5>int ftp_nb_fget(resource stream, resource fp, string remote_file, int mode[, int resumepos])</p5>
<p5d>Retrieves a file from the FTP server asynchronly and writes it to an open file </p5d>
<texts><text><lng>de</lng>
<d>Überträgt den Inhalt einer Datei von dem FTP-Server und speichert sie
     in eine lokal geöffnete Datei (nicht blockierend)</d>
</text><text><lng>el</lng>
<d>Ανακτά ένα αρχείο από τον FTP server και το σώζει σε ένα open file (non-blocking)</d>
</text><text><lng>en</lng>
<d>Retrieves a file from the FTP server and writes it to an open file (non-blocking)</d>
</text><text><lng>es</lng>
<d>Recupera un archivo desde el servidor FTP y lo escribesobre un archivo abierto (modo no-bloqueo)</d>
</text></texts></PHPModuleRef><PHPModuleRef>
<t>ftp_nb_fput</t>
<mn>ftp</mn>
<ft>F</ft>
<ver>4_3_0,4_3_1,4_3_10,4_3_11,4_3_2,4_3_3,4_3_4,4_3_5,4_3_6,4_3_7,4_3_8,4_3_9,4_4_0,4_4_1,4_4_2,4_4_3,4_4_4,4_4_5,4_4_6,4_cvs,5_0_0,5_0_1,5_0_2,5_0_3,5_1_0,5_1_1,5_1_2,5_1_3,5_1_4,5_1_5,5_1_6,5_2_0,5_2_1,5_cvs</ver>
<p4>bool ftp_nb_fput(resource stream, string remote_file, resource fp, int mode[, int startpos])</p4>
<p4d>Stores a file from an open file to the FTP server nbronly </p4d>
<p5>int ftp_nb_fput(resource stream, string remote_file, resource fp, int mode[, int startpos])</p5>
<p5d>Stores a file from an open file to the FTP server nbronly </p5d>
<texts><text><lng>de</lng>
<d>Speichert eine geöffnete Datei auf den FTP-Server (nicht blockierend)</d>
</text><text><lng>el</lng>
<d>Αποθηκεύει ένα αρχείο από ένα open file στον FTP server (non-blocking)</d>
</text><text><lng>en</lng>
<d>Stores a file from an open file to the FTP server (non-blocking)</d>
</text><text><lng>es</lng>
<d>Almacena un archivo desde un archivo abierto en elservidor FTP (modo no-bloqueo)</d>
</text></texts></PHPModuleRef><PHPModuleRef>
<t>ftp_nb_get</t>
<mn>ftp</mn>
<ft>F</ft>
<ver>4_3_0,4_3_1,4_3_10,4_3_11,4_3_2,4_3_3,4_3_4,4_3_5,4_3_6,4_3_7,4_3_8,4_3_9,4_4_0,4_4_1,4_4_2,4_4_3,4_4_4,4_4_5,4_4_6,4_cvs,5_0_0,5_0_1,5_0_2,5_0_3,5_1_0,5_1_1,5_1_2,5_1_3,5_1_4,5_1_5,5_1_6,5_2_0,5_2_1,5_cvs</ver>
<p4>int ftp_nb_get(resource stream, string local_file, string remote_file, int mode[, int resume_pos])</p4>
<p4d>Retrieves a file from the FTP server nbhronly and writes it to a local file </p4d>
<p5>int ftp_nb_get(resource stream, string local_file, string remote_file, int mode[, int resume_pos])</p5>
<p5d>Retrieves a file from the FTP server nbhronly and writes it to a local file </p5d>
<texts><text><lng>de</lng>
<d>Überträgt eine Datei von dem FTP-Server und speichert sie lokal (nicht blockierend)</d>
</text><text><lng>el</lng>
<d>Ανακτά ένα αρχείο από τον FTP server και το σώζει σε ένα local file (non-blocking)</d>
</text><text><lng>en</lng>
<d>Retrieves a file from the FTP server and writes it to a local file (non-blocking)</d>
</text><text><lng>es</lng>
<d>Recupera un archivo desde el servidor FTP y loescribe sobre un archivo local (modo no-bloqueo)</d>
</text></texts></PHPModuleRef><PHPModuleRef>
<t>ftp_nb_put</t>
<mn>ftp</mn>
<ft>F</ft>
<ver>4_3_0,4_3_1,4_3_10,4_3_11,4_3_2,4_3_3,4_3_4,4_3_5,4_3_6,4_3_7,4_3_8,4_3_9,4_4_0,4_4_1,4_4_2,4_4_3,4_4_4,4_4_5,4_4_6,4_cvs,5_0_0,5_0_1,5_0_2,5_0_3,5_1_0,5_1_1,5_1_2,5_1_3,5_1_4,5_1_5,5_1_6,5_2_0,5_2_1,5_cvs</ver>
<p4>bool ftp_nb_put(resource stream, string remote_file, string local_file, int mode[, int startpos])</p4>
<p4d>Stores a file on the FTP server </p4d>
<p5>int ftp_nb_put(resource stream, string remote_file, string local_file, int mode[, int startpos])</p5>
<p5d>Stores a file on the FTP server </p5d>
<texts><text><lng>de</lng>
<d>Speichert eine Datei auf dem FTP-Server (nicht blockierend)</d>
</text><text><lng>el</lng>
<d>Αποθηκεύει ένα αρχείο στον FTP server (non-blocking)</d>
</text><text><lng>en</lng>
<d>Stores a file on the FTP server (non-blocking)</d>
</text><text><lng>es</lng>
<d>Almacena un archivo en el servidor FTP (modono-bloqueo)</d>
</text></texts></PHPModuleRef><PHPModuleRef>
<t>ftp_nlist</t>
<mn>ftp</mn>
<ft>F</ft>
<ver>4_0_0,4_0_1,4_0_2,4_0_3,4_0_4,4_0_5,4_0_6,4_1_0,4_1_1,4_1_2,4_2_0,4_2_1,4_2_2,4_2_3,4_3_0,4_3_1,4_3_10,4_3_11,4_3_2,4_3_3,4_3_4,4_3_5,4_3_6,4_3_7,4_3_8,4_3_9,4_4_0,4_4_1,4_4_2,4_4_3,4_4_4,4_4_5,4_4_6,4_cvs,5_0_0,5_0_1,5_0_2,5_0_3,5_1_0,5_1_1,5_1_2,5_1_3,5_1_4,5_1_5,5_1_6,5_2_0,5_2_1,5_cvs</ver>
<p4>array ftp_nlist(resource stream, string directory)</p4>
<p4d>Returns an array of filenames in the given directory </p4d>
<p5>array ftp_nlist(resource stream, string directory)</p5>
<p5d>Returns an array of filenames in the given directory </p5d>
<texts><text><lng>de</lng>
<d>Gibt eine Liste der im angegebenen Verzeichnis enthaltenenDateien zurück</d>
</text><text><lng>el</lng>
<d>Επιστρέφει μία λίστα των αρχείων του δοθέντος καταλόγου</d>
</text><text><lng>en</lng>
<d>Returns a list of files in the given directory</d>
</text><text><lng>es</lng>
<d>Devuelve una lista de archivos en el directoriodado</d>
</text></texts></PHPModuleRef><PHPModuleRef>
<t>ftp_pasv</t>
<mn>ftp</mn>
<ft>F</ft>
<ver>4_0_0,4_0_1,4_0_2,4_0_3,4_0_4,4_0_5,4_0_6,4_1_0,4_1_1,4_1_2,4_2_0,4_2_1,4_2_2,4_2_3,4_3_0,4_3_1,4_3_10,4_3_11,4_3_2,4_3_3,4_3_4,4_3_5,4_3_6,4_3_7,4_3_8,4_3_9,4_4_0,4_4_1,4_4_2,4_4_3,4_4_4,4_4_5,4_4_6,4_cvs,5_0_0,5_0_1,5_0_2,5_0_3,5_1_0,5_1_1,5_1_2,5_1_3,5_1_4,5_1_5,5_1_6,5_2_0,5_2_1,5_cvs</ver>
<p4>bool ftp_pasv(resource stream, bool pasv)</p4>
<p4d>Turns passive mode on or off </p4d>
<p5>bool ftp_pasv(resource stream, bool pasv)</p5>
<p5d>Turns passive mode on or off </p5d>
<texts><text><lng>de</lng>
<d>Schaltet den passiven Modus ein oder aus</d>
</text><text><lng>el</lng>
<d>Θέτει την passive mode on ή off</d>
</text><text><lng>en</lng>
<d>Turns passive mode on or off</d>
</text><text><lng>es</lng>
<d>Habilita o deshabilita el modo pasivo</d>
</text></texts></PHPModuleRef><PHPModuleRef>
<t>ftp_put</t>
<mn>ftp</mn>
<ft>F</ft>
<ver>4_0_0,4_0_1,4_0_2,4_0_3,4_0_4,4_0_5,4_0_6,4_1_0,4_1_1,4_1_2,4_2_0,4_2_1,4_2_2,4_2_3,4_3_0,4_3_1,4_3_10,4_3_11,4_3_2,4_3_3,4_3_4,4_3_5,4_3_6,4_3_7,4_3_8,4_3_9,4_4_0,4_4_1,4_4_2,4_4_3,4_4_4,4_4_5,4_4_6,4_cvs,5_0_0,5_0_1,5_0_2,5_0_3,5_1_0,5_1_1,5_1_2,5_1_3,5_1_4,5_1_5,5_1_6,5_2_0,5_2_1,5_cvs</ver>
<p4>bool ftp_put(resource stream, string remote_file, string local_file, int mode[, int startpos])</p4>
<p4d>Stores a file on the FTP server </p4d>
<p5>bool ftp_put(resource stream, string remote_file, string local_file, int mode[, int startpos])</p5>
<p5d>Stores a file on the FTP server </p5d>
<texts><text><lng>de</lng>
<d>Überträgt eine Datei auf einen FTP-Server (upload)</d>
</text><text><lng>el</lng>
<d>Κάνει upload ένα αρχείο στον FTP server</d>
</text><text><lng>en</lng>
<d>Uploads a file to the FTP server</d>
</text><text><lng>es</lng>
<d>Carga un archivo al servidor FTP</d>
</text></texts></PHPModuleRef><PHPModuleRef>
<t>ftp_pwd</t>
<mn>ftp</mn>
<ft>F</ft>
<ver>4_0_0,4_0_1,4_0_2,4_0_3,4_0_4,4_0_5,4_0_6,4_1_0,4_1_1,4_1_2,4_2_0,4_2_1,4_2_2,4_2_3,4_3_0,4_3_1,4_3_10,4_3_11,4_3_2,4_3_3,4_3_4,4_3_5,4_3_6,4_3_7,4_3_8,4_3_9,4_4_0,4_4_1,4_4_2,4_4_3,4_4_4,4_4_5,4_4_6,4_cvs,5_0_0,5_0_1,5_0_2,5_0_3,5_1_0,5_1_1,5_1_2,5_1_3,5_1_4,5_1_5,5_1_6,5_2_0,5_2_1,5_cvs</ver>
<p4>string ftp_pwd(resource stream)</p4>
<p4d>Returns the present working directory </p4d>
<p5>string ftp_pwd(resource stream)</p5>
<p5d>Returns the present working directory </p5d>
<texts><text><lng>de</lng>
<d>Gibt den aktuellen Verzeichnis-Namen zurück</d>
</text><text><lng>el</lng>
<d>Επιστρέφει το όνομα του τρέχοντος καταλόγου</d>
</text><text><lng>en</lng>
<d>Returns the current directory name</d>
</text><text><lng>es</lng>
<d>Devuelve el nombre del directorio actual</d>
</text></texts></PHPModuleRef><PHPModuleRef>
<t>ftp_quit</t>
<mn>ftp</mn>
<ft>F</ft>
<ver>4_0_0,4_0_1,4_0_2,4_0_3,4_0_4,4_0_5,4_0_6,4_1_0,4_1_1,4_1_2,4_2_0,4_2_1,4_2_2,4_2_3,4_3_0,4_3_1,4_3_10,4_3_11,4_3_2,4_3_3,4_3_4,4_3_5,4_3_6,4_3_7,4_3_8,4_3_9,4_4_0,4_4_1,4_4_2,4_4_3,4_4_4,4_4_5,4_4_6,4_cvs,5_0_0,5_0_1,5_0_2,5_0_3,5_1_0,5_1_1,5_1_2,5_1_3,5_1_4,5_1_5,5_1_6,5_2_0,5_2_1,5_cvs</ver>
<texts><text><lng>de</lng>
<d>Schließt / beendet eine FTP-Verbindung</d>
</text><text><lng>el</lng>
<d>Τερματίζει μία σύνδεση FTP</d>
</text><text><lng>en</lng>
<d>&amp;Alias;ftp_close</d>
</text><text><lng>es</lng>
<d>&amp;Alias;ftp_close</d>
</text></texts></PHPModuleRef><PHPModuleRef>
<t>ftp_raw</t>
<mn>ftp</mn>
<ft>F</ft>
<ver>5_0_0,5_0_1,5_0_2,5_0_3,5_1_0,5_1_1,5_1_2,5_1_3,5_1_4,5_1_5,5_1_6,5_2_0,5_2_1,5_cvs</ver>
<p5>array ftp_raw(resource stream, string command)</p5>
<p5d>Sends a literal command to the FTP server </p5d>
<texts><text><lng>de</lng>
<d>Sendet ein beliebiges Kommando an den FTP-Server</d>
</text><text><lng>en</lng>
<d>Sends an arbitrary command to an FTP server</d>
</text><text><lng>es</lng>
<d>Envía un comando arbitrario a un servidor
  FTP</d>
</text></texts></PHPModuleRef><PHPModuleRef>
<t>ftp_rawlist</t>
<mn>ftp</mn>
<ft>F</ft>
<ver>4_0_0,4_0_1,4_0_2,4_0_3,4_0_4,4_0_5,4_0_6,4_1_0,4_1_1,4_1_2,4_2_0,4_2_1,4_2_2,4_2_3,4_3_0,4_3_1,4_3_10,4_3_11,4_3_2,4_3_3,4_3_4,4_3_5,4_3_6,4_3_7,4_3_8,4_3_9,4_4_0,4_4_1,4_4_2,4_4_3,4_4_4,4_4_5,4_4_6,4_cvs,5_0_0,5_0_1,5_0_2,5_0_3,5_1_0,5_1_1,5_1_2,5_1_3,5_1_4,5_1_5,5_1_6,5_2_0,5_2_1,5_cvs</ver>
<p4>array ftp_rawlist(resource stream, string directory [, bool recursive])</p4>
<p4d>Returns a detailed listing of a directory as an array of output lines </p4d>
<p5>array ftp_rawlist(resource stream, string directory [, bool recursive])</p5>
<p5d>Returns a detailed listing of a directory as an array of output lines </p5d>
<texts><text><lng>de</lng>
<d>Gibt eine detaillierte Liste der Dateien in einem angegebenenVerzeichnis zurück</d>
</text><text><lng>el</lng>
<d>Επιστρέφει μία λεπτομερή λίστα των αρχείων που βρίσκονται στο δοθέντα κατάλογο</d>
</text><text><lng>en</lng>
<d>Returns a detailed list of files in the given directory</d>
</text><text><lng>es</lng>
<d>Devuelve una lista detallada de archivos en eldirectorio dado</d>
</text></texts></PHPModuleRef><PHPModuleRef>
<t>ftp_rename</t>
<mn>ftp</mn>
<ft>F</ft>
<ver>4_0_0,4_0_1,4_0_2,4_0_3,4_0_4,4_0_5,4_0_6,4_1_0,4_1_1,4_1_2,4_2_0,4_2_1,4_2_2,4_2_3,4_3_0,4_3_1,4_3_10,4_3_11,4_3_2,4_3_3,4_3_4,4_3_5,4_3_6,4_3_7,4_3_8,4_3_9,4_4_0,4_4_1,4_4_2,4_4_3,4_4_4,4_4_5,4_4_6,4_cvs,5_0_0,5_0_1,5_0_2,5_0_3,5_1_0,5_1_1,5_1_2,5_1_3,5_1_4,5_1_5,5_1_6,5_2_0,5_2_1,5_cvs</ver>
<p4>bool ftp_rename(resource stream, string src, string dest)</p4>
<p4d>Renames the given file to a new path </p4d>
<p5>bool ftp_rename(resource stream, string src, string dest)</p5>
<p5d>Renames the given file to a new path </p5d>
<texts><text><lng>de</lng>
<d>Benennt eine Datei auf dem FTP-Server um</d>
</text><text><lng>el</lng>
<d>Αλλάζει το όνομα ενός αρχείου του FTP server</d>
</text><text><lng>en</lng>
<d>Renames a file or a directory on the FTP server</d>
</text><text><lng>es</lng>
<d>Renombra un archivo o un directorio en el servidorFTP</d>
</text></texts></PHPModuleRef><PHPModuleRef>
<t>ftp_rmdir</t>
<mn>ftp</mn>
<ft>F</ft>
<ver>4_0_0,4_0_1,4_0_2,4_0_3,4_0_4,4_0_5,4_0_6,4_1_0,4_1_1,4_1_2,4_2_0,4_2_1,4_2_2,4_2_3,4_3_0,4_3_1,4_3_10,4_3_11,4_3_2,4_3_3,4_3_4,4_3_5,4_3_6,4_3_7,4_3_8,4_3_9,4_4_0,4_4_1,4_4_2,4_4_3,4_4_4,4_4_5,4_4_6,4_cvs,5_0_0,5_0_1,5_0_2,5_0_3,5_1_0,5_1_1,5_1_2,5_1_3,5_1_4,5_1_5,5_1_6,5_2_0,5_2_1,5_cvs</ver>
<p4>bool ftp_rmdir(resource stream, string directory)</p4>
<p4d>Removes a directory </p4d>
<p5>bool ftp_rmdir(resource stream, string directory)</p5>
<p5d>Removes a directory </p5d>
<texts><text><lng>de</lng>
<d>Löscht ein Verzeichnis</d>
</text><text><lng>el</lng>
<d>Διαγράφει έναν κατάλογο</d>
</text><text><lng>en</lng>
<d>Removes a directory</d>
</text><text><lng>es</lng>
<d>Elimina un directorio</d>
</text></texts></PHPModuleRef><PHPModuleRef>
<t>ftp_set_option</t>
<mn>ftp</mn>
<ft>F</ft>
<ver>4_2_0,4_2_1,4_2_2,4_2_3,4_3_0,4_3_1,4_3_10,4_3_11,4_3_2,4_3_3,4_3_4,4_3_5,4_3_6,4_3_7,4_3_8,4_3_9,4_4_0,4_4_1,4_4_2,4_4_3,4_4_4,4_4_5,4_4_6,4_cvs,5_0_0,5_0_1,5_0_2,5_0_3,5_1_0,5_1_1,5_1_2,5_1_3,5_1_4,5_1_5,5_1_6,5_2_0,5_2_1,5_cvs</ver>
<p4>bool ftp_set_option(resource stream, int option, mixed value)</p4>
<p4d>Sets an FTP option </p4d>
<p5>bool ftp_set_option(resource stream, int option, mixed value)</p5>
<p5d>Sets an FTP option </p5d>
<texts><text><lng>de</lng>
<d>Setzt diverse FTP Laufzeitoptionen</d>
</text><text><lng>el</lng>
<d>Στέλνει ποικίλες runtime FTP επιλογές</d>
</text><text><lng>en</lng>
<d>Set miscellaneous runtime FTP options</d>
</text><text><lng>es</lng>
<d>Establecer varias opciones FTP de tiempo deejecución</d>
</text></texts></PHPModuleRef><PHPModuleRef>
<t>ftp_site</t>
<mn>ftp</mn>
<ft>F</ft>
<ver>4_0_0,4_0_1,4_0_2,4_0_3,4_0_4,4_0_5,4_0_6,4_1_0,4_1_1,4_1_2,4_2_0,4_2_1,4_2_2,4_2_3,4_3_0,4_3_1,4_3_10,4_3_11,4_3_2,4_3_3,4_3_4,4_3_5,4_3_6,4_3_7,4_3_8,4_3_9,4_4_0,4_4_1,4_4_2,4_4_3,4_4_4,4_4_5,4_4_6,4_cvs,5_0_0,5_0_1,5_0_2,5_0_3,5_1_0,5_1_1,5_1_2,5_1_3,5_1_4,5_1_5,5_1_6,5_2_0,5_2_1,5_cvs</ver>
<p4>bool ftp_site(resource stream, string cmd)</p4>
<p4d>Sends a SITE command to the server </p4d>
<p5>bool ftp_site(resource stream, string cmd)</p5>
<p5d>Sends a SITE command to the server </p5d>
<texts><text><lng>de</lng>
<d>Sendet ein SITE-Kommando zum Server</d>
</text><text><lng>el</lng>
<d>Στέλνει μία SITE εντολή στο server</d>
</text><text><lng>en</lng>
<d>Sends a SITE command to the server</d>
</text><text><lng>es</lng>
<d>Envía un comando SITE al servidor</d>
</text></texts></PHPModuleRef><PHPModuleRef>
<t>ftp_size</t>
<mn>ftp</mn>
<ft>F</ft>
<ver>4_0_0,4_0_1,4_0_2,4_0_3,4_0_4,4_0_5,4_0_6,4_1_0,4_1_1,4_1_2,4_2_0,4_2_1,4_2_2,4_2_3,4_3_0,4_3_1,4_3_10,4_3_11,4_3_2,4_3_3,4_3_4,4_3_5,4_3_6,4_3_7,4_3_8,4_3_9,4_4_0,4_4_1,4_4_2,4_4_3,4_4_4,4_4_5,4_4_6,4_cvs,5_0_0,5_0_1,5_0_2,5_0_3,5_1_0,5_1_1,5_1_2,5_1_3,5_1_4,5_1_5,5_1_6,5_2_0,5_2_1,5_cvs</ver>
<p4>int ftp_size(resource stream, string filename)</p4>
<p4d>Returns the size of the file, or -1 on error </p4d>
<p5>int ftp_size(resource stream, string filename)</p5>
<p5d>Returns the size of the file, or -1 on error </p5d>
<texts><text><lng>de</lng>
<d>Ermittelt die Größe einer angegebenen Datei</d>
</text><text><lng>el</lng>
<d>Επιστρέφει το μέγεθος ενός αρχείου</d>
</text><text><lng>en</lng>
<d>Returns the size of the given file</d>
</text><text><lng>es</lng>
<d>Devuelve el tamaño del archivo dado</d>
</text></texts></PHPModuleRef><PHPModuleRef>
<t>ftp_ssl_connect</t>
<mn>ftp</mn>
<ft>F</ft>
<ver>4_3_0,4_3_1,4_3_10,4_3_11,4_3_2,4_3_3,4_3_4,4_3_5,4_3_6,4_3_7,4_3_8,4_3_9,4_4_0,4_4_1,4_4_2,4_4_3,4_4_4,4_4_5,4_4_6,4_cvs,5_0_0,5_0_1,5_0_2,5_0_3,5_1_0,5_1_1,5_1_2,5_1_3,5_1_4,5_1_5,5_1_6,5_2_0,5_2_1,5_cvs</ver>
<p4>resource ftp_ssl_connect(string host [, int port [, int timeout]])</p4>
<p4d>Opens a FTP-SSL stream </p4d>
<p5>resource ftp_ssl_connect(string host [, int port [, int timeout]])</p5>
<p5d>Opens a FTP-SSL stream </p5d>
<texts><text><lng>de</lng>
<d>Öffnet eine sichere SSL-FTP Verbindung</d>
</text><text><lng>en</lng>
<d>Opens an Secure SSL-FTP connection</d>
</text><text><lng>es</lng>
<d>Abre una conexión segura SSL-FTP</d>
</text></texts></PHPModuleRef><PHPModuleRef>
<t>ftp_systype</t>
<mn>ftp</mn>
<ft>F</ft>
<ver>4_0_0,4_0_1,4_0_2,4_0_3,4_0_4,4_0_5,4_0_6,4_1_0,4_1_1,4_1_2,4_2_0,4_2_1,4_2_2,4_2_3,4_3_0,4_3_1,4_3_10,4_3_11,4_3_2,4_3_3,4_3_4,4_3_5,4_3_6,4_3_7,4_3_8,4_3_9,4_4_0,4_4_1,4_4_2,4_4_3,4_4_4,4_4_5,4_4_6,4_cvs,5_0_0,5_0_1,5_0_2,5_0_3,5_1_0,5_1_1,5_1_2,5_1_3,5_1_4,5_1_5,5_1_6,5_2_0,5_2_1,5_cvs</ver>
<p4>string ftp_systype(resource stream)</p4>
<p4d>Returns the system type identifier </p4d>
<p5>string ftp_systype(resource stream)</p5>
<p5d>Returns the system type identifier </p5d>
<texts><text><lng>de</lng>
<d>Ermittelt den Systemtyp des entfernten FTP-Servers</d>
</text><text><lng>el</lng>
<d>Επιστρέφει τον system type identifier του απομακρισμένου FTP server</d>
</text><text><lng>en</lng>
<d>Returns the system type identifier of the remote FTP server</d>
</text><text><lng>es</lng>
<d>Devuelve el identificador de tipo de sistema delservidor FTP remoto</d>
</text></texts></PHPModuleRef><PHPModuleRef>
<t>FTP_ASCII</t>
<mn>ftp</mn>
<ft>C</ft>
<p4>integer FTP_ASCII</p4>
<p5>integer FTP_ASCII</p5>
</PHPModuleRef><PHPModuleRef>
<t>FTP_AUTORESUME</t>
<mn>ftp</mn>
<ft>C</ft>
<p4>integer FTP_AUTORESUME</p4>
<p5>integer FTP_AUTORESUME</p5>
<texts><text><lng>de</lng>
<d>Ermittelt automatisch die Position zum starten und fortsetzen bei GET und PUT Befehlen.

     (Funktioniert nur wenn FTP_AUTOSEEK aktiviert ist.)</d>
</text><text><lng>el</lng>
<d>Αυτόματος υπολογισμός της θέσης εκκίνησης και συνέχισης για τις αιτήσεις GET και PUT 

     (λειτουργεί μόνο εάν η FTP_AUTOSEEK είναι enabled)</d>
</text><text><lng>en</lng>
<d>Automatically determine resume position and start position for GET and PUT requests
     (only works if FTP_AUTOSEEK is enabled)</d>
</text><text><lng>es</lng>
<d>Determinar automáticamente la posición de
     continuación y la posición de comienzo para
     peticiones GET y PUT (funciona únicamente si FTP_AUTOSEEK
     está habilitado)</d>
</text></texts></PHPModuleRef><PHPModuleRef>
<t>FTP_AUTOSEEK</t>
<mn>ftp</mn>
<ft>C</ft>
<p4>integer FTP_AUTOSEEK</p4>
<p5>integer FTP_AUTOSEEK</p5>
<texts><text><lng>de</lng>
<d>Weitere Informationen finden Sie unterftp_set_option.</d>
</text><text><lng>el</lng>
<d>Ανατρέξτε επίσης στην ftp_set_optionγια πληροφορίες.</d>
</text><text><lng>en</lng>
<d>See ftp_set_option for information.</d>
</text><text><lng>es</lng>
<d>Vea ftp_set_option para más
     información.</d>
</text></texts></PHPModuleRef><PHPModuleRef>
<t>FTP_BINARY</t>
<mn>ftp</mn>
<ft>C</ft>
<p4>integer FTP_BINARY</p4>
<p5>integer FTP_BINARY</p5>
</PHPModuleRef><PHPModuleRef>
<t>FTP_FAILED</t>
<mn>ftp</mn>
<ft>C</ft>
<p4>integer FTP_FAILED</p4>
<p5>integer FTP_FAILED</p5>
<texts><text><lng>de</lng>
<d>Die asynchrone Übertragung ist fehlgeschlagen.</d>
</text><text><lng>el</lng>
<d>Η ασύγχρονη μεταφορά έχει αποτύχει</d>
</text><text><lng>en</lng>
<d>Asynchronous transfer has failed</d>
</text><text><lng>es</lng>
<d>La transferencia asincrónica ha fallado</d>
</text></texts></PHPModuleRef><PHPModuleRef>
<t>FTP_FINISHED</t>
<mn>ftp</mn>
<ft>C</ft>
<p4>integer FTP_FINISHED</p4>
<p5>integer FTP_FINISHED</p5>
<texts><text><lng>de</lng>
<d>Die asynchrone Übertragung ist beendet.</d>
</text><text><lng>el</lng>
<d>Η ασύγχρονη μεταφορά έχει τελειώσει</d>
</text><text><lng>en</lng>
<d>Asynchronous transfer has finished</d>
</text><text><lng>es</lng>
<d>La transferencia asincrónica ha terminado</d>
</text></texts></PHPModuleRef><PHPModuleRef>
<t>FTP_IMAGE</t>
<mn>ftp</mn>
<ft>C</ft>
<p4>integer FTP_IMAGE</p4>
<p5>integer FTP_IMAGE</p5>
</PHPModuleRef><PHPModuleRef>
<t>FTP_MOREDATA</t>
<mn>ftp</mn>
<ft>C</ft>
<p4>integer FTP_MOREDATA</p4>
<p5>integer FTP_MOREDATA</p5>
<texts><text><lng>de</lng>
<d>Die asynchrone Übertragung läuft noch.</d>
</text><text><lng>el</lng>
<d>Η ασύγχρονη μεταφορά είναι ακόμα ενεργή</d>
</text><text><lng>en</lng>
<d>Asynchronous transfer is still active</d>
</text><text><lng>es</lng>
<d>La transferencia asincrónica está aun activa</d>
</text></texts></PHPModuleRef><PHPModuleRef>
<t>FTP_TEXT</t>
<mn>ftp</mn>
<ft>C</ft>
<p4>integer FTP_TEXT</p4>
<p5>integer FTP_TEXT</p5>
</PHPModuleRef><PHPModuleRef>
<t>FTP_TIMEOUT_SEC</t>
<mn>ftp</mn>
<ft>C</ft>
<p4>integer FTP_TIMEOUT_SEC</p4>
<p5>integer FTP_TIMEOUT_SEC</p5>
<texts><text><lng>de</lng>
<d>Weitere Informationen finden Sie unter ftp_set_option.</d>
</text><text><lng>el</lng>
<d>Ανατρέξτε επίσης στην ftp_set_optionγια πληροφορίες.</d>
</text><text><lng>en</lng>
<d>See ftp_set_option for information.</d>
</text><text><lng>es</lng>
<d>Vea ftp_set_option para más
     información.</d>
</text></texts></PHPModuleRef></PHPModuleRef-List>
