<?xml version="1.0" encoding="utf-8"?>
<PHPModuleRef-List>
<PHPModuleRef>
<t>gd_info</t>
<mn>gd</mn>
<ft>F</ft>
<ver>4_3_0,4_3_1,4_3_10,4_3_11,4_3_2,4_3_3,4_3_4,4_3_5,4_3_6,4_3_7,4_3_8,4_3_9,4_4_0,4_4_1,4_4_2,4_4_3,4_4_4,4_4_5,4_4_6,4_cvs,5_0_0,5_0_1,5_0_2,5_0_3,5_1_0,5_1_1,5_1_2,5_1_3,5_1_4,5_1_5,5_1_6,5_2_0,5_2_1,5_cvs</ver>
<p4>array gd_info()</p4>
<p4d></p4d>
<p5>array gd_info() U</p5>
<p5d></p5d>
<texts><text><lng>el</lng>
<d>Ανακτείστε πληροφορίες για την εγκατεστημένη GD βιβλιοθήκη</d>
</text><text><lng>en</lng>
<d>Retrieve information about the currently installed GD library</d>
</text></texts></PHPModuleRef><PHPModuleRef>
<t>image2wbmp</t>
<mn>gd</mn>
<ft>F</ft>
<ver>4_0_5,4_0_6,4_1_0,4_1_1,4_1_2,4_2_0,4_2_1,4_2_2,4_2_3,4_3_0,4_3_1,4_3_10,4_3_11,4_3_2,4_3_3,4_3_4,4_3_5,4_3_6,4_3_7,4_3_8,4_3_9,4_4_0,4_4_1,4_4_2,4_4_3,4_4_4,4_4_5,4_4_6,4_cvs,5_0_0,5_0_1,5_0_2,5_0_3,5_1_0,5_1_1,5_1_2,5_1_3,5_1_4,5_1_5,5_1_6,5_2_0,5_2_1,5_cvs</ver>
<p4>bool image2wbmp(resource im [, string filename [, int threshold]])</p4>
<p4d>Output WBMP image to browser or file </p4d>
<p5>bool image2wbmp(resource im [, string filename [, int threshold]]) U</p5>
<p5d>Output WBMP image to browser or file </p5d>
<texts><text><lng>el</lng>
<d>Κάνει output ένα αρχείο στον browser ή σε ένα αρχείο</d>
</text><text><lng>en</lng>
<d>Output image to browser or file</d>
</text></texts></PHPModuleRef><PHPModuleRef>
<t>imagealphablending</t>
<mn>gd</mn>
<ft>F</ft>
<ver>4_0_6,4_1_0,4_1_1,4_1_2,4_2_0,4_2_1,4_2_2,4_2_3,4_3_0,4_3_1,4_3_10,4_3_11,4_3_2,4_3_3,4_3_4,4_3_5,4_3_6,4_3_7,4_3_8,4_3_9,4_4_0,4_4_1,4_4_2,4_4_3,4_4_4,4_4_5,4_4_6,4_cvs,5_0_0,5_0_1,5_0_2,5_0_3,5_1_0,5_1_1,5_1_2,5_1_3,5_1_4,5_1_5,5_1_6,5_2_0,5_2_1,5_cvs</ver>
<p4>bool imagealphablending(resource im, bool on)</p4>
<p4d>Turn alpha blending mode on or off for the given image </p4d>
<p5>bool imagealphablending(resource im, bool on) U</p5>
<p5d>Turn alpha blending mode on or off for the given image </p5d>
<texts><text><lng>el</lng>
<d>Καθορίστε το blending mode μίας εικόνας</d>
</text><text><lng>en</lng>
<d>Set the blending mode for an image</d>
</text></texts></PHPModuleRef><PHPModuleRef>
<t>imageantialias</t>
<mn>gd</mn>
<ft>F</ft>
<ver>4_3_10,4_3_11,4_3_2,4_3_3,4_3_4,4_3_5,4_3_6,4_3_7,4_3_8,4_3_9,4_4_0,4_4_1,4_4_2,4_4_3,4_4_4,4_4_5,4_4_6,4_cvs,5_0_0,5_0_1,5_0_2,5_0_3,5_1_0,5_1_1,5_1_2,5_1_3,5_1_4,5_1_5,5_1_6,5_2_0,5_2_1,5_cvs</ver>
<p4>bool imageantialias(resource im, bool on)</p4>
<p4d>Should antialiased functions used or not</p4d>
<p5>bool imageantialias(resource im, bool on) U</p5>
<p5d>Should antialiased functions used or not</p5d>
<texts><text><lng>el</lng>
<d>Έλεγχος για το αν πρέπει να χρησιμοποιηθούν antialias συναρτήσεις</d>
</text><text><lng>en</lng>
<d>Should antialias functions be used or not</d>
</text></texts></PHPModuleRef><PHPModuleRef>
<t>imagearc</t>
<mn>gd</mn>
<ft>F</ft>
<ver>4_0_0,4_0_1,4_0_2,4_0_3,4_0_4,4_0_5,4_0_6,4_1_0,4_1_1,4_1_2,4_2_0,4_2_1,4_2_2,4_2_3,4_3_0,4_3_1,4_3_10,4_3_11,4_3_2,4_3_3,4_3_4,4_3_5,4_3_6,4_3_7,4_3_8,4_3_9,4_4_0,4_4_1,4_4_2,4_4_3,4_4_4,4_4_5,4_4_6,4_cvs,5_0_0,5_0_1,5_0_2,5_0_3,5_1_0,5_1_1,5_1_2,5_1_3,5_1_4,5_1_5,5_1_6,5_2_0,5_2_1,5_cvs</ver>
<p4>bool imagearc(resource im, int cx, int cy, int w, int h, int s, int e, int col)</p4>
<p4d>Draw a partial ellipse </p4d>
<p5>bool imagearc(resource im, int cx, int cy, int w, int h, int s, int e, int col) U</p5>
<p5d>Draw a partial ellipse </p5d>
<texts><text><lng>de</lng>
<d>Zeichnen einer Teil-Ellipse</d>
</text><text><lng>el</lng>
<d>Σχεδιάστε μία μερική έλλειψη</d>
</text><text><lng>en</lng>
<d>Draws an arc</d>
</text><text><lng>es</lng>
<d>Dibuja una elipse parcial</d>
</text></texts></PHPModuleRef><PHPModuleRef>
<t>imagechar</t>
<mn>gd</mn>
<ft>F</ft>
<ver>4_0_0,4_0_1,4_0_2,4_0_3,4_0_4,4_0_5,4_0_6,4_1_0,4_1_1,4_1_2,4_2_0,4_2_1,4_2_2,4_2_3,4_3_0,4_3_1,4_3_10,4_3_11,4_3_2,4_3_3,4_3_4,4_3_5,4_3_6,4_3_7,4_3_8,4_3_9,4_4_0,4_4_1,4_4_2,4_4_3,4_4_4,4_4_5,4_4_6,4_cvs,5_0_0,5_0_1,5_0_2,5_0_3,5_1_0,5_1_1,5_1_2,5_1_3,5_1_4,5_1_5,5_1_6,5_2_0,5_2_1,5_cvs</ver>
<p4>bool imagechar(resource im, int font, int x, int y, string c, int col)</p4>
<p4d>Draw a character </p4d>
<p5>bool imagechar(resource im, int font, int x, int y, string c, int col) U</p5>
<p5d>Draw a character </p5d>
<texts><text><lng>de</lng>
<d>Stellt ein Zeichen mit horizontaler Ausrichtung dar</d>
</text><text><lng>el</lng>
<d>Σχεδιάστε έναν χαρακτήρα οριζοντίως</d>
</text><text><lng>en</lng>
<d>Draw a character horizontally</d>
</text><text><lng>es</lng>
<d>Dibuja un carácter horizontalmente</d>
</text></texts></PHPModuleRef><PHPModuleRef>
<t>imagecharup</t>
<mn>gd</mn>
<ft>F</ft>
<ver>4_0_0,4_0_1,4_0_2,4_0_3,4_0_4,4_0_5,4_0_6,4_1_0,4_1_1,4_1_2,4_2_0,4_2_1,4_2_2,4_2_3,4_3_0,4_3_1,4_3_10,4_3_11,4_3_2,4_3_3,4_3_4,4_3_5,4_3_6,4_3_7,4_3_8,4_3_9,4_4_0,4_4_1,4_4_2,4_4_3,4_4_4,4_4_5,4_4_6,4_cvs,5_0_0,5_0_1,5_0_2,5_0_3,5_1_0,5_1_1,5_1_2,5_1_3,5_1_4,5_1_5,5_1_6,5_2_0,5_2_1,5_cvs</ver>
<p4>bool imagecharup(resource im, int font, int x, int y, string c, int col)</p4>
<p4d>Draw a character rotated 90 degrees counter-clockwise </p4d>
<p5>bool imagecharup(resource im, int font, int x, int y, string c, int col) U</p5>
<p5d>Draw a character rotated 90 degrees counter-clockwise </p5d>
<texts><text><lng>de</lng>
<d>Zeichnet einen vertikal ausgerichteten Charakter</d>
</text><text><lng>el</lng>
<d>Σχεδιάστε ένα χαρακτήρα κάθετα</d>
</text><text><lng>en</lng>
<d>Draw a character vertically</d>
</text><text><lng>es</lng>
<d>Dibuja un carácter vertical</d>
</text></texts></PHPModuleRef><PHPModuleRef>
<t>imagecolorallocate</t>
<mn>gd</mn>
<ft>F</ft>
<ver>4_0_0,4_0_1,4_0_2,4_0_3,4_0_4,4_0_5,4_0_6,4_1_0,4_1_1,4_1_2,4_2_0,4_2_1,4_2_2,4_2_3,4_3_0,4_3_1,4_3_10,4_3_11,4_3_2,4_3_3,4_3_4,4_3_5,4_3_6,4_3_7,4_3_8,4_3_9,4_4_0,4_4_1,4_4_2,4_4_3,4_4_4,4_4_5,4_4_6,4_cvs,5_0_0,5_0_1,5_0_2,5_0_3,5_1_0,5_1_1,5_1_2,5_1_3,5_1_4,5_1_5,5_1_6,5_2_0,5_2_1,5_cvs</ver>
<p4>int imagecolorallocate(resource im, int red, int green, int blue)</p4>
<p4d>Allocate a color for an image </p4d>
<p5>int imagecolorallocate(resource im, int red, int green, int blue) U</p5>
<p5d>Allocate a color for an image </p5d>
<texts><text><lng>de</lng>
<d>Bestimmt die Farbe einer Grafik</d>
</text><text><lng>el</lng>
<d>Διαθέστε ένα χρώμα για μία εικόνα</d>
</text><text><lng>en</lng>
<d>Allocate a color for an image</d>
</text><text><lng>es</lng>
<d>Reserva un color para una imagen</d>
</text></texts></PHPModuleRef><PHPModuleRef>
<t>imagecolorallocatealpha</t>
<mn>gd</mn>
<ft>F</ft>
<ver>4_3_10,4_3_11,4_3_2,4_3_3,4_3_4,4_3_5,4_3_6,4_3_7,4_3_8,4_3_9,4_4_0,4_4_1,4_4_2,4_4_3,4_4_4,4_4_5,4_4_6,4_cvs,5_0_0,5_0_1,5_0_2,5_0_3,5_1_0,5_1_1,5_1_2,5_1_3,5_1_4,5_1_5,5_1_6,5_2_0,5_2_1,5_cvs</ver>
<p4>int imagecolorallocatealpha(resource im, int red, int green, int blue, int alpha)</p4>
<p4d>Allocate a color with an alpha level.  Works for true color and palette based images </p4d>
<p5>int imagecolorallocatealpha(resource im, int red, int green, int blue, int alpha) U</p5>
<p5d>Allocate a color with an alpha level.  Works for true color and palette based images </p5d>
<texts><text><lng>el</lng>
<d>Διαθέστε ένα χρώμα για μία εικόνα</d>
</text><text><lng>en</lng>
<d>Allocate a color for an image</d>
</text></texts></PHPModuleRef><PHPModuleRef>
<t>imagecolorat</t>
<mn>gd</mn>
<ft>F</ft>
<ver>4_0_0,4_0_1,4_0_2,4_0_3,4_0_4,4_0_5,4_0_6,4_1_0,4_1_1,4_1_2,4_2_0,4_2_1,4_2_2,4_2_3,4_3_0,4_3_1,4_3_10,4_3_11,4_3_2,4_3_3,4_3_4,4_3_5,4_3_6,4_3_7,4_3_8,4_3_9,4_4_0,4_4_1,4_4_2,4_4_3,4_4_4,4_4_5,4_4_6,4_cvs,5_0_0,5_0_1,5_0_2,5_0_3,5_1_0,5_1_1,5_1_2,5_1_3,5_1_4,5_1_5,5_1_6,5_2_0,5_2_1,5_cvs</ver>
<p4>int imagecolorat(resource im, int x, int y)</p4>
<p4d>Get the index of the color of a pixel </p4d>
<p5>int imagecolorat(resource im, int x, int y) U</p5>
<p5d>Get the index of the color of a pixel </p5d>
<texts><text><lng>de</lng>
<d>Ermittelt den Farbwert eines Bildpunktes</d>
</text><text><lng>el</lng>
<d>Ανακτείστε το δείκτη του χρώματος ενός pixel</d>
</text><text><lng>en</lng>
<d>Get the index of the color of a pixel</d>
</text><text><lng>es</lng>
<d>Obtiende elíndice del color de un pixel</d>
</text></texts></PHPModuleRef><PHPModuleRef>
<t>imagecolorclosest</t>
<mn>gd</mn>
<ft>F</ft>
<ver>4_0_0,4_0_1,4_0_2,4_0_3,4_0_4,4_0_5,4_0_6,4_1_0,4_1_1,4_1_2,4_2_0,4_2_1,4_2_2,4_2_3,4_3_0,4_3_1,4_3_10,4_3_11,4_3_2,4_3_3,4_3_4,4_3_5,4_3_6,4_3_7,4_3_8,4_3_9,4_4_0,4_4_1,4_4_2,4_4_3,4_4_4,4_4_5,4_4_6,4_cvs,5_0_0,5_0_1,5_0_2,5_0_3,5_1_0,5_1_1,5_1_2,5_1_3,5_1_4,5_1_5,5_1_6,5_2_0,5_2_1,5_cvs</ver>
<p4>int imagecolorclosest(resource im, int red, int green, int blue)</p4>
<p4d>Get the index of the closest color to the specified color </p4d>
<p5>int imagecolorclosest(resource im, int red, int green, int blue) U</p5>
<p5d>Get the index of the closest color to the specified color </p5d>
<texts><text><lng>de</lng>
<d>Ermittelt den Farbwert-Index, der den angegebenen Farbenam nächsten liegt</d>
</text><text><lng>el</lng>
<d>Ανακτείστε το δείκτη του πιο κοντινού, στο προσδιορισμένο, χρώματος</d>
</text><text><lng>en</lng>
<d>Get the index of the closest color to the specified color</d>
</text><text><lng>es</lng>
<d>Obtiene elíndice del color más cercano al color especificado</d>
</text></texts></PHPModuleRef><PHPModuleRef>
<t>imagecolorclosestalpha</t>
<mn>gd</mn>
<ft>F</ft>
<ver>4_0_6,4_1_0,4_1_1,4_1_2,4_2_0,4_2_1,4_2_2,4_2_3,4_3_0,4_3_1,4_3_10,4_3_11,4_3_2,4_3_3,4_3_4,4_3_5,4_3_6,4_3_7,4_3_8,4_3_9,4_4_0,4_4_1,4_4_2,4_4_3,4_4_4,4_4_5,4_4_6,4_cvs,5_0_0,5_0_1,5_0_2,5_0_3,5_1_0,5_1_1,5_1_2,5_1_3,5_1_4,5_1_5,5_1_6,5_2_0,5_2_1,5_cvs</ver>
<p4>int imagecolorclosestalpha(resource im, int red, int green, int blue, int alpha)</p4>
<p4d>Find the closest matching colour with alpha transparency </p4d>
<p5>int imagecolorclosestalpha(resource im, int red, int green, int blue, int alpha) U</p5>
<p5d>Find the closest matching colour with alpha transparency </p5d>
<texts><text><lng>el</lng>
<d>Ανακτείστε το δείκτη του πιο κοντινού, στο προσδιορισμένο, χρώματος + alpha</d>
</text><text><lng>en</lng>
<d>Get the index of the closest color to the specified color + alpha</d>
</text></texts></PHPModuleRef><PHPModuleRef>
<t>imagecolorclosesthwb</t>
<mn>gd</mn>
<ft>F</ft>
<ver>4_0_1,4_0_2,4_0_3,4_0_4,4_0_5,4_0_6,4_1_0,4_1_1,4_1_2,4_2_0,4_2_1,4_2_2,4_2_3,4_3_0,4_3_1,4_3_10,4_3_11,4_3_2,4_3_3,4_3_4,4_3_5,4_3_6,4_3_7,4_3_8,4_3_9,4_4_0,4_4_1,4_4_2,4_4_3,4_4_4,4_4_5,4_4_6,4_cvs,5_0_0,5_0_1,5_0_2,5_0_3,5_1_0,5_1_1,5_1_2,5_1_3,5_1_4,5_1_5,5_1_6,5_2_0,5_2_1,5_cvs</ver>
<p4>int imagecolorclosesthwb(resource im, int red, int green, int blue)</p4>
<p4d>Get the index of the color which has the hue, white and blackness nearest to the given color </p4d>
<p5>int imagecolorclosesthwb(resource im, int red, int green, int blue) U</p5>
<p5d>Get the index of the color which has the hue, white and blackness nearest to the given color </p5d>
<texts><text><lng>el</lng>
<d>Ανακτείστε το δείκτη του χρώματος που έχει την πλησιέστερη, στο δοθέν χρώμα, απόχρωση, λευκότητα, απόχρωση και σκοτεινότητα</d>
</text><text><lng>en</lng>
<d>Get the index of the color which has the hue, white and blackness nearest to the given color</d>
</text></texts></PHPModuleRef><PHPModuleRef>
<t>imagecolordeallocate</t>
<mn>gd</mn>
<ft>F</ft>
<ver>4_0_0,4_0_1,4_0_2,4_0_3,4_0_4,4_0_5,4_0_6,4_1_0,4_1_1,4_1_2,4_2_0,4_2_1,4_2_2,4_2_3,4_3_0,4_3_1,4_3_10,4_3_11,4_3_2,4_3_3,4_3_4,4_3_5,4_3_6,4_3_7,4_3_8,4_3_9,4_4_0,4_4_1,4_4_2,4_4_3,4_4_4,4_4_5,4_4_6,4_cvs,5_0_0,5_0_1,5_0_2,5_0_3,5_1_0,5_1_1,5_1_2,5_1_3,5_1_4,5_1_5,5_1_6,5_2_0,5_2_1,5_cvs</ver>
<p4>bool imagecolordeallocate(resource im, int index)</p4>
<p4d>De-allocate a color for an image </p4d>
<p5>bool imagecolordeallocate(resource im, int index) U</p5>
<p5d>De-allocate a color for an image </p5d>
<texts><text><lng>de</lng>
<d>Löscht eine Farbdefinition</d>
</text><text><lng>el</lng>
<d>Αποδεσμεύσtε ένα χρώμα για μία εικόνα</d>
</text><text><lng>en</lng>
<d>De-allocate a color for an image</d>
</text></texts></PHPModuleRef><PHPModuleRef>
<t>imagecolorexact</t>
<mn>gd</mn>
<ft>F</ft>
<ver>4_0_0,4_0_1,4_0_2,4_0_3,4_0_4,4_0_5,4_0_6,4_1_0,4_1_1,4_1_2,4_2_0,4_2_1,4_2_2,4_2_3,4_3_0,4_3_1,4_3_10,4_3_11,4_3_2,4_3_3,4_3_4,4_3_5,4_3_6,4_3_7,4_3_8,4_3_9,4_4_0,4_4_1,4_4_2,4_4_3,4_4_4,4_4_5,4_4_6,4_cvs,5_0_0,5_0_1,5_0_2,5_0_3,5_1_0,5_1_1,5_1_2,5_1_3,5_1_4,5_1_5,5_1_6,5_2_0,5_2_1,5_cvs</ver>
<p4>int imagecolorexact(resource im, int red, int green, int blue)</p4>
<p4d>Get the index of the specified color </p4d>
<p5>int imagecolorexact(resource im, int red, int green, int blue) U</p5>
<p5d>Get the index of the specified color </p5d>
<texts><text><lng>de</lng>
<d>Ermittelt den Index-Wert der angegebenen Farbe</d>
</text><text><lng>el</lng>
<d>Ανακτείστε το δείκτη ενός χρώματος</d>
</text><text><lng>en</lng>
<d>Get the index of the specified color</d>
</text><text><lng>es</lng>
<d>Devuelve elíndice del color especificado</d>
</text></texts></PHPModuleRef><PHPModuleRef>
<t>imagecolorexactalpha</t>
<mn>gd</mn>
<ft>F</ft>
<ver>4_0_6,4_1_0,4_1_1,4_1_2,4_2_0,4_2_1,4_2_2,4_2_3,4_3_0,4_3_1,4_3_10,4_3_11,4_3_2,4_3_3,4_3_4,4_3_5,4_3_6,4_3_7,4_3_8,4_3_9,4_4_0,4_4_1,4_4_2,4_4_3,4_4_4,4_4_5,4_4_6,4_cvs,5_0_0,5_0_1,5_0_2,5_0_3,5_1_0,5_1_1,5_1_2,5_1_3,5_1_4,5_1_5,5_1_6,5_2_0,5_2_1,5_cvs</ver>
<p4>int imagecolorexactalpha(resource im, int red, int green, int blue, int alpha)</p4>
<p4d>Find exact match for colour with transparency </p4d>
<p5>int imagecolorexactalpha(resource im, int red, int green, int blue, int alpha) U</p5>
<p5d>Find exact match for colour with transparency </p5d>
<texts><text><lng>el</lng>
<d>Ανακτείστε το δείκτη ενός χρώματος + alpha</d>
</text><text><lng>en</lng>
<d>Get the index of the specified color + alpha</d>
</text></texts></PHPModuleRef><PHPModuleRef>
<t>imagecolormatch</t>
<mn>gd</mn>
<ft>F</ft>
<ver>4_3_0,4_3_1,4_3_10,4_3_11,4_3_2,4_3_3,4_3_4,4_3_5,4_3_6,4_3_7,4_3_8,4_3_9,4_4_0,4_4_1,4_4_2,4_4_3,4_4_4,4_4_5,4_4_6,4_cvs,5_0_0,5_0_1,5_0_2,5_0_3,5_1_0,5_1_1,5_1_2,5_1_3,5_1_4,5_1_5,5_1_6,5_2_0,5_2_1,5_cvs</ver>
<p4>bool imagecolormatch(resource im1, resource im2)</p4>
<p4d>Makes the colors of the palette version of an image more closely match the true color version </p4d>
<p5>bool imagecolormatch(resource im1, resource im2) U</p5>
<p5d>Makes the colors of the palette version of an image more closely match the true color version </p5d>
<texts><text><lng>el</lng>
<d>Κάνει τα χρώματα της παλέττας μίας εικόνας να πλησιάζουν την true color έκδοση</d>
</text><text><lng>en</lng>
<d>Makes the colors of the palette version of an image more closely match the true color version</d>
</text></texts></PHPModuleRef><PHPModuleRef>
<t>imagecolorresolve</t>
<mn>gd</mn>
<ft>F</ft>
<ver>4_0_0,4_0_1,4_0_2,4_0_3,4_0_4,4_0_5,4_0_6,4_1_0,4_1_1,4_1_2,4_2_0,4_2_1,4_2_2,4_2_3,4_3_0,4_3_1,4_3_10,4_3_11,4_3_2,4_3_3,4_3_4,4_3_5,4_3_6,4_3_7,4_3_8,4_3_9,4_4_0,4_4_1,4_4_2,4_4_3,4_4_4,4_4_5,4_4_6,4_cvs,5_0_0,5_0_1,5_0_2,5_0_3,5_1_0,5_1_1,5_1_2,5_1_3,5_1_4,5_1_5,5_1_6,5_2_0,5_2_1,5_cvs</ver>
<p4>int imagecolorresolve(resource im, int red, int green, int blue)</p4>
<p4d>Get the index of the specified color or its closest possible alternative </p4d>
<p5>int imagecolorresolve(resource im, int red, int green, int blue) U</p5>
<p5d>Get the index of the specified color or its closest possible alternative </p5d>
<texts><text><lng>de</lng>
<d>Ermittelt den Index-Wert der angegebenen Farbe oder dienächst mögliche Alternative dazu</d>
</text><text><lng>el</lng>
<d>Ανακτείστε το δείκτη ενός χρώματος ή τον πιο κοντινό σε αυτό, ως εναλλλακτική επιλογή</d>
</text><text><lng>en</lng>
<d>Get the index of the specified color or its closest possible alternative</d>
</text><text><lng>es</lng>
<d>Devuelve elíndice del color especificado o su posible alternativa más cercana</d>
</text></texts></PHPModuleRef><PHPModuleRef>
<t>imagecolorresolvealpha</t>
<mn>gd</mn>
<ft>F</ft>
<ver>4_0_6,4_1_0,4_1_1,4_1_2,4_2_0,4_2_1,4_2_2,4_2_3,4_3_0,4_3_1,4_3_10,4_3_11,4_3_2,4_3_3,4_3_4,4_3_5,4_3_6,4_3_7,4_3_8,4_3_9,4_4_0,4_4_1,4_4_2,4_4_3,4_4_4,4_4_5,4_4_6,4_cvs,5_0_0,5_0_1,5_0_2,5_0_3,5_1_0,5_1_1,5_1_2,5_1_3,5_1_4,5_1_5,5_1_6,5_2_0,5_2_1,5_cvs</ver>
<p4>int imagecolorresolvealpha(resource im, int red, int green, int blue, int alpha)</p4>
<p4d>Resolve/Allocate a colour with an alpha level.  Works for true colour and palette based images </p4d>
<p5>int imagecolorresolvealpha(resource im, int red, int green, int blue, int alpha) U</p5>
<p5d>Resolve/Allocate a colour with an alpha level.  Works for true colour and palette based images </p5d>
<texts><text><lng>el</lng>
<d>Ανακτείστε το δείκτη ενός χρώματος + alpha ή την πιο κοντινή εναλλακτική του επιλογή</d>
</text><text><lng>en</lng>
<d>Get the index of the specified color + alpha or its closest possible alternative</d>
</text></texts></PHPModuleRef><PHPModuleRef>
<t>imagecolorset</t>
<mn>gd</mn>
<ft>F</ft>
<ver>4_0_0,4_0_1,4_0_2,4_0_3,4_0_4,4_0_5,4_0_6,4_1_0,4_1_1,4_1_2,4_2_0,4_2_1,4_2_2,4_2_3,4_3_0,4_3_1,4_3_10,4_3_11,4_3_2,4_3_3,4_3_4,4_3_5,4_3_6,4_3_7,4_3_8,4_3_9,4_4_0,4_4_1,4_4_2,4_4_3,4_4_4,4_4_5,4_4_6,4_cvs,5_0_0,5_0_1,5_0_2,5_0_3,5_1_0,5_1_1,5_1_2,5_1_3,5_1_4,5_1_5,5_1_6,5_2_0,5_2_1,5_cvs</ver>
<p4>void imagecolorset(resource im, int col, int red, int green, int blue)</p4>
<p4d>Set the color for the specified palette index </p4d>
<p5>void imagecolorset(resource im, int col, int red, int green, int blue) U</p5>
<p5d>Set the color for the specified palette index </p5d>
<texts><text><lng>de</lng>
<d>Setzt die Farbe für den angegebenen Paletten-Index</d>
</text><text><lng>el</lng>
<d>Αντιστοιχίστε ένα χρώμα σε ένα δείκτη της παλέττας</d>
</text><text><lng>en</lng>
<d>Set the color for the specified palette index</d>
</text><text><lng>es</lng>
<d>Establece el color para elíndice de la paleta especificado</d>
</text></texts></PHPModuleRef><PHPModuleRef>
<t>imagecolorsforindex</t>
<mn>gd</mn>
<ft>F</ft>
<ver>4_0_0,4_0_1,4_0_2,4_0_3,4_0_4,4_0_5,4_0_6,4_1_0,4_1_1,4_1_2,4_2_0,4_2_1,4_2_2,4_2_3,4_3_0,4_3_1,4_3_10,4_3_11,4_3_2,4_3_3,4_3_4,4_3_5,4_3_6,4_3_7,4_3_8,4_3_9,4_4_0,4_4_1,4_4_2,4_4_3,4_4_4,4_4_5,4_4_6,4_cvs,5_0_0,5_0_1,5_0_2,5_0_3,5_1_0,5_1_1,5_1_2,5_1_3,5_1_4,5_1_5,5_1_6,5_2_0,5_2_1,5_cvs</ver>
<p4>array imagecolorsforindex(resource im, int col)</p4>
<p4d>Get the colors for an index </p4d>
<p5>array imagecolorsforindex(resource im, int col) U</p5>
<p5d>Get the colors for an index </p5d>
<texts><text><lng>de</lng>
<d>Ermittelt die Farbwerte einer angegebenen Farb-Palette</d>
</text><text><lng>el</lng>
<d>Ανακτείστε τα χρώματα μέσω ενός δείκτη</d>
</text><text><lng>en</lng>
<d>Get the colors for an index</d>
</text><text><lng>es</lng>
<d>Obtiene los colores de uníndice</d>
</text></texts></PHPModuleRef><PHPModuleRef>
<t>imagecolorstotal</t>
<mn>gd</mn>
<ft>F</ft>
<ver>4_0_0,4_0_1,4_0_2,4_0_3,4_0_4,4_0_5,4_0_6,4_1_0,4_1_1,4_1_2,4_2_0,4_2_1,4_2_2,4_2_3,4_3_0,4_3_1,4_3_10,4_3_11,4_3_2,4_3_3,4_3_4,4_3_5,4_3_6,4_3_7,4_3_8,4_3_9,4_4_0,4_4_1,4_4_2,4_4_3,4_4_4,4_4_5,4_4_6,4_cvs,5_0_0,5_0_1,5_0_2,5_0_3,5_1_0,5_1_1,5_1_2,5_1_3,5_1_4,5_1_5,5_1_6,5_2_0,5_2_1,5_cvs</ver>
<p4>int imagecolorstotal(resource im)</p4>
<p4d>Find out the number of colors in an image's palette </p4d>
<p5>int imagecolorstotal(resource im) U</p5>
<p5d>Find out the number of colors in an image's palette </p5d>
<texts><text><lng>de</lng>
<d>Ermittelt die Anzahl der definierten Farben eines Bildes</d>
</text><text><lng>el</lng>
<d>Υπολογίστε το πλήθος χρωμάτων μίας παλέττας εικόνας</d>
</text><text><lng>en</lng>
<d>Find out the number of colors in an image's palette</d>
</text><text><lng>es</lng>
<d>Encuentra el número de colores de la paleta de una imagen</d>
</text></texts></PHPModuleRef><PHPModuleRef>
<t>imagecolortransparent</t>
<mn>gd</mn>
<ft>F</ft>
<ver>4_0_0,4_0_1,4_0_2,4_0_3,4_0_4,4_0_5,4_0_6,4_1_0,4_1_1,4_1_2,4_2_0,4_2_1,4_2_2,4_2_3,4_3_0,4_3_1,4_3_10,4_3_11,4_3_2,4_3_3,4_3_4,4_3_5,4_3_6,4_3_7,4_3_8,4_3_9,4_4_0,4_4_1,4_4_2,4_4_3,4_4_4,4_4_5,4_4_6,4_cvs,5_0_0,5_0_1,5_0_2,5_0_3,5_1_0,5_1_1,5_1_2,5_1_3,5_1_4,5_1_5,5_1_6,5_2_0,5_2_1,5_cvs</ver>
<p4>int imagecolortransparent(resource im [, int col])</p4>
<p4d>Define a color as transparent </p4d>
<p5>int imagecolortransparent(resource im [, int col]) U</p5>
<p5d>Define a color as transparent </p5d>
<texts><text><lng>de</lng>
<d>Definiert eine Farbe als transparent</d>
</text><text><lng>el</lng>
<d>Καθορίστε ένα χρώμα ως διαφανές</d>
</text><text><lng>en</lng>
<d>Define a color as transparent</d>
</text><text><lng>es</lng>
<d>Define un color como transparente</d>
</text></texts></PHPModuleRef><PHPModuleRef>
<t>imageconvolution</t>
<mn>gd</mn>
<ft>F</ft>
<ver>5_1_0,5_1_1,5_1_2,5_1_3,5_1_4,5_1_5,5_1_6,5_2_0,5_2_1,5_cvs</ver>
<p5>resource imageconvolution(resource src_im, array matrix3x3, double div, double offset) U</p5>
<p5d>Apply a 3x3 convolution matrix, using coefficient div and offset </p5d>
<texts><text><lng>en</lng>
<d>Apply a 3x3 convolution matrix, using coefficient and offset</d>
</text></texts></PHPModuleRef><PHPModuleRef>
<t>imagecopy</t>
<mn>gd</mn>
<ft>F</ft>
<ver>4_0_0,4_0_1,4_0_2,4_0_3,4_0_4,4_0_5,4_0_6,4_1_0,4_1_1,4_1_2,4_2_0,4_2_1,4_2_2,4_2_3,4_3_0,4_3_1,4_3_10,4_3_11,4_3_2,4_3_3,4_3_4,4_3_5,4_3_6,4_3_7,4_3_8,4_3_9,4_4_0,4_4_1,4_4_2,4_4_3,4_4_4,4_4_5,4_4_6,4_cvs,5_0_0,5_0_1,5_0_2,5_0_3,5_1_0,5_1_1,5_1_2,5_1_3,5_1_4,5_1_5,5_1_6,5_2_0,5_2_1,5_cvs</ver>
<p4>bool imagecopy(resource dst_im, resource src_im, int dst_x, int dst_y, int src_x, int src_y, int src</p4>
<p4d>Copy part of an image </p4d>
<p5>bool imagecopy(resource dst_im, resource src_im, int dst_x, int dst_y, int src_x, int src_y, int src</p5>
<p5d>Copy part of an image </p5d>
<texts><text><lng>de</lng>
<d>Kopiert einen Bildausschnitt</d>
</text><text><lng>el</lng>
<d>Αντιγράψτε ένα μέρος μίας εικόνας</d>
</text><text><lng>en</lng>
<d>Copy part of an image</d>
</text></texts></PHPModuleRef><PHPModuleRef>
<t>imagecopymerge</t>
<mn>gd</mn>
<ft>F</ft>
<ver>4_0_1,4_0_2,4_0_3,4_0_4,4_0_5,4_0_6,4_1_0,4_1_1,4_1_2,4_2_0,4_2_1,4_2_2,4_2_3,4_3_0,4_3_1,4_3_10,4_3_11,4_3_2,4_3_3,4_3_4,4_3_5,4_3_6,4_3_7,4_3_8,4_3_9,4_4_0,4_4_1,4_4_2,4_4_3,4_4_4,4_4_5,4_4_6,4_cvs,5_0_0,5_0_1,5_0_2,5_0_3,5_1_0,5_1_1,5_1_2,5_1_3,5_1_4,5_1_5,5_1_6,5_2_0,5_2_1,5_cvs</ver>
<p4>bool imagecopymerge(resource src_im, resource dst_im, int dst_x, int dst_y, int src_x, int src_y, in</p4>
<p4d>Merge one part of an image with another </p4d>
<p5>bool imagecopymerge(resource src_im, resource dst_im, int dst_x, int dst_y, int src_x, int src_y, in</p5>
<p5d>Merge one part of an image with another </p5d>
<texts><text><lng>el</lng>
<d>Αντιγράψτε και συγχωνεύστε ένα μέρος μίας εικόνας</d>
</text><text><lng>en</lng>
<d>Copy and merge part of an image</d>
</text></texts></PHPModuleRef><PHPModuleRef>
<t>imagecopymergegray</t>
<mn>gd</mn>
<ft>F</ft>
<ver>4_0_6,4_1_0,4_1_1,4_1_2,4_2_0,4_2_1,4_2_2,4_2_3,4_3_0,4_3_1,4_3_10,4_3_11,4_3_2,4_3_3,4_3_4,4_3_5,4_3_6,4_3_7,4_3_8,4_3_9,4_4_0,4_4_1,4_4_2,4_4_3,4_4_4,4_4_5,4_4_6,4_cvs,5_0_0,5_0_1,5_0_2,5_0_3,5_1_0,5_1_1,5_1_2,5_1_3,5_1_4,5_1_5,5_1_6,5_2_0,5_2_1,5_cvs</ver>
<p4>bool imagecopymergegray(resource src_im, resource dst_im, int dst_x, int dst_y, int src_x, int src_y</p4>
<p4d>Merge one part of an image with another </p4d>
<p5>bool imagecopymergegray(resource src_im, resource dst_im, int dst_x, int dst_y, int src_x, int src_y</p5>
<p5d>Merge one part of an image with another </p5d>
<texts><text><lng>el</lng>
<d>Αντιγράψτε και συγχωνεύστε ένα μέρος μίας εικόνας σε gray scale</d>
</text><text><lng>en</lng>
<d>Copy and merge part of an image with gray scale</d>
</text></texts></PHPModuleRef><PHPModuleRef>
<t>imagecopyresampled</t>
<mn>gd</mn>
<ft>F</ft>
<ver>4_0_6,4_1_0,4_1_1,4_1_2,4_2_0,4_2_1,4_2_2,4_2_3,4_3_0,4_3_1,4_3_10,4_3_11,4_3_2,4_3_3,4_3_4,4_3_5,4_3_6,4_3_7,4_3_8,4_3_9,4_4_0,4_4_1,4_4_2,4_4_3,4_4_4,4_4_5,4_4_6,4_cvs,5_0_0,5_0_1,5_0_2,5_0_3,5_1_0,5_1_1,5_1_2,5_1_3,5_1_4,5_1_5,5_1_6,5_2_0,5_2_1,5_cvs</ver>
<p4>bool imagecopyresampled(resource dst_im, resource src_im, int dst_x, int dst_y, int src_x, int src_y</p4>
<p4d>Copy and resize part of an image using resampling to help ensure clarity </p4d>
<p5>bool imagecopyresampled(resource dst_im, resource src_im, int dst_x, int dst_y, int src_x, int src_y</p5>
<p5d>Copy and resize part of an image using resampling to help ensure clarity </p5d>
<texts><text><lng>el</lng>
<d>Αντιγράψτε και κάνετε resize μέρος μίας εικόνας με resampling</d>
</text><text><lng>en</lng>
<d>Copy and resize part of an image with resampling</d>
</text><text><lng>es</lng>
<d>Copia y reescala parte de una imagen con remuestreo</d>
</text></texts></PHPModuleRef><PHPModuleRef>
<t>imagecopyresized</t>
<mn>gd</mn>
<ft>F</ft>
<ver>4_0_0,4_0_1,4_0_2,4_0_3,4_0_4,4_0_5,4_0_6,4_1_0,4_1_1,4_1_2,4_2_0,4_2_1,4_2_2,4_2_3,4_3_0,4_3_1,4_3_10,4_3_11,4_3_2,4_3_3,4_3_4,4_3_5,4_3_6,4_3_7,4_3_8,4_3_9,4_4_0,4_4_1,4_4_2,4_4_3,4_4_4,4_4_5,4_4_6,4_cvs,5_0_0,5_0_1,5_0_2,5_0_3,5_1_0,5_1_1,5_1_2,5_1_3,5_1_4,5_1_5,5_1_6,5_2_0,5_2_1,5_cvs</ver>
<p4>bool imagecopyresized(resource dst_im, resource src_im, int dst_x, int dst_y, int src_x, int src_y,</p4>
<p4d>Copy and resize part of an image </p4d>
<p5>bool imagecopyresized(resource dst_im, resource src_im, int dst_x, int dst_y, int src_x, int src_y,</p5>
<p5d>Copy and resize part of an image </p5d>
<texts><text><lng>de</lng>
<d>Kopieren undÄndern der Grösse eines Bild-Teiles</d>
</text><text><lng>el</lng>
<d>Αντιγράψτε και αλλάξτε το μέγεθος μέρους μίας εικόνας</d>
</text><text><lng>en</lng>
<d>Copy and resize part of an image</d>
</text><text><lng>es</lng>
<d>Copia y redimensiona parte de una imagen</d>
</text></texts></PHPModuleRef><PHPModuleRef>
<t>imagecreate</t>
<mn>gd</mn>
<ft>F</ft>
<ver>4_0_0,4_0_1,4_0_2,4_0_3,4_0_4,4_0_5,4_0_6,4_1_0,4_1_1,4_1_2,4_2_0,4_2_1,4_2_2,4_2_3,4_3_0,4_3_1,4_3_10,4_3_11,4_3_2,4_3_3,4_3_4,4_3_5,4_3_6,4_3_7,4_3_8,4_3_9,4_4_0,4_4_1,4_4_2,4_4_3,4_4_4,4_4_5,4_4_6,4_cvs,5_0_0,5_0_1,5_0_2,5_0_3,5_1_0,5_1_1,5_1_2,5_1_3,5_1_4,5_1_5,5_1_6,5_2_0,5_2_1,5_cvs</ver>
<p4>resource imagecreate(int x_size, int y_size)</p4>
<p4d>Create a new image </p4d>
<p5>resource imagecreate(int x_size, int y_size) U</p5>
<p5d>Create a new image </p5d>
<texts><text><lng>de</lng>
<d>Erzeugt ein neues Bild</d>
</text><text><lng>el</lng>
<d>Δημιουργείστε μία νέα palette based εικόνα</d>
</text><text><lng>en</lng>
<d>Create a new palette based image</d>
</text><text><lng>es</lng>
<d>Crea una nueva imagen con una paleta de colores</d>
</text></texts></PHPModuleRef><PHPModuleRef>
<t>imagecreatefromgd</t>
<mn>gd</mn>
<ft>F</ft>
<ver>4_1_0,4_1_1,4_1_2,4_2_0,4_2_1,4_2_2,4_2_3,4_3_0,4_3_1,4_3_10,4_3_11,4_3_2,4_3_3,4_3_4,4_3_5,4_3_6,4_3_7,4_3_8,4_3_9,4_4_0,4_4_1,4_4_2,4_4_3,4_4_4,4_4_5,4_4_6,4_cvs,5_0_0,5_0_1,5_0_2,5_0_3,5_1_0,5_1_1,5_1_2,5_1_3,5_1_4,5_1_5,5_1_6,5_2_0,5_2_1,5_cvs</ver>
<p4>resource imagecreatefromgd(string filename)</p4>
<p4d>Create a new image from GD file or URL </p4d>
<p5>resource imagecreatefromgd(string filename) U</p5>
<p5d>Create a new image from GD file or URL </p5d>
<texts><text><lng>el</lng>
<d>Δημιουργείστε μία νέα εικόνα από ένα GD αρχείο ή ένα URL</d>
</text><text><lng>en</lng>
<d>Create a new image from GD file or URL</d>
</text></texts></PHPModuleRef><PHPModuleRef>
<t>imagecreatefromgd2</t>
<mn>gd</mn>
<ft>F</ft>
<ver>4_1_0,4_1_1,4_1_2,4_2_0,4_2_1,4_2_2,4_2_3,4_3_0,4_3_1,4_3_10,4_3_11,4_3_2,4_3_3,4_3_4,4_3_5,4_3_6,4_3_7,4_3_8,4_3_9,4_4_0,4_4_1,4_4_2,4_4_3,4_4_4,4_4_5,4_4_6,4_cvs,5_0_0,5_0_1,5_0_2,5_0_3,5_1_0,5_1_1,5_1_2,5_1_3,5_1_4,5_1_5,5_1_6,5_2_0,5_2_1,5_cvs</ver>
<p4>resource imagecreatefromgd2(string filename)</p4>
<p4d>Create a new image from GD2 file or URL </p4d>
<p5>resource imagecreatefromgd2(string filename) U</p5>
<p5d>Create a new image from GD2 file or URL </p5d>
<texts><text><lng>el</lng>
<d>Δημιουργείστε μία νέα εικόνα από ένα GD2 αρχείο ή ένα URL</d>
</text><text><lng>en</lng>
<d>Create a new image from GD2 file or URL</d>
</text></texts></PHPModuleRef><PHPModuleRef>
<t>imagecreatefromgd2part</t>
<mn>gd</mn>
<ft>F</ft>
<ver>4_1_0,4_1_1,4_1_2,4_2_0,4_2_1,4_2_2,4_2_3,4_3_0,4_3_1,4_3_10,4_3_11,4_3_2,4_3_3,4_3_4,4_3_5,4_3_6,4_3_7,4_3_8,4_3_9,4_4_0,4_4_1,4_4_2,4_4_3,4_4_4,4_4_5,4_4_6,4_cvs,5_0_0,5_0_1,5_0_2,5_0_3,5_1_0,5_1_1,5_1_2,5_1_3,5_1_4,5_1_5,5_1_6,5_2_0,5_2_1,5_cvs</ver>
<p4>resource imagecreatefromgd2part(string filename, int srcX, int srcY, int width, int height)</p4>
<p4d>Create a new image from a given part of GD2 file or URL </p4d>
<p5>resource imagecreatefromgd2part(string filename, int srcX, int srcY, int width, int height) U</p5>
<p5d>Create a new image from a given part of GD2 file or URL </p5d>
<texts><text><lng>el</lng>
<d>Δημιουργείστε μία νέα εικόνα από ένα δοσμένο μέρος ενός GD2 αρχείου ή ενός URL</d>
</text><text><lng>en</lng>
<d>Create a new image from a given part of GD2 file or URL</d>
</text></texts></PHPModuleRef><PHPModuleRef>
<t>imagecreatefromgif</t>
<mn>gd</mn>
<ft>F</ft>
<ver>4_0_0,4_0_1,4_0_2,4_0_3,4_0_4,4_0_5,4_0_6,4_1_0,4_1_1,4_1_2,4_2_0,4_2_1,4_2_2,4_2_3,4_3_0,4_3_1,4_3_10,4_3_11,4_3_2,4_3_3,4_3_4,4_3_5,4_3_6,4_3_7,4_3_8,4_3_9,4_4_0,4_4_1,4_4_2,4_4_3,4_4_4,4_4_5,4_4_6,4_cvs,5_0_0,5_0_1,5_0_2,5_0_3,5_1_0,5_1_1,5_1_2,5_1_3,5_1_4,5_1_5,5_1_6,5_2_0,5_2_1,5_cvs</ver>
<p4>resource imagecreatefromgif(string filename)</p4>
<p4d>Create a new image from GIF file or URL </p4d>
<p5>resource imagecreatefromgif(string filename) U</p5>
<p5d>Create a new image from GIF file or URL </p5d>
<texts><text><lng>de</lng>
<d>Erzeugt ein neues Bild im GIF-Format, welches aus einer Dateioder von einer URL gelesen wird</d>
</text><text><lng>el</lng>
<d>Δημιουργείστε μία εικόνα από ένα αρχείο ή ένα URL</d>
</text><text><lng>en</lng>
<d>Create a new image from file or URL</d>
</text><text><lng>es</lng>
<d>Crear una nueva imagen a partir de un archivo oURL</d>
</text></texts></PHPModuleRef><PHPModuleRef>
<t>imagecreatefromjpeg</t>
<mn>gd</mn>
<ft>F</ft>
<ver>4_0_0,4_0_1,4_0_2,4_0_3,4_0_4,4_0_5,4_0_6,4_1_0,4_1_1,4_1_2,4_2_0,4_2_1,4_2_2,4_2_3,4_3_0,4_3_1,4_3_10,4_3_11,4_3_2,4_3_3,4_3_4,4_3_5,4_3_6,4_3_7,4_3_8,4_3_9,4_4_0,4_4_1,4_4_2,4_4_3,4_4_4,4_4_5,4_4_6,4_cvs,5_0_0,5_0_1,5_0_2,5_0_3,5_1_0,5_1_1,5_1_2,5_1_3,5_1_4,5_1_5,5_1_6,5_2_0,5_2_1,5_cvs</ver>
<p4>resource imagecreatefromjpeg(string filename)</p4>
<p4d>Create a new image from JPEG file or URL </p4d>
<p5>resource imagecreatefromjpeg(string filename) U</p5>
<p5d>Create a new image from JPEG file or URL </p5d>
<texts><text><lng>de</lng>
<d>Erzeugt ein neues Bild im JPEG-Format, welches aus einer Dateioder von einer URL gelesen wird</d>
</text><text><lng>el</lng>
<d>Δημιουργείστε μία νέα εικόνα από ένα αρχείο ή ένα URL</d>
</text><text><lng>en</lng>
<d>Create a new image from file or URL</d>
</text><text><lng>es</lng>
<d>Crea una imagen nueva desde un archivo o URL</d>
</text></texts></PHPModuleRef><PHPModuleRef>
<t>imagecreatefrompng</t>
<mn>gd</mn>
<ft>F</ft>
<ver>4_0_0,4_0_1,4_0_2,4_0_3,4_0_4,4_0_5,4_0_6,4_1_0,4_1_1,4_1_2,4_2_0,4_2_1,4_2_2,4_2_3,4_3_0,4_3_1,4_3_10,4_3_11,4_3_2,4_3_3,4_3_4,4_3_5,4_3_6,4_3_7,4_3_8,4_3_9,4_4_0,4_4_1,4_4_2,4_4_3,4_4_4,4_4_5,4_4_6,4_cvs,5_0_0,5_0_1,5_0_2,5_0_3,5_1_0,5_1_1,5_1_2,5_1_3,5_1_4,5_1_5,5_1_6,5_2_0,5_2_1,5_cvs</ver>
<p4>resource imagecreatefrompng(string filename)</p4>
<p4d>Create a new image from PNG file or URL </p4d>
<p5>resource imagecreatefrompng(string filename) U</p5>
<p5d>Create a new image from PNG file or URL </p5d>
<texts><text><lng>de</lng>
<d>Erzeugt ein neues Bild im PNG-Format, welches aus einer Dateioder von einer URL gelesen wird</d>
</text><text><lng>el</lng>
<d>Δημιουργείστε μία νέα εικόνα από ένα αρχείο ή ένα URL</d>
</text><text><lng>en</lng>
<d>Create a new image from file or URL</d>
</text><text><lng>es</lng>
<d>Crea una imagen nueva desde un archivo oURL</d>
</text></texts></PHPModuleRef><PHPModuleRef>
<t>imagecreatefromstring</t>
<mn>gd</mn>
<ft>F</ft>
<ver>4_0_4,4_0_5,4_0_6,4_1_0,4_1_1,4_1_2,4_2_0,4_2_1,4_2_2,4_2_3,4_3_0,4_3_1,4_3_10,4_3_11,4_3_2,4_3_3,4_3_4,4_3_5,4_3_6,4_3_7,4_3_8,4_3_9,4_4_0,4_4_1,4_4_2,4_4_3,4_4_4,4_4_5,4_4_6,4_cvs,5_0_0,5_0_1,5_0_2,5_0_3,5_1_0,5_1_1,5_1_2,5_1_3,5_1_4,5_1_5,5_1_6,5_2_0,5_2_1,5_cvs</ver>
<p4>resource imagecreatefromstring(string image)</p4>
<p4d>Create a new image from the image stream in the string </p4d>
<p5>resource imagecreatefromstring(string image) U</p5>
<p5d>Create a new image from the image stream in the string </p5d>
<texts><text><lng>el</lng>
<d>Δημιουργείστε μία νέα εικόνα από το image stream της string</d>
</text><text><lng>en</lng>
<d>Create a new image from the image stream in the string</d>
</text></texts></PHPModuleRef><PHPModuleRef>
<t>imagecreatefromwbmp</t>
<mn>gd</mn>
<ft>F</ft>
<ver>4_0_1,4_0_2,4_0_3,4_0_4,4_0_5,4_0_6,4_1_0,4_1_1,4_1_2,4_2_0,4_2_1,4_2_2,4_2_3,4_3_0,4_3_1,4_3_10,4_3_11,4_3_2,4_3_3,4_3_4,4_3_5,4_3_6,4_3_7,4_3_8,4_3_9,4_4_0,4_4_1,4_4_2,4_4_3,4_4_4,4_4_5,4_4_6,4_cvs,5_0_0,5_0_1,5_0_2,5_0_3,5_1_0,5_1_1,5_1_2,5_1_3,5_1_4,5_1_5,5_1_6,5_2_0,5_2_1,5_cvs</ver>
<p4>resource imagecreatefromwbmp(string filename)</p4>
<p4d>Create a new image from WBMP file or URL </p4d>
<p5>resource imagecreatefromwbmp(string filename) U</p5>
<p5d>Create a new image from WBMP file or URL </p5d>
<texts><text><lng>el</lng>
<d>Δημιουργία μίας νέας εικόνας από ένα αρχείο ή ένα URL</d>
</text><text><lng>en</lng>
<d>Create a new image from file or URL</d>
</text></texts></PHPModuleRef><PHPModuleRef>
<t>imagecreatefromxbm</t>
<mn>gd</mn>
<ft>F</ft>
<ver>4_0_1,4_0_2,4_0_3,4_0_4,4_0_5,4_0_6,4_1_0,4_1_1,4_1_2,4_2_0,4_2_1,4_2_2,4_2_3,4_3_0,4_3_1,4_3_10,4_3_11,4_3_2,4_3_3,4_3_4,4_3_5,4_3_6,4_3_7,4_3_8,4_3_9,4_4_0,4_4_1,4_4_2,4_4_3,4_4_4,4_4_5,4_4_6,4_cvs,5_0_0,5_0_1,5_0_2,5_0_3,5_1_0,5_1_1,5_1_2,5_1_3,5_1_4,5_1_5,5_1_6,5_2_0,5_2_1,5_cvs</ver>
<p4>resource imagecreatefromxbm(string filename)</p4>
<p4d>Create a new image from XBM file or URL </p4d>
<p5>resource imagecreatefromxbm(string filename) U</p5>
<p5d>Create a new image from XBM file or URL </p5d>
<texts><text><lng>el</lng>
<d>Δημιουργείστε μία νέα εικόνα από ένα αρχείο ή ένα URL</d>
</text><text><lng>en</lng>
<d>Create a new image from file or URL</d>
</text></texts></PHPModuleRef><PHPModuleRef>
<t>imagecreatefromxpm</t>
<mn>gd</mn>
<ft>F</ft>
<ver>4_0_1,4_0_2,4_0_3,4_0_4,4_0_5,4_0_6,4_1_0,4_1_1,4_1_2,4_2_0,4_2_1,4_2_2,4_2_3,4_3_0,4_3_1,4_3_10,4_3_11,4_3_2,4_3_3,4_3_4,4_3_5,4_3_6,4_3_7,4_3_8,4_3_9,4_4_0,4_4_1,4_4_2,4_4_3,4_4_4,4_4_5,4_4_6,4_cvs,5_0_0,5_0_1,5_0_2,5_0_3,5_1_0,5_1_1,5_1_2,5_1_3,5_1_4,5_1_5,5_1_6,5_2_0,5_2_1,5_cvs</ver>
<p4>resource imagecreatefromxpm(string filename)</p4>
<p4d>Create a new image from XPM file or URL </p4d>
<p5>resource imagecreatefromxpm(string filename) U</p5>
<p5d>Create a new image from XPM file or URL </p5d>
<texts><text><lng>el</lng>
<d>Δημιουργείστε μία νέα εικόνα από ένα αρχείο ή ένα URL</d>
</text><text><lng>en</lng>
<d>Create a new image from file or URL</d>
</text></texts></PHPModuleRef><PHPModuleRef>
<t>imagecreatetruecolor</t>
<mn>gd</mn>
<ft>F</ft>
<ver>4_0_6,4_1_0,4_1_1,4_1_2,4_2_0,4_2_1,4_2_2,4_2_3,4_3_0,4_3_1,4_3_10,4_3_11,4_3_2,4_3_3,4_3_4,4_3_5,4_3_6,4_3_7,4_3_8,4_3_9,4_4_0,4_4_1,4_4_2,4_4_3,4_4_4,4_4_5,4_4_6,4_cvs,5_0_0,5_0_1,5_0_2,5_0_3,5_1_0,5_1_1,5_1_2,5_1_3,5_1_4,5_1_5,5_1_6,5_2_0,5_2_1,5_cvs</ver>
<p4>resource imagecreatetruecolor(int x_size, int y_size)</p4>
<p4d>Create a new true color image </p4d>
<p5>resource imagecreatetruecolor(int x_size, int y_size) U</p5>
<p5d>Create a new true color image </p5d>
<texts><text><lng>el</lng>
<d>Δημιουργείστε μία true color εικόνα</d>
</text><text><lng>en</lng>
<d>Create a new true color image</d>
</text><text><lng>es</lng>
<d>Crea una imagen nueva en color real (true color)</d>
</text></texts></PHPModuleRef><PHPModuleRef>
<t>imagedashedline</t>
<mn>gd</mn>
<ft>F</ft>
<ver>4_0_0,4_0_1,4_0_2,4_0_3,4_0_4,4_0_5,4_0_6,4_1_0,4_1_1,4_1_2,4_2_0,4_2_1,4_2_2,4_2_3,4_3_0,4_3_1,4_3_10,4_3_11,4_3_2,4_3_3,4_3_4,4_3_5,4_3_6,4_3_7,4_3_8,4_3_9,4_4_0,4_4_1,4_4_2,4_4_3,4_4_4,4_4_5,4_4_6,4_cvs,5_0_0,5_0_1,5_0_2,5_0_3,5_1_0,5_1_1,5_1_2,5_1_3,5_1_4,5_1_5,5_1_6,5_2_0,5_2_1,5_cvs</ver>
<p4>bool imagedashedline(resource im, int x1, int y1, int x2, int y2, int col)</p4>
<p4d>Draw a dashed line </p4d>
<p5>bool imagedashedline(resource im, int x1, int y1, int x2, int y2, int col) U</p5>
<p5d>Draw a dashed line </p5d>
<texts><text><lng>de</lng>
<d>Zeichnen einer gestrichelten Linie</d>
</text><text><lng>el</lng>
<d>Σχεδιάστε μία διακεκομμένη γραμμή</d>
</text><text><lng>en</lng>
<d>Draw a dashed line</d>
</text><text><lng>es</lng>
<d>Dibuja una línea discontinua</d>
</text></texts></PHPModuleRef><PHPModuleRef>
<t>imagedestroy</t>
<mn>gd</mn>
<ft>F</ft>
<ver>4_0_0,4_0_1,4_0_2,4_0_3,4_0_4,4_0_5,4_0_6,4_1_0,4_1_1,4_1_2,4_2_0,4_2_1,4_2_2,4_2_3,4_3_0,4_3_1,4_3_10,4_3_11,4_3_2,4_3_3,4_3_4,4_3_5,4_3_6,4_3_7,4_3_8,4_3_9,4_4_0,4_4_1,4_4_2,4_4_3,4_4_4,4_4_5,4_4_6,4_cvs,5_0_0,5_0_1,5_0_2,5_0_3,5_1_0,5_1_1,5_1_2,5_1_3,5_1_4,5_1_5,5_1_6,5_2_0,5_2_1,5_cvs</ver>
<p4>bool imagedestroy(resource im)</p4>
<p4d>Destroy an image </p4d>
<p5>bool imagedestroy(resource im) U</p5>
<p5d>Destroy an image </p5d>
<texts><text><lng>de</lng>
<d>Löscht ein Bild</d>
</text><text><lng>el</lng>
<d>Καταστρέψτε μία εικόνα</d>
</text><text><lng>en</lng>
<d>Destroy an image</d>
</text><text><lng>es</lng>
<d>Destruye una imagen</d>
</text></texts></PHPModuleRef><PHPModuleRef>
<t>imageellipse</t>
<mn>gd</mn>
<ft>F</ft>
<ver>4_0_6,4_1_0,4_1_1,4_1_2,4_2_0,4_2_1,4_2_2,4_2_3,4_3_0,4_3_1,4_3_10,4_3_11,4_3_2,4_3_3,4_3_4,4_3_5,4_3_6,4_3_7,4_3_8,4_3_9,4_4_0,4_4_1,4_4_2,4_4_3,4_4_4,4_4_5,4_4_6,4_cvs,5_0_0,5_0_1,5_0_2,5_0_3,5_1_0,5_1_1,5_1_2,5_1_3,5_1_4,5_1_5,5_1_6,5_2_0,5_2_1,5_cvs</ver>
<p4>bool imageellipse(resource im, int cx, int cy, int w, int h, int color)</p4>
<p4d>Draw an ellipse </p4d>
<p5>bool imageellipse(resource im, int cx, int cy, int w, int h, int color) U</p5>
<p5d>Draw an ellipse </p5d>
<texts><text><lng>el</lng>
<d>Σχεδιάστε μία έλλειψη</d>
</text><text><lng>en</lng>
<d>Draw an ellipse</d>
</text></texts></PHPModuleRef><PHPModuleRef>
<t>imagefill</t>
<mn>gd</mn>
<ft>F</ft>
<ver>4_0_0,4_0_1,4_0_2,4_0_3,4_0_4,4_0_5,4_0_6,4_1_0,4_1_1,4_1_2,4_2_0,4_2_1,4_2_2,4_2_3,4_3_0,4_3_1,4_3_10,4_3_11,4_3_2,4_3_3,4_3_4,4_3_5,4_3_6,4_3_7,4_3_8,4_3_9,4_4_0,4_4_1,4_4_2,4_4_3,4_4_4,4_4_5,4_4_6,4_cvs,5_0_0,5_0_1,5_0_2,5_0_3,5_1_0,5_1_1,5_1_2,5_1_3,5_1_4,5_1_5,5_1_6,5_2_0,5_2_1,5_cvs</ver>
<p4>bool imagefill(resource im, int x, int y, int col)</p4>
<p4d>Flood fill </p4d>
<p5>bool imagefill(resource im, int x, int y, int col) U</p5>
<p5d>Flood fill </p5d>
<texts><text><lng>de</lng>
<d>Füllen mit Farbe (&quot;flood fill&quot;)</d>
</text><text><lng>el</lng>
<d>Flood fill</d>
</text><text><lng>en</lng>
<d>Flood fill</d>
</text><text><lng>es</lng>
<d>Rellena de color</d>
</text></texts></PHPModuleRef><PHPModuleRef>
<t>imagefilledarc</t>
<mn>gd</mn>
<ft>F</ft>
<ver>4_0_6,4_1_0,4_1_1,4_1_2,4_2_0,4_2_1,4_2_2,4_2_3,4_3_0,4_3_1,4_3_10,4_3_11,4_3_2,4_3_3,4_3_4,4_3_5,4_3_6,4_3_7,4_3_8,4_3_9,4_4_0,4_4_1,4_4_2,4_4_3,4_4_4,4_4_5,4_4_6,4_cvs,5_0_0,5_0_1,5_0_2,5_0_3,5_1_0,5_1_1,5_1_2,5_1_3,5_1_4,5_1_5,5_1_6,5_2_0,5_2_1,5_cvs</ver>
<p4>bool imagefilledarc(resource im, int cx, int cy, int w, int h, int s, int e, int col, int style)</p4>
<p4d>Draw a filled partial ellipse </p4d>
<p5>bool imagefilledarc(resource im, int cx, int cy, int w, int h, int s, int e, int col, int style) U</p5>
<p5d>Draw a filled partial ellipse </p5d>
<texts><text><lng>el</lng>
<d>Σχεδιάστε μία μερική έλλειψη και γεμίστε την</d>
</text><text><lng>en</lng>
<d>Draw a partial ellipse and fill it</d>
</text></texts></PHPModuleRef><PHPModuleRef>
<t>imagefilledellipse</t>
<mn>gd</mn>
<ft>F</ft>
<ver>4_0_6,4_1_0,4_1_1,4_1_2,4_2_0,4_2_1,4_2_2,4_2_3,4_3_0,4_3_1,4_3_10,4_3_11,4_3_2,4_3_3,4_3_4,4_3_5,4_3_6,4_3_7,4_3_8,4_3_9,4_4_0,4_4_1,4_4_2,4_4_3,4_4_4,4_4_5,4_4_6,4_cvs,5_0_0,5_0_1,5_0_2,5_0_3,5_1_0,5_1_1,5_1_2,5_1_3,5_1_4,5_1_5,5_1_6,5_2_0,5_2_1,5_cvs</ver>
<p4>bool imagefilledellipse(resource im, int cx, int cy, int w, int h, int color)</p4>
<p4d>Draw an ellipse </p4d>
<p5>bool imagefilledellipse(resource im, int cx, int cy, int w, int h, int color) U</p5>
<p5d>Draw an ellipse </p5d>
<texts><text><lng>el</lng>
<d>Σχεδιάστε μία γεμισμένη έλλειψη</d>
</text><text><lng>en</lng>
<d>Draw a filled ellipse</d>
</text></texts></PHPModuleRef><PHPModuleRef>
<t>imagefilledpolygon</t>
<mn>gd</mn>
<ft>F</ft>
<ver>4_0_0,4_0_1,4_0_2,4_0_3,4_0_4,4_0_5,4_0_6,4_1_0,4_1_1,4_1_2,4_2_0,4_2_1,4_2_2,4_2_3,4_3_0,4_3_1,4_3_10,4_3_11,4_3_2,4_3_3,4_3_4,4_3_5,4_3_6,4_3_7,4_3_8,4_3_9,4_4_0,4_4_1,4_4_2,4_4_3,4_4_4,4_4_5,4_4_6,4_cvs,5_0_0,5_0_1,5_0_2,5_0_3,5_1_0,5_1_1,5_1_2,5_1_3,5_1_4,5_1_5,5_1_6,5_2_0,5_2_1,5_cvs</ver>
<p4>bool imagefilledpolygon(resource im, array point, int num_points, int col)</p4>
<p4d>Draw a filled polygon </p4d>
<p5>bool imagefilledpolygon(resource im, array point, int num_points, int col) U</p5>
<p5d>Draw a filled polygon </p5d>
<texts><text><lng>de</lng>
<d>Zeichnet ein gefülltes Vieleck (Polygon)</d>
</text><text><lng>el</lng>
<d>Σχεδιάστε ένα γεμισμένο πολύγωνο</d>
</text><text><lng>en</lng>
<d>Draw a filled polygon</d>
</text><text><lng>es</lng>
<d>Dibuja un polígono relleno</d>
</text></texts></PHPModuleRef><PHPModuleRef>
<t>imagefilledrectangle</t>
<mn>gd</mn>
<ft>F</ft>
<ver>4_0_0,4_0_1,4_0_2,4_0_3,4_0_4,4_0_5,4_0_6,4_1_0,4_1_1,4_1_2,4_2_0,4_2_1,4_2_2,4_2_3,4_3_0,4_3_1,4_3_10,4_3_11,4_3_2,4_3_3,4_3_4,4_3_5,4_3_6,4_3_7,4_3_8,4_3_9,4_4_0,4_4_1,4_4_2,4_4_3,4_4_4,4_4_5,4_4_6,4_cvs,5_0_0,5_0_1,5_0_2,5_0_3,5_1_0,5_1_1,5_1_2,5_1_3,5_1_4,5_1_5,5_1_6,5_2_0,5_2_1,5_cvs</ver>
<p4>bool imagefilledrectangle(resource im, int x1, int y1, int x2, int y2, int col)</p4>
<p4d>Draw a filled rectangle </p4d>
<p5>bool imagefilledrectangle(resource im, int x1, int y1, int x2, int y2, int col) U</p5>
<p5d>Draw a filled rectangle </p5d>
<texts><text><lng>de</lng>
<d>Zeichnet ein gefülltes Rechteck</d>
</text><text><lng>el</lng>
<d>Σχεδιάστε ένα γεμισμένο ορθογώνιο</d>
</text><text><lng>en</lng>
<d>Draw a filled rectangle</d>
</text><text><lng>es</lng>
<d>Dibuja un rectángulo relleno</d>
</text></texts></PHPModuleRef><PHPModuleRef>
<t>imagefilltoborder</t>
<mn>gd</mn>
<ft>F</ft>
<ver>4_0_0,4_0_1,4_0_2,4_0_3,4_0_4,4_0_5,4_0_6,4_1_0,4_1_1,4_1_2,4_2_0,4_2_1,4_2_2,4_2_3,4_3_0,4_3_1,4_3_10,4_3_11,4_3_2,4_3_3,4_3_4,4_3_5,4_3_6,4_3_7,4_3_8,4_3_9,4_4_0,4_4_1,4_4_2,4_4_3,4_4_4,4_4_5,4_4_6,4_cvs,5_0_0,5_0_1,5_0_2,5_0_3,5_1_0,5_1_1,5_1_2,5_1_3,5_1_4,5_1_5,5_1_6,5_2_0,5_2_1,5_cvs</ver>
<p4>bool imagefilltoborder(resource im, int x, int y, int border, int col)</p4>
<p4d>Flood fill to specific color </p4d>
<p5>bool imagefilltoborder(resource im, int x, int y, int border, int col) U</p5>
<p5d>Flood fill to specific color </p5d>
<texts><text><lng>de</lng>
<d>Flächen-Farbfüllung (&quot;flood fill&quot;) mit einer angegebenen Farbe</d>
</text><text><lng>el</lng>
<d>Flood fillμε ένα συγκεκριμένα χρώμα</d>
</text><text><lng>en</lng>
<d>Flood fill to specific color</d>
</text><text><lng>es</lng>
<d>Relleno de un color especifico</d>
</text></texts></PHPModuleRef><PHPModuleRef>
<t>imagefilter</t>
<mn>gd</mn>
<ft>F</ft>
<ver>5_0_0,5_0_1,5_0_2,5_0_3,5_1_0,5_1_1,5_1_2,5_1_3,5_1_4,5_1_5,5_1_6,5_2_0,5_2_1,5_cvs</ver>
<p5>bool imagefilter(resource src_im, int filtertype, [args] ) U</p5>
<p5d>Applies Filter an image using a custom angle </p5d>
<texts><text><lng>en</lng>
<d>Applies a filter to an image</d>
</text></texts></PHPModuleRef><PHPModuleRef>
<t>imagefontheight</t>
<mn>gd</mn>
<ft>F</ft>
<ver>4_0_0,4_0_1,4_0_2,4_0_3,4_0_4,4_0_5,4_0_6,4_1_0,4_1_1,4_1_2,4_2_0,4_2_1,4_2_2,4_2_3,4_3_0,4_3_1,4_3_10,4_3_11,4_3_2,4_3_3,4_3_4,4_3_5,4_3_6,4_3_7,4_3_8,4_3_9,4_4_0,4_4_1,4_4_2,4_4_3,4_4_4,4_4_5,4_4_6,4_cvs,5_0_0,5_0_1,5_0_2,5_0_3,5_1_0,5_1_1,5_1_2,5_1_3,5_1_4,5_1_5,5_1_6,5_2_0,5_2_1,5_cvs</ver>
<p4>int imagefontheight(int font)</p4>
<p4d>Get font height </p4d>
<p5>int imagefontheight(int font) U</p5>
<p5d>Get font height </p5d>
<texts><text><lng>de</lng>
<d>Ermittelt die Font-Höhe</d>
</text><text><lng>el</lng>
<d>Ανακτείστε το μέγεθος μίας γραμματοσειράς</d>
</text><text><lng>en</lng>
<d>Get font height</d>
</text><text><lng>es</lng>
<d>Devuelve la altura de una fuente</d>
</text></texts></PHPModuleRef><PHPModuleRef>
<t>imagefontwidth</t>
<mn>gd</mn>
<ft>F</ft>
<ver>4_0_0,4_0_1,4_0_2,4_0_3,4_0_4,4_0_5,4_0_6,4_1_0,4_1_1,4_1_2,4_2_0,4_2_1,4_2_2,4_2_3,4_3_0,4_3_1,4_3_10,4_3_11,4_3_2,4_3_3,4_3_4,4_3_5,4_3_6,4_3_7,4_3_8,4_3_9,4_4_0,4_4_1,4_4_2,4_4_3,4_4_4,4_4_5,4_4_6,4_cvs,5_0_0,5_0_1,5_0_2,5_0_3,5_1_0,5_1_1,5_1_2,5_1_3,5_1_4,5_1_5,5_1_6,5_2_0,5_2_1,5_cvs</ver>
<p4>int imagefontwidth(int font)</p4>
<p4d>Get font width </p4d>
<p5>int imagefontwidth(int font) U</p5>
<p5d>Get font width </p5d>
<texts><text><lng>de</lng>
<d>Ermittelt die Font-Breite</d>
</text><text><lng>el</lng>
<d>Ανακτείστε το πλάτος μίας γραμματοσειράς</d>
</text><text><lng>en</lng>
<d>Get font width</d>
</text><text><lng>es</lng>
<d>Devuelve la anchura de una fuente</d>
</text></texts></PHPModuleRef><PHPModuleRef>
<t>imageftbbox</t>
<mn>gd</mn>
<ft>F</ft>
<ver>4_1_0,4_1_1,4_1_2,4_2_0,4_2_1,4_2_2,4_2_3,4_3_0,4_3_1,4_3_10,4_3_11,4_3_2,4_3_3,4_3_4,4_3_5,4_3_6,4_3_7,4_3_8,4_3_9,4_4_0,4_4_1,4_4_2,4_4_3,4_4_4,4_4_5,4_4_6,4_cvs,5_0_0,5_0_1,5_0_2,5_0_3,5_1_0,5_1_1,5_1_2,5_1_3,5_1_4,5_1_5,5_1_6,5_2_0,5_2_1,5_cvs</ver>
<p4>array imageftbbox(float size, float angle, string font_file, string text [, array extrainfo])</p4>
<p4d>Give the bounding box of a text using fonts via freetype2 </p4d>
<p5>array imageftbbox(float size, float angle, string font_file, string text [, array extrainfo]) U</p5>
<p5d>Give the bounding box of a text using fonts via freetype2 </p5d>
<texts><text><lng>el</lng>
<d>Δώστε το bounding box ενός κειμένου χρησιμοποιώντας γραμματοσειρές μέσω του freetype2</d>
</text><text><lng>en</lng>
<d>Give the bounding box of a text using fonts via freetype2</d>
</text></texts></PHPModuleRef><PHPModuleRef>
<t>imagefttext</t>
<mn>gd</mn>
<ft>F</ft>
<ver>4_1_0,4_1_1,4_1_2,4_2_0,4_2_1,4_2_2,4_2_3,4_3_0,4_3_1,4_3_10,4_3_11,4_3_2,4_3_3,4_3_4,4_3_5,4_3_6,4_3_7,4_3_8,4_3_9,4_4_0,4_4_1,4_4_2,4_4_3,4_4_4,4_4_5,4_4_6,4_cvs,5_0_0,5_0_1,5_0_2,5_0_3,5_1_0,5_1_1,5_1_2,5_1_3,5_1_4,5_1_5,5_1_6,5_2_0,5_2_1,5_cvs</ver>
<p4>array imagefttext(resource im, float size, float angle, int x, int y, int col, string font_file, str</p4>
<p4d>Write text to the image using fonts via freetype2 </p4d>
<p5>array imagefttext(resource im, float size, float angle, int x, int y, int col, string font_file, str</p5>
<p5d>Write text to the image using fonts via freetype2 </p5d>
<texts><text><lng>el</lng>
<d>Γράψτε κείμενο στην εικόνα χρησιμοποιώντας γραμματοσειρά μέσω του FreeType 2</d>
</text><text><lng>en</lng>
<d>Write text to the image using fonts using FreeType 2</d>
</text></texts></PHPModuleRef><PHPModuleRef>
<t>imagegammacorrect</t>
<mn>gd</mn>
<ft>F</ft>
<ver>4_0_0,4_0_1,4_0_2,4_0_3,4_0_4,4_0_5,4_0_6,4_1_0,4_1_1,4_1_2,4_2_0,4_2_1,4_2_2,4_2_3,4_3_0,4_3_1,4_3_10,4_3_11,4_3_2,4_3_3,4_3_4,4_3_5,4_3_6,4_3_7,4_3_8,4_3_9,4_4_0,4_4_1,4_4_2,4_4_3,4_4_4,4_4_5,4_4_6,4_cvs,5_0_0,5_0_1,5_0_2,5_0_3,5_1_0,5_1_1,5_1_2,5_1_3,5_1_4,5_1_5,5_1_6,5_2_0,5_2_1,5_cvs</ver>
<p4>bool imagegammacorrect(resource im, float inputgamma, float outputgamma)</p4>
<p4d>Apply a gamma correction to a GD image </p4d>
<p5>bool imagegammacorrect(resource im, float inputgamma, float outputgamma) U</p5>
<p5d>Apply a gamma correction to a GD image </p5d>
<texts><text><lng>de</lng>
<d>Anwendung einer Gamma-Korrektur auf ein GD-Bild</d>
</text><text><lng>el</lng>
<d>Εφαρμόστε μία gamma διόρθωση σε μία GD εικόνα</d>
</text><text><lng>en</lng>
<d>Apply a gamma correction to a GD image</d>
</text></texts></PHPModuleRef><PHPModuleRef>
<t>imagegd</t>
<mn>gd</mn>
<ft>F</ft>
<ver>4_1_0,4_1_1,4_1_2,4_2_0,4_2_1,4_2_2,4_2_3,4_3_0,4_3_1,4_3_10,4_3_11,4_3_2,4_3_3,4_3_4,4_3_5,4_3_6,4_3_7,4_3_8,4_3_9,4_4_0,4_4_1,4_4_2,4_4_3,4_4_4,4_4_5,4_4_6,4_cvs,5_0_0,5_0_1,5_0_2,5_0_3,5_1_0,5_1_1,5_1_2,5_1_3,5_1_4,5_1_5,5_1_6,5_2_0,5_2_1,5_cvs</ver>
<p4>bool imagegd(resource im [, string filename])</p4>
<p4d>Output GD image to browser or file </p4d>
<p5>bool imagegd(resource im [, string filename]) U</p5>
<p5d>Output GD image to browser or file </p5d>
<texts><text><lng>el</lng>
<d>Στείλε μία GD εικόνα στον browser ή σε ένα αρχείο</d>
</text><text><lng>en</lng>
<d>Output GD image to browser or file</d>
</text></texts></PHPModuleRef><PHPModuleRef>
<t>imagegd2</t>
<mn>gd</mn>
<ft>F</ft>
<ver>4_1_0,4_1_1,4_1_2,4_2_0,4_2_1,4_2_2,4_2_3,4_3_0,4_3_1,4_3_10,4_3_11,4_3_2,4_3_3,4_3_4,4_3_5,4_3_6,4_3_7,4_3_8,4_3_9,4_4_0,4_4_1,4_4_2,4_4_3,4_4_4,4_4_5,4_4_6,4_cvs,5_0_0,5_0_1,5_0_2,5_0_3,5_1_0,5_1_1,5_1_2,5_1_3,5_1_4,5_1_5,5_1_6,5_2_0,5_2_1,5_cvs</ver>
<p4>bool imagegd2(resource im [, string filename, [, int chunk_size, [, int type]]])</p4>
<p4d>Output GD2 image to browser or file </p4d>
<p5>bool imagegd2(resource im [, string filename [, int chunk_size [, int type]]]) U</p5>
<p5d>Output GD2 image to browser or file </p5d>
<texts><text><lng>el</lng>
<d>Παραγάγετε μία GD2 εικόνα</d>
</text><text><lng>en</lng>
<d>Output GD2 image to browser or file</d>
</text></texts></PHPModuleRef><PHPModuleRef>
<t>imagegif</t>
<mn>gd</mn>
<ft>F</ft>
<ver>4_0_0,4_0_1,4_0_2,4_0_3,4_0_4,4_0_5,4_0_6,4_1_0,4_1_1,4_1_2,4_2_0,4_2_1,4_2_2,4_2_3,4_3_0,4_3_1,4_3_10,4_3_11,4_3_2,4_3_3,4_3_4,4_3_5,4_3_6,4_3_7,4_3_8,4_3_9,4_4_0,4_4_1,4_4_2,4_4_3,4_4_4,4_4_5,4_4_6,4_cvs,5_0_0,5_0_1,5_0_2,5_0_3,5_1_0,5_1_1,5_1_2,5_1_3,5_1_4,5_1_5,5_1_6,5_2_0,5_2_1,5_cvs</ver>
<p4>bool imagegif(resource im [, string filename])</p4>
<p4d>Output GIF image to browser or file </p4d>
<p5>bool imagegif(resource im [, string filename]) U</p5>
<p5d>Output GIF image to browser or file </p5d>
<texts><text><lng>de</lng>
<d>Ausgabe eines Bildes an den Browser oder in eine Datei</d>
</text><text><lng>el</lng>
<d>Στέλνει μία εικόνα στον browser ή σε ένα αρχείο</d>
</text><text><lng>en</lng>
<d>Output image to browser or file</d>
</text><text><lng>es</lng>
<d>Producir la salida de una imagen al navegador o a unarchivo</d>
</text></texts></PHPModuleRef><PHPModuleRef>
<t>imagegrabscreen</t>
<mn>gd</mn>
<ft>F</ft>
<ver>5_cvs</ver>
<p5>resource imagegrabscreen()</p5>
<p5d>Grab a screenshot </p5d>
</PHPModuleRef><PHPModuleRef>
<t>imagegrabwindow</t>
<mn>gd</mn>
<ft>F</ft>
<ver>5_cvs</ver>
<p5>resource imagegrabwindow(int window_handle [, int client_area])</p5>
<p5d>Grab a window or its client area using a windows handle (HWND property in COM instance) </p5d>
</PHPModuleRef><PHPModuleRef>
<t>imageinterlace</t>
<mn>gd</mn>
<ft>F</ft>
<ver>4_0_0,4_0_1,4_0_2,4_0_3,4_0_4,4_0_5,4_0_6,4_1_0,4_1_1,4_1_2,4_2_0,4_2_1,4_2_2,4_2_3,4_3_0,4_3_1,4_3_10,4_3_11,4_3_2,4_3_3,4_3_4,4_3_5,4_3_6,4_3_7,4_3_8,4_3_9,4_4_0,4_4_1,4_4_2,4_4_3,4_4_4,4_4_5,4_4_6,4_cvs,5_0_0,5_0_1,5_0_2,5_0_3,5_1_0,5_1_1,5_1_2,5_1_3,5_1_4,5_1_5,5_1_6,5_2_0,5_2_1,5_cvs</ver>
<p4>int imageinterlace(resource im [, int interlace])</p4>
<p4d>Enable or disable interlace </p4d>
<p5>int imageinterlace(resource im [, int interlace]) U</p5>
<p5d>Enable or disable interlace </p5d>
<texts><text><lng>de</lng>
<d>Schaltet die Interlaced-Darstellung eines Bildes an oder aus</d>
</text><text><lng>el</lng>
<d>Επιτρέψτε ή όχι το interlace</d>
</text><text><lng>en</lng>
<d>Enable or disable interlace</d>
</text><text><lng>es</lng>
<d>Activa o desactiva el entrelazado</d>
</text></texts></PHPModuleRef><PHPModuleRef>
<t>imageistruecolor</t>
<mn>gd</mn>
<ft>F</ft>
<ver>4_3_10,4_3_11,4_3_2,4_3_3,4_3_4,4_3_5,4_3_6,4_3_7,4_3_8,4_3_9,4_4_0,4_4_1,4_4_2,4_4_3,4_4_4,4_4_5,4_4_6,4_cvs,5_0_0,5_0_1,5_0_2,5_0_3,5_1_0,5_1_1,5_1_2,5_1_3,5_1_4,5_1_5,5_1_6,5_2_0,5_2_1,5_cvs</ver>
<p4>bool imageistruecolor(resource im)</p4>
<p4d>return true if the image uses truecolor </p4d>
<p5>bool imageistruecolor(resource im) U</p5>
<p5d>return true if the image uses truecolor </p5d>
<texts><text><lng>el</lng>
<d>Ελέγχει εάν μία εικόνα είναι truecolor.</d>
</text><text><lng>en</lng>
<d>Finds whether an image is a truecolor image</d>
</text></texts></PHPModuleRef><PHPModuleRef>
<t>imagejpeg</t>
<mn>gd</mn>
<ft>F</ft>
<ver>4_0_0,4_0_1,4_0_2,4_0_3,4_0_4,4_0_5,4_0_6,4_1_0,4_1_1,4_1_2,4_2_0,4_2_1,4_2_2,4_2_3,4_3_0,4_3_1,4_3_10,4_3_11,4_3_2,4_3_3,4_3_4,4_3_5,4_3_6,4_3_7,4_3_8,4_3_9,4_4_0,4_4_1,4_4_2,4_4_3,4_4_4,4_4_5,4_4_6,4_cvs,5_0_0,5_0_1,5_0_2,5_0_3,5_1_0,5_1_1,5_1_2,5_1_3,5_1_4,5_1_5,5_1_6,5_2_0,5_2_1,5_cvs</ver>
<p4>bool imagejpeg(resource im [, string filename [, int quality]])</p4>
<p4d>Output JPEG image to browser or file </p4d>
<p5>bool imagejpeg(resource im [, string filename [, int quality]]) U</p5>
<p5d>Output JPEG image to browser or file </p5d>
<texts><text><lng>de</lng>
<d>Ausgabe des Bildes im Browser oder als Datei</d>
</text><text><lng>el</lng>
<d>Στείλτε μία εικόνα στον browser ή σε ένα αρχείο</d>
</text><text><lng>en</lng>
<d>Output image to browser or file</d>
</text></texts></PHPModuleRef><PHPModuleRef>
<t>imagelayereffect</t>
<mn>gd</mn>
<ft>F</ft>
<ver>4_3_0,4_3_1,4_3_10,4_3_11,4_3_2,4_3_3,4_3_4,4_3_5,4_3_6,4_3_7,4_3_8,4_3_9,4_4_0,4_4_1,4_4_2,4_4_3,4_4_4,4_4_5,4_4_6,4_cvs,5_0_0,5_0_1,5_0_2,5_0_3,5_1_0,5_1_1,5_1_2,5_1_3,5_1_4,5_1_5,5_1_6,5_2_0,5_2_1,5_cvs</ver>
<p4>bool imagelayereffect(resource im, int effect)</p4>
<p4d>Set the alpha blending flag to use the bundled libgd layering effects </p4d>
<p5>bool imagelayereffect(resource im, int effect) U</p5>
<p5d>Set the alpha blending flag to use the bundled libgd layering effects </p5d>
<texts><text><lng>en</lng>
<d>Set the alpha blending flag to use the bundled libgd layering effects</d>
</text></texts></PHPModuleRef><PHPModuleRef>
<t>imageline</t>
<mn>gd</mn>
<ft>F</ft>
<ver>4_0_0,4_0_1,4_0_2,4_0_3,4_0_4,4_0_5,4_0_6,4_1_0,4_1_1,4_1_2,4_2_0,4_2_1,4_2_2,4_2_3,4_3_0,4_3_1,4_3_10,4_3_11,4_3_2,4_3_3,4_3_4,4_3_5,4_3_6,4_3_7,4_3_8,4_3_9,4_4_0,4_4_1,4_4_2,4_4_3,4_4_4,4_4_5,4_4_6,4_cvs,5_0_0,5_0_1,5_0_2,5_0_3,5_1_0,5_1_1,5_1_2,5_1_3,5_1_4,5_1_5,5_1_6,5_2_0,5_2_1,5_cvs</ver>
<p4>bool imageline(resource im, int x1, int y1, int x2, int y2, int col)</p4>
<p4d>Draw a line </p4d>
<p5>bool imageline(resource im, int x1, int y1, int x2, int y2, int col) U</p5>
<p5d>Draw a line </p5d>
<texts><text><lng>de</lng>
<d>Zeichnen einer Linie</d>
</text><text><lng>el</lng>
<d>Χαράξτε μία γραμμή</d>
</text><text><lng>en</lng>
<d>Draw a line</d>
</text><text><lng>es</lng>
<d>Dibuja una línea</d>
</text></texts></PHPModuleRef><PHPModuleRef>
<t>imageloadfont</t>
<mn>gd</mn>
<ft>F</ft>
<ver>4_0_0,4_0_1,4_0_2,4_0_3,4_0_4,4_0_5,4_0_6,4_1_0,4_1_1,4_1_2,4_2_0,4_2_1,4_2_2,4_2_3,4_3_0,4_3_1,4_3_10,4_3_11,4_3_2,4_3_3,4_3_4,4_3_5,4_3_6,4_3_7,4_3_8,4_3_9,4_4_0,4_4_1,4_4_2,4_4_3,4_4_4,4_4_5,4_4_6,4_cvs,5_0_0,5_0_1,5_0_2,5_0_3,5_1_0,5_1_1,5_1_2,5_1_3,5_1_4,5_1_5,5_1_6,5_2_0,5_2_1,5_cvs</ver>
<p4>int imageloadfont(string filename)</p4>
<p4d>Load a new font </p4d>
<p5>int imageloadfont(string filename) U</p5>
<p5d>Load a new font </p5d>
<texts><text><lng>de</lng>
<d>Lädt einen neuen Font</d>
</text><text><lng>el</lng>
<d>Φορτώστε μία νέα γραμματοσειρά</d>
</text><text><lng>en</lng>
<d>Load a new font</d>
</text><text><lng>es</lng>
<d>Cargar una fuente nueva</d>
</text></texts></PHPModuleRef><PHPModuleRef>
<t>imagepalettecopy</t>
<mn>gd</mn>
<ft>F</ft>
<ver>4_0_1,4_0_2,4_0_3,4_0_4,4_0_5,4_0_6,4_1_0,4_1_1,4_1_2,4_2_0,4_2_1,4_2_2,4_2_3,4_3_0,4_3_1,4_3_10,4_3_11,4_3_2,4_3_3,4_3_4,4_3_5,4_3_6,4_3_7,4_3_8,4_3_9,4_4_0,4_4_1,4_4_2,4_4_3,4_4_4,4_4_5,4_4_6,4_cvs,5_0_0,5_0_1,5_0_2,5_0_3,5_1_0,5_1_1,5_1_2,5_1_3,5_1_4,5_1_5,5_1_6,5_2_0,5_2_1,5_cvs</ver>
<p4>void imagepalettecopy(resource dst, resource src)</p4>
<p4d>Copy the palette from the src image onto the dst image </p4d>
<p5>void imagepalettecopy(resource dst, resource src) U</p5>
<p5d>Copy the palette from the src image onto the dst image </p5d>
<texts><text><lng>el</lng>
<d>Αντιγράψτε την παλέττα μίας εικόνας σε μία άλλη</d>
</text><text><lng>en</lng>
<d>Copy the palette from one image to another</d>
</text></texts></PHPModuleRef><PHPModuleRef>
<t>imagepng</t>
<mn>gd</mn>
<ft>F</ft>
<ver>4_0_0,4_0_1,4_0_2,4_0_3,4_0_4,4_0_5,4_0_6,4_1_0,4_1_1,4_1_2,4_2_0,4_2_1,4_2_2,4_2_3,4_3_0,4_3_1,4_3_10,4_3_11,4_3_2,4_3_3,4_3_4,4_3_5,4_3_6,4_3_7,4_3_8,4_3_9,4_4_0,4_4_1,4_4_2,4_4_3,4_4_4,4_4_5,4_4_6,4_cvs,5_0_0,5_0_1,5_0_2,5_0_3,5_1_0,5_1_1,5_1_2,5_1_3,5_1_4,5_1_5,5_1_6,5_2_0,5_2_1,5_cvs</ver>
<p4>bool imagepng(resource im [, string filename])</p4>
<p4d>Output PNG image to browser or file </p4d>
<p5>bool imagepng(resource im [, string filename [, int quality]]) U</p5>
<p5d>Output PNG image to browser or file </p5d>
<texts><text><lng>de</lng>
<d>Ausgabe eines Bildes an den Browser oder in eine Datei</d>
</text><text><lng>el</lng>
<d>Στέλνει μία PNG εικόνα είτε στον browser είτε σε ένα αρχείο</d>
</text><text><lng>en</lng>
<d>Output a PNG image to either the browser or a file</d>
</text></texts></PHPModuleRef><PHPModuleRef>
<t>imagepolygon</t>
<mn>gd</mn>
<ft>F</ft>
<ver>4_0_0,4_0_1,4_0_2,4_0_3,4_0_4,4_0_5,4_0_6,4_1_0,4_1_1,4_1_2,4_2_0,4_2_1,4_2_2,4_2_3,4_3_0,4_3_1,4_3_10,4_3_11,4_3_2,4_3_3,4_3_4,4_3_5,4_3_6,4_3_7,4_3_8,4_3_9,4_4_0,4_4_1,4_4_2,4_4_3,4_4_4,4_4_5,4_4_6,4_cvs,5_0_0,5_0_1,5_0_2,5_0_3,5_1_0,5_1_1,5_1_2,5_1_3,5_1_4,5_1_5,5_1_6,5_2_0,5_2_1,5_cvs</ver>
<p4>bool imagepolygon(resource im, array point, int num_points, int col)</p4>
<p4d>Draw a polygon </p4d>
<p5>bool imagepolygon(resource im, array point, int num_points, int col) U</p5>
<p5d>Draw a polygon </p5d>
<texts><text><lng>de</lng>
<d>Zeichnen eines Vielecks (Polygon)</d>
</text><text><lng>el</lng>
<d>Σχεδιάστε ένα πολύγωνο</d>
</text><text><lng>en</lng>
<d>Draws a polygon</d>
</text><text><lng>es</lng>
<d>Dibuja un polígono</d>
</text></texts></PHPModuleRef><PHPModuleRef>
<t>imagepsbbox</t>
<mn>gd</mn>
<ft>F</ft>
<ver>4_0_0,4_0_1,4_0_2,4_0_3,4_0_4,4_0_5,4_0_6,4_1_0,4_1_1,4_1_2,4_2_0,4_2_1,4_2_2,4_2_3,4_3_0,4_3_1,4_3_10,4_3_11,4_3_2,4_3_3,4_3_4,4_3_5,4_3_6,4_3_7,4_3_8,4_3_9,4_4_0,4_4_1,4_4_2,4_4_3,4_4_4,4_4_5,4_4_6,4_cvs,5_0_0,5_0_1,5_0_2,5_0_3,5_1_0,5_1_1,5_1_2,5_1_3,5_1_4,5_1_5,5_1_6,5_2_0,5_2_1,5_cvs</ver>
<p4>array imagepsbbox(string text, resource font, int size [, int space, int tightness, int angle])</p4>
<p4d>Return the bounding box needed by a string if rasterized </p4d>
<p5>array imagepsbbox(string text, resource font, int size [, int space, int tightness, int angle])</p5>
<p5d>Return the bounding box needed by a string if rasterized </p5d>
<texts><text><lng>de</lng>
<d>Ermittelt die Ausmaße des Rechtecks, das für die Ausgabe eines
     Textes unter Verwendung eines PostScript-Fonts (Typ 1) notwendig
     ist.</d>
</text><text><lng>el</lng>
<d>Δώστε το bounding box ενός κειμένου χρησιμοποιώντας PostScript Type1 γραμματοσειρές</d>
</text><text><lng>en</lng>
<d>Give the bounding box of a text rectangle using PostScript Type1 fonts</d>
</text></texts></PHPModuleRef><PHPModuleRef>
<t>imagepscopyfont</t>
<mn>gd</mn>
<ft>F</ft>
<ver>4_0_0,4_0_1,4_0_2,4_0_3,4_0_4,4_0_5,4_0_6,4_1_0,4_1_1,4_1_2,4_2_0,4_2_1,4_2_2,4_2_3,4_3_0,4_3_1,4_3_10,4_3_11,4_3_2,4_3_3,4_3_4,4_3_5,4_3_6,4_3_7,4_3_8,4_3_9,4_4_0,4_4_1,4_4_2,4_4_3,4_4_4,4_4_5,4_4_6,4_cvs,5_0_0,5_0_1,5_0_2,5_0_3,5_1_0,5_1_1,5_1_2,5_1_3,5_1_4,5_1_5,5_1_6,5_2_0,5_2_1,5_cvs</ver>
<p4>int imagepscopyfont(int font_index)</p4>
<p4d>Make a copy of a font for purposes like extending or reenconding </p4d>
<p5>int imagepscopyfont(int font_index) U</p5>
<p5d>Make a copy of a font for purposes like extending or reenconding </p5d>
</PHPModuleRef><PHPModuleRef>
<t>imagepsencodefont</t>
<mn>gd</mn>
<ft>F</ft>
<ver>4_0_0,4_0_1,4_0_2,4_0_3,4_0_4,4_0_5,4_0_6,4_1_0,4_1_1,4_1_2,4_2_0,4_2_1,4_2_2,4_2_3,4_3_0,4_3_1,4_3_10,4_3_11,4_3_2,4_3_3,4_3_4,4_3_5,4_3_6,4_3_7,4_3_8,4_3_9,4_4_0,4_4_1,4_4_2,4_4_3,4_4_4,4_4_5,4_4_6,4_cvs,5_0_0,5_0_1,5_0_2,5_0_3,5_1_0,5_1_1,5_1_2,5_1_3,5_1_4,5_1_5,5_1_6,5_2_0,5_2_1,5_cvs</ver>
<p4>bool imagepsencodefont(resource font_index, string filename)</p4>
<p4d>To change a fonts character encoding vector </p4d>
<p5>bool imagepsencodefont(resource font_index, string filename) U</p5>
<p5d>To change a fonts character encoding vector </p5d>
<texts><text><lng>de</lng>
<d>Ändert die Vektor-Beschreibung eines Fonts</d>
</text><text><lng>el</lng>
<d>Αλλάξτε το διάνυσμα κωδικοποίησης χαρακτήρων μίας γραμματοσειράς</d>
</text><text><lng>en</lng>
<d>Change the character encoding vector of a font</d>
</text></texts></PHPModuleRef><PHPModuleRef>
<t>imagepsextendfont</t>
<mn>gd</mn>
<ft>F</ft>
<ver>4_0_0,4_0_1,4_0_2,4_0_3,4_0_4,4_0_5,4_0_6,4_1_0,4_1_1,4_1_2,4_2_0,4_2_1,4_2_2,4_2_3,4_3_0,4_3_1,4_3_10,4_3_11,4_3_2,4_3_3,4_3_4,4_3_5,4_3_6,4_3_7,4_3_8,4_3_9,4_4_0,4_4_1,4_4_2,4_4_3,4_4_4,4_4_5,4_4_6,4_cvs,5_0_0,5_0_1,5_0_2,5_0_3,5_1_0,5_1_1,5_1_2,5_1_3,5_1_4,5_1_5,5_1_6,5_2_0,5_2_1,5_cvs</ver>
<p4>bool imagepsextendfont(resource font_index, float extend)</p4>
<p4d>Extend or or condense (if extend &lt; 1) a font </p4d>
<p5>bool imagepsextendfont(resource font_index, float extend) U</p5>
<p5d>Extend or or condense (if extend &lt; 1) a font </p5d>
<texts><text><lng>de</lng>
<d>Vergrößert oder komprimiert einen Font</d>
</text><text><lng>el</lng>
<d>Επεκτείνετε ή συρρικνώστε μία γραμματοσειρά</d>
</text><text><lng>en</lng>
<d>Extend or condense a font</d>
</text></texts></PHPModuleRef><PHPModuleRef>
<t>imagepsfreefont</t>
<mn>gd</mn>
<ft>F</ft>
<ver>4_0_0,4_0_1,4_0_2,4_0_3,4_0_4,4_0_5,4_0_6,4_1_0,4_1_1,4_1_2,4_2_0,4_2_1,4_2_2,4_2_3,4_3_0,4_3_1,4_3_10,4_3_11,4_3_2,4_3_3,4_3_4,4_3_5,4_3_6,4_3_7,4_3_8,4_3_9,4_4_0,4_4_1,4_4_2,4_4_3,4_4_4,4_4_5,4_4_6,4_cvs,5_0_0,5_0_1,5_0_2,5_0_3,5_1_0,5_1_1,5_1_2,5_1_3,5_1_4,5_1_5,5_1_6,5_2_0,5_2_1,5_cvs</ver>
<p4>bool imagepsfreefont(resource font_index)</p4>
<p4d>Free memory used by a font </p4d>
<p5>bool imagepsfreefont(resource font_index) U</p5>
<p5d>Free memory used by a font </p5d>
<texts><text><lng>de</lng>
<d>Gibt den durch einen Typ 1 PostScript-Font belegten Speicherwieder frei</d>
</text><text><lng>el</lng>
<d>Ελευθερώστε μνήμη που χρησιμοπιείται από μία PostScript Type 1 γραμματοσειρά</d>
</text><text><lng>en</lng>
<d>Free memory used by a PostScript Type 1 font</d>
</text></texts></PHPModuleRef><PHPModuleRef>
<t>imagepsloadfont</t>
<mn>gd</mn>
<ft>F</ft>
<ver>4_0_0,4_0_1,4_0_2,4_0_3,4_0_4,4_0_5,4_0_6,4_1_0,4_1_1,4_1_2,4_2_0,4_2_1,4_2_2,4_2_3,4_3_0,4_3_1,4_3_10,4_3_11,4_3_2,4_3_3,4_3_4,4_3_5,4_3_6,4_3_7,4_3_8,4_3_9,4_4_0,4_4_1,4_4_2,4_4_3,4_4_4,4_4_5,4_4_6,4_cvs,5_0_0,5_0_1,5_0_2,5_0_3,5_1_0,5_1_1,5_1_2,5_1_3,5_1_4,5_1_5,5_1_6,5_2_0,5_2_1,5_cvs</ver>
<p4>resource imagepsloadfont(string pathname)</p4>
<p4d>Load a new font from specified file </p4d>
<p5>resource imagepsloadfont(string pathname) U</p5>
<p5d>Load a new font from specified file </p5d>
<texts><text><lng>de</lng>
<d>Lädt einen Typ 1 PostScript-Font aus einer Datei</d>
</text><text><lng>el</lng>
<d>Φορτώνει μία PostScript Type 1 γραμματοσειρά από ένα αρχείο</d>
</text><text><lng>en</lng>
<d>Load a PostScript Type 1 font from file</d>
</text><text><lng>es</lng>
<d>Cargar una fuente PostScript Tipo 1 desde unarchivo</d>
</text></texts></PHPModuleRef><PHPModuleRef>
<t>imagepsslantfont</t>
<mn>gd</mn>
<ft>F</ft>
<ver>4_0_0,4_0_1,4_0_2,4_0_3,4_0_4,4_0_5,4_0_6,4_1_0,4_1_1,4_1_2,4_2_0,4_2_1,4_2_2,4_2_3,4_3_0,4_3_1,4_3_10,4_3_11,4_3_2,4_3_3,4_3_4,4_3_5,4_3_6,4_3_7,4_3_8,4_3_9,4_4_0,4_4_1,4_4_2,4_4_3,4_4_4,4_4_5,4_4_6,4_cvs,5_0_0,5_0_1,5_0_2,5_0_3,5_1_0,5_1_1,5_1_2,5_1_3,5_1_4,5_1_5,5_1_6,5_2_0,5_2_1,5_cvs</ver>
<p4>bool imagepsslantfont(resource font_index, float slant)</p4>
<p4d>Slant a font </p4d>
<p5>bool imagepsslantfont(resource font_index, float slant) U</p5>
<p5d>Slant a font </p5d>
<texts><text><lng>de</lng>
<d>Setzt einen Font schräg</d>
</text><text><lng>el</lng>
<d>Δώστε κλίση στα στοιχεία μίας γραμματοσειράς</d>
</text><text><lng>en</lng>
<d>Slant a font</d>
</text></texts></PHPModuleRef><PHPModuleRef>
<t>imagepstext</t>
<mn>gd</mn>
<ft>F</ft>
<ver>4_0_0,4_0_1,4_0_2,4_0_3,4_0_4,4_0_5,4_0_6,4_1_0,4_1_1,4_1_2,4_2_0,4_2_1,4_2_2,4_2_3,4_3_0,4_3_1,4_3_10,4_3_11,4_3_2,4_3_3,4_3_4,4_3_5,4_3_6,4_3_7,4_3_8,4_3_9,4_4_0,4_4_1,4_4_2,4_4_3,4_4_4,4_4_5,4_4_6,4_cvs,5_0_0,5_0_1,5_0_2,5_0_3,5_1_0,5_1_1,5_1_2,5_1_3,5_1_4,5_1_5,5_1_6,5_2_0,5_2_1,5_cvs</ver>
<p4>array imagepstext(resource image, string text, resource font, int size, int xcoord, int ycoord [, in</p4>
<p4d>Rasterize a string over an image </p4d>
<p5>array imagepstext(resource image, string text, resource font, int size, int foreground, int backgrou</p5>
<p5d>Rasterize a string over an image </p5d>
<texts><text><lng>de</lng>
<d>Ausgabe eines Textes auf einem Bild unter Verwendung vonTyp 1 PostScript-Fonts</d>
</text><text><lng>el</lng>
<d>Σχεδιάστε ένα text string πάνω σε μία εικόνα με χρήση PostScript Type1 γραμματοσειράς</d>
</text><text><lng>en</lng>
<d>Draws a text over an image using PostScript Type1 fonts</d>
</text></texts></PHPModuleRef><PHPModuleRef>
<t>imagerectangle</t>
<mn>gd</mn>
<ft>F</ft>
<ver>4_0_0,4_0_1,4_0_2,4_0_3,4_0_4,4_0_5,4_0_6,4_1_0,4_1_1,4_1_2,4_2_0,4_2_1,4_2_2,4_2_3,4_3_0,4_3_1,4_3_10,4_3_11,4_3_2,4_3_3,4_3_4,4_3_5,4_3_6,4_3_7,4_3_8,4_3_9,4_4_0,4_4_1,4_4_2,4_4_3,4_4_4,4_4_5,4_4_6,4_cvs,5_0_0,5_0_1,5_0_2,5_0_3,5_1_0,5_1_1,5_1_2,5_1_3,5_1_4,5_1_5,5_1_6,5_2_0,5_2_1,5_cvs</ver>
<p4>bool imagerectangle(resource im, int x1, int y1, int x2, int y2, int col)</p4>
<p4d>Draw a rectangle </p4d>
<p5>bool imagerectangle(resource im, int x1, int y1, int x2, int y2, int col) U</p5>
<p5d>Draw a rectangle </p5d>
<texts><text><lng>de</lng>
<d>Zeichnet ein Rechteck</d>
</text><text><lng>el</lng>
<d>Σχεδιάστε ένα τετράγωνο</d>
</text><text><lng>en</lng>
<d>Draw a rectangle</d>
</text></texts></PHPModuleRef><PHPModuleRef>
<t>imagerotate</t>
<mn>gd</mn>
<ft>F</ft>
<ver>4_3_0,4_3_1,4_3_10,4_3_11,4_3_2,4_3_3,4_3_4,4_3_5,4_3_6,4_3_7,4_3_8,4_3_9,4_4_0,4_4_1,4_4_2,4_4_3,4_4_4,4_4_5,4_4_6,4_cvs,5_0_0,5_0_1,5_0_2,5_0_3,5_1_0,5_1_1,5_1_2,5_1_3,5_1_4,5_1_5,5_1_6,5_2_0,5_2_1,5_cvs</ver>
<p4>resource imagerotate(resource src_im, float angle, int bgdcolor)</p4>
<p4d>Rotate an image using a custom angle </p4d>
<p5>resource imagerotate(resource src_im, float angle, int bgdcolor [, int ignoretransparent]) U</p5>
<p5d>Rotate an image using a custom angle </p5d>
<texts><text><lng>el</lng>
<d>Περιστρέψτε μία εικόνα κάτα μία δοθείσα γωνία</d>
</text><text><lng>en</lng>
<d>Rotate an image with a given angle</d>
</text></texts></PHPModuleRef><PHPModuleRef>
<t>imagesavealpha</t>
<mn>gd</mn>
<ft>F</ft>
<ver>4_3_10,4_3_11,4_3_2,4_3_3,4_3_4,4_3_5,4_3_6,4_3_7,4_3_8,4_3_9,4_4_0,4_4_1,4_4_2,4_4_3,4_4_4,4_4_5,4_4_6,4_cvs,5_0_0,5_0_1,5_0_2,5_0_3,5_1_0,5_1_1,5_1_2,5_1_3,5_1_4,5_1_5,5_1_6,5_2_0,5_2_1,5_cvs</ver>
<p4>bool imagesavealpha(resource im, bool on)</p4>
<p4d>Include alpha channel to a saved image </p4d>
<p5>bool imagesavealpha(resource im, bool on) U</p5>
<p5d>Include alpha channel to a saved image </p5d>
<texts><text><lng>el</lng>
<d>Θέστε το flag για να αποθηκεύσετε όλες τις alpha channel πληροφορίες (καθώς αντιτίθενται σε μονοχρωματική διαφάνεια) όταν σώζετε PNG εικόνες.</d>
</text><text><lng>en</lng>
<d>Set the flag to save full alpha channel information (as opposed to single-color transparency) when saving PNG images</d>
</text></texts></PHPModuleRef><PHPModuleRef>
<t>imagesetbrush</t>
<mn>gd</mn>
<ft>F</ft>
<ver>4_0_6,4_1_0,4_1_1,4_1_2,4_2_0,4_2_1,4_2_2,4_2_3,4_3_0,4_3_1,4_3_10,4_3_11,4_3_2,4_3_3,4_3_4,4_3_5,4_3_6,4_3_7,4_3_8,4_3_9,4_4_0,4_4_1,4_4_2,4_4_3,4_4_4,4_4_5,4_4_6,4_cvs,5_0_0,5_0_1,5_0_2,5_0_3,5_1_0,5_1_1,5_1_2,5_1_3,5_1_4,5_1_5,5_1_6,5_2_0,5_2_1,5_cvs</ver>
<p4>bool imagesetbrush(resource image, resource brush)</p4>
<p4d>Set the brush image to $brush when filling $image with the &quot;IMG_COLOR_BRUSHED&quot; color </p4d>
<p5>bool imagesetbrush(resource image, resource brush) U</p5>
<p5d>Set the brush image to $brush when filling $image with the &quot;IMG_COLOR_BRUSHED&quot; color </p5d>
<texts><text><lng>el</lng>
<d>Θέστε την brush εικόνα για σχεδίαση γραμμών</d>
</text><text><lng>en</lng>
<d>Set the brush image for line drawing</d>
</text></texts></PHPModuleRef><PHPModuleRef>
<t>imagesetpixel</t>
<mn>gd</mn>
<ft>F</ft>
<ver>4_0_0,4_0_1,4_0_2,4_0_3,4_0_4,4_0_5,4_0_6,4_1_0,4_1_1,4_1_2,4_2_0,4_2_1,4_2_2,4_2_3,4_3_0,4_3_1,4_3_10,4_3_11,4_3_2,4_3_3,4_3_4,4_3_5,4_3_6,4_3_7,4_3_8,4_3_9,4_4_0,4_4_1,4_4_2,4_4_3,4_4_4,4_4_5,4_4_6,4_cvs,5_0_0,5_0_1,5_0_2,5_0_3,5_1_0,5_1_1,5_1_2,5_1_3,5_1_4,5_1_5,5_1_6,5_2_0,5_2_1,5_cvs</ver>
<p4>bool imagesetpixel(resource im, int x, int y, int col)</p4>
<p4d>Set a single pixel </p4d>
<p5>bool imagesetpixel(resource im, int x, int y, int col) U</p5>
<p5d>Set a single pixel </p5d>
<texts><text><lng>de</lng>
<d>Setzt ein einzelnes Pixel</d>
</text><text><lng>el</lng>
<d>Θέστε ένα μόνο pixel</d>
</text><text><lng>en</lng>
<d>Set a single pixel</d>
</text></texts></PHPModuleRef><PHPModuleRef>
<t>imagesetstyle</t>
<mn>gd</mn>
<ft>F</ft>
<ver>4_0_6,4_1_0,4_1_1,4_1_2,4_2_0,4_2_1,4_2_2,4_2_3,4_3_0,4_3_1,4_3_10,4_3_11,4_3_2,4_3_3,4_3_4,4_3_5,4_3_6,4_3_7,4_3_8,4_3_9,4_4_0,4_4_1,4_4_2,4_4_3,4_4_4,4_4_5,4_4_6,4_cvs,5_0_0,5_0_1,5_0_2,5_0_3,5_1_0,5_1_1,5_1_2,5_1_3,5_1_4,5_1_5,5_1_6,5_2_0,5_2_1,5_cvs</ver>
<p4>bool imagesetstyle(resource im, array styles)</p4>
<p4d>Set the line drawing styles for use with imageline and IMG_COLOR_STYLED. </p4d>
<p5>bool imagesetstyle(resource im, array styles) U</p5>
<p5d>Set the line drawing styles for use with imageline and IMG_COLOR_STYLED. </p5d>
<texts><text><lng>el</lng>
<d>Καθορίστε τι στυλ σχεδίασης γραμμών</d>
</text><text><lng>en</lng>
<d>Set the style for line drawing</d>
</text></texts></PHPModuleRef><PHPModuleRef>
<t>imagesetthickness</t>
<mn>gd</mn>
<ft>F</ft>
<ver>4_0_6,4_1_0,4_1_1,4_1_2,4_2_0,4_2_1,4_2_2,4_2_3,4_3_0,4_3_1,4_3_10,4_3_11,4_3_2,4_3_3,4_3_4,4_3_5,4_3_6,4_3_7,4_3_8,4_3_9,4_4_0,4_4_1,4_4_2,4_4_3,4_4_4,4_4_5,4_4_6,4_cvs,5_0_0,5_0_1,5_0_2,5_0_3,5_1_0,5_1_1,5_1_2,5_1_3,5_1_4,5_1_5,5_1_6,5_2_0,5_2_1,5_cvs</ver>
<p4>bool imagesetthickness(resource im, int thickness)</p4>
<p4d>Set line thickness for drawing lines, ellipses, rectangles, polygons etc. </p4d>
<p5>bool imagesetthickness(resource im, int thickness) U</p5>
<p5d>Set line thickness for drawing lines, ellipses, rectangles, polygons etc. </p5d>
<texts><text><lng>el</lng>
<d>Προσδιορίστε το πάχος για τη σχεδίαση γραμμών</d>
</text><text><lng>en</lng>
<d>Set the thickness for line drawing</d>
</text></texts></PHPModuleRef><PHPModuleRef>
<t>imagesettile</t>
<mn>gd</mn>
<ft>F</ft>
<ver>4_0_6,4_1_0,4_1_1,4_1_2,4_2_0,4_2_1,4_2_2,4_2_3,4_3_0,4_3_1,4_3_10,4_3_11,4_3_2,4_3_3,4_3_4,4_3_5,4_3_6,4_3_7,4_3_8,4_3_9,4_4_0,4_4_1,4_4_2,4_4_3,4_4_4,4_4_5,4_4_6,4_cvs,5_0_0,5_0_1,5_0_2,5_0_3,5_1_0,5_1_1,5_1_2,5_1_3,5_1_4,5_1_5,5_1_6,5_2_0,5_2_1,5_cvs</ver>
<p4>bool imagesettile(resource image, resource tile)</p4>
<p4d>Set the tile image to $tile when filling $image with the &quot;IMG_COLOR_TILED&quot; color </p4d>
<p5>bool imagesettile(resource image, resource tile) U</p5>
<p5d>Set the tile image to $tile when filling $image with the &quot;IMG_COLOR_TILED&quot; color </p5d>
<texts><text><lng>el</lng>
<d>Καθορίστε την tile εικόνα που θα χρησιμοποιηθεί για γέμισμα</d>
</text><text><lng>en</lng>
<d>Set the tile image for filling</d>
</text></texts></PHPModuleRef><PHPModuleRef>
<t>imagestring</t>
<mn>gd</mn>
<ft>F</ft>
<ver>4_0_0,4_0_1,4_0_2,4_0_3,4_0_4,4_0_5,4_0_6,4_1_0,4_1_1,4_1_2,4_2_0,4_2_1,4_2_2,4_2_3,4_3_0,4_3_1,4_3_10,4_3_11,4_3_2,4_3_3,4_3_4,4_3_5,4_3_6,4_3_7,4_3_8,4_3_9,4_4_0,4_4_1,4_4_2,4_4_3,4_4_4,4_4_5,4_4_6,4_cvs,5_0_0,5_0_1,5_0_2,5_0_3,5_1_0,5_1_1,5_1_2,5_1_3,5_1_4,5_1_5,5_1_6,5_2_0,5_2_1,5_cvs</ver>
<p4>bool imagestring(resource im, int font, int x, int y, string str, int col)</p4>
<p4d>Draw a string horizontally </p4d>
<p5>bool imagestring(resource im, int font, int x, int y, string str, int col) U</p5>
<p5d>Draw a string horizontally </p5d>
<texts><text><lng>de</lng>
<d>Zeichnet einen horizontalen String</d>
</text><text><lng>el</lng>
<d>Σχεδιάστε ένα string οριζοντίως</d>
</text><text><lng>en</lng>
<d>Draw a string horizontally</d>
</text></texts></PHPModuleRef><PHPModuleRef>
<t>imagestringup</t>
<mn>gd</mn>
<ft>F</ft>
<ver>4_0_0,4_0_1,4_0_2,4_0_3,4_0_4,4_0_5,4_0_6,4_1_0,4_1_1,4_1_2,4_2_0,4_2_1,4_2_2,4_2_3,4_3_0,4_3_1,4_3_10,4_3_11,4_3_2,4_3_3,4_3_4,4_3_5,4_3_6,4_3_7,4_3_8,4_3_9,4_4_0,4_4_1,4_4_2,4_4_3,4_4_4,4_4_5,4_4_6,4_cvs,5_0_0,5_0_1,5_0_2,5_0_3,5_1_0,5_1_1,5_1_2,5_1_3,5_1_4,5_1_5,5_1_6,5_2_0,5_2_1,5_cvs</ver>
<p4>bool imagestringup(resource im, int font, int x, int y, string str, int col)</p4>
<p4d>Draw a string vertically - rotated 90 degrees counter-clockwise </p4d>
<p5>bool imagestringup(resource im, int font, int x, int y, string str, int col) U</p5>
<p5d>Draw a string vertically - rotated 90 degrees counter-clockwise </p5d>
<texts><text><lng>de</lng>
<d>Zeichnet einen vertikalen String</d>
</text><text><lng>el</lng>
<d>Σχεδιάστε ένα string καθέτως</d>
</text><text><lng>en</lng>
<d>Draw a string vertically</d>
</text></texts></PHPModuleRef><PHPModuleRef>
<t>imagesx</t>
<mn>gd</mn>
<ft>F</ft>
<ver>4_0_0,4_0_1,4_0_2,4_0_3,4_0_4,4_0_5,4_0_6,4_1_0,4_1_1,4_1_2,4_2_0,4_2_1,4_2_2,4_2_3,4_3_0,4_3_1,4_3_10,4_3_11,4_3_2,4_3_3,4_3_4,4_3_5,4_3_6,4_3_7,4_3_8,4_3_9,4_4_0,4_4_1,4_4_2,4_4_3,4_4_4,4_4_5,4_4_6,4_cvs,5_0_0,5_0_1,5_0_2,5_0_3,5_1_0,5_1_1,5_1_2,5_1_3,5_1_4,5_1_5,5_1_6,5_2_0,5_2_1,5_cvs</ver>
<p4>int imagesx(resource im)</p4>
<p4d>Get image width </p4d>
<p5>int imagesx(resource im) U</p5>
<p5d>Get image width </p5d>
<texts><text><lng>de</lng>
<d>Ermittelt die Bild-Breite</d>
</text><text><lng>el</lng>
<d>Ανακτήστε το πλάτος της εικόνας</d>
</text><text><lng>en</lng>
<d>Get image width</d>
</text></texts></PHPModuleRef><PHPModuleRef>
<t>imagesy</t>
<mn>gd</mn>
<ft>F</ft>
<ver>4_0_0,4_0_1,4_0_2,4_0_3,4_0_4,4_0_5,4_0_6,4_1_0,4_1_1,4_1_2,4_2_0,4_2_1,4_2_2,4_2_3,4_3_0,4_3_1,4_3_10,4_3_11,4_3_2,4_3_3,4_3_4,4_3_5,4_3_6,4_3_7,4_3_8,4_3_9,4_4_0,4_4_1,4_4_2,4_4_3,4_4_4,4_4_5,4_4_6,4_cvs,5_0_0,5_0_1,5_0_2,5_0_3,5_1_0,5_1_1,5_1_2,5_1_3,5_1_4,5_1_5,5_1_6,5_2_0,5_2_1,5_cvs</ver>
<p4>int imagesy(resource im)</p4>
<p4d>Get image height </p4d>
<p5>int imagesy(resource im) U</p5>
<p5d>Get image height </p5d>
<texts><text><lng>de</lng>
<d>Ermittelt die Bild-Höhe</d>
</text><text><lng>el</lng>
<d>Ανακτήστε το ύψος μίας εικόνας</d>
</text><text><lng>en</lng>
<d>Get image height</d>
</text></texts></PHPModuleRef><PHPModuleRef>
<t>imagetruecolortopalette</t>
<mn>gd</mn>
<ft>F</ft>
<ver>4_0_6,4_1_0,4_1_1,4_1_2,4_2_0,4_2_1,4_2_2,4_2_3,4_3_0,4_3_1,4_3_10,4_3_11,4_3_2,4_3_3,4_3_4,4_3_5,4_3_6,4_3_7,4_3_8,4_3_9,4_4_0,4_4_1,4_4_2,4_4_3,4_4_4,4_4_5,4_4_6,4_cvs,5_0_0,5_0_1,5_0_2,5_0_3,5_1_0,5_1_1,5_1_2,5_1_3,5_1_4,5_1_5,5_1_6,5_2_0,5_2_1,5_cvs</ver>
<p4>void imagetruecolortopalette(resource im, bool ditherFlag, int colorsWanted)</p4>
<p4d>Convert a true colour image to a palette based image with a number of colours, optionally using dithering. </p4d>
<p5>void imagetruecolortopalette(resource im, bool ditherFlag, int colorsWanted) U</p5>
<p5d>Convert a true colour image to a palette based image with a number of colours, optionally using dithering. </p5d>
<texts><text><lng>el</lng>
<d>Μετατρέψτε μία true color εικόνα σε μία palette εικόνα</d>
</text><text><lng>en</lng>
<d>Convert a true color image to a palette image</d>
</text></texts></PHPModuleRef><PHPModuleRef>
<t>imagettfbbox</t>
<mn>gd</mn>
<ft>F</ft>
<ver>4_0_0,4_0_1,4_0_2,4_0_3,4_0_4,4_0_5,4_0_6,4_1_0,4_1_1,4_1_2,4_2_0,4_2_1,4_2_2,4_2_3,4_3_0,4_3_1,4_3_10,4_3_11,4_3_2,4_3_3,4_3_4,4_3_5,4_3_6,4_3_7,4_3_8,4_3_9,4_4_0,4_4_1,4_4_2,4_4_3,4_4_4,4_4_5,4_4_6,4_cvs,5_0_0,5_0_1,5_0_2,5_0_3,5_1_0,5_1_1,5_1_2,5_1_3,5_1_4,5_1_5,5_1_6,5_2_0,5_2_1,5_cvs</ver>
<p4>array imagettfbbox(float size, float angle, string font_file, string text)</p4>
<p4d>Give the bounding box of a text using TrueType fonts </p4d>
<p5>array imagettfbbox(float size, float angle, string font_file, string text) U</p5>
<p5d>Give the bounding box of a text using TrueType fonts </p5d>
<texts><text><lng>de</lng>
<d>Ermittelt die Rahmenmaße für die Ausgabe eines Textes
     im True-Type-Format</d>
</text><text><lng>el</lng>
<d>Δώστε το bounding box ενός κειμένου χρησιμοποιώντας TrueType γραμματοσειρά</d>
</text><text><lng>en</lng>
<d>Give the bounding box of a text using TrueType fonts</d>
</text><text><lng>es</lng>
<d>Entrega la caja circundante de un texto usando fuentesTrueType</d>
</text></texts></PHPModuleRef><PHPModuleRef>
<t>imagettftext</t>
<mn>gd</mn>
<ft>F</ft>
<ver>4_0_0,4_0_1,4_0_2,4_0_3,4_0_4,4_0_5,4_0_6,4_1_0,4_1_1,4_1_2,4_2_0,4_2_1,4_2_2,4_2_3,4_3_0,4_3_1,4_3_10,4_3_11,4_3_2,4_3_3,4_3_4,4_3_5,4_3_6,4_3_7,4_3_8,4_3_9,4_4_0,4_4_1,4_4_2,4_4_3,4_4_4,4_4_5,4_4_6,4_cvs,5_0_0,5_0_1,5_0_2,5_0_3,5_1_0,5_1_1,5_1_2,5_1_3,5_1_4,5_1_5,5_1_6,5_2_0,5_2_1,5_cvs</ver>
<p4>array imagettftext(resource im, float size, float angle, int x, int y, int col, string font_file, st</p4>
<p4d>Write text to the image using a TrueType font </p4d>
<p5>array imagettftext(resource im, float size, float angle, int x, int y, int col, string font_file, st</p5>
<p5d>Write text to the image using a TrueType font </p5d>
<texts><text><lng>de</lng>
<d>Erzeugt TTF-Text im Bild</d>
</text><text><lng>el</lng>
<d>Γράψτε κείμενο στην εικόνα χρησιμοποιώτας TrueType γραμματοσειρά</d>
</text><text><lng>en</lng>
<d>Write text to the image using TrueType fonts</d>
</text><text><lng>es</lng>
<d>Escribir un texto sobre la imagen usando fuentesTrueType</d>
</text></texts></PHPModuleRef><PHPModuleRef>
<t>imagetypes</t>
<mn>gd</mn>
<ft>F</ft>
<ver>4_0_2,4_0_3,4_0_4,4_0_5,4_0_6,4_1_0,4_1_1,4_1_2,4_2_0,4_2_1,4_2_2,4_2_3,4_3_0,4_3_1,4_3_10,4_3_11,4_3_2,4_3_3,4_3_4,4_3_5,4_3_6,4_3_7,4_3_8,4_3_9,4_4_0,4_4_1,4_4_2,4_4_3,4_4_4,4_4_5,4_4_6,4_cvs,5_0_0,5_0_1,5_0_2,5_0_3,5_1_0,5_1_1,5_1_2,5_1_3,5_1_4,5_1_5,5_1_6,5_2_0,5_2_1,5_cvs</ver>
<p4>int imagetypes(void)</p4>
<p4d>Return the types of images supported in a bitfield - 1=GIF, 2=JPEG, 4=PNG, 8=WBMP, 16=XPM </p4d>
<p5>int imagetypes(void) U</p5>
<p5d>Return the types of images supported in a bitfield - 1=GIF, 2=JPEG, 4=PNG, 8=WBMP, 16=XPM </p5d>
<texts><text><lng>de</lng>
<d>Gibt die von der aktuell verwendeten PHP-Version unterstützten
     Grafik-Formate zurück</d>
</text><text><lng>el</lng>
<d>Επιστρέφει τους τύπους εικόνας που υποστηρίζονται από την εγκατεστημένη PHP</d>
</text><text><lng>en</lng>
<d>Return the image types supported by this PHP build</d>
</text></texts></PHPModuleRef><PHPModuleRef>
<t>imagewbmp</t>
<mn>gd</mn>
<ft>F</ft>
<ver>4_0_1,4_0_2,4_0_3,4_0_4,4_0_5,4_0_6,4_1_0,4_1_1,4_1_2,4_2_0,4_2_1,4_2_2,4_2_3,4_3_0,4_3_1,4_3_10,4_3_11,4_3_2,4_3_3,4_3_4,4_3_5,4_3_6,4_3_7,4_3_8,4_3_9,4_4_0,4_4_1,4_4_2,4_4_3,4_4_4,4_4_5,4_4_6,4_cvs,5_0_0,5_0_1,5_0_2,5_0_3,5_1_0,5_1_1,5_1_2,5_1_3,5_1_4,5_1_5,5_1_6,5_2_0,5_2_1,5_cvs</ver>
<p4>bool imagewbmp(resource im [, string filename, [, int foreground]])</p4>
<p4d>Output WBMP image to browser or file </p4d>
<p5>bool imagewbmp(resource im [, string filename, [, int foreground]]) U</p5>
<p5d>Output WBMP image to browser or file </p5d>
<texts><text><lng>el</lng>
<d>Στείλτε την εικόνα στον browser ή σε ένα αρχείο</d>
</text><text><lng>en</lng>
<d>Output image to browser or file</d>
</text></texts></PHPModuleRef><PHPModuleRef>
<t>imagexbm</t>
<mn>gd</mn>
<ft>F</ft>
<ver>5_0_0,5_0_1,5_0_2,5_0_3,5_1_0,5_1_1,5_1_2,5_1_3,5_1_4,5_1_5,5_1_6,5_2_0,5_2_1,5_cvs</ver>
<p5>int imagexbm(int im, string filename [, int foreground]) U</p5>
<p5d>Output XBM image to browser or file </p5d>
<texts><text><lng>en</lng>
<d>Output XBM image to browser or file</d>
</text></texts></PHPModuleRef><PHPModuleRef>
<t>jpeg2wbmp</t>
<mn>gd</mn>
<ft>F</ft>
<ver>4_0_5,4_0_6,4_1_0,4_1_1,4_1_2,4_2_0,4_2_1,4_2_2,4_2_3,4_3_0,4_3_1,4_3_10,4_3_11,4_3_2,4_3_3,4_3_4,4_3_5,4_3_6,4_3_7,4_3_8,4_3_9,4_4_0,4_4_1,4_4_2,4_4_3,4_4_4,4_4_5,4_4_6,4_cvs,5_0_0,5_0_1,5_0_2,5_0_3,5_1_0,5_1_1,5_1_2,5_1_3,5_1_4,5_1_5,5_1_6,5_2_0,5_2_1,5_cvs</ver>
<p4>bool jpeg2wbmp (string f_org, string f_dest, int d_height, int d_width, int threshold)</p4>
<p4d>Convert JPEG image to WBMP image </p4d>
<p5>bool jpeg2wbmp (string f_org, string f_dest, int d_height, int d_width, int threshold) U</p5>
<p5d>Convert JPEG image to WBMP image </p5d>
<texts><text><lng>el</lng>
<d>Μετατρέψτε ένα αρχείο τύπου JPEG σε WBMP</d>
</text><text><lng>en</lng>
<d>Convert JPEG image file to WBMP image file</d>
</text></texts></PHPModuleRef><PHPModuleRef>
<t>png2wbmp</t>
<mn>gd</mn>
<ft>F</ft>
<ver>4_0_5,4_0_6,4_1_0,4_1_1,4_1_2,4_2_0,4_2_1,4_2_2,4_2_3,4_3_0,4_3_1,4_3_10,4_3_11,4_3_2,4_3_3,4_3_4,4_3_5,4_3_6,4_3_7,4_3_8,4_3_9,4_4_0,4_4_1,4_4_2,4_4_3,4_4_4,4_4_5,4_4_6,4_cvs,5_0_0,5_0_1,5_0_2,5_0_3,5_1_0,5_1_1,5_1_2,5_1_3,5_1_4,5_1_5,5_1_6,5_2_0,5_2_1,5_cvs</ver>
<p4>bool png2wbmp (string f_org, string f_dest, int d_height, int d_width, int threshold)</p4>
<p4d>Convert PNG image to WBMP image </p4d>
<p5>bool png2wbmp (string f_org, string f_dest, int d_height, int d_width, int threshold) U</p5>
<p5d>Convert PNG image to WBMP image </p5d>
<texts><text><lng>el</lng>
<d>Μετατρέψτε ένα PNG αρχείο εικόνας σε ένα WBMP</d>
</text><text><lng>en</lng>
<d>Convert PNG image file to WBMP image file</d>
</text></texts></PHPModuleRef><PHPModuleRef>
<t>ImagePSBBox</t>
<mn>gd</mn>
<ft>F</ft>
<ver></ver>
<texts><text><lng>es</lng>
<d>Devuelve el borde que rodea un rectángulo de texto usando fuentes PostScript Type1</d>
</text></texts></PHPModuleRef><PHPModuleRef>
<t>ImagePSEncodeFont</t>
<mn>gd</mn>
<ft>F</ft>
<ver></ver>
<texts><text><lng>es</lng>
<d>Cambia el vector de codificación de caracteres de una fuente</d>
</text></texts></PHPModuleRef><PHPModuleRef>
<t>ImagePSFreeFont</t>
<mn>gd</mn>
<ft>F</ft>
<ver></ver>
<texts><text><lng>es</lng>
<d>Libera la memoria usada por un fuente PostScript Type 1</d>
</text></texts></PHPModuleRef><PHPModuleRef>
<t>ImagePSText</t>
<mn>gd</mn>
<ft>F</ft>
<ver></ver>
<texts><text><lng>es</lng>
<d>Para dibujar una cadena de texto sobre una imagen usando fuentes PostScript Type1</d>
</text></texts></PHPModuleRef><PHPModuleRef>
<t>ImageRectangle</t>
<mn>gd</mn>
<ft>F</ft>
<ver></ver>
<texts><text><lng>es</lng>
<d>Dibuja un rectángulo</d>
</text></texts></PHPModuleRef><PHPModuleRef>
<t>ImageSetPixel</t>
<mn>gd</mn>
<ft>F</ft>
<ver></ver>
<texts><text><lng>es</lng>
<d>Dibuja un pixel</d>
</text></texts></PHPModuleRef><PHPModuleRef>
<t>ImageString</t>
<mn>gd</mn>
<ft>F</ft>
<ver></ver>
<texts><text><lng>es</lng>
<d>Dibuja una cadena de texto horizintalmente</d>
</text></texts></PHPModuleRef><PHPModuleRef>
<t>ImageStringUp</t>
<mn>gd</mn>
<ft>F</ft>
<ver></ver>
<texts><text><lng>es</lng>
<d>Dibuja una cadena de texto verticalmente</d>
</text></texts></PHPModuleRef><PHPModuleRef>
<t>ImageSX</t>
<mn>gd</mn>
<ft>F</ft>
<ver></ver>
<texts><text><lng>es</lng>
<d>Obtiene la anchura de la imagen</d>
</text></texts></PHPModuleRef><PHPModuleRef>
<t>ImageSY</t>
<mn>gd</mn>
<ft>F</ft>
<ver></ver>
<texts><text><lng>es</lng>
<d>Obtiene la altura de la imagen</d>
</text></texts></PHPModuleRef></PHPModuleRef-List>
