<?xml version="1.0" encoding="utf-8"?>
<PHPModuleRef-List>
<PHPModuleRef>
<t>bindtextdomain</t>
<mn>gettext</mn>
<ft>F</ft>
<ver>4_0_0,4_0_1,4_0_2,4_0_3,4_0_4,4_0_5,4_0_6,4_1_0,4_1_1,4_1_2,4_2_0,4_2_1,4_2_2,4_2_3,4_3_0,4_3_1,4_3_10,4_3_11,4_3_2,4_3_3,4_3_4,4_3_5,4_3_6,4_3_7,4_3_8,4_3_9,4_4_0,4_4_1,4_4_2,4_4_3,4_4_4,4_4_5,4_4_6,4_cvs,5_0_0,5_0_1,5_0_2,5_0_3,5_1_0,5_1_1,5_1_2,5_1_3,5_1_4,5_1_5,5_1_6,5_2_0,5_2_1,5_cvs</ver>
<p4>string bindtextdomain(string domain_name, string dir)</p4>
<p4d>Bind to the text domain domain_name, looking for translations in dir. Returns the current domain </p4d>
<p5>string bindtextdomain(string domain_name, string dir) U</p5>
<p5d>Bind to the text domain domain_name, looking for translations in dir. Returns the current domain </p5d>
<texts><text><lng>cs</lng>
<d>Nastavit cestu pro doménu</d>
</text><text><lng>de</lng>
<d>Setzt den Pfad für eine Domain</d>
</text><text><lng>en</lng>
<d>Sets the path for a domain</d>
</text><text><lng>es</lng>
<d>Define la ruta para un dominio</d>
</text></texts></PHPModuleRef><PHPModuleRef>
<t>bind_textdomain_codeset</t>
<mn>gettext</mn>
<ft>F</ft>
<ver>4_2_0,4_2_1,4_2_2,4_2_3,4_3_0,4_3_1,4_3_10,4_3_11,4_3_2,4_3_3,4_3_4,4_3_5,4_3_6,4_3_7,4_3_8,4_3_9,4_4_0,4_4_1,4_4_2,4_4_3,4_4_4,4_4_5,4_4_6,4_cvs,5_0_0,5_0_1,5_0_2,5_0_3,5_1_0,5_1_1,5_1_2,5_1_3,5_1_4,5_1_5,5_1_6,5_2_0,5_2_1,5_cvs</ver>
<p4>string bind_textdomain_codeset (string domain, string codeset)</p4>
<p4d>Specify the character encoding in which the messages from the DOMAIN message catalog will be returned. </p4d>
<p5>string bind_textdomain_codeset (string domain, string codeset) U</p5>
<p5d>Specify the character encoding in which the messages from the DOMAIN message catalog will be returned. </p5d>
<texts><text><lng>de</lng>
<d>Gibt das Encoding an, in dem Texte aus derÜbersetzungstabelle der DOMAIN
   zurückgegeben werden</d>
</text><text><lng>en</lng>
<d>Specify the character encoding in which the messages from the DOMAIN message catalog will be returned</d>
</text><text><lng>es</lng>
<d>Especificar la codificación de caracteres con la que serán
  devueltos los mensajes del catálogo DOMINIO</d>
</text></texts></PHPModuleRef><PHPModuleRef>
<t>dcgettext</t>
<mn>gettext</mn>
<ft>F</ft>
<ver>4_0_0,4_0_1,4_0_2,4_0_3,4_0_4,4_0_5,4_0_6,4_1_0,4_1_1,4_1_2,4_2_0,4_2_1,4_2_2,4_2_3,4_3_0,4_3_1,4_3_10,4_3_11,4_3_2,4_3_3,4_3_4,4_3_5,4_3_6,4_3_7,4_3_8,4_3_9,4_4_0,4_4_1,4_4_2,4_4_3,4_4_4,4_4_5,4_4_6,4_cvs,5_0_0,5_0_1,5_0_2,5_0_3,5_1_0,5_1_1,5_1_2,5_1_3,5_1_4,5_1_5,5_1_6,5_2_0,5_2_1,5_cvs</ver>
<p4>string dcgettext(string domain_name, string msgid, long category)</p4>
<p4d>Return the translation of msgid for domain_name and category, or msgid unaltered if a translation does not exist </p4d>
<p5>binary dcgettext(string domain_name, string msgid, int category) U</p5>
<p5d>Return the translation of msgid for domain_name and category, or msgid unaltered if a translation does not exist </p5d>
<texts><text><lng>cs</lng>
<d>Změnit doménu pro jediné vyhledání</d>
</text><text><lng>de</lng>
<d>Überschreibt die gesetzte Domain für eine einzelne Abfrage</d>
</text><text><lng>en</lng>
<d>Overrides the domain for a single lookup</d>
</text><text><lng>es</lng>
<d>Sobrescribe el dominio para una búsqueda única</d>
</text></texts></PHPModuleRef><PHPModuleRef>
<t>dcngettext</t>
<mn>gettext</mn>
<ft>F</ft>
<ver>4_2_0,4_2_1,4_2_2,4_2_3,4_3_0,4_3_1,4_3_10,4_3_11,4_3_2,4_3_3,4_3_4,4_3_5,4_3_6,4_3_7,4_3_8,4_3_9,4_4_0,4_4_1,4_4_2,4_4_3,4_4_4,4_4_5,4_4_6,4_cvs,5_0_0,5_0_1,5_0_2,5_0_3,5_1_0,5_1_1,5_1_2,5_1_3,5_1_4,5_1_5,5_1_6,5_2_0,5_2_1,5_cvs</ver>
<p4>string dcngettext (string domain, string msgid1, string msgid2, int n, int category)</p4>
<p4d>Plural version of dcgettext() </p4d>
<p5>binary dcngettext (string domain, string msgid1, string msgid2, int count, int category) U</p5>
<p5d>Plural version of dcgettext() </p5d>
<texts><text><lng>de</lng>
<d>Pluralversion von dcgettext</d>
</text><text><lng>en</lng>
<d>Plural version of dcgettext</d>
</text><text><lng>es</lng>
<d>Versión plural de dcgettext</d>
</text></texts></PHPModuleRef><PHPModuleRef>
<t>dgettext</t>
<mn>gettext</mn>
<ft>F</ft>
<ver>4_0_0,4_0_1,4_0_2,4_0_3,4_0_4,4_0_5,4_0_6,4_1_0,4_1_1,4_1_2,4_2_0,4_2_1,4_2_2,4_2_3,4_3_0,4_3_1,4_3_10,4_3_11,4_3_2,4_3_3,4_3_4,4_3_5,4_3_6,4_3_7,4_3_8,4_3_9,4_4_0,4_4_1,4_4_2,4_4_3,4_4_4,4_4_5,4_4_6,4_cvs,5_0_0,5_0_1,5_0_2,5_0_3,5_1_0,5_1_1,5_1_2,5_1_3,5_1_4,5_1_5,5_1_6,5_2_0,5_2_1,5_cvs</ver>
<p4>string dgettext(string domain_name, string msgid)</p4>
<p4d>Return the translation of msgid for domain_name, or msgid unaltered if a translation does not exist </p4d>
<p5>binary dgettext(string domain_name, string msgid) U</p5>
<p5d>Return the translation of msgid for domain_name, or msgid unaltered if a translation does not exist </p5d>
<texts><text><lng>cs</lng>
<d>Změnit současnou doménu</d>
</text><text><lng>de</lng>
<d>Überschreibt die aktuelle Domain</d>
</text><text><lng>en</lng>
<d>Override the current domain</d>
</text><text><lng>es</lng>
<d>Sobrescribir el dominio actual</d>
</text></texts></PHPModuleRef><PHPModuleRef>
<t>dngettext</t>
<mn>gettext</mn>
<ft>F</ft>
<ver>4_2_0,4_2_1,4_2_2,4_2_3,4_3_0,4_3_1,4_3_10,4_3_11,4_3_2,4_3_3,4_3_4,4_3_5,4_3_6,4_3_7,4_3_8,4_3_9,4_4_0,4_4_1,4_4_2,4_4_3,4_4_4,4_4_5,4_4_6,4_cvs,5_0_0,5_0_1,5_0_2,5_0_3,5_1_0,5_1_1,5_1_2,5_1_3,5_1_4,5_1_5,5_1_6,5_2_0,5_2_1,5_cvs</ver>
<p4>string dngettext (string domain, string msgid1, string msgid2, int count)</p4>
<p4d>Plural version of dgettext() </p4d>
<p5>binary dngettext (string domain, string msgid1, string msgid2, int count) U</p5>
<p5d>Plural version of dgettext() </p5d>
<texts><text><lng>de</lng>
<d>Pluralversion von dgettext</d>
</text><text><lng>en</lng>
<d>Plural version of dgettext</d>
</text></texts></PHPModuleRef><PHPModuleRef>
<t>gettext</t>
<mn>gettext</mn>
<ft>F</ft>
<ver>4_0_0,4_0_1,4_0_2,4_0_3,4_0_4,4_0_5,4_0_6,4_1_0,4_1_1,4_1_2,4_2_0,4_2_1,4_2_2,4_2_3,4_3_0,4_3_1,4_3_10,4_3_11,4_3_2,4_3_3,4_3_4,4_3_5,4_3_6,4_3_7,4_3_8,4_3_9,4_4_0,4_4_1,4_4_2,4_4_3,4_4_4,4_4_5,4_4_6,4_cvs,5_0_0,5_0_1,5_0_2,5_0_3,5_1_0,5_1_1,5_1_2,5_1_3,5_1_4,5_1_5,5_1_6,5_2_0,5_2_1,5_cvs</ver>
<p4>string gettext(string msgid)</p4>
<p4d>Return the translation of msgid for the current domain, or msgid unaltered if a translation does not exist </p4d>
<p5>binary gettext(string msgid) U</p5>
<p5d>Return the translation of msgid for the current domain, or msgid unaltered if a translation does not exist </p5d>
<texts><text><lng>cs</lng>
<d>Vyhledat zprávu v současné doméně</d>
</text><text><lng>de</lng>
<d>Sucht einen Text in der aktuellen Domain</d>
</text><text><lng>en</lng>
<d>Lookup a message in the current domain</d>
</text><text><lng>es</lng>
<d>Consultar un mensaje en el dominio actual</d>
</text></texts></PHPModuleRef><PHPModuleRef>
<t>ngettext</t>
<mn>gettext</mn>
<ft>F</ft>
<ver>4_2_0,4_2_1,4_2_2,4_2_3,4_3_0,4_3_1,4_3_10,4_3_11,4_3_2,4_3_3,4_3_4,4_3_5,4_3_6,4_3_7,4_3_8,4_3_9,4_4_0,4_4_1,4_4_2,4_4_3,4_4_4,4_4_5,4_4_6,4_cvs,5_0_0,5_0_1,5_0_2,5_0_3,5_1_0,5_1_1,5_1_2,5_1_3,5_1_4,5_1_5,5_1_6,5_2_0,5_2_1,5_cvs</ver>
<p4>string ngettext(string MSGID1, string MSGID2, int N)</p4>
<p4d>Plural version of gettext() </p4d>
<p5>binary ngettext(string msgid1, string msgid2, int count) U</p5>
<p5d>Plural version of gettext() </p5d>
<texts><text><lng>de</lng>
<d>Pluralversion von gettext</d>
</text><text><lng>en</lng>
<d>Plural version of gettext</d>
</text><text><lng>es</lng>
<d>Versión plural de gettext</d>
</text></texts></PHPModuleRef><PHPModuleRef>
<t>textdomain</t>
<mn>gettext</mn>
<ft>F</ft>
<ver>4_0_0,4_0_1,4_0_2,4_0_3,4_0_4,4_0_5,4_0_6,4_1_0,4_1_1,4_1_2,4_2_0,4_2_1,4_2_2,4_2_3,4_3_0,4_3_1,4_3_10,4_3_11,4_3_2,4_3_3,4_3_4,4_3_5,4_3_6,4_3_7,4_3_8,4_3_9,4_4_0,4_4_1,4_4_2,4_4_3,4_4_4,4_4_5,4_4_6,4_cvs,5_0_0,5_0_1,5_0_2,5_0_3,5_1_0,5_1_1,5_1_2,5_1_3,5_1_4,5_1_5,5_1_6,5_2_0,5_2_1,5_cvs</ver>
<p4>string textdomain(string domain)</p4>
<p4d>Set the textdomain to &quot;domain&quot;. Returns the current domain </p4d>
<p5>string textdomain(string domain) U</p5>
<p5d>Set the textdomain to &quot;domain&quot;. Returns the current domain </p5d>
<texts><text><lng>cs</lng>
<d>Nastavit výchozí doménu</d>
</text><text><lng>de</lng>
<d>Setzt die Standarddomain</d>
</text><text><lng>en</lng>
<d>Sets the default domain</d>
</text><text><lng>es</lng>
<d>Establece el dominio predeterminado</d>
</text></texts></PHPModuleRef><PHPModuleRef>
<t>_</t>
<mn>gettext</mn>
<ft>A</ft>
<af>gettext</af>
<ver>4_0_0,4_0_1,4_0_2,4_0_3,4_0_4,4_0_5,4_0_6,4_1_0,4_1_1,4_1_2,4_2_0,4_2_1,4_2_2,4_2_3,4_3_0,4_3_1,4_3_10,4_3_11,4_3_2,4_3_3,4_3_4,4_3_5,4_3_6,4_3_7,4_3_8,4_3_9,4_4_0,4_4_1,4_4_2,4_4_3,4_4_4,4_4_5,4_4_6,4_cvs,5_0_0,5_0_1,5_0_2,5_0_3,5_1_0,5_1_1,5_1_2,5_1_3,5_1_4,5_1_5,5_1_6,5_2_0,5_2_1,5_cvs</ver>
</PHPModuleRef></PHPModuleRef-List>
