<?xml version="1.0" encoding="utf-8"?>
<PHPModuleRef-List>
<PHPModuleRef>
<t>gmp_abs</t>
<mn>gmp</mn>
<ft>F</ft>
<ver>4_0_4,4_0_5,4_0_6,4_1_0,4_1_1,4_1_2,4_2_0,4_2_1,4_2_2,4_2_3,4_3_0,4_3_1,4_3_10,4_3_11,4_3_2,4_3_3,4_3_4,4_3_5,4_3_6,4_3_7,4_3_8,4_3_9,4_4_0,4_4_1,4_4_2,4_4_3,4_4_4,4_4_5,4_4_6,4_cvs,5_0_0,5_0_1,5_0_2,5_0_3,5_1_0,5_1_1,5_1_2,5_1_3,5_1_4,5_1_5,5_1_6,5_2_0,5_2_1,5_cvs</ver>
<p4>resource gmp_abs(resource a)</p4>
<p4d>Calculates absolute value </p4d>
<p5>resource gmp_abs(resource a) U</p5>
<p5d>Calculates absolute value </p5d>
<texts><text><lng>en</lng>
<d>Absolute value</d>
</text><text><lng>es</lng>
<d>Valor absoluto</d>
</text></texts></PHPModuleRef><PHPModuleRef>
<t>gmp_add</t>
<mn>gmp</mn>
<ft>F</ft>
<ver>4_0_4,4_0_5,4_0_6,4_1_0,4_1_1,4_1_2,4_2_0,4_2_1,4_2_2,4_2_3,4_3_0,4_3_1,4_3_10,4_3_11,4_3_2,4_3_3,4_3_4,4_3_5,4_3_6,4_3_7,4_3_8,4_3_9,4_4_0,4_4_1,4_4_2,4_4_3,4_4_4,4_4_5,4_4_6,4_cvs,5_0_0,5_0_1,5_0_2,5_0_3,5_1_0,5_1_1,5_1_2,5_1_3,5_1_4,5_1_5,5_1_6,5_2_0,5_2_1,5_cvs</ver>
<p4>resource gmp_add(resource a, resource b)</p4>
<p4d>Add a and b </p4d>
<p5>resource gmp_add(resource a, resource b) U</p5>
<p5d>Add a and b </p5d>
<texts><text><lng>en</lng>
<d>Add numbers</d>
</text><text><lng>es</lng>
<d>Suma números</d>
</text></texts></PHPModuleRef><PHPModuleRef>
<t>gmp_and</t>
<mn>gmp</mn>
<ft>F</ft>
<ver>4_0_4,4_0_5,4_0_6,4_1_0,4_1_1,4_1_2,4_2_0,4_2_1,4_2_2,4_2_3,4_3_0,4_3_1,4_3_10,4_3_11,4_3_2,4_3_3,4_3_4,4_3_5,4_3_6,4_3_7,4_3_8,4_3_9,4_4_0,4_4_1,4_4_2,4_4_3,4_4_4,4_4_5,4_4_6,4_cvs,5_0_0,5_0_1,5_0_2,5_0_3,5_1_0,5_1_1,5_1_2,5_1_3,5_1_4,5_1_5,5_1_6,5_2_0,5_2_1,5_cvs</ver>
<p4>resource gmp_and(resource a, resource b)</p4>
<p4d>Calculates logical AND of a and b </p4d>
<p5>resource gmp_and(resource a, resource b) U</p5>
<p5d>Calculates logical AND of a and b </p5d>
<texts><text><lng>en</lng>
<d>Logical AND</d>
</text><text><lng>es</lng>
<d>Realiza una operación de AND lógico</d>
</text></texts></PHPModuleRef><PHPModuleRef>
<t>gmp_clrbit</t>
<mn>gmp</mn>
<ft>F</ft>
<ver>4_0_4,4_0_5,4_0_6,4_1_0,4_1_1,4_1_2,4_2_0,4_2_1,4_2_2,4_2_3,4_3_0,4_3_1,4_3_10,4_3_11,4_3_2,4_3_3,4_3_4,4_3_5,4_3_6,4_3_7,4_3_8,4_3_9,4_4_0,4_4_1,4_4_2,4_4_3,4_4_4,4_4_5,4_4_6,4_cvs,5_0_0,5_0_1,5_0_2,5_0_3,5_1_0,5_1_1,5_1_2,5_1_3,5_1_4,5_1_5,5_1_6,5_2_0,5_2_1,5_cvs</ver>
<p4>void gmp_clrbit(resource &amp;a, int index)</p4>
<p4d>Clears bit in a </p4d>
<p5>void gmp_clrbit(resource &amp;a, int index) U</p5>
<p5d>Clears bit in a </p5d>
<texts><text><lng>en</lng>
<d>Clear bit</d>
</text><text><lng>es</lng>
<d>Borra un bit</d>
</text></texts></PHPModuleRef><PHPModuleRef>
<t>gmp_cmp</t>
<mn>gmp</mn>
<ft>F</ft>
<ver>4_0_4,4_0_5,4_0_6,4_1_0,4_1_1,4_1_2,4_2_0,4_2_1,4_2_2,4_2_3,4_3_0,4_3_1,4_3_10,4_3_11,4_3_2,4_3_3,4_3_4,4_3_5,4_3_6,4_3_7,4_3_8,4_3_9,4_4_0,4_4_1,4_4_2,4_4_3,4_4_4,4_4_5,4_4_6,4_cvs,5_0_0,5_0_1,5_0_2,5_0_3,5_1_0,5_1_1,5_1_2,5_1_3,5_1_4,5_1_5,5_1_6,5_2_0,5_2_1,5_cvs</ver>
<p4>int gmp_cmp(resource a, resource b)</p4>
<p4d>Compares two numbers </p4d>
<p5>int gmp_cmp(resource a, resource b) U</p5>
<p5d>Compares two numbers </p5d>
<texts><text><lng>en</lng>
<d>Compare numbers</d>
</text><text><lng>es</lng>
<d>Compara números</d>
</text></texts></PHPModuleRef><PHPModuleRef>
<t>gmp_com</t>
<mn>gmp</mn>
<ft>F</ft>
<ver>4_0_4,4_0_5,4_0_6,4_1_0,4_1_1,4_1_2,4_2_0,4_2_1,4_2_2,4_2_3,4_3_0,4_3_1,4_3_10,4_3_11,4_3_2,4_3_3,4_3_4,4_3_5,4_3_6,4_3_7,4_3_8,4_3_9,4_4_0,4_4_1,4_4_2,4_4_3,4_4_4,4_4_5,4_4_6,4_cvs,5_0_0,5_0_1,5_0_2,5_0_3,5_1_0,5_1_1,5_1_2,5_1_3,5_1_4,5_1_5,5_1_6,5_2_0,5_2_1,5_cvs</ver>
<p4>resource gmp_com(resource a)</p4>
<p4d>Calculates one's complement of a </p4d>
<p5>resource gmp_com(resource a) U</p5>
<p5d>Calculates one's complement of a </p5d>
<texts><text><lng>en</lng>
<d>Calculates one's complement</d>
</text><text><lng>es</lng>
<d>Calcula el complementario</d>
</text></texts></PHPModuleRef><PHPModuleRef>
<t>gmp_div</t>
<mn>gmp</mn>
<ft>A</ft>
<af>gmp_div_q</af>
<ver>4_0_4,4_0_5,4_0_6,4_1_0,4_1_1,4_1_2,4_2_0,4_2_1,4_2_2,4_2_3,4_3_0,4_3_1,4_3_10,4_3_11,4_3_2,4_3_3,4_3_4,4_3_5,4_3_6,4_3_7,4_3_8,4_3_9,4_4_0,4_4_1,4_4_2,4_4_3,4_4_4,4_4_5,4_4_6,4_cvs,5_0_0,5_0_1,5_0_2,5_0_3,5_1_0,5_1_1,5_1_2,5_1_3,5_1_4,5_1_5,5_1_6,5_2_0,5_2_1,5_cvs</ver>
</PHPModuleRef><PHPModuleRef>
<t>gmp_divexact</t>
<mn>gmp</mn>
<ft>F</ft>
<ver>4_0_4,4_0_5,4_0_6,4_1_0,4_1_1,4_1_2,4_2_0,4_2_1,4_2_2,4_2_3,4_3_0,4_3_1,4_3_10,4_3_11,4_3_2,4_3_3,4_3_4,4_3_5,4_3_6,4_3_7,4_3_8,4_3_9,4_4_0,4_4_1,4_4_2,4_4_3,4_4_4,4_4_5,4_4_6,4_cvs,5_0_0,5_0_1,5_0_2,5_0_3,5_1_0,5_1_1,5_1_2,5_1_3,5_1_4,5_1_5,5_1_6,5_2_0,5_2_1,5_cvs</ver>
<p4>resource gmp_divexact(resource a, resource b)</p4>
<p4d>Divide a by b using exact division algorithm </p4d>
<p5>resource gmp_divexact(resource a, resource b) U</p5>
<p5d>Divide a by b using exact division algorithm </p5d>
<texts><text><lng>en</lng>
<d>Exact division of numbers</d>
</text><text><lng>es</lng>
<d>División exacta de números</d>
</text></texts></PHPModuleRef><PHPModuleRef>
<t>gmp_div_q</t>
<mn>gmp</mn>
<ft>F</ft>
<ver>4_0_4,4_0_5,4_0_6,4_1_0,4_1_1,4_1_2,4_2_0,4_2_1,4_2_2,4_2_3,4_3_0,4_3_1,4_3_10,4_3_11,4_3_2,4_3_3,4_3_4,4_3_5,4_3_6,4_3_7,4_3_8,4_3_9,4_4_0,4_4_1,4_4_2,4_4_3,4_4_4,4_4_5,4_4_6,4_cvs,5_0_0,5_0_1,5_0_2,5_0_3,5_1_0,5_1_1,5_1_2,5_1_3,5_1_4,5_1_5,5_1_6,5_2_0,5_2_1,5_cvs</ver>
<p4>resource gmp_div_q(resource a, resource b [, int round])</p4>
<p4d>Divide a by b, returns quotient only </p4d>
<p5>resource gmp_div_q(resource a, resource b [, int round]) U</p5>
<p5d>Divide a by b, returns quotient only </p5d>
<texts><text><lng>en</lng>
<d>Divide numbers</d>
</text><text><lng>es</lng>
<d>Divide números</d>
</text></texts></PHPModuleRef><PHPModuleRef>
<t>gmp_div_qr</t>
<mn>gmp</mn>
<ft>F</ft>
<ver>4_0_4,4_0_5,4_0_6,4_1_0,4_1_1,4_1_2,4_2_0,4_2_1,4_2_2,4_2_3,4_3_0,4_3_1,4_3_10,4_3_11,4_3_2,4_3_3,4_3_4,4_3_5,4_3_6,4_3_7,4_3_8,4_3_9,4_4_0,4_4_1,4_4_2,4_4_3,4_4_4,4_4_5,4_4_6,4_cvs,5_0_0,5_0_1,5_0_2,5_0_3,5_1_0,5_1_1,5_1_2,5_1_3,5_1_4,5_1_5,5_1_6,5_2_0,5_2_1,5_cvs</ver>
<p4>array gmp_div_qr(resource a, resource b [, int round])</p4>
<p4d>Divide a by b, returns quotient and reminder </p4d>
<p5>array gmp_div_qr(resource a, resource b [, int round]) U</p5>
<p5d>Divide a by b, returns quotient and reminder </p5d>
<texts><text><lng>en</lng>
<d>Divide numbers and get quotient and remainder</d>
</text><text><lng>es</lng>
<d>Divide números y obtiene el cociente y el resto</d>
</text></texts></PHPModuleRef><PHPModuleRef>
<t>gmp_div_r</t>
<mn>gmp</mn>
<ft>F</ft>
<ver>4_0_4,4_0_5,4_0_6,4_1_0,4_1_1,4_1_2,4_2_0,4_2_1,4_2_2,4_2_3,4_3_0,4_3_1,4_3_10,4_3_11,4_3_2,4_3_3,4_3_4,4_3_5,4_3_6,4_3_7,4_3_8,4_3_9,4_4_0,4_4_1,4_4_2,4_4_3,4_4_4,4_4_5,4_4_6,4_cvs,5_0_0,5_0_1,5_0_2,5_0_3,5_1_0,5_1_1,5_1_2,5_1_3,5_1_4,5_1_5,5_1_6,5_2_0,5_2_1,5_cvs</ver>
<p4>resource gmp_div_r(resource a, resource b [, int round])</p4>
<p4d>Divide a by b, returns reminder only </p4d>
<p5>resource gmp_div_r(resource a, resource b [, int round]) U</p5>
<p5d>Divide a by b, returns reminder only </p5d>
<texts><text><lng>en</lng>
<d>Remainder of the division of numbers</d>
</text><text><lng>es</lng>
<d>Resto de la división de números</d>
</text></texts></PHPModuleRef><PHPModuleRef>
<t>gmp_fact</t>
<mn>gmp</mn>
<ft>F</ft>
<ver>4_0_4,4_0_5,4_0_6,4_1_0,4_1_1,4_1_2,4_2_0,4_2_1,4_2_2,4_2_3,4_3_0,4_3_1,4_3_10,4_3_11,4_3_2,4_3_3,4_3_4,4_3_5,4_3_6,4_3_7,4_3_8,4_3_9,4_4_0,4_4_1,4_4_2,4_4_3,4_4_4,4_4_5,4_4_6,4_cvs,5_0_0,5_0_1,5_0_2,5_0_3,5_1_0,5_1_1,5_1_2,5_1_3,5_1_4,5_1_5,5_1_6,5_2_0,5_2_1,5_cvs</ver>
<p4>resource gmp_fact(int a)</p4>
<p4d>Calculates factorial function </p4d>
<p5>resource gmp_fact(int a) U</p5>
<p5d>Calculates factorial function </p5d>
<texts><text><lng>en</lng>
<d>Factorial</d>
</text><text><lng>es</lng>
<d>Factorial</d>
</text></texts></PHPModuleRef><PHPModuleRef>
<t>gmp_gcd</t>
<mn>gmp</mn>
<ft>F</ft>
<ver>4_0_4,4_0_5,4_0_6,4_1_0,4_1_1,4_1_2,4_2_0,4_2_1,4_2_2,4_2_3,4_3_0,4_3_1,4_3_10,4_3_11,4_3_2,4_3_3,4_3_4,4_3_5,4_3_6,4_3_7,4_3_8,4_3_9,4_4_0,4_4_1,4_4_2,4_4_3,4_4_4,4_4_5,4_4_6,4_cvs,5_0_0,5_0_1,5_0_2,5_0_3,5_1_0,5_1_1,5_1_2,5_1_3,5_1_4,5_1_5,5_1_6,5_2_0,5_2_1,5_cvs</ver>
<p4>resource gmp_gcd(resource a, resource b)</p4>
<p4d>Computes greatest common denominator (gcd) of a and b </p4d>
<p5>resource gmp_gcd(resource a, resource b) U</p5>
<p5d>Computes greatest common denominator (gcd) of a and b </p5d>
<texts><text><lng>en</lng>
<d>Calculate GCD</d>
</text><text><lng>es</lng>
<d>Calcula el MCD (máximo común divisor)</d>
</text></texts></PHPModuleRef><PHPModuleRef>
<t>gmp_gcdext</t>
<mn>gmp</mn>
<ft>F</ft>
<ver>4_0_4,4_0_5,4_0_6,4_1_0,4_1_1,4_1_2,4_2_0,4_2_1,4_2_2,4_2_3,4_3_0,4_3_1,4_3_10,4_3_11,4_3_2,4_3_3,4_3_4,4_3_5,4_3_6,4_3_7,4_3_8,4_3_9,4_4_0,4_4_1,4_4_2,4_4_3,4_4_4,4_4_5,4_4_6,4_cvs,5_0_0,5_0_1,5_0_2,5_0_3,5_1_0,5_1_1,5_1_2,5_1_3,5_1_4,5_1_5,5_1_6,5_2_0,5_2_1,5_cvs</ver>
<p4>array gmp_gcdext(resource a, resource b)</p4>
<p4d>Computes G, S, and T, such that AS + BT = G = `gcd' (A, B) </p4d>
<p5>array gmp_gcdext(resource a, resource b) U</p5>
<p5d>Computes G, S, and T, such that AS + BT = G = `gcd' (A, B) </p5d>
<texts><text><lng>en</lng>
<d>Calculate GCD and multipliers</d>
</text><text><lng>es</lng>
<d>Calcula el MCD y los coeficientes</d>
</text></texts></PHPModuleRef><PHPModuleRef>
<t>gmp_hamdist</t>
<mn>gmp</mn>
<ft>F</ft>
<ver>4_0_4,4_0_5,4_0_6,4_1_0,4_1_1,4_1_2,4_2_0,4_2_1,4_2_2,4_2_3,4_3_0,4_3_1,4_3_10,4_3_11,4_3_2,4_3_3,4_3_4,4_3_5,4_3_6,4_3_7,4_3_8,4_3_9,4_4_0,4_4_1,4_4_2,4_4_3,4_4_4,4_4_5,4_4_6,4_cvs,5_0_0,5_0_1,5_0_2,5_0_3,5_1_0,5_1_1,5_1_2,5_1_3,5_1_4,5_1_5,5_1_6,5_2_0,5_2_1,5_cvs</ver>
<p4>int gmp_hamdist(resource a, resource b)</p4>
<p4d>Calculates hamming distance between a and b </p4d>
<p5>int gmp_hamdist(resource a, resource b) U</p5>
<p5d>Calculates hamming distance between a and b </p5d>
<texts><text><lng>en</lng>
<d>Hamming distance</d>
</text><text><lng>es</lng>
<d>Distancia de Hamming</d>
</text></texts></PHPModuleRef><PHPModuleRef>
<t>gmp_init</t>
<mn>gmp</mn>
<ft>F</ft>
<ver>4_0_4,4_0_5,4_0_6,4_1_0,4_1_1,4_1_2,4_2_0,4_2_1,4_2_2,4_2_3,4_3_0,4_3_1,4_3_10,4_3_11,4_3_2,4_3_3,4_3_4,4_3_5,4_3_6,4_3_7,4_3_8,4_3_9,4_4_0,4_4_1,4_4_2,4_4_3,4_4_4,4_4_5,4_4_6,4_cvs,5_0_0,5_0_1,5_0_2,5_0_3,5_1_0,5_1_1,5_1_2,5_1_3,5_1_4,5_1_5,5_1_6,5_2_0,5_2_1,5_cvs</ver>
<p4>resource gmp_init(mixed number [, int base])</p4>
<p4d>Initializes GMP number </p4d>
<p5>resource gmp_init(mixed number [, int base]) U</p5>
<p5d>Initializes GMP number </p5d>
<texts><text><lng>en</lng>
<d>Create GMP number</d>
</text><text><lng>es</lng>
<d>Crea un número GMP</d>
</text></texts></PHPModuleRef><PHPModuleRef>
<t>gmp_intval</t>
<mn>gmp</mn>
<ft>F</ft>
<ver>4_0_4,4_0_5,4_0_6,4_1_0,4_1_1,4_1_2,4_2_0,4_2_1,4_2_2,4_2_3,4_3_0,4_3_1,4_3_10,4_3_11,4_3_2,4_3_3,4_3_4,4_3_5,4_3_6,4_3_7,4_3_8,4_3_9,4_4_0,4_4_1,4_4_2,4_4_3,4_4_4,4_4_5,4_4_6,4_cvs,5_0_0,5_0_1,5_0_2,5_0_3,5_1_0,5_1_1,5_1_2,5_1_3,5_1_4,5_1_5,5_1_6,5_2_0,5_2_1,5_cvs</ver>
<p4>int gmp_intval(resource gmpnumber)</p4>
<p4d>Gets signed long value of GMP number </p4d>
<p5>int gmp_intval(resource gmpnumber) U</p5>
<p5d>Gets signed long value of GMP number </p5d>
<texts><text><lng>en</lng>
<d>Convert GMP number to integer</d>
</text><text><lng>es</lng>
<d>Convierte números GMP a números enteros</d>
</text></texts></PHPModuleRef><PHPModuleRef>
<t>gmp_invert</t>
<mn>gmp</mn>
<ft>F</ft>
<ver>4_0_4,4_0_5,4_0_6,4_1_0,4_1_1,4_1_2,4_2_0,4_2_1,4_2_2,4_2_3,4_3_0,4_3_1,4_3_10,4_3_11,4_3_2,4_3_3,4_3_4,4_3_5,4_3_6,4_3_7,4_3_8,4_3_9,4_4_0,4_4_1,4_4_2,4_4_3,4_4_4,4_4_5,4_4_6,4_cvs,5_0_0,5_0_1,5_0_2,5_0_3,5_1_0,5_1_1,5_1_2,5_1_3,5_1_4,5_1_5,5_1_6,5_2_0,5_2_1,5_cvs</ver>
<p4>resource gmp_invert(resource a, resource b)</p4>
<p4d>Computes the inverse of a modulo b </p4d>
<p5>resource gmp_invert(resource a, resource b) U</p5>
<p5d>Computes the inverse of a modulo b </p5d>
<texts><text><lng>en</lng>
<d>Inverse by modulo</d>
</text><text><lng>es</lng>
<d>Invierte según el módulo</d>
</text></texts></PHPModuleRef><PHPModuleRef>
<t>gmp_jacobi</t>
<mn>gmp</mn>
<ft>F</ft>
<ver>4_0_4,4_0_5,4_0_6,4_1_0,4_1_1,4_1_2,4_2_0,4_2_1,4_2_2,4_2_3,4_3_0,4_3_1,4_3_10,4_3_11,4_3_2,4_3_3,4_3_4,4_3_5,4_3_6,4_3_7,4_3_8,4_3_9,4_4_0,4_4_1,4_4_2,4_4_3,4_4_4,4_4_5,4_4_6,4_cvs,5_0_0,5_0_1,5_0_2,5_0_3,5_1_0,5_1_1,5_1_2,5_1_3,5_1_4,5_1_5,5_1_6,5_2_0,5_2_1,5_cvs</ver>
<p4>int gmp_jacobi(resource a, resource b)</p4>
<p4d>Computes Jacobi symbol </p4d>
<p5>int gmp_jacobi(resource a, resource b) U</p5>
<p5d>Computes Jacobi symbol </p5d>
<texts><text><lng>en</lng>
<d>Jacobi symbol</d>
</text><text><lng>es</lng>
<d>Calcula el símbolo de Jacobi</d>
</text></texts></PHPModuleRef><PHPModuleRef>
<t>gmp_legendre</t>
<mn>gmp</mn>
<ft>F</ft>
<ver>4_0_4,4_0_5,4_0_6,4_1_0,4_1_1,4_1_2,4_2_0,4_2_1,4_2_2,4_2_3,4_3_0,4_3_1,4_3_10,4_3_11,4_3_2,4_3_3,4_3_4,4_3_5,4_3_6,4_3_7,4_3_8,4_3_9,4_4_0,4_4_1,4_4_2,4_4_3,4_4_4,4_4_5,4_4_6,4_cvs,5_0_0,5_0_1,5_0_2,5_0_3,5_1_0,5_1_1,5_1_2,5_1_3,5_1_4,5_1_5,5_1_6,5_2_0,5_2_1,5_cvs</ver>
<p4>int gmp_legendre(resource a, resource b)</p4>
<p4d>Computes Legendre symbol </p4d>
<p5>int gmp_legendre(resource a, resource b) U</p5>
<p5d>Computes Legendre symbol </p5d>
<texts><text><lng>en</lng>
<d>Legendre symbol</d>
</text><text><lng>es</lng>
<d>Calcula el símbolo de Legendre</d>
</text></texts></PHPModuleRef><PHPModuleRef>
<t>gmp_mod</t>
<mn>gmp</mn>
<ft>F</ft>
<ver>4_0_4,4_0_5,4_0_6,4_1_0,4_1_1,4_1_2,4_2_0,4_2_1,4_2_2,4_2_3,4_3_0,4_3_1,4_3_10,4_3_11,4_3_2,4_3_3,4_3_4,4_3_5,4_3_6,4_3_7,4_3_8,4_3_9,4_4_0,4_4_1,4_4_2,4_4_3,4_4_4,4_4_5,4_4_6,4_cvs,5_0_0,5_0_1,5_0_2,5_0_3,5_1_0,5_1_1,5_1_2,5_1_3,5_1_4,5_1_5,5_1_6,5_2_0,5_2_1,5_cvs</ver>
<p4>resource gmp_mod(resource a, resource b)</p4>
<p4d>Computes a modulo b </p4d>
<p5>resource gmp_mod(resource a, resource b) U</p5>
<p5d>Computes a modulo b </p5d>
<texts><text><lng>en</lng>
<d>Modulo operation</d>
</text><text><lng>es</lng>
<d>Operación Módulo</d>
</text></texts></PHPModuleRef><PHPModuleRef>
<t>gmp_mul</t>
<mn>gmp</mn>
<ft>F</ft>
<ver>4_0_4,4_0_5,4_0_6,4_1_0,4_1_1,4_1_2,4_2_0,4_2_1,4_2_2,4_2_3,4_3_0,4_3_1,4_3_10,4_3_11,4_3_2,4_3_3,4_3_4,4_3_5,4_3_6,4_3_7,4_3_8,4_3_9,4_4_0,4_4_1,4_4_2,4_4_3,4_4_4,4_4_5,4_4_6,4_cvs,5_0_0,5_0_1,5_0_2,5_0_3,5_1_0,5_1_1,5_1_2,5_1_3,5_1_4,5_1_5,5_1_6,5_2_0,5_2_1,5_cvs</ver>
<p4>resource gmp_mul(resource a, resource b)</p4>
<p4d>Multiply a and b </p4d>
<p5>resource gmp_mul(resource a, resource b) U</p5>
<p5d>Multiply a and b </p5d>
<texts><text><lng>en</lng>
<d>Multiply numbers</d>
</text><text><lng>es</lng>
<d>Multiplica números</d>
</text></texts></PHPModuleRef><PHPModuleRef>
<t>gmp_neg</t>
<mn>gmp</mn>
<ft>F</ft>
<ver>4_0_4,4_0_5,4_0_6,4_1_0,4_1_1,4_1_2,4_2_0,4_2_1,4_2_2,4_2_3,4_3_0,4_3_1,4_3_10,4_3_11,4_3_2,4_3_3,4_3_4,4_3_5,4_3_6,4_3_7,4_3_8,4_3_9,4_4_0,4_4_1,4_4_2,4_4_3,4_4_4,4_4_5,4_4_6,4_cvs,5_0_0,5_0_1,5_0_2,5_0_3,5_1_0,5_1_1,5_1_2,5_1_3,5_1_4,5_1_5,5_1_6,5_2_0,5_2_1,5_cvs</ver>
<p4>resource gmp_neg(resource a)</p4>
<p4d>Negates a number </p4d>
<p5>resource gmp_neg(resource a) U</p5>
<p5d>Negates a number </p5d>
<texts><text><lng>en</lng>
<d>Negate number</d>
</text><text><lng>es</lng>
<d>Cambia el signo de un número</d>
</text></texts></PHPModuleRef><PHPModuleRef>
<t>gmp_nextprime</t>
<mn>gmp</mn>
<ft>F</ft>
<ver>5_2_0,5_2_1,5_cvs</ver>
<p5>resource gmp_nextprime(resource a) U</p5>
<p5d>Finds next prime of a </p5d>
<texts><text><lng>en</lng>
<d>Find next prime number</d>
</text></texts></PHPModuleRef><PHPModuleRef>
<t>gmp_or</t>
<mn>gmp</mn>
<ft>F</ft>
<ver>4_0_4,4_0_5,4_0_6,4_1_0,4_1_1,4_1_2,4_2_0,4_2_1,4_2_2,4_2_3,4_3_0,4_3_1,4_3_10,4_3_11,4_3_2,4_3_3,4_3_4,4_3_5,4_3_6,4_3_7,4_3_8,4_3_9,4_4_0,4_4_1,4_4_2,4_4_3,4_4_4,4_4_5,4_4_6,4_cvs,5_0_0,5_0_1,5_0_2,5_0_3,5_1_0,5_1_1,5_1_2,5_1_3,5_1_4,5_1_5,5_1_6,5_2_0,5_2_1,5_cvs</ver>
<p4>resource gmp_or(resource a, resource b)</p4>
<p4d>Calculates logical OR of a and b </p4d>
<p5>resource gmp_or(resource a, resource b) U</p5>
<p5d>Calculates logical OR of a and b </p5d>
<texts><text><lng>en</lng>
<d>Logical OR</d>
</text><text><lng>es</lng>
<d>Realiza una operación de OR lógico</d>
</text></texts></PHPModuleRef><PHPModuleRef>
<t>gmp_perfect_square</t>
<mn>gmp</mn>
<ft>F</ft>
<ver>4_0_4,4_0_5,4_0_6,4_1_0,4_1_1,4_1_2,4_2_0,4_2_1,4_2_2,4_2_3,4_3_0,4_3_1,4_3_10,4_3_11,4_3_2,4_3_3,4_3_4,4_3_5,4_3_6,4_3_7,4_3_8,4_3_9,4_4_0,4_4_1,4_4_2,4_4_3,4_4_4,4_4_5,4_4_6,4_cvs,5_0_0,5_0_1,5_0_2,5_0_3,5_1_0,5_1_1,5_1_2,5_1_3,5_1_4,5_1_5,5_1_6,5_2_0,5_2_1,5_cvs</ver>
<p4>bool gmp_perfect_square(resource a)</p4>
<p4d>Checks if a is an exact square </p4d>
<p5>bool gmp_perfect_square(resource a) U</p5>
<p5d>Checks if a is an exact square </p5d>
<texts><text><lng>en</lng>
<d>Perfect square check</d>
</text><text><lng>es</lng>
<d>Comprueba si es un cuadrado perfecto</d>
</text></texts></PHPModuleRef><PHPModuleRef>
<t>gmp_popcount</t>
<mn>gmp</mn>
<ft>F</ft>
<ver>4_0_4,4_0_5,4_0_6,4_1_0,4_1_1,4_1_2,4_2_0,4_2_1,4_2_2,4_2_3,4_3_0,4_3_1,4_3_10,4_3_11,4_3_2,4_3_3,4_3_4,4_3_5,4_3_6,4_3_7,4_3_8,4_3_9,4_4_0,4_4_1,4_4_2,4_4_3,4_4_4,4_4_5,4_4_6,4_cvs,5_0_0,5_0_1,5_0_2,5_0_3,5_1_0,5_1_1,5_1_2,5_1_3,5_1_4,5_1_5,5_1_6,5_2_0,5_2_1,5_cvs</ver>
<p4>int gmp_popcount(resource a)</p4>
<p4d>Calculates the population count of a </p4d>
<p5>int gmp_popcount(resource a) U</p5>
<p5d>Calculates the population count of a </p5d>
<texts><text><lng>en</lng>
<d>Population count</d>
</text><text><lng>es</lng>
<d>Calcula la población de un número</d>
</text></texts></PHPModuleRef><PHPModuleRef>
<t>gmp_pow</t>
<mn>gmp</mn>
<ft>F</ft>
<ver>4_0_4,4_0_5,4_0_6,4_1_0,4_1_1,4_1_2,4_2_0,4_2_1,4_2_2,4_2_3,4_3_0,4_3_1,4_3_10,4_3_11,4_3_2,4_3_3,4_3_4,4_3_5,4_3_6,4_3_7,4_3_8,4_3_9,4_4_0,4_4_1,4_4_2,4_4_3,4_4_4,4_4_5,4_4_6,4_cvs,5_0_0,5_0_1,5_0_2,5_0_3,5_1_0,5_1_1,5_1_2,5_1_3,5_1_4,5_1_5,5_1_6,5_2_0,5_2_1,5_cvs</ver>
<p4>resource gmp_pow(resource base, int exp)</p4>
<p4d>Raise base to power exp </p4d>
<p5>resource gmp_pow(resource base, int exp) U</p5>
<p5d>Raise base to power exp </p5d>
<texts><text><lng>en</lng>
<d>Raise number into power</d>
</text><text><lng>es</lng>
<d>Eleva un número a una potencia</d>
</text></texts></PHPModuleRef><PHPModuleRef>
<t>gmp_powm</t>
<mn>gmp</mn>
<ft>F</ft>
<ver>4_0_4,4_0_5,4_0_6,4_1_0,4_1_1,4_1_2,4_2_0,4_2_1,4_2_2,4_2_3,4_3_0,4_3_1,4_3_10,4_3_11,4_3_2,4_3_3,4_3_4,4_3_5,4_3_6,4_3_7,4_3_8,4_3_9,4_4_0,4_4_1,4_4_2,4_4_3,4_4_4,4_4_5,4_4_6,4_cvs,5_0_0,5_0_1,5_0_2,5_0_3,5_1_0,5_1_1,5_1_2,5_1_3,5_1_4,5_1_5,5_1_6,5_2_0,5_2_1,5_cvs</ver>
<p4>resource gmp_powm(resource base, resource exp, resource mod)</p4>
<p4d>Raise base to power exp and take result modulo mod </p4d>
<p5>resource gmp_powm(resource base, resource exp, resource mod) U</p5>
<p5d>Raise base to power exp and take result modulo mod </p5d>
<texts><text><lng>en</lng>
<d>Raise number into power with modulo</d>
</text><text><lng>es</lng>
<d>Eleva un número a una potencia según el módulo</d>
</text></texts></PHPModuleRef><PHPModuleRef>
<t>gmp_prob_prime</t>
<mn>gmp</mn>
<ft>F</ft>
<ver>4_0_4,4_0_5,4_0_6,4_1_0,4_1_1,4_1_2,4_2_0,4_2_1,4_2_2,4_2_3,4_3_0,4_3_1,4_3_10,4_3_11,4_3_2,4_3_3,4_3_4,4_3_5,4_3_6,4_3_7,4_3_8,4_3_9,4_4_0,4_4_1,4_4_2,4_4_3,4_4_4,4_4_5,4_4_6,4_cvs,5_0_0,5_0_1,5_0_2,5_0_3,5_1_0,5_1_1,5_1_2,5_1_3,5_1_4,5_1_5,5_1_6,5_2_0,5_2_1,5_cvs</ver>
<p4>int gmp_prob_prime(resource a[, int reps])</p4>
<p4d>Checks if a is &quot;probably prime&quot; </p4d>
<p5>int gmp_prob_prime(resource a[, int reps]) U</p5>
<p5d>Checks if a is &quot;probably prime&quot; </p5d>
<texts><text><lng>en</lng>
<d>Check if number is &quot;probably prime&quot;</d>
</text><text><lng>es</lng>
<d>Comprueba si un número tiene probabilidades de ser un número primo</d>
</text></texts></PHPModuleRef><PHPModuleRef>
<t>gmp_random</t>
<mn>gmp</mn>
<ft>F</ft>
<ver>4_0_4,4_0_5,4_0_6,4_1_0,4_1_1,4_1_2,4_2_0,4_2_1,4_2_2,4_2_3,4_3_0,4_3_1,4_3_10,4_3_11,4_3_2,4_3_3,4_3_4,4_3_5,4_3_6,4_3_7,4_3_8,4_3_9,4_4_0,4_4_1,4_4_2,4_4_3,4_4_4,4_4_5,4_4_6,4_cvs,5_0_0,5_0_1,5_0_2,5_0_3,5_1_0,5_1_1,5_1_2,5_1_3,5_1_4,5_1_5,5_1_6,5_2_0,5_2_1,5_cvs</ver>
<p4>resource gmp_random([int limiter])</p4>
<p4d>Gets random number </p4d>
<p5>resource gmp_random([int limiter]) U</p5>
<p5d>Gets random number </p5d>
<texts><text><lng>en</lng>
<d>Random number</d>
</text><text><lng>es</lng>
<d>Genera un número aleatorio</d>
</text></texts></PHPModuleRef><PHPModuleRef>
<t>gmp_scan0</t>
<mn>gmp</mn>
<ft>F</ft>
<ver>4_0_4,4_0_5,4_0_6,4_1_0,4_1_1,4_1_2,4_2_0,4_2_1,4_2_2,4_2_3,4_3_0,4_3_1,4_3_10,4_3_11,4_3_2,4_3_3,4_3_4,4_3_5,4_3_6,4_3_7,4_3_8,4_3_9,4_4_0,4_4_1,4_4_2,4_4_3,4_4_4,4_4_5,4_4_6,4_cvs,5_0_0,5_0_1,5_0_2,5_0_3,5_1_0,5_1_1,5_1_2,5_1_3,5_1_4,5_1_5,5_1_6,5_2_0,5_2_1,5_cvs</ver>
<p4>int gmp_scan0(resource a, int start)</p4>
<p4d>Finds first zero bit </p4d>
<p5>int gmp_scan0(resource a, int start) U</p5>
<p5d>Finds first zero bit </p5d>
<texts><text><lng>en</lng>
<d>Scan for 0</d>
</text><text><lng>es</lng>
<d>Busca un 0</d>
</text></texts></PHPModuleRef><PHPModuleRef>
<t>gmp_scan1</t>
<mn>gmp</mn>
<ft>F</ft>
<ver>4_0_4,4_0_5,4_0_6,4_1_0,4_1_1,4_1_2,4_2_0,4_2_1,4_2_2,4_2_3,4_3_0,4_3_1,4_3_10,4_3_11,4_3_2,4_3_3,4_3_4,4_3_5,4_3_6,4_3_7,4_3_8,4_3_9,4_4_0,4_4_1,4_4_2,4_4_3,4_4_4,4_4_5,4_4_6,4_cvs,5_0_0,5_0_1,5_0_2,5_0_3,5_1_0,5_1_1,5_1_2,5_1_3,5_1_4,5_1_5,5_1_6,5_2_0,5_2_1,5_cvs</ver>
<p4>int gmp_scan1(resource a, int start)</p4>
<p4d>Finds first non-zero bit </p4d>
<p5>int gmp_scan1(resource a, int start) U</p5>
<p5d>Finds first non-zero bit </p5d>
<texts><text><lng>en</lng>
<d>Scan for 1</d>
</text><text><lng>es</lng>
<d>Busca un 1</d>
</text></texts></PHPModuleRef><PHPModuleRef>
<t>gmp_setbit</t>
<mn>gmp</mn>
<ft>F</ft>
<ver>4_0_4,4_0_5,4_0_6,4_1_0,4_1_1,4_1_2,4_2_0,4_2_1,4_2_2,4_2_3,4_3_0,4_3_1,4_3_10,4_3_11,4_3_2,4_3_3,4_3_4,4_3_5,4_3_6,4_3_7,4_3_8,4_3_9,4_4_0,4_4_1,4_4_2,4_4_3,4_4_4,4_4_5,4_4_6,4_cvs,5_0_0,5_0_1,5_0_2,5_0_3,5_1_0,5_1_1,5_1_2,5_1_3,5_1_4,5_1_5,5_1_6,5_2_0,5_2_1,5_cvs</ver>
<p4>void gmp_setbit(resource &amp;a, int index[, bool set_clear])</p4>
<p4d>Sets or clear bit in a </p4d>
<p5>void gmp_setbit(resource &amp;a, int index[, bool set_clear]) U</p5>
<p5d>Sets or clear bit in a </p5d>
<texts><text><lng>en</lng>
<d>Set bit</d>
</text><text><lng>es</lng>
<d>Establece el valor de un bit</d>
</text></texts></PHPModuleRef><PHPModuleRef>
<t>gmp_sign</t>
<mn>gmp</mn>
<ft>F</ft>
<ver>4_0_4,4_0_5,4_0_6,4_1_0,4_1_1,4_1_2,4_2_0,4_2_1,4_2_2,4_2_3,4_3_0,4_3_1,4_3_10,4_3_11,4_3_2,4_3_3,4_3_4,4_3_5,4_3_6,4_3_7,4_3_8,4_3_9,4_4_0,4_4_1,4_4_2,4_4_3,4_4_4,4_4_5,4_4_6,4_cvs,5_0_0,5_0_1,5_0_2,5_0_3,5_1_0,5_1_1,5_1_2,5_1_3,5_1_4,5_1_5,5_1_6,5_2_0,5_2_1,5_cvs</ver>
<p4>int gmp_sign(resource a)</p4>
<p4d>Gets the sign of the number </p4d>
<p5>int gmp_sign(resource a) U</p5>
<p5d>Gets the sign of the number </p5d>
<texts><text><lng>en</lng>
<d>Sign of number</d>
</text><text><lng>es</lng>
<d>Obtiene el signo del número</d>
</text></texts></PHPModuleRef><PHPModuleRef>
<t>gmp_sqrt</t>
<mn>gmp</mn>
<ft>F</ft>
<ver>4_0_4,4_0_5,4_0_6,4_1_0,4_1_1,4_1_2,4_2_0,4_2_1,4_2_2,4_2_3,4_3_0,4_3_1,4_3_10,4_3_11,4_3_2,4_3_3,4_3_4,4_3_5,4_3_6,4_3_7,4_3_8,4_3_9,4_4_0,4_4_1,4_4_2,4_4_3,4_4_4,4_4_5,4_4_6,4_cvs,5_0_0,5_0_1,5_0_2,5_0_3,5_1_0,5_1_1,5_1_2,5_1_3,5_1_4,5_1_5,5_1_6,5_2_0,5_2_1,5_cvs</ver>
<p4>resource gmp_sqrt(resource a)</p4>
<p4d>Takes integer part of square root of a </p4d>
<p5>resource gmp_sqrt(resource a) U</p5>
<p5d>Takes integer part of square root of a </p5d>
<texts><text><lng>en</lng>
<d>Calculate square root</d>
</text><text><lng>es</lng>
<d>Calcula la raíz cuadrada</d>
</text></texts></PHPModuleRef><PHPModuleRef>
<t>gmp_sqrtrem</t>
<mn>gmp</mn>
<ft>F</ft>
<ver>4_0_4,4_0_5,4_0_6,4_1_0,4_1_1,4_1_2,4_2_0,4_2_1,4_2_2,4_2_3,4_3_0,4_3_1,4_3_10,4_3_11,4_3_2,4_3_3,4_3_4,4_3_5,4_3_6,4_3_7,4_3_8,4_3_9,4_4_0,4_4_1,4_4_2,4_4_3,4_4_4,4_4_5,4_4_6,4_cvs,5_0_0,5_0_1,5_0_2,5_0_3,5_1_0,5_1_1,5_1_2,5_1_3,5_1_4,5_1_5,5_1_6,5_2_0,5_2_1,5_cvs</ver>
<p4>array gmp_sqrtrem(resource a)</p4>
<p4d>Square root with remainder </p4d>
<p5>array gmp_sqrtrem(resource a) U</p5>
<p5d>Square root with remainder </p5d>
<texts><text><lng>en</lng>
<d>Square root with remainder</d>
</text><text><lng>es</lng>
<d>Calcula la raíz cuadrada con el resto</d>
</text></texts></PHPModuleRef><PHPModuleRef>
<t>gmp_strval</t>
<mn>gmp</mn>
<ft>F</ft>
<ver>4_0_4,4_0_5,4_0_6,4_1_0,4_1_1,4_1_2,4_2_0,4_2_1,4_2_2,4_2_3,4_3_0,4_3_1,4_3_10,4_3_11,4_3_2,4_3_3,4_3_4,4_3_5,4_3_6,4_3_7,4_3_8,4_3_9,4_4_0,4_4_1,4_4_2,4_4_3,4_4_4,4_4_5,4_4_6,4_cvs,5_0_0,5_0_1,5_0_2,5_0_3,5_1_0,5_1_1,5_1_2,5_1_3,5_1_4,5_1_5,5_1_6,5_2_0,5_2_1,5_cvs</ver>
<p4>string gmp_strval(resource gmpnumber [, int base])</p4>
<p4d>Gets string representation of GMP number  </p4d>
<p5>string gmp_strval(resource gmpnumber [, int base]) U</p5>
<p5d>Gets string representation of GMP number  </p5d>
<texts><text><lng>en</lng>
<d>Convert GMP number to string</d>
</text><text><lng>es</lng>
<d>Convierte un número GMP a una cadena de texto</d>
</text></texts></PHPModuleRef><PHPModuleRef>
<t>gmp_sub</t>
<mn>gmp</mn>
<ft>F</ft>
<ver>4_0_4,4_0_5,4_0_6,4_1_0,4_1_1,4_1_2,4_2_0,4_2_1,4_2_2,4_2_3,4_3_0,4_3_1,4_3_10,4_3_11,4_3_2,4_3_3,4_3_4,4_3_5,4_3_6,4_3_7,4_3_8,4_3_9,4_4_0,4_4_1,4_4_2,4_4_3,4_4_4,4_4_5,4_4_6,4_cvs,5_0_0,5_0_1,5_0_2,5_0_3,5_1_0,5_1_1,5_1_2,5_1_3,5_1_4,5_1_5,5_1_6,5_2_0,5_2_1,5_cvs</ver>
<p4>resource gmp_sub(resource a, resource b)</p4>
<p4d>Subtract b from a </p4d>
<p5>resource gmp_sub(resource a, resource b) U</p5>
<p5d>Subtract b from a </p5d>
<texts><text><lng>en</lng>
<d>Subtract numbers</d>
</text><text><lng>es</lng>
<d>Resta números</d>
</text></texts></PHPModuleRef><PHPModuleRef>
<t>gmp_xor</t>
<mn>gmp</mn>
<ft>F</ft>
<ver>4_0_4,4_0_5,4_0_6,4_1_0,4_1_1,4_1_2,4_2_0,4_2_1,4_2_2,4_2_3,4_3_0,4_3_1,4_3_10,4_3_11,4_3_2,4_3_3,4_3_4,4_3_5,4_3_6,4_3_7,4_3_8,4_3_9,4_4_0,4_4_1,4_4_2,4_4_3,4_4_4,4_4_5,4_4_6,4_cvs,5_0_0,5_0_1,5_0_2,5_0_3,5_1_0,5_1_1,5_1_2,5_1_3,5_1_4,5_1_5,5_1_6,5_2_0,5_2_1,5_cvs</ver>
<p4>resource gmp_xor(resource a, resource b)</p4>
<p4d>Calculates logical exclusive OR of a and b </p4d>
<p5>resource gmp_xor(resource a, resource b) U</p5>
<p5d>Calculates logical exclusive OR of a and b </p5d>
<texts><text><lng>en</lng>
<d>Logical XOR</d>
</text><text><lng>es</lng>
<d>Realiza una operación de XOR lógico</d>
</text></texts></PHPModuleRef><PHPModuleRef>
<t>GMP_ROUND_MINUSINF</t>
<mn>gmp</mn>
<ft>C</ft>
<p4>integer GMP_ROUND_MINUSINF</p4>
<p5>integer GMP_ROUND_MINUSINF</p5>
</PHPModuleRef><PHPModuleRef>
<t>GMP_ROUND_PLUSINF</t>
<mn>gmp</mn>
<ft>C</ft>
<p4>integer GMP_ROUND_PLUSINF</p4>
<p5>integer GMP_ROUND_PLUSINF</p5>
</PHPModuleRef><PHPModuleRef>
<t>GMP_ROUND_ZERO</t>
<mn>gmp</mn>
<ft>C</ft>
<p4>integer GMP_ROUND_ZERO</p4>
<p5>integer GMP_ROUND_ZERO</p5>
</PHPModuleRef></PHPModuleRef-List>
