<?xml version="1.0" encoding="utf-8"?>
<PHPModuleRef-List>
<PHPModuleRef>
<t>hash</t>
<mn>hash</mn>
<ft>F</ft>
<ver>5_1_2,5_1_3,5_1_4,5_1_5,5_1_6,5_2_0,5_2_1</ver>
</PHPModuleRef><PHPModuleRef>
<t>hash_algos</t>
<mn>hash</mn>
<ft>F</ft>
<ver>5_1_2,5_1_3,5_1_4,5_1_5,5_1_6,5_2_0,5_2_1</ver>
</PHPModuleRef><PHPModuleRef>
<t>hash_file</t>
<mn>hash</mn>
<ft>F</ft>
<ver>5_1_2,5_1_3,5_1_4,5_1_5,5_1_6,5_2_0,5_2_1</ver>
</PHPModuleRef><PHPModuleRef>
<t>hash_final</t>
<mn>hash</mn>
<ft>F</ft>
<ver>5_1_2,5_1_3,5_1_4,5_1_5,5_1_6,5_2_0,5_2_1</ver>
</PHPModuleRef><PHPModuleRef>
<t>hash_hmac</t>
<mn>hash</mn>
<ft>F</ft>
<ver>5_1_2,5_1_3,5_1_4,5_1_5,5_1_6,5_2_0,5_2_1</ver>
</PHPModuleRef><PHPModuleRef>
<t>hash_hmac_file</t>
<mn>hash</mn>
<ft>F</ft>
<ver>5_1_2,5_1_3,5_1_4,5_1_5,5_1_6,5_2_0,5_2_1</ver>
</PHPModuleRef><PHPModuleRef>
<t>hash_init</t>
<mn>hash</mn>
<ft>F</ft>
<ver>5_1_2,5_1_3,5_1_4,5_1_5,5_1_6,5_2_0,5_2_1</ver>
</PHPModuleRef><PHPModuleRef>
<t>hash_update</t>
<mn>hash</mn>
<ft>F</ft>
<ver>5_1_2,5_1_3,5_1_4,5_1_5,5_1_6,5_2_0,5_2_1</ver>
</PHPModuleRef><PHPModuleRef>
<t>hash_update_file</t>
<mn>hash</mn>
<ft>F</ft>
<ver>5_1_2,5_1_3,5_1_4,5_1_5,5_1_6,5_2_0,5_2_1</ver>
</PHPModuleRef><PHPModuleRef>
<t>hash_update_stream</t>
<mn>hash</mn>
<ft>F</ft>
<ver>5_1_2,5_1_3,5_1_4,5_1_5,5_1_6,5_2_0,5_2_1</ver>
</PHPModuleRef><PHPModuleRef>
<t>md5</t>
<mn>hash</mn>
<ft>F</ft>
<ver>4_0_0,4_0_1,4_0_2,4_0_3,4_0_4,4_0_5,4_0_6,4_1_0,4_1_1,4_1_2,4_2_0,4_2_1,4_2_2,4_2_3,4_3_0,4_3_1,4_3_10,4_3_11,4_3_2,4_3_3,4_3_4,4_3_5,4_3_6,4_3_7,4_3_8,4_3_9,4_4_0,4_4_1,4_4_2,4_4_3,4_4_4,4_4_5,4_4_6,4_cvs,5_0_0,5_0_1,5_0_2,5_0_3,5_1_0,5_1_1,5_1_2,5_1_3,5_1_4,5_1_5,5_1_6,5_2_0,5_2_1,5_cvs</ver>
<p4>string md5(string str)</p4>
<p4d>Calculate the md5 hash of a string </p4d>
<p5>string md5(string str, [ bool raw_output]) U</p5>
<p5d>Calculate the md5 hash of a string </p5d>
<texts><text><lng>cs</lng>
<d>Spočítat MD5 hash řetězce</d>
</text><text><lng>da</lng>
<d>Beregner md5 hash af en streng</d>
</text><text><lng>de</lng>
<d>Errechnet den MD5-Code eines Strings</d>
</text><text><lng>el</lng>
<d>Υπολογίστε τον md5 hash αριθμό ενός string</d>
</text><text><lng>en</lng>
<d>Calculate the md5 hash of a string</d>
</text></texts></PHPModuleRef><PHPModuleRef>
<t>md5_file</t>
<mn>hash</mn>
<ft>F</ft>
<ver>4_2_0,4_2_1,4_2_2,4_2_3,4_3_0,4_3_1,4_3_10,4_3_11,4_3_2,4_3_3,4_3_4,4_3_5,4_3_6,4_3_7,4_3_8,4_3_9,4_4_0,4_4_1,4_4_2,4_4_3,4_4_4,4_4_5,4_4_6,4_cvs,5_0_0,5_0_1,5_0_2,5_0_3,5_1_0,5_1_1,5_1_2,5_1_3,5_1_4,5_1_5,5_1_6,5_2_0,5_2_1,5_cvs</ver>
<p4>string md5_file(string filename)</p4>
<p4d>Calculate the md5 hash of given filename </p4d>
<p5>string md5_file(string filename [, bool raw_output]) U</p5>
<p5d>Calculate the md5 hash of given filename </p5d>
<texts><text><lng>da</lng>
<d>Beregner md5 hash af en given fil</d>
</text><text><lng>de</lng>
<d>Berechnet den MD5-Code einer Datei</d>
</text><text><lng>el</lng>
<d>Υπολογίζει τον md5 hash αριθμό ενός αρχείου</d>
</text><text><lng>en</lng>
<d>Calculates the md5 hash of a given file</d>
</text></texts></PHPModuleRef><PHPModuleRef>
<t>sha1</t>
<mn>hash</mn>
<ft>F</ft>
<ver>4_3_0,4_3_1,4_3_10,4_3_11,4_3_2,4_3_3,4_3_4,4_3_5,4_3_6,4_3_7,4_3_8,4_3_9,4_4_0,4_4_1,4_4_2,4_4_3,4_4_4,4_4_5,4_4_6,4_cvs,5_0_0,5_0_1,5_0_2,5_0_3,5_1_0,5_1_1,5_1_2,5_1_3,5_1_4,5_1_5,5_1_6,5_2_0,5_2_1,5_cvs</ver>
<p4>string sha1(string str)</p4>
<p4d>Calculate the sha1 hash of a string </p4d>
<p5>string sha1(string str [, bool raw_output]) U</p5>
<p5d>Calculate the sha1 hash of a string </p5d>
<texts><text><lng>da</lng>
<d>Beregn sha1-hashen af en streng</d>
</text><text><lng>de</lng>
<d>Berechnet den SHA1 Hash eines Strings</d>
</text><text><lng>el</lng>
<d>Υπολογίστε τον αριθμό sha1 hash ενός string</d>
</text><text><lng>en</lng>
<d>Calculate the sha1 hash of a string</d>
</text></texts></PHPModuleRef><PHPModuleRef>
<t>sha1_file</t>
<mn>hash</mn>
<ft>F</ft>
<ver>4_3_0,4_3_1,4_3_10,4_3_11,4_3_2,4_3_3,4_3_4,4_3_5,4_3_6,4_3_7,4_3_8,4_3_9,4_4_0,4_4_1,4_4_2,4_4_3,4_4_4,4_4_5,4_4_6,4_cvs,5_0_0,5_0_1,5_0_2,5_0_3,5_1_0,5_1_1,5_1_2,5_1_3,5_1_4,5_1_5,5_1_6,5_2_0,5_2_1,5_cvs</ver>
<p4>string sha1_file(string filename)</p4>
<p4d>Calculate the sha1 hash of given filename </p4d>
<p5>string sha1_file(string filename [, bool raw_output]) U</p5>
<p5d>Calculate the sha1 hash of given filename </p5d>
<texts><text><lng>da</lng>
<d>Beregn sha1-hashen af en fil</d>
</text><text><lng>de</lng>
<d>Berechnet den SHA1-Hash einer Datei</d>
</text><text><lng>el</lng>
<d>Υπολογίζει τον αριθμό sha1 hash ενός αρχείου</d>
</text><text><lng>en</lng>
<d>Calculate the sha1 hash of a file</d>
</text></texts></PHPModuleRef></PHPModuleRef-List>
