<?xml version="1.0" encoding="utf-8"?>
<PHPModuleRef-List>
<PHPModuleRef>
<t>hw_array2objrec</t>
<mn>hyperwave</mn>
<ft>F</ft>
<ver>4_0_0,4_0_1,4_0_2,4_0_3,4_0_4,4_0_5,4_0_6,4_1_0,4_1_1,4_1_2,4_2_0,4_2_1,4_2_2,4_2_3,4_3_0,4_3_1,4_3_10,4_3_11,4_3_2,4_3_3,4_3_4,4_3_5,4_3_6,4_3_7,4_3_8,4_3_9,4_4_0,4_4_1,4_4_2,4_4_3,4_4_4,4_4_5,4_4_6,4_cvs</ver>
<p4>string hw_array2objrec(array objarr)</p4>
<p4d>Returns object record of object array </p4d>
</PHPModuleRef><PHPModuleRef>
<t>hw_changeobject</t>
<mn>hyperwave</mn>
<ft>F</ft>
<ver>4_0_0,4_0_1,4_0_2,4_0_3,4_0_4,4_0_5,4_0_6,4_1_0,4_1_1,4_1_2,4_2_0,4_2_1,4_2_2,4_2_3,4_3_0,4_3_1,4_3_10,4_3_11,4_3_2,4_3_3,4_3_4,4_3_5,4_3_6,4_3_7,4_3_8,4_3_9,4_4_0,4_4_1,4_4_2,4_4_3,4_4_4,4_4_5,4_4_6,4_cvs</ver>
<p4>void hw_changeobject(int link, int objid, array attributes)</p4>
<p4d>Changes attributes of an object (obsolete) </p4d>
<texts><text><lng>en</lng>
<d>Changes attributes of an object (obsolete)</d>
</text><text><lng>es</lng>
<d>Modifica los atributos de un objeto (obsoleta)</d>
</text></texts></PHPModuleRef><PHPModuleRef>
<t>hw_children</t>
<mn>hyperwave</mn>
<ft>F</ft>
<ver>4_0_0,4_0_1,4_0_2,4_0_3,4_0_4,4_0_5,4_0_6,4_1_0,4_1_1,4_1_2,4_2_0,4_2_1,4_2_2,4_2_3,4_3_0,4_3_1,4_3_10,4_3_11,4_3_2,4_3_3,4_3_4,4_3_5,4_3_6,4_3_7,4_3_8,4_3_9,4_4_0,4_4_1,4_4_2,4_4_3,4_4_4,4_4_5,4_4_6,4_cvs</ver>
<p4>array hw_children(int link, int objid)</p4>
<p4d>Returns array of children object ids </p4d>
</PHPModuleRef><PHPModuleRef>
<t>hw_childrenobj</t>
<mn>hyperwave</mn>
<ft>F</ft>
<ver>4_0_0,4_0_1,4_0_2,4_0_3,4_0_4,4_0_5,4_0_6,4_1_0,4_1_1,4_1_2,4_2_0,4_2_1,4_2_2,4_2_3,4_3_0,4_3_1,4_3_10,4_3_11,4_3_2,4_3_3,4_3_4,4_3_5,4_3_6,4_3_7,4_3_8,4_3_9,4_4_0,4_4_1,4_4_2,4_4_3,4_4_4,4_4_5,4_4_6,4_cvs</ver>
<p4>array hw_childrenobj(int link, int objid)</p4>
<p4d>Returns array of children object records </p4d>
</PHPModuleRef><PHPModuleRef>
<t>hw_close</t>
<mn>hyperwave</mn>
<ft>F</ft>
<ver>4_0_0,4_0_1,4_0_2,4_0_3,4_0_4,4_0_5,4_0_6,4_1_0,4_1_1,4_1_2,4_2_0,4_2_1,4_2_2,4_2_3,4_3_0,4_3_1,4_3_10,4_3_11,4_3_2,4_3_3,4_3_4,4_3_5,4_3_6,4_3_7,4_3_8,4_3_9,4_4_0,4_4_1,4_4_2,4_4_3,4_4_4,4_4_5,4_4_6,4_cvs</ver>
<p4>void hw_close(int link)</p4>
<p4d>Close connection to Hyperwave server </p4d>
</PHPModuleRef><PHPModuleRef>
<t>hw_connect</t>
<mn>hyperwave</mn>
<ft>F</ft>
<ver>4_0_0,4_0_1,4_0_2,4_0_3,4_0_4,4_0_5,4_0_6,4_1_0,4_1_1,4_1_2,4_2_0,4_2_1,4_2_2,4_2_3,4_3_0,4_3_1,4_3_10,4_3_11,4_3_2,4_3_3,4_3_4,4_3_5,4_3_6,4_3_7,4_3_8,4_3_9,4_4_0,4_4_1,4_4_2,4_4_3,4_4_4,4_4_5,4_4_6,4_cvs</ver>
<p4>int hw_connect(string host, int port [string username [, string password]])</p4>
<p4d>Connect to the Hyperwave server </p4d>
</PHPModuleRef><PHPModuleRef>
<t>hw_connection_info</t>
<mn>hyperwave</mn>
<ft>F</ft>
<ver>4_0_0,4_0_1,4_0_2,4_0_3,4_0_4,4_0_5,4_0_6,4_1_0,4_1_1,4_1_2,4_2_0,4_2_1,4_2_2,4_2_3,4_3_0,4_3_1,4_3_10,4_3_11,4_3_2,4_3_3,4_3_4,4_3_5,4_3_6,4_3_7,4_3_8,4_3_9,4_4_0,4_4_1,4_4_2,4_4_3,4_4_4,4_4_5,4_4_6,4_cvs</ver>
<p4>void hw_connection_info(int link)</p4>
<p4d>Prints information about the connection to Hyperwave server </p4d>
<texts><text><lng>en</lng>
<d>Prints information about the connection to Hyperwave server</d>
</text><text><lng>es</lng>
<d>Muestra información sobre la conexión con un servidor Hyperwave</d>
</text></texts></PHPModuleRef><PHPModuleRef>
<t>hw_cp</t>
<mn>hyperwave</mn>
<ft>F</ft>
<ver>4_0_0,4_0_1,4_0_2,4_0_3,4_0_4,4_0_5,4_0_6,4_1_0,4_1_1,4_1_2,4_2_0,4_2_1,4_2_2,4_2_3,4_3_0,4_3_1,4_3_10,4_3_11,4_3_2,4_3_3,4_3_4,4_3_5,4_3_6,4_3_7,4_3_8,4_3_9,4_4_0,4_4_1,4_4_2,4_4_3,4_4_4,4_4_5,4_4_6,4_cvs</ver>
<p4>void hw_cp(int link, array objrec, int dest)</p4>
<p4d>Copies object </p4d>
<texts><text><lng>en</lng>
<d>Copies objects</d>
</text><text><lng>es</lng>
<d>Copia objetos</d>
</text></texts></PHPModuleRef><PHPModuleRef>
<t>hw_deleteobject</t>
<mn>hyperwave</mn>
<ft>F</ft>
<ver>4_0_0,4_0_1,4_0_2,4_0_3,4_0_4,4_0_5,4_0_6,4_1_0,4_1_1,4_1_2,4_2_0,4_2_1,4_2_2,4_2_3,4_3_0,4_3_1,4_3_10,4_3_11,4_3_2,4_3_3,4_3_4,4_3_5,4_3_6,4_3_7,4_3_8,4_3_9,4_4_0,4_4_1,4_4_2,4_4_3,4_4_4,4_4_5,4_4_6,4_cvs</ver>
<p4>void hw_deleteobject(int link, int objid)</p4>
<p4d>Deletes object </p4d>
</PHPModuleRef><PHPModuleRef>
<t>hw_docbyanchor</t>
<mn>hyperwave</mn>
<ft>F</ft>
<ver>4_0_0,4_0_1,4_0_2,4_0_3,4_0_4,4_0_5,4_0_6,4_1_0,4_1_1,4_1_2,4_2_0,4_2_1,4_2_2,4_2_3,4_3_0,4_3_1,4_3_10,4_3_11,4_3_2,4_3_3,4_3_4,4_3_5,4_3_6,4_3_7,4_3_8,4_3_9,4_4_0,4_4_1,4_4_2,4_4_3,4_4_4,4_4_5,4_4_6,4_cvs</ver>
<p4>int hw_docbyanchor(int link, int anchorid)</p4>
<p4d>Returns objid of document belonging to anchorid </p4d>
</PHPModuleRef><PHPModuleRef>
<t>hw_docbyanchorobj</t>
<mn>hyperwave</mn>
<ft>F</ft>
<ver>4_0_0,4_0_1,4_0_2,4_0_3,4_0_4,4_0_5,4_0_6,4_1_0,4_1_1,4_1_2,4_2_0,4_2_1,4_2_2,4_2_3,4_3_0,4_3_1,4_3_10,4_3_11,4_3_2,4_3_3,4_3_4,4_3_5,4_3_6,4_3_7,4_3_8,4_3_9,4_4_0,4_4_1,4_4_2,4_4_3,4_4_4,4_4_5,4_4_6,4_cvs</ver>
<p4>array hw_docbyanchorobj(int link, int anchorid)</p4>
<p4d>Returns object record of document belonging to anchorid </p4d>
</PHPModuleRef><PHPModuleRef>
<t>hw_document_attributes</t>
<mn>hyperwave</mn>
<ft>F</ft>
<ver>4_0_0,4_0_1,4_0_2,4_0_3,4_0_4,4_0_5,4_0_6,4_1_0,4_1_1,4_1_2,4_2_0,4_2_1,4_2_2,4_2_3,4_3_0,4_3_1,4_3_10,4_3_11,4_3_2,4_3_3,4_3_4,4_3_5,4_3_6,4_3_7,4_3_8,4_3_9,4_4_0,4_4_1,4_4_2,4_4_3,4_4_4,4_4_5,4_4_6,4_cvs</ver>
<p4>string hw_document_attributes(hwdoc doc)</p4>
<p4d>Returns object record of document </p4d>
</PHPModuleRef><PHPModuleRef>
<t>hw_document_bodytag</t>
<mn>hyperwave</mn>
<ft>F</ft>
<ver>4_0_0,4_0_1,4_0_2,4_0_3,4_0_4,4_0_5,4_0_6,4_1_0,4_1_1,4_1_2,4_2_0,4_2_1,4_2_2,4_2_3,4_3_0,4_3_1,4_3_10,4_3_11,4_3_2,4_3_3,4_3_4,4_3_5,4_3_6,4_3_7,4_3_8,4_3_9,4_4_0,4_4_1,4_4_2,4_4_3,4_4_4,4_4_5,4_4_6,4_cvs</ver>
<p4>string hw_document_bodytag(hwdoc doc [, string prefix])</p4>
<p4d>Return bodytag prefixed by prefix </p4d>
</PHPModuleRef><PHPModuleRef>
<t>hw_document_content</t>
<mn>hyperwave</mn>
<ft>F</ft>
<ver>4_0_0,4_0_1,4_0_2,4_0_3,4_0_4,4_0_5,4_0_6,4_1_0,4_1_1,4_1_2,4_2_0,4_2_1,4_2_2,4_2_3,4_3_0,4_3_1,4_3_10,4_3_11,4_3_2,4_3_3,4_3_4,4_3_5,4_3_6,4_3_7,4_3_8,4_3_9,4_4_0,4_4_1,4_4_2,4_4_3,4_4_4,4_4_5,4_4_6,4_cvs</ver>
<p4>string hw_document_content(hwdoc doc)</p4>
<p4d>Returns content of document </p4d>
</PHPModuleRef><PHPModuleRef>
<t>hw_document_setcontent</t>
<mn>hyperwave</mn>
<ft>F</ft>
<ver>4_0_0,4_0_1,4_0_2,4_0_3,4_0_4,4_0_5,4_0_6,4_1_0,4_1_1,4_1_2,4_2_0,4_2_1,4_2_2,4_2_3,4_3_0,4_3_1,4_3_10,4_3_11,4_3_2,4_3_3,4_3_4,4_3_5,4_3_6,4_3_7,4_3_8,4_3_9,4_4_0,4_4_1,4_4_2,4_4_3,4_4_4,4_4_5,4_4_6,4_cvs</ver>
<p4>int hw_document_setcontent(hwdoc doc, string content)</p4>
<p4d>Sets/replaces content of document </p4d>
</PHPModuleRef><PHPModuleRef>
<t>hw_document_size</t>
<mn>hyperwave</mn>
<ft>F</ft>
<ver>4_0_0,4_0_1,4_0_2,4_0_3,4_0_4,4_0_5,4_0_6,4_1_0,4_1_1,4_1_2,4_2_0,4_2_1,4_2_2,4_2_3,4_3_0,4_3_1,4_3_10,4_3_11,4_3_2,4_3_3,4_3_4,4_3_5,4_3_6,4_3_7,4_3_8,4_3_9,4_4_0,4_4_1,4_4_2,4_4_3,4_4_4,4_4_5,4_4_6,4_cvs</ver>
<p4>int hw_document_size(hwdoc doc)</p4>
<p4d>Returns size of document </p4d>
</PHPModuleRef><PHPModuleRef>
<t>hw_dummy</t>
<mn>hyperwave</mn>
<ft>F</ft>
<ver>4_0_0,4_0_1,4_0_2,4_0_3,4_0_4,4_0_5,4_0_6,4_1_0,4_1_1,4_1_2,4_2_0,4_2_1,4_2_2,4_2_3,4_3_0,4_3_1,4_3_10,4_3_11,4_3_2,4_3_3,4_3_4,4_3_5,4_3_6,4_3_7,4_3_8,4_3_9,4_4_0,4_4_1,4_4_2,4_4_3,4_4_4,4_4_5,4_4_6,4_cvs</ver>
<p4>string hw_dummy(int link, int id, int msgid)</p4>
<p4d>Hyperwave dummy function </p4d>
<texts><text><lng>en</lng>
<d>Hyperwave dummy function</d>
</text></texts></PHPModuleRef><PHPModuleRef>
<t>hw_edittext</t>
<mn>hyperwave</mn>
<ft>F</ft>
<ver>4_0_0,4_0_1,4_0_2,4_0_3,4_0_4,4_0_5,4_0_6,4_1_0,4_1_1,4_1_2,4_2_0,4_2_1,4_2_2,4_2_3,4_3_0,4_3_1,4_3_10,4_3_11,4_3_2,4_3_3,4_3_4,4_3_5,4_3_6,4_3_7,4_3_8,4_3_9,4_4_0,4_4_1,4_4_2,4_4_3,4_4_4,4_4_5,4_4_6,4_cvs</ver>
<p4>void hw_edittext(int link, hwdoc doc)</p4>
<p4d>Modifies text document </p4d>
</PHPModuleRef><PHPModuleRef>
<t>hw_error</t>
<mn>hyperwave</mn>
<ft>F</ft>
<ver>4_0_0,4_0_1,4_0_2,4_0_3,4_0_4,4_0_5,4_0_6,4_1_0,4_1_1,4_1_2,4_2_0,4_2_1,4_2_2,4_2_3,4_3_0,4_3_1,4_3_10,4_3_11,4_3_2,4_3_3,4_3_4,4_3_5,4_3_6,4_3_7,4_3_8,4_3_9,4_4_0,4_4_1,4_4_2,4_4_3,4_4_4,4_4_5,4_4_6,4_cvs</ver>
<p4>int hw_error(int link)</p4>
<p4d>Returns last error number </p4d>
</PHPModuleRef><PHPModuleRef>
<t>hw_errormsg</t>
<mn>hyperwave</mn>
<ft>F</ft>
<ver>4_0_0,4_0_1,4_0_2,4_0_3,4_0_4,4_0_5,4_0_6,4_1_0,4_1_1,4_1_2,4_2_0,4_2_1,4_2_2,4_2_3,4_3_0,4_3_1,4_3_10,4_3_11,4_3_2,4_3_3,4_3_4,4_3_5,4_3_6,4_3_7,4_3_8,4_3_9,4_4_0,4_4_1,4_4_2,4_4_3,4_4_4,4_4_5,4_4_6,4_cvs</ver>
<p4>string hw_errormsg(int link)</p4>
<p4d>Returns last error message </p4d>
</PHPModuleRef><PHPModuleRef>
<t>hw_free_document</t>
<mn>hyperwave</mn>
<ft>F</ft>
<ver>4_0_0,4_0_1,4_0_2,4_0_3,4_0_4,4_0_5,4_0_6,4_1_0,4_1_1,4_1_2,4_2_0,4_2_1,4_2_2,4_2_3,4_3_0,4_3_1,4_3_10,4_3_11,4_3_2,4_3_3,4_3_4,4_3_5,4_3_6,4_3_7,4_3_8,4_3_9,4_4_0,4_4_1,4_4_2,4_4_3,4_4_4,4_4_5,4_4_6,4_cvs</ver>
<p4>void hw_free_document(hwdoc doc)</p4>
<p4d>Frees memory of document </p4d>
</PHPModuleRef><PHPModuleRef>
<t>hw_getanchors</t>
<mn>hyperwave</mn>
<ft>F</ft>
<ver>4_0_0,4_0_1,4_0_2,4_0_3,4_0_4,4_0_5,4_0_6,4_1_0,4_1_1,4_1_2,4_2_0,4_2_1,4_2_2,4_2_3,4_3_0,4_3_1,4_3_10,4_3_11,4_3_2,4_3_3,4_3_4,4_3_5,4_3_6,4_3_7,4_3_8,4_3_9,4_4_0,4_4_1,4_4_2,4_4_3,4_4_4,4_4_5,4_4_6,4_cvs</ver>
<p4>array hw_getanchors(int link, int objid)</p4>
<p4d>Return all anchors of object </p4d>
</PHPModuleRef><PHPModuleRef>
<t>hw_getanchorsobj</t>
<mn>hyperwave</mn>
<ft>F</ft>
<ver>4_0_0,4_0_1,4_0_2,4_0_3,4_0_4,4_0_5,4_0_6,4_1_0,4_1_1,4_1_2,4_2_0,4_2_1,4_2_2,4_2_3,4_3_0,4_3_1,4_3_10,4_3_11,4_3_2,4_3_3,4_3_4,4_3_5,4_3_6,4_3_7,4_3_8,4_3_9,4_4_0,4_4_1,4_4_2,4_4_3,4_4_4,4_4_5,4_4_6,4_cvs</ver>
<p4>array hw_getanchorsobj(int link, int objid)</p4>
<p4d>Return all object records of anchors of object </p4d>
</PHPModuleRef><PHPModuleRef>
<t>hw_getandlock</t>
<mn>hyperwave</mn>
<ft>F</ft>
<ver>4_0_0,4_0_1,4_0_2,4_0_3,4_0_4,4_0_5,4_0_6,4_1_0,4_1_1,4_1_2,4_2_0,4_2_1,4_2_2,4_2_3,4_3_0,4_3_1,4_3_10,4_3_11,4_3_2,4_3_3,4_3_4,4_3_5,4_3_6,4_3_7,4_3_8,4_3_9,4_4_0,4_4_1,4_4_2,4_4_3,4_4_4,4_4_5,4_4_6,4_cvs</ver>
<p4>string hw_getandlock(int link, int objid)</p4>
<p4d>Returns object record and locks object </p4d>
</PHPModuleRef><PHPModuleRef>
<t>hw_getcgi</t>
<mn>hyperwave</mn>
<ft>F</ft>
<ver>4_0_0,4_0_1,4_0_2,4_0_3,4_0_4,4_0_5,4_0_6,4_1_0,4_1_1,4_1_2,4_2_0,4_2_1,4_2_2,4_2_3,4_3_0,4_3_1,4_3_10,4_3_11,4_3_2,4_3_3,4_3_4,4_3_5,4_3_6,4_3_7,4_3_8,4_3_9,4_4_0,4_4_1,4_4_2,4_4_3,4_4_4,4_4_5,4_4_6,4_cvs</ver>
<p4>hwdoc hw_getcgi(int link, int objid)</p4>
<p4d>Returns the output of a CGI script </p4d>
</PHPModuleRef><PHPModuleRef>
<t>hw_getchildcoll</t>
<mn>hyperwave</mn>
<ft>F</ft>
<ver>4_0_0,4_0_1,4_0_2,4_0_3,4_0_4,4_0_5,4_0_6,4_1_0,4_1_1,4_1_2,4_2_0,4_2_1,4_2_2,4_2_3,4_3_0,4_3_1,4_3_10,4_3_11,4_3_2,4_3_3,4_3_4,4_3_5,4_3_6,4_3_7,4_3_8,4_3_9,4_4_0,4_4_1,4_4_2,4_4_3,4_4_4,4_4_5,4_4_6,4_cvs</ver>
<p4>array hw_getchildcoll(int link, int objid)</p4>
<p4d>Returns array of child collection object ids </p4d>
</PHPModuleRef><PHPModuleRef>
<t>hw_getchildcollobj</t>
<mn>hyperwave</mn>
<ft>F</ft>
<ver>4_0_0,4_0_1,4_0_2,4_0_3,4_0_4,4_0_5,4_0_6,4_1_0,4_1_1,4_1_2,4_2_0,4_2_1,4_2_2,4_2_3,4_3_0,4_3_1,4_3_10,4_3_11,4_3_2,4_3_3,4_3_4,4_3_5,4_3_6,4_3_7,4_3_8,4_3_9,4_4_0,4_4_1,4_4_2,4_4_3,4_4_4,4_4_5,4_4_6,4_cvs</ver>
<p4>array hw_getchildcollobj(int link, int objid)</p4>
<p4d>Returns array of child collection object records </p4d>
</PHPModuleRef><PHPModuleRef>
<t>hw_getchilddoccoll</t>
<mn>hyperwave</mn>
<ft>F</ft>
<ver>4_0_0,4_0_1,4_0_2,4_0_3,4_0_4,4_0_5,4_0_6,4_1_0,4_1_1,4_1_2,4_2_0,4_2_1,4_2_2,4_2_3,4_3_0,4_3_1,4_3_10,4_3_11,4_3_2,4_3_3,4_3_4,4_3_5,4_3_6,4_3_7,4_3_8,4_3_9,4_4_0,4_4_1,4_4_2,4_4_3,4_4_4,4_4_5,4_4_6,4_cvs</ver>
<p4>array hw_getchilddoccoll(int link, int objid)</p4>
<p4d>Returns all children ids which are documents </p4d>
</PHPModuleRef><PHPModuleRef>
<t>hw_getchilddoccollobj</t>
<mn>hyperwave</mn>
<ft>F</ft>
<ver>4_0_0,4_0_1,4_0_2,4_0_3,4_0_4,4_0_5,4_0_6,4_1_0,4_1_1,4_1_2,4_2_0,4_2_1,4_2_2,4_2_3,4_3_0,4_3_1,4_3_10,4_3_11,4_3_2,4_3_3,4_3_4,4_3_5,4_3_6,4_3_7,4_3_8,4_3_9,4_4_0,4_4_1,4_4_2,4_4_3,4_4_4,4_4_5,4_4_6,4_cvs</ver>
<p4>array hw_getchilddoccollobj(int link, int objid)</p4>
<p4d>Returns all children object records which are documents </p4d>
</PHPModuleRef><PHPModuleRef>
<t>hw_getobject</t>
<mn>hyperwave</mn>
<ft>F</ft>
<ver>4_0_0,4_0_1,4_0_2,4_0_3,4_0_4,4_0_5,4_0_6,4_1_0,4_1_1,4_1_2,4_2_0,4_2_1,4_2_2,4_2_3,4_3_0,4_3_1,4_3_10,4_3_11,4_3_2,4_3_3,4_3_4,4_3_5,4_3_6,4_3_7,4_3_8,4_3_9,4_4_0,4_4_1,4_4_2,4_4_3,4_4_4,4_4_5,4_4_6,4_cvs</ver>
<p4>string hw_getobject(int link, int objid [, string query])</p4>
<p4d>Returns object record  </p4d>
</PHPModuleRef><PHPModuleRef>
<t>hw_getobjectbyftquery</t>
<mn>hyperwave</mn>
<ft>F</ft>
<ver>4_0_4,4_0_5,4_0_6,4_1_0,4_1_1,4_1_2,4_2_0,4_2_1,4_2_2,4_2_3,4_3_0,4_3_1,4_3_10,4_3_11,4_3_2,4_3_3,4_3_4,4_3_5,4_3_6,4_3_7,4_3_8,4_3_9,4_4_0,4_4_1,4_4_2,4_4_3,4_4_4,4_4_5,4_4_6,4_cvs</ver>
<p4>array hw_getobjectbyftquery(int link, string query, int maxhits)</p4>
<p4d>Search for query as fulltext and return maxhits objids </p4d>
</PHPModuleRef><PHPModuleRef>
<t>hw_getobjectbyftquerycoll</t>
<mn>hyperwave</mn>
<ft>F</ft>
<ver>4_0_4,4_0_5,4_0_6,4_1_0,4_1_1,4_1_2,4_2_0,4_2_1,4_2_2,4_2_3,4_3_0,4_3_1,4_3_10,4_3_11,4_3_2,4_3_3,4_3_4,4_3_5,4_3_6,4_3_7,4_3_8,4_3_9,4_4_0,4_4_1,4_4_2,4_4_3,4_4_4,4_4_5,4_4_6,4_cvs</ver>
<p4>array hw_getobjectbyftquerycoll(int link, int collid, string query, int maxhits)</p4>
<p4d>Search for fulltext query in collection and return maxhits objids </p4d>
</PHPModuleRef><PHPModuleRef>
<t>hw_getobjectbyftquerycollobj</t>
<mn>hyperwave</mn>
<ft>F</ft>
<ver>4_0_4,4_0_5,4_0_6,4_1_0,4_1_1,4_1_2,4_2_0,4_2_1,4_2_2,4_2_3,4_3_0,4_3_1,4_3_10,4_3_11,4_3_2,4_3_3,4_3_4,4_3_5,4_3_6,4_3_7,4_3_8,4_3_9,4_4_0,4_4_1,4_4_2,4_4_3,4_4_4,4_4_5,4_4_6,4_cvs</ver>
<p4>array hw_getobjectbyftquerycollobj(int link, int collid, string query, int maxhits)</p4>
<p4d>Search for fulltext query in collection and return maxhits object records </p4d>
</PHPModuleRef><PHPModuleRef>
<t>hw_getobjectbyftqueryobj</t>
<mn>hyperwave</mn>
<ft>F</ft>
<ver>4_0_4,4_0_5,4_0_6,4_1_0,4_1_1,4_1_2,4_2_0,4_2_1,4_2_2,4_2_3,4_3_0,4_3_1,4_3_10,4_3_11,4_3_2,4_3_3,4_3_4,4_3_5,4_3_6,4_3_7,4_3_8,4_3_9,4_4_0,4_4_1,4_4_2,4_4_3,4_4_4,4_4_5,4_4_6,4_cvs</ver>
<p4>array hw_getobjectbyftqueryobj(int link, string query, int maxhits)</p4>
<p4d>Search for query as fulltext and return maxhits object records </p4d>
</PHPModuleRef><PHPModuleRef>
<t>hw_getobjectbyquery</t>
<mn>hyperwave</mn>
<ft>F</ft>
<ver>4_0_0,4_0_1,4_0_2,4_0_3,4_0_4,4_0_5,4_0_6,4_1_0,4_1_1,4_1_2,4_2_0,4_2_1,4_2_2,4_2_3,4_3_0,4_3_1,4_3_10,4_3_11,4_3_2,4_3_3,4_3_4,4_3_5,4_3_6,4_3_7,4_3_8,4_3_9,4_4_0,4_4_1,4_4_2,4_4_3,4_4_4,4_4_5,4_4_6,4_cvs</ver>
<p4>array hw_getobjectbyquery(int link, string query, int maxhits)</p4>
<p4d>Search for query and return maxhits objids </p4d>
</PHPModuleRef><PHPModuleRef>
<t>hw_getobjectbyquerycoll</t>
<mn>hyperwave</mn>
<ft>F</ft>
<ver>4_0_0,4_0_1,4_0_2,4_0_3,4_0_4,4_0_5,4_0_6,4_1_0,4_1_1,4_1_2,4_2_0,4_2_1,4_2_2,4_2_3,4_3_0,4_3_1,4_3_10,4_3_11,4_3_2,4_3_3,4_3_4,4_3_5,4_3_6,4_3_7,4_3_8,4_3_9,4_4_0,4_4_1,4_4_2,4_4_3,4_4_4,4_4_5,4_4_6,4_cvs</ver>
<p4>array hw_getobjectbyquerycoll(int link, int collid, string query, int maxhits)</p4>
<p4d>Search for query in collection and return maxhits objids </p4d>
</PHPModuleRef><PHPModuleRef>
<t>hw_getobjectbyquerycollobj</t>
<mn>hyperwave</mn>
<ft>F</ft>
<ver>4_0_0,4_0_1,4_0_2,4_0_3,4_0_4,4_0_5,4_0_6,4_1_0,4_1_1,4_1_2,4_2_0,4_2_1,4_2_2,4_2_3,4_3_0,4_3_1,4_3_10,4_3_11,4_3_2,4_3_3,4_3_4,4_3_5,4_3_6,4_3_7,4_3_8,4_3_9,4_4_0,4_4_1,4_4_2,4_4_3,4_4_4,4_4_5,4_4_6,4_cvs</ver>
<p4>array hw_getobjectbyquerycollobj(int link, int collid, string query, int maxhits)</p4>
<p4d>Search for query in collection and return maxhits object records </p4d>
</PHPModuleRef><PHPModuleRef>
<t>hw_getobjectbyqueryobj</t>
<mn>hyperwave</mn>
<ft>F</ft>
<ver>4_0_0,4_0_1,4_0_2,4_0_3,4_0_4,4_0_5,4_0_6,4_1_0,4_1_1,4_1_2,4_2_0,4_2_1,4_2_2,4_2_3,4_3_0,4_3_1,4_3_10,4_3_11,4_3_2,4_3_3,4_3_4,4_3_5,4_3_6,4_3_7,4_3_8,4_3_9,4_4_0,4_4_1,4_4_2,4_4_3,4_4_4,4_4_5,4_4_6,4_cvs</ver>
<p4>array hw_getobjectbyqueryobj(int link, string query, int maxhits)</p4>
<p4d>Search for query and return maxhits object records </p4d>
</PHPModuleRef><PHPModuleRef>
<t>hw_getparents</t>
<mn>hyperwave</mn>
<ft>F</ft>
<ver>4_0_0,4_0_1,4_0_2,4_0_3,4_0_4,4_0_5,4_0_6,4_1_0,4_1_1,4_1_2,4_2_0,4_2_1,4_2_2,4_2_3,4_3_0,4_3_1,4_3_10,4_3_11,4_3_2,4_3_3,4_3_4,4_3_5,4_3_6,4_3_7,4_3_8,4_3_9,4_4_0,4_4_1,4_4_2,4_4_3,4_4_4,4_4_5,4_4_6,4_cvs</ver>
<p4>array hw_getparents(int link, int objid)</p4>
<p4d>Returns array of parent object ids </p4d>
</PHPModuleRef><PHPModuleRef>
<t>hw_getparentsobj</t>
<mn>hyperwave</mn>
<ft>F</ft>
<ver>4_0_0,4_0_1,4_0_2,4_0_3,4_0_4,4_0_5,4_0_6,4_1_0,4_1_1,4_1_2,4_2_0,4_2_1,4_2_2,4_2_3,4_3_0,4_3_1,4_3_10,4_3_11,4_3_2,4_3_3,4_3_4,4_3_5,4_3_6,4_3_7,4_3_8,4_3_9,4_4_0,4_4_1,4_4_2,4_4_3,4_4_4,4_4_5,4_4_6,4_cvs</ver>
<p4>array hw_getparentsobj(int link, int objid)</p4>
<p4d>Returns array of parent object records </p4d>
</PHPModuleRef><PHPModuleRef>
<t>hw_getrellink</t>
<mn>hyperwave</mn>
<ft>F</ft>
<ver>4_0_0,4_0_1,4_0_2,4_0_3,4_0_4,4_0_5,4_0_6,4_1_0,4_1_1,4_1_2,4_2_0,4_2_1,4_2_2,4_2_3,4_3_0,4_3_1,4_3_10,4_3_11,4_3_2,4_3_3,4_3_4,4_3_5,4_3_6,4_3_7,4_3_8,4_3_9,4_4_0,4_4_1,4_4_2,4_4_3,4_4_4,4_4_5,4_4_6,4_cvs</ver>
<p4>string hw_getrellink(int link, int rootid, int sourceid, int destid)</p4>
<p4d>Get link from source to dest relative to rootid </p4d>
<texts><text><lng>en</lng>
<d>Get link from source to dest relative to rootid</d>
</text></texts></PHPModuleRef><PHPModuleRef>
<t>hw_getremote</t>
<mn>hyperwave</mn>
<ft>F</ft>
<ver>4_0_0,4_0_1,4_0_2,4_0_3,4_0_4,4_0_5,4_0_6,4_1_0,4_1_1,4_1_2,4_2_0,4_2_1,4_2_2,4_2_3,4_3_0,4_3_1,4_3_10,4_3_11,4_3_2,4_3_3,4_3_4,4_3_5,4_3_6,4_3_7,4_3_8,4_3_9,4_4_0,4_4_1,4_4_2,4_4_3,4_4_4,4_4_5,4_4_6,4_cvs</ver>
<p4>int hw_getremote(int link, int objid)</p4>
<p4d>Returns the content of a remote document </p4d>
</PHPModuleRef><PHPModuleRef>
<t>hw_getremotechildren</t>
<mn>hyperwave</mn>
<ft>F</ft>
<ver>4_0_0,4_0_1,4_0_2,4_0_3,4_0_4,4_0_5,4_0_6,4_1_0,4_1_1,4_1_2,4_2_0,4_2_1,4_2_2,4_2_3,4_3_0,4_3_1,4_3_10,4_3_11,4_3_2,4_3_3,4_3_4,4_3_5,4_3_6,4_3_7,4_3_8,4_3_9,4_4_0,4_4_1,4_4_2,4_4_3,4_4_4,4_4_5,4_4_6,4_cvs</ver>
<p4>[array|int] hw_getremotechildren(int link, string objrec)</p4>
<p4d>Returns the remote document or an array of object records </p4d>
<texts><text><lng>en</lng>
<d>Gets children of remote document</d>
</text></texts></PHPModuleRef><PHPModuleRef>
<t>hw_getsrcbydestobj</t>
<mn>hyperwave</mn>
<ft>F</ft>
<ver>4_0_0,4_0_1,4_0_2,4_0_3,4_0_4,4_0_5,4_0_6,4_1_0,4_1_1,4_1_2,4_2_0,4_2_1,4_2_2,4_2_3,4_3_0,4_3_1,4_3_10,4_3_11,4_3_2,4_3_3,4_3_4,4_3_5,4_3_6,4_3_7,4_3_8,4_3_9,4_4_0,4_4_1,4_4_2,4_4_3,4_4_4,4_4_5,4_4_6,4_cvs</ver>
<p4>int hw_getsrcbydestobj(int link, int destid)</p4>
<p4d>Returns object id of source docuent by destination anchor </p4d>
</PHPModuleRef><PHPModuleRef>
<t>hw_gettext</t>
<mn>hyperwave</mn>
<ft>F</ft>
<ver>4_0_0,4_0_1,4_0_2,4_0_3,4_0_4,4_0_5,4_0_6,4_1_0,4_1_1,4_1_2,4_2_0,4_2_1,4_2_2,4_2_3,4_3_0,4_3_1,4_3_10,4_3_11,4_3_2,4_3_3,4_3_4,4_3_5,4_3_6,4_3_7,4_3_8,4_3_9,4_4_0,4_4_1,4_4_2,4_4_3,4_4_4,4_4_5,4_4_6,4_cvs</ver>
<p4>hwdoc hw_gettext(int link, int objid [, int rootid])</p4>
<p4d>Returns text document. Links are relative to rootid if given </p4d>
</PHPModuleRef><PHPModuleRef>
<t>hw_getusername</t>
<mn>hyperwave</mn>
<ft>F</ft>
<ver>4_0_0,4_0_1,4_0_2,4_0_3,4_0_4,4_0_5,4_0_6,4_1_0,4_1_1,4_1_2,4_2_0,4_2_1,4_2_2,4_2_3,4_3_0,4_3_1,4_3_10,4_3_11,4_3_2,4_3_3,4_3_4,4_3_5,4_3_6,4_3_7,4_3_8,4_3_9,4_4_0,4_4_1,4_4_2,4_4_3,4_4_4,4_4_5,4_4_6,4_cvs</ver>
<p4>string hw_getusername(int link)</p4>
<p4d>Returns the current user name </p4d>
<texts><text><lng>en</lng>
<d>Name of currently logged in user</d>
</text><text><lng>es</lng>
<d>Nombre del usuario actualmente conectado</d>
</text></texts></PHPModuleRef><PHPModuleRef>
<t>hw_identify</t>
<mn>hyperwave</mn>
<ft>F</ft>
<ver>4_0_0,4_0_1,4_0_2,4_0_3,4_0_4,4_0_5,4_0_6,4_1_0,4_1_1,4_1_2,4_2_0,4_2_1,4_2_2,4_2_3,4_3_0,4_3_1,4_3_10,4_3_11,4_3_2,4_3_3,4_3_4,4_3_5,4_3_6,4_3_7,4_3_8,4_3_9,4_4_0,4_4_1,4_4_2,4_4_3,4_4_4,4_4_5,4_4_6,4_cvs</ver>
<p4>void hw_identify(int link, string username, string password)</p4>
<p4d>Identifies at Hyperwave server </p4d>
</PHPModuleRef><PHPModuleRef>
<t>hw_incollections</t>
<mn>hyperwave</mn>
<ft>F</ft>
<ver>4_0_0,4_0_1,4_0_2,4_0_3,4_0_4,4_0_5,4_0_6,4_1_0,4_1_1,4_1_2,4_2_0,4_2_1,4_2_2,4_2_3,4_3_0,4_3_1,4_3_10,4_3_11,4_3_2,4_3_3,4_3_4,4_3_5,4_3_6,4_3_7,4_3_8,4_3_9,4_4_0,4_4_1,4_4_2,4_4_3,4_4_4,4_4_5,4_4_6,4_cvs</ver>
<p4>array hw_incollections(int link, array objids, array collids, int para)</p4>
<p4d>Returns object ids which are in collections </p4d>
<texts><text><lng>es</lng>
<d>Comprueba si los id de objeto están en las colecciones</d>
</text></texts></PHPModuleRef><PHPModuleRef>
<t>hw_info</t>
<mn>hyperwave</mn>
<ft>F</ft>
<ver>4_0_0,4_0_1,4_0_2,4_0_3,4_0_4,4_0_5,4_0_6,4_1_0,4_1_1,4_1_2,4_2_0,4_2_1,4_2_2,4_2_3,4_3_0,4_3_1,4_3_10,4_3_11,4_3_2,4_3_3,4_3_4,4_3_5,4_3_6,4_3_7,4_3_8,4_3_9,4_4_0,4_4_1,4_4_2,4_4_3,4_4_4,4_4_5,4_4_6,4_cvs</ver>
<p4>void hw_info(int link)</p4>
<p4d>Outputs info string </p4d>
</PHPModuleRef><PHPModuleRef>
<t>hw_inscoll</t>
<mn>hyperwave</mn>
<ft>F</ft>
<ver>4_0_0,4_0_1,4_0_2,4_0_3,4_0_4,4_0_5,4_0_6,4_1_0,4_1_1,4_1_2,4_2_0,4_2_1,4_2_2,4_2_3,4_3_0,4_3_1,4_3_10,4_3_11,4_3_2,4_3_3,4_3_4,4_3_5,4_3_6,4_3_7,4_3_8,4_3_9,4_4_0,4_4_1,4_4_2,4_4_3,4_4_4,4_4_5,4_4_6,4_cvs</ver>
<p4>void hw_inscoll(int link, int parentid, array objarr)</p4>
<p4d>Inserts collection </p4d>
</PHPModuleRef><PHPModuleRef>
<t>hw_insdoc</t>
<mn>hyperwave</mn>
<ft>F</ft>
<ver>4_0_0,4_0_1,4_0_2,4_0_3,4_0_4,4_0_5,4_0_6,4_1_0,4_1_1,4_1_2,4_2_0,4_2_1,4_2_2,4_2_3,4_3_0,4_3_1,4_3_10,4_3_11,4_3_2,4_3_3,4_3_4,4_3_5,4_3_6,4_3_7,4_3_8,4_3_9,4_4_0,4_4_1,4_4_2,4_4_3,4_4_4,4_4_5,4_4_6,4_cvs</ver>
<p4>void hw_insdoc(int link, int parentid, string objrec [, string text])</p4>
<p4d>Inserts document </p4d>
</PHPModuleRef><PHPModuleRef>
<t>hw_insertanchors</t>
<mn>hyperwave</mn>
<ft>F</ft>
<ver>4_0_4,4_0_5,4_0_6,4_1_0,4_1_1,4_1_2,4_2_0,4_2_1,4_2_2,4_2_3,4_3_0,4_3_1,4_3_10,4_3_11,4_3_2,4_3_3,4_3_4,4_3_5,4_3_6,4_3_7,4_3_8,4_3_9,4_4_0,4_4_1,4_4_2,4_4_3,4_4_4,4_4_5,4_4_6,4_cvs</ver>
<p4>string hw_insertanchors(int hwdoc, array anchorecs, array dest [, array urlprefixes])</p4>
<p4d>Inserts only anchors into text </p4d>
<texts><text><lng>en</lng>
<d>Inserts only anchors into text</d>
</text></texts></PHPModuleRef><PHPModuleRef>
<t>hw_insertdocument</t>
<mn>hyperwave</mn>
<ft>F</ft>
<ver>4_0_0,4_0_1,4_0_2,4_0_3,4_0_4,4_0_5,4_0_6,4_1_0,4_1_1,4_1_2,4_2_0,4_2_1,4_2_2,4_2_3,4_3_0,4_3_1,4_3_10,4_3_11,4_3_2,4_3_3,4_3_4,4_3_5,4_3_6,4_3_7,4_3_8,4_3_9,4_4_0,4_4_1,4_4_2,4_4_3,4_4_4,4_4_5,4_4_6,4_cvs</ver>
<p4>void hw_insertdocument(int link, int parentid, hwdoc doc) </p4>
<p4d>Insert new document </p4d>
</PHPModuleRef><PHPModuleRef>
<t>hw_insertobject</t>
<mn>hyperwave</mn>
<ft>F</ft>
<ver>4_0_0,4_0_1,4_0_2,4_0_3,4_0_4,4_0_5,4_0_6,4_1_0,4_1_1,4_1_2,4_2_0,4_2_1,4_2_2,4_2_3,4_3_0,4_3_1,4_3_10,4_3_11,4_3_2,4_3_3,4_3_4,4_3_5,4_3_6,4_3_7,4_3_8,4_3_9,4_4_0,4_4_1,4_4_2,4_4_3,4_4_4,4_4_5,4_4_6,4_cvs</ver>
<p4>int hw_insertobject(int link, string objrec, string parms)</p4>
<p4d>Inserts an object </p4d>
</PHPModuleRef><PHPModuleRef>
<t>hw_mapid</t>
<mn>hyperwave</mn>
<ft>F</ft>
<ver>4_0_0,4_0_1,4_0_2,4_0_3,4_0_4,4_0_5,4_0_6,4_1_0,4_1_1,4_1_2,4_2_0,4_2_1,4_2_2,4_2_3,4_3_0,4_3_1,4_3_10,4_3_11,4_3_2,4_3_3,4_3_4,4_3_5,4_3_6,4_3_7,4_3_8,4_3_9,4_4_0,4_4_1,4_4_2,4_4_3,4_4_4,4_4_5,4_4_6,4_cvs</ver>
<p4>int hw_mapid(int link, int serverid, int destid)</p4>
<p4d>Returns virtual object id of document on remote Hyperwave server </p4d>
<texts><text><lng>en</lng>
<d>Maps global id on virtual local id</d>
</text><text><lng>es</lng>
<d>Mapea in id global a un id virtual local</d>
</text></texts></PHPModuleRef><PHPModuleRef>
<t>hw_modifyobject</t>
<mn>hyperwave</mn>
<ft>F</ft>
<ver>4_0_0,4_0_1,4_0_2,4_0_3,4_0_4,4_0_5,4_0_6,4_1_0,4_1_1,4_1_2,4_2_0,4_2_1,4_2_2,4_2_3,4_3_0,4_3_1,4_3_10,4_3_11,4_3_2,4_3_3,4_3_4,4_3_5,4_3_6,4_3_7,4_3_8,4_3_9,4_4_0,4_4_1,4_4_2,4_4_3,4_4_4,4_4_5,4_4_6,4_cvs</ver>
<p4>void hw_modifyobject(int link, int objid, array remattributes, array addattributes [, int mode])</p4>
<p4d>Modifies attributes of an object </p4d>
</PHPModuleRef><PHPModuleRef>
<t>hw_mv</t>
<mn>hyperwave</mn>
<ft>F</ft>
<ver>4_0_0,4_0_1,4_0_2,4_0_3,4_0_4,4_0_5,4_0_6,4_1_0,4_1_1,4_1_2,4_2_0,4_2_1,4_2_2,4_2_3,4_3_0,4_3_1,4_3_10,4_3_11,4_3_2,4_3_3,4_3_4,4_3_5,4_3_6,4_3_7,4_3_8,4_3_9,4_4_0,4_4_1,4_4_2,4_4_3,4_4_4,4_4_5,4_4_6,4_cvs</ver>
<p4>void hw_mv(int link, array objrec, int from, int dest)</p4>
<p4d>Moves object </p4d>
<texts><text><lng>en</lng>
<d>Moves objects</d>
</text></texts></PHPModuleRef><PHPModuleRef>
<t>hw_new_document</t>
<mn>hyperwave</mn>
<ft>F</ft>
<ver>4_0_0,4_0_1,4_0_2,4_0_3,4_0_4,4_0_5,4_0_6,4_1_0,4_1_1,4_1_2,4_2_0,4_2_1,4_2_2,4_2_3,4_3_0,4_3_1,4_3_10,4_3_11,4_3_2,4_3_3,4_3_4,4_3_5,4_3_6,4_3_7,4_3_8,4_3_9,4_4_0,4_4_1,4_4_2,4_4_3,4_4_4,4_4_5,4_4_6,4_cvs</ver>
<p4>hwdoc hw_new_document(string objrec, string data, int size)</p4>
<p4d>Create a new document </p4d>
</PHPModuleRef><PHPModuleRef>
<t>hw_new_document_from_file</t>
<mn>hyperwave</mn>
<ft>F</ft>
<ver>4_0_5,4_0_6,4_1_0,4_1_1,4_1_2,4_2_0,4_2_1,4_2_2,4_2_3,4_3_0,4_3_1,4_3_10,4_3_11,4_3_2,4_3_3,4_3_4,4_3_5,4_3_6,4_3_7,4_3_8,4_3_9,4_4_0,4_4_1,4_4_2,4_4_3,4_4_4,4_4_5,4_4_6,4_cvs</ver>
<p4>hwdoc hw_new_document_from_file(string objrec, string filename)</p4>
<p4d>Create a new document from a file </p4d>
</PHPModuleRef><PHPModuleRef>
<t>hw_objrec2array</t>
<mn>hyperwave</mn>
<ft>F</ft>
<ver>4_0_0,4_0_1,4_0_2,4_0_3,4_0_4,4_0_5,4_0_6,4_1_0,4_1_1,4_1_2,4_2_0,4_2_1,4_2_2,4_2_3,4_3_0,4_3_1,4_3_10,4_3_11,4_3_2,4_3_3,4_3_4,4_3_5,4_3_6,4_3_7,4_3_8,4_3_9,4_4_0,4_4_1,4_4_2,4_4_3,4_4_4,4_4_5,4_4_6,4_cvs</ver>
<p4>array hw_objrec2array(string objrec, [array format])</p4>
<p4d>Returns object array of object record </p4d>
<texts><text><lng>en</lng>
<d>Convert attributes from object record to object array</d>
</text></texts></PHPModuleRef><PHPModuleRef>
<t>hw_output_document</t>
<mn>hyperwave</mn>
<ft>F</ft>
<ver>4_0_0,4_0_1,4_0_2,4_0_3,4_0_4,4_0_5,4_0_6,4_1_0,4_1_1,4_1_2,4_2_0,4_2_1,4_2_2,4_2_3,4_3_0,4_3_1,4_3_10,4_3_11,4_3_2,4_3_3,4_3_4,4_3_5,4_3_6,4_3_7,4_3_8,4_3_9,4_4_0,4_4_1,4_4_2,4_4_3,4_4_4,4_4_5,4_4_6,4_cvs</ver>
<p4>void hw_output_document(hwdoc doc)</p4>
<p4d>Prints document </p4d>
</PHPModuleRef><PHPModuleRef>
<t>hw_pconnect</t>
<mn>hyperwave</mn>
<ft>F</ft>
<ver>4_0_0,4_0_1,4_0_2,4_0_3,4_0_4,4_0_5,4_0_6,4_1_0,4_1_1,4_1_2,4_2_0,4_2_1,4_2_2,4_2_3,4_3_0,4_3_1,4_3_10,4_3_11,4_3_2,4_3_3,4_3_4,4_3_5,4_3_6,4_3_7,4_3_8,4_3_9,4_4_0,4_4_1,4_4_2,4_4_3,4_4_4,4_4_5,4_4_6,4_cvs</ver>
<p4>int hw_pconnect(string host, int port [, string username [, string password]])</p4>
<p4d>Connect to the Hyperwave server persistent </p4d>
</PHPModuleRef><PHPModuleRef>
<t>hw_pipecgi</t>
<mn>hyperwave</mn>
<ft>F</ft>
<ver>4_0_0,4_0_1,4_0_2,4_0_3,4_0_4,4_0_5,4_0_6,4_1_0,4_1_1,4_1_2,4_2_0,4_2_1,4_2_2,4_2_3,4_3_0,4_3_1,4_3_10,4_3_11,4_3_2,4_3_3,4_3_4,4_3_5,4_3_6,4_3_7,4_3_8,4_3_9,4_4_0,4_4_1,4_4_2,4_4_3,4_4_4,4_4_5,4_4_6,4_cvs</ver>
<p4>hwdoc hw_pipecgi(int link, int objid)</p4>
<p4d>Returns output of CGI script </p4d>
</PHPModuleRef><PHPModuleRef>
<t>hw_pipedocument</t>
<mn>hyperwave</mn>
<ft>F</ft>
<ver>4_0_0,4_0_1,4_0_2,4_0_3,4_0_4,4_0_5,4_0_6,4_1_0,4_1_1,4_1_2,4_2_0,4_2_1,4_2_2,4_2_3,4_3_0,4_3_1,4_3_10,4_3_11,4_3_2,4_3_3,4_3_4,4_3_5,4_3_6,4_3_7,4_3_8,4_3_9,4_4_0,4_4_1,4_4_2,4_4_3,4_4_4,4_4_5,4_4_6,4_cvs</ver>
<p4>hwdoc hw_pipedocument(int link, int objid)</p4>
<p4d>Returns document </p4d>
</PHPModuleRef><PHPModuleRef>
<t>hw_root</t>
<mn>hyperwave</mn>
<ft>F</ft>
<ver>4_0_0,4_0_1,4_0_2,4_0_3,4_0_4,4_0_5,4_0_6,4_1_0,4_1_1,4_1_2,4_2_0,4_2_1,4_2_2,4_2_3,4_3_0,4_3_1,4_3_10,4_3_11,4_3_2,4_3_3,4_3_4,4_3_5,4_3_6,4_3_7,4_3_8,4_3_9,4_4_0,4_4_1,4_4_2,4_4_3,4_4_4,4_4_5,4_4_6,4_cvs</ver>
<p4>int hw_root(void)</p4>
<p4d>Returns object id of root collection </p4d>
</PHPModuleRef><PHPModuleRef>
<t>hw_setlinkroot</t>
<mn>hyperwave</mn>
<ft>F</ft>
<ver>4_0_0,4_0_1,4_0_2,4_0_3,4_0_4,4_0_5,4_0_6,4_1_0,4_1_1,4_1_2,4_2_0,4_2_1,4_2_2,4_2_3,4_3_0,4_3_1,4_3_10,4_3_11,4_3_2,4_3_3,4_3_4,4_3_5,4_3_6,4_3_7,4_3_8,4_3_9,4_4_0,4_4_1,4_4_2,4_4_3,4_4_4,4_4_5,4_4_6,4_cvs</ver>
<p4>void hw_setlinkroot(int link, int rootid)</p4>
<p4d>Set the id to which links are calculated </p4d>
<texts><text><lng>en</lng>
<d>Set the id to which links are calculated</d>
</text></texts></PHPModuleRef><PHPModuleRef>
<t>hw_stat</t>
<mn>hyperwave</mn>
<ft>F</ft>
<ver>4_0_0,4_0_1,4_0_2,4_0_3,4_0_4,4_0_5,4_0_6,4_1_0,4_1_1,4_1_2,4_2_0,4_2_1,4_2_2,4_2_3,4_3_0,4_3_1,4_3_10,4_3_11,4_3_2,4_3_3,4_3_4,4_3_5,4_3_6,4_3_7,4_3_8,4_3_9,4_4_0,4_4_1,4_4_2,4_4_3,4_4_4,4_4_5,4_4_6,4_cvs</ver>
<p4>string hw_stat(int link)</p4>
<p4d>Returns status string </p4d>
<texts><text><lng>en</lng>
<d>Returns status string</d>
</text></texts></PHPModuleRef><PHPModuleRef>
<t>hw_unlock</t>
<mn>hyperwave</mn>
<ft>F</ft>
<ver>4_0_0,4_0_1,4_0_2,4_0_3,4_0_4,4_0_5,4_0_6,4_1_0,4_1_1,4_1_2,4_2_0,4_2_1,4_2_2,4_2_3,4_3_0,4_3_1,4_3_10,4_3_11,4_3_2,4_3_3,4_3_4,4_3_5,4_3_6,4_3_7,4_3_8,4_3_9,4_4_0,4_4_1,4_4_2,4_4_3,4_4_4,4_4_5,4_4_6,4_cvs</ver>
<p4>void hw_unlock(int link, int objid)</p4>
<p4d>Unlocks object </p4d>
</PHPModuleRef><PHPModuleRef>
<t>hw_who</t>
<mn>hyperwave</mn>
<ft>F</ft>
<ver>4_0_0,4_0_1,4_0_2,4_0_3,4_0_4,4_0_5,4_0_6,4_1_0,4_1_1,4_1_2,4_2_0,4_2_1,4_2_2,4_2_3,4_3_0,4_3_1,4_3_10,4_3_11,4_3_2,4_3_3,4_3_4,4_3_5,4_3_6,4_3_7,4_3_8,4_3_9,4_4_0,4_4_1,4_4_2,4_4_3,4_4_4,4_4_5,4_4_6,4_cvs</ver>
<p4>array hw_who(int link)</p4>
<p4d>Returns names and info of users loged in </p4d>
</PHPModuleRef><PHPModuleRef>
<t>hw_Array2Objrec</t>
<mn>hyperwave</mn>
<ft>F</ft>
<ver></ver>
<texts><text><lng>en</lng>
<d>Convert attributes from object array to object record</d>
</text><text><lng>es</lng>
<d>Convierte atributos de tabla de objeto a registro de objeto</d>
</text></texts></PHPModuleRef><PHPModuleRef>
<t>hw_Children</t>
<mn>hyperwave</mn>
<ft>F</ft>
<ver></ver>
<texts><text><lng>en</lng>
<d>Object ids of children</d>
</text><text><lng>es</lng>
<d>Id de objeto de los hijos</d>
</text></texts></PHPModuleRef><PHPModuleRef>
<t>hw_ChildrenObj</t>
<mn>hyperwave</mn>
<ft>F</ft>
<ver></ver>
<texts><text><lng>en</lng>
<d>Object records of children</d>
</text><text><lng>es</lng>
<d>Registros de objeto de los hijos</d>
</text></texts></PHPModuleRef><PHPModuleRef>
<t>hw_Close</t>
<mn>hyperwave</mn>
<ft>F</ft>
<ver></ver>
<texts><text><lng>en</lng>
<d>Closes the Hyperwave connection</d>
</text><text><lng>es</lng>
<d>Cierra la conexión Hyperwave</d>
</text></texts></PHPModuleRef><PHPModuleRef>
<t>hw_Connect</t>
<mn>hyperwave</mn>
<ft>F</ft>
<ver></ver>
<texts><text><lng>en</lng>
<d>Opens a connection</d>
</text><text><lng>es</lng>
<d>Abre una conexión</d>
</text></texts></PHPModuleRef><PHPModuleRef>
<t>hw_Deleteobject</t>
<mn>hyperwave</mn>
<ft>F</ft>
<ver></ver>
<texts><text><lng>en</lng>
<d>Deletes object</d>
</text><text><lng>es</lng>
<d>Borra objetos</d>
</text></texts></PHPModuleRef><PHPModuleRef>
<t>hw_DocByAnchor</t>
<mn>hyperwave</mn>
<ft>F</ft>
<ver></ver>
<texts><text><lng>en</lng>
<d>Object id object belonging to anchor</d>
</text><text><lng>es</lng>
<d>Id del objeto al que pertenece un enlace</d>
</text></texts></PHPModuleRef><PHPModuleRef>
<t>hw_DocByAnchorObj</t>
<mn>hyperwave</mn>
<ft>F</ft>
<ver></ver>
<texts><text><lng>en</lng>
<d>Object record object belonging to anchor</d>
</text><text><lng>es</lng>
<d>Registro de objeto al que pertenece un enlace</d>
</text></texts></PHPModuleRef><PHPModuleRef>
<t>hw_Document_Attributes</t>
<mn>hyperwave</mn>
<ft>F</ft>
<ver></ver>
<texts><text><lng>en</lng>
<d>Object record of hw_document</d>
</text><text><lng>es</lng>
<d>Registro de objeto de hw_document</d>
</text></texts></PHPModuleRef><PHPModuleRef>
<t>hw_Document_BodyTag</t>
<mn>hyperwave</mn>
<ft>F</ft>
<ver></ver>
<texts><text><lng>en</lng>
<d>Body tag of hw_document</d>
</text></texts></PHPModuleRef><PHPModuleRef>
<t>hw_Document_Content</t>
<mn>hyperwave</mn>
<ft>F</ft>
<ver></ver>
<texts><text><lng>en</lng>
<d>Returns content of hw_document</d>
</text></texts></PHPModuleRef><PHPModuleRef>
<t>hw_Document_SetContent</t>
<mn>hyperwave</mn>
<ft>F</ft>
<ver></ver>
<texts><text><lng>en</lng>
<d>Sets/replaces content of hw_document</d>
</text></texts></PHPModuleRef><PHPModuleRef>
<t>hw_Document_Size</t>
<mn>hyperwave</mn>
<ft>F</ft>
<ver></ver>
<texts><text><lng>en</lng>
<d>Size of hw_document</d>
</text></texts></PHPModuleRef><PHPModuleRef>
<t>hw_EditText</t>
<mn>hyperwave</mn>
<ft>F</ft>
<ver></ver>
<texts><text><lng>en</lng>
<d>Retrieve text document</d>
</text><text><lng>es</lng>
<d>Recupera documento de texto</d>
</text></texts></PHPModuleRef><PHPModuleRef>
<t>hw_Error</t>
<mn>hyperwave</mn>
<ft>F</ft>
<ver></ver>
<texts><text><lng>en</lng>
<d>Error number</d>
</text><text><lng>es</lng>
<d>Número de error</d>
</text></texts></PHPModuleRef><PHPModuleRef>
<t>hw_ErrorMsg</t>
<mn>hyperwave</mn>
<ft>F</ft>
<ver></ver>
<texts><text><lng>en</lng>
<d>Returns error message</d>
</text><text><lng>es</lng>
<d>Devuelve un mensaje de error</d>
</text></texts></PHPModuleRef><PHPModuleRef>
<t>hw_Free_Document</t>
<mn>hyperwave</mn>
<ft>F</ft>
<ver></ver>
<texts><text><lng>en</lng>
<d>Frees hw_document</d>
</text><text><lng>es</lng>
<d>Libera un documento_hw</d>
</text></texts></PHPModuleRef><PHPModuleRef>
<t>hw_GetAnchors</t>
<mn>hyperwave</mn>
<ft>F</ft>
<ver></ver>
<texts><text><lng>en</lng>
<d>Object ids of anchors of document</d>
</text><text><lng>es</lng>
<d>Id de objeto de los enlaces de un documento</d>
</text></texts></PHPModuleRef><PHPModuleRef>
<t>hw_GetAnchorsObj</t>
<mn>hyperwave</mn>
<ft>F</ft>
<ver></ver>
<texts><text><lng>en</lng>
<d>Object records of anchors of document</d>
</text><text><lng>es</lng>
<d>Registros de objeto de los enlaces de un documento</d>
</text></texts></PHPModuleRef><PHPModuleRef>
<t>hw_GetAndLock</t>
<mn>hyperwave</mn>
<ft>F</ft>
<ver></ver>
<texts><text><lng>en</lng>
<d>Return object record and lock object</d>
</text><text><lng>es</lng>
<d>Devuelve registro de objeto y lo bloquea</d>
</text></texts></PHPModuleRef><PHPModuleRef>
<t>hw_GetChildColl</t>
<mn>hyperwave</mn>
<ft>F</ft>
<ver></ver>
<texts><text><lng>en</lng>
<d>Object ids of child collections</d>
</text><text><lng>es</lng>
<d>Id de objeto de colecciones hijas</d>
</text></texts></PHPModuleRef><PHPModuleRef>
<t>hw_GetChildCollObj</t>
<mn>hyperwave</mn>
<ft>F</ft>
<ver></ver>
<texts><text><lng>en</lng>
<d>Object records of child collections</d>
</text><text><lng>es</lng>
<d>Registros de objeto de colecciones hijas</d>
</text></texts></PHPModuleRef><PHPModuleRef>
<t>hw_GetChildDocColl</t>
<mn>hyperwave</mn>
<ft>F</ft>
<ver></ver>
<texts><text><lng>en</lng>
<d>Object ids of child documents of collection</d>
</text><text><lng>es</lng>
<d>Id de objeto de documentos hijos de una colección</d>
</text></texts></PHPModuleRef><PHPModuleRef>
<t>hw_GetChildDocCollObj</t>
<mn>hyperwave</mn>
<ft>F</ft>
<ver></ver>
<texts><text><lng>en</lng>
<d>Object records of child documents of collection</d>
</text><text><lng>es</lng>
<d>Registros de objeto de documentos hijos de una colección</d>
</text></texts></PHPModuleRef><PHPModuleRef>
<t>hw_GetObject</t>
<mn>hyperwave</mn>
<ft>F</ft>
<ver></ver>
<texts><text><lng>en</lng>
<d>Object record</d>
</text><text><lng>es</lng>
<d>Registro de objeto</d>
</text></texts></PHPModuleRef><PHPModuleRef>
<t>hw_GetObjectByQuery</t>
<mn>hyperwave</mn>
<ft>F</ft>
<ver></ver>
<texts><text><lng>en</lng>
<d>Search object</d>
</text><text><lng>es</lng>
<d>Buscar objeto</d>
</text></texts></PHPModuleRef><PHPModuleRef>
<t>hw_GetObjectByQueryColl</t>
<mn>hyperwave</mn>
<ft>F</ft>
<ver></ver>
<texts><text><lng>en</lng>
<d>Search object in collection</d>
</text><text><lng>es</lng>
<d>Buscar objeto en colección</d>
</text></texts></PHPModuleRef><PHPModuleRef>
<t>hw_GetObjectByQueryCollObj</t>
<mn>hyperwave</mn>
<ft>F</ft>
<ver></ver>
<texts><text><lng>en</lng>
<d>Search object in collection</d>
</text><text><lng>es</lng>
<d>Buscar objeto en colección</d>
</text></texts></PHPModuleRef><PHPModuleRef>
<t>hw_GetObjectByQueryObj</t>
<mn>hyperwave</mn>
<ft>F</ft>
<ver></ver>
<texts><text><lng>en</lng>
<d>Search object</d>
</text><text><lng>es</lng>
<d>Buscar objeto</d>
</text></texts></PHPModuleRef><PHPModuleRef>
<t>hw_GetParents</t>
<mn>hyperwave</mn>
<ft>F</ft>
<ver></ver>
<texts><text><lng>en</lng>
<d>Object ids of parents</d>
</text><text><lng>es</lng>
<d>Id de objeto de los padres</d>
</text></texts></PHPModuleRef><PHPModuleRef>
<t>hw_GetParentsObj</t>
<mn>hyperwave</mn>
<ft>F</ft>
<ver></ver>
<texts><text><lng>en</lng>
<d>Object records of parents</d>
</text><text><lng>es</lng>
<d>Registros de objeto de los padres</d>
</text></texts></PHPModuleRef><PHPModuleRef>
<t>hw_GetRemote</t>
<mn>hyperwave</mn>
<ft>F</ft>
<ver></ver>
<texts><text><lng>en</lng>
<d>Gets a remote document</d>
</text><text><lng>es</lng>
<d>Obtiene un documento remoto</d>
</text></texts></PHPModuleRef><PHPModuleRef>
<t>hw_GetRemoteChildren</t>
<mn>hyperwave</mn>
<ft>F</ft>
<ver></ver>
<texts><text><lng>es</lng>
<d>Obtiene el hijo del documento remoto</d>
</text></texts></PHPModuleRef><PHPModuleRef>
<t>hw_GetSrcByDestObj</t>
<mn>hyperwave</mn>
<ft>F</ft>
<ver></ver>
<texts><text><lng>en</lng>
<d>Returns anchors pointing at object</d>
</text><text><lng>es</lng>
<d>Devuelve los enlaces que apuntan al objeto</d>
</text></texts></PHPModuleRef><PHPModuleRef>
<t>hw_GetText</t>
<mn>hyperwave</mn>
<ft>F</ft>
<ver></ver>
<texts><text><lng>en</lng>
<d>Retrieve text document</d>
</text><text><lng>es</lng>
<d>Obtiene un documento de texto</d>
</text></texts></PHPModuleRef><PHPModuleRef>
<t>hw_Identify</t>
<mn>hyperwave</mn>
<ft>F</ft>
<ver></ver>
<texts><text><lng>en</lng>
<d>Identifies as user</d>
</text><text><lng>es</lng>
<d>Identificarse como usuario</d>
</text></texts></PHPModuleRef><PHPModuleRef>
<t>hw_InCollections</t>
<mn>hyperwave</mn>
<ft>F</ft>
<ver></ver>
<texts><text><lng>en</lng>
<d>Check if object ids in collections</d>
</text></texts></PHPModuleRef><PHPModuleRef>
<t>hw_Info</t>
<mn>hyperwave</mn>
<ft>F</ft>
<ver></ver>
<texts><text><lng>en</lng>
<d>Info about connection</d>
</text><text><lng>es</lng>
<d>Información sobre conexión</d>
</text></texts></PHPModuleRef><PHPModuleRef>
<t>hw_InsColl</t>
<mn>hyperwave</mn>
<ft>F</ft>
<ver></ver>
<texts><text><lng>en</lng>
<d>Insert collection</d>
</text><text><lng>es</lng>
<d>Insertar colección</d>
</text></texts></PHPModuleRef><PHPModuleRef>
<t>hw_InsDoc</t>
<mn>hyperwave</mn>
<ft>F</ft>
<ver></ver>
<texts><text><lng>en</lng>
<d>Insert document</d>
</text><text><lng>es</lng>
<d>Insertar documento</d>
</text></texts></PHPModuleRef><PHPModuleRef>
<t>hw_InsertDocument</t>
<mn>hyperwave</mn>
<ft>F</ft>
<ver></ver>
<texts><text><lng>en</lng>
<d>Upload any document</d>
</text><text><lng>es</lng>
<d>Subir cualquier objeto</d>
</text></texts></PHPModuleRef><PHPModuleRef>
<t>hw_InsertObject</t>
<mn>hyperwave</mn>
<ft>F</ft>
<ver></ver>
<texts><text><lng>en</lng>
<d>Inserts an object record</d>
</text><text><lng>es</lng>
<d>Inserta un registro de objeto</d>
</text></texts></PHPModuleRef><PHPModuleRef>
<t>hw_Modifyobject</t>
<mn>hyperwave</mn>
<ft>F</ft>
<ver></ver>
<texts><text><lng>en</lng>
<d>Modifies object record</d>
</text><text><lng>es</lng>
<d>Modifica el registro de objeto</d>
</text></texts></PHPModuleRef><PHPModuleRef>
<t>hw_Mv</t>
<mn>hyperwave</mn>
<ft>F</ft>
<ver></ver>
<texts><text><lng>es</lng>
<d>Mueve objetos</d>
</text></texts></PHPModuleRef><PHPModuleRef>
<t>hw_New_Document</t>
<mn>hyperwave</mn>
<ft>F</ft>
<ver></ver>
<texts><text><lng>en</lng>
<d>Create new document</d>
</text><text><lng>es</lng>
<d>Crear nuevo documento</d>
</text></texts></PHPModuleRef><PHPModuleRef>
<t>hw_Objrec2Array</t>
<mn>hyperwave</mn>
<ft>F</ft>
<ver></ver>
<texts><text><lng>es</lng>
<d>Convierte atributos de registro de objeto a tabla de objetos</d>
</text></texts></PHPModuleRef><PHPModuleRef>
<t>hw_Output_Document</t>
<mn>hyperwave</mn>
<ft>F</ft>
<ver></ver>
<texts><text><lng>en</lng>
<d>Prints hw_document</d>
</text></texts></PHPModuleRef><PHPModuleRef>
<t>hw_pConnect</t>
<mn>hyperwave</mn>
<ft>F</ft>
<ver></ver>
<texts><text><lng>en</lng>
<d>Make a persistent database connection</d>
</text><text><lng>es</lng>
<d>Hacer una conexión de base de datos permanente</d>
</text></texts></PHPModuleRef><PHPModuleRef>
<t>hw_PipeDocument</t>
<mn>hyperwave</mn>
<ft>F</ft>
<ver></ver>
<texts><text><lng>en</lng>
<d>Retrieve any document</d>
</text><text><lng>es</lng>
<d>Recupera cualquier documento</d>
</text></texts></PHPModuleRef><PHPModuleRef>
<t>hw_Root</t>
<mn>hyperwave</mn>
<ft>F</ft>
<ver></ver>
<texts><text><lng>en</lng>
<d>Root object id</d>
</text><text><lng>es</lng>
<d>ID del objeto raíz</d>
</text></texts></PHPModuleRef><PHPModuleRef>
<t>hw_Unlock</t>
<mn>hyperwave</mn>
<ft>F</ft>
<ver></ver>
<texts><text><lng>en</lng>
<d>Unlock object</d>
</text><text><lng>es</lng>
<d>Desbloquea objeto</d>
</text></texts></PHPModuleRef><PHPModuleRef>
<t>hw_Who</t>
<mn>hyperwave</mn>
<ft>F</ft>
<ver></ver>
<texts><text><lng>en</lng>
<d>List of currently logged in users</d>
</text><text><lng>es</lng>
<d>Lista de los usuarios actualmente conectados</d>
</text></texts></PHPModuleRef></PHPModuleRef-List>
