<?xml version="1.0" encoding="utf-8"?>
<PHPModuleRef-List>
<PHPModuleRef>
<t>iconv</t>
<mn>iconv</mn>
<ft>F</ft>
<ver>4_0_5,4_0_6,4_1_0,4_1_1,4_1_2,4_2_0,4_2_1,4_2_2,4_2_3,4_3_0,4_3_1,4_3_10,4_3_11,4_3_2,4_3_3,4_3_4,4_3_5,4_3_6,4_3_7,4_3_8,4_3_9,4_4_0,4_4_1,4_4_2,4_4_3,4_4_4,4_4_5,4_4_6,4_cvs,5_0_0,5_0_1,5_0_2,5_0_3,5_1_0,5_1_1,5_1_2,5_1_3,5_1_4,5_1_5,5_1_6,5_2_0</ver>
<p4>string iconv(string in_charset, string out_charset, string str)</p4>
<p4d>Returns str converted to the out_charset character set </p4d>
<p5>string iconv(string in_charset, string out_charset, string str)</p5>
<p5d>Returns str converted to the out_charset character set </p5d>
<texts><text><lng>de</lng>
<d>Konvertiert Zeichenketten in einen anderen Zeichensatz</d>
</text><text><lng>en</lng>
<d>Convert string to requested character encoding</d>
</text></texts></PHPModuleRef><PHPModuleRef>
<t>iconv_get_encoding</t>
<mn>iconv</mn>
<ft>F</ft>
<ver>4_0_5,4_0_6,4_1_0,4_1_1,4_1_2,4_2_0,4_2_1,4_2_2,4_2_3,4_3_0,4_3_1,4_3_10,4_3_11,4_3_2,4_3_3,4_3_4,4_3_5,4_3_6,4_3_7,4_3_8,4_3_9,4_4_0,4_4_1,4_4_2,4_4_3,4_4_4,4_4_5,4_4_6,4_cvs,5_0_0,5_0_1,5_0_2,5_0_3,5_1_0,5_1_1,5_1_2,5_1_3,5_1_4,5_1_5,5_1_6,5_2_0,5_2_1,5_cvs</ver>
<p4>array iconv_get_encoding([string type])</p4>
<p4d>Get internal encoding and output encoding for ob_iconv_handler() </p4d>
<p5>mixed iconv_get_encoding([string type])</p5>
<p5d>Get internal encoding and output encoding for ob_iconv_handler() </p5d>
<texts><text><lng>de</lng>
<d>Aktuelle Einstellung für Zeichensatz-Konvertierung auslesen</d>
</text><text><lng>en</lng>
<d>Retrieve internal configuration variables of iconv extension</d>
</text></texts></PHPModuleRef><PHPModuleRef>
<t>iconv_mime_decode</t>
<mn>iconv</mn>
<ft>F</ft>
<ver>5_0_0,5_0_1,5_0_2,5_0_3,5_1_0,5_1_1,5_1_2,5_1_3,5_1_4,5_1_5,5_1_6,5_2_0,5_2_1,5_cvs</ver>
<p5>string iconv_mime_decode(string encoded_string [, int mode, string charset])</p5>
<p5d>Decodes a mime header field </p5d>
<texts><text><lng>en</lng>
<d>Decodes aMIMEheader field</d>
</text></texts></PHPModuleRef><PHPModuleRef>
<t>iconv_mime_decode_headers</t>
<mn>iconv</mn>
<ft>F</ft>
<ver>5_0_0,5_0_1,5_0_2,5_0_3,5_1_0,5_1_1,5_1_2,5_1_3,5_1_4,5_1_5,5_1_6,5_2_0,5_2_1,5_cvs</ver>
<p5>array iconv_mime_decode_headers(string headers [, int mode, string charset])</p5>
<p5d>Decodes multiple mime header fields </p5d>
<texts><text><lng>en</lng>
<d>Decodes multipleMIMEheader fields at once</d>
</text></texts></PHPModuleRef><PHPModuleRef>
<t>iconv_mime_encode</t>
<mn>iconv</mn>
<ft>F</ft>
<ver>5_0_0,5_0_1,5_0_2,5_0_3,5_1_0,5_1_1,5_1_2,5_1_3,5_1_4,5_1_5,5_1_6,5_2_0,5_2_1,5_cvs</ver>
<p5>string iconv_mime_encode(string field_name, string field_value [, array preference])</p5>
<p5d>Composes a mime header field with field_name and field_value in a specified scheme </p5d>
<texts><text><lng>en</lng>
<d>Composes aMIMEheader field</d>
</text></texts></PHPModuleRef><PHPModuleRef>
<t>iconv_set_encoding</t>
<mn>iconv</mn>
<ft>F</ft>
<ver>4_0_5,4_0_6,4_1_0,4_1_1,4_1_2,4_2_0,4_2_1,4_2_2,4_2_3,4_3_0,4_3_1,4_3_10,4_3_11,4_3_2,4_3_3,4_3_4,4_3_5,4_3_6,4_3_7,4_3_8,4_3_9,4_4_0,4_4_1,4_4_2,4_4_3,4_4_4,4_4_5,4_4_6,4_cvs,5_0_0,5_0_1,5_0_2,5_0_3,5_1_0,5_1_1,5_1_2,5_1_3,5_1_4,5_1_5,5_1_6,5_2_0,5_2_1,5_cvs</ver>
<p4>bool iconv_set_encoding(string type, string charset)</p4>
<p4d>Sets internal encoding and output encoding for ob_iconv_handler() </p4d>
<p5>bool iconv_set_encoding(string type, string charset)</p5>
<p5d>Sets internal encoding and output encoding for ob_iconv_handler() </p5d>
<texts><text><lng>de</lng>
<d>Einstellungen für die Zeichensatzkonvertierung setzen</d>
</text><text><lng>en</lng>
<d>Set current setting for character encoding conversion</d>
</text></texts></PHPModuleRef><PHPModuleRef>
<t>iconv_strlen</t>
<mn>iconv</mn>
<ft>F</ft>
<ver>5_0_0,5_0_1,5_0_2,5_0_3,5_1_0,5_1_1,5_1_2,5_1_3,5_1_4,5_1_5,5_1_6,5_2_0,5_2_1,5_cvs</ver>
<p5>int iconv_strlen(string str [, string charset])</p5>
<p5d>Returns the character count of str </p5d>
<texts><text><lng>en</lng>
<d>Returns the character count of string</d>
</text></texts></PHPModuleRef><PHPModuleRef>
<t>iconv_strpos</t>
<mn>iconv</mn>
<ft>F</ft>
<ver>5_0_0,5_0_1,5_0_2,5_0_3,5_1_0,5_1_1,5_1_2,5_1_3,5_1_4,5_1_5,5_1_6,5_2_0,5_2_1,5_cvs</ver>
<p5>int iconv_strpos(string haystack, string needle [, int offset [, string charset]])</p5>
<p5d>Finds position of first occurrence of needle within part of haystack beginning with offset </p5d>
<texts><text><lng>en</lng>
<d>Finds position of first occurrence of a needle within a haystack</d>
</text></texts></PHPModuleRef><PHPModuleRef>
<t>iconv_strrpos</t>
<mn>iconv</mn>
<ft>F</ft>
<ver>5_0_0,5_0_1,5_0_2,5_0_3,5_1_0,5_1_1,5_1_2,5_1_3,5_1_4,5_1_5,5_1_6,5_2_0,5_2_1,5_cvs</ver>
<p5>int iconv_strrpos(string haystack, string needle [, string charset])</p5>
<p5d>Finds position of last occurrence of needle within part of haystack beginning with offset </p5d>
<texts><text><lng>en</lng>
<d>Finds the last occurrence of a needle within a haystack</d>
</text></texts></PHPModuleRef><PHPModuleRef>
<t>iconv_substr</t>
<mn>iconv</mn>
<ft>F</ft>
<ver>5_0_0,5_0_1,5_0_2,5_0_3,5_1_0,5_1_1,5_1_2,5_1_3,5_1_4,5_1_5,5_1_6,5_2_0,5_2_1,5_cvs</ver>
<p5>string iconv_substr(string str, int offset, [int length, string charset])</p5>
<p5d>Returns specified part of a string </p5d>
<texts><text><lng>en</lng>
<d>Cut out part of a string</d>
</text></texts></PHPModuleRef><PHPModuleRef>
<t>ob_iconv_handler</t>
<mn>iconv</mn>
<ft>F</ft>
<ver>4_0_5,4_0_6,4_1_0,4_1_1,4_1_2,4_2_0,4_2_1,4_2_2,4_2_3,4_3_0,4_3_1,4_3_10,4_3_11,4_3_2,4_3_3,4_3_4,4_3_5,4_3_6,4_3_7,4_3_8,4_3_9,4_4_0,4_4_1,4_4_2,4_4_3,4_4_4,4_4_5,4_4_6,4_cvs,5_0_0,5_0_1,5_0_2,5_0_3,5_1_0,5_1_1,5_1_2,5_1_3,5_1_4,5_1_5,5_1_6,5_2_0,5_2_1</ver>
<p4>string ob_iconv_handler(string contents, int status)</p4>
<p4d>Returns str in output buffer converted to the iconv.output_encoding character set </p4d>
<texts><text><lng>de</lng>
<d>Konvertiert Zeichensatzkodierung als Ausgabepuffer-Handler (output buffer handler)</d>
</text><text><lng>en</lng>
<d>Convert character encoding as output buffer handler</d>
</text></texts></PHPModuleRef></PHPModuleRef-List>
