<?xml version="1.0" encoding="utf-8"?>
<PHPModuleRef-List>
<PHPModuleRef>
<t>imap_8bit</t>
<mn>imap</mn>
<ft>F</ft>
<ver>4_0_0,4_0_1,4_0_2,4_0_3,4_0_4,4_0_5,4_0_6,4_1_0,4_1_1,4_1_2,4_2_0,4_2_1,4_2_2,4_2_3,4_3_0,4_3_1,4_3_10,4_3_11,4_3_2,4_3_3,4_3_4,4_3_5,4_3_6,4_3_7,4_3_8,4_3_9,4_4_0,4_4_1,4_4_2,4_4_3,4_4_4,4_4_5,4_4_6,4_cvs,5_0_0,5_0_1,5_0_2,5_0_3,5_1_0,5_1_1,5_1_2,5_1_3,5_1_4,5_1_5,5_1_6,5_2_0,5_2_1,5_cvs</ver>
<p4>string imap_8bit(string text)</p4>
<p4d>Convert an 8-bit string to a quoted-printable string </p4d>
<p5>string imap_8bit(string text)</p5>
<p5d>Convert an 8-bit string to a quoted-printable string </p5d>
<texts><text><lng>de</lng>
<d>Konvertiert einen 8bit String in einen quoted-printable String</d>
</text><text><lng>en</lng>
<d>Convert an 8bit string to a quoted-printable string</d>
</text><text><lng>es</lng>
<d>Convierte una cadena de 8bit a una cadena quoted-printable</d>
</text></texts></PHPModuleRef><PHPModuleRef>
<t>imap_alerts</t>
<mn>imap</mn>
<ft>F</ft>
<ver>4_0_0,4_0_1,4_0_2,4_0_3,4_0_4,4_0_5,4_0_6,4_1_0,4_1_1,4_1_2,4_2_0,4_2_1,4_2_2,4_2_3,4_3_0,4_3_1,4_3_10,4_3_11,4_3_2,4_3_3,4_3_4,4_3_5,4_3_6,4_3_7,4_3_8,4_3_9,4_4_0,4_4_1,4_4_2,4_4_3,4_4_4,4_4_5,4_4_6,4_cvs,5_0_0,5_0_1,5_0_2,5_0_3,5_1_0,5_1_1,5_1_2,5_1_3,5_1_4,5_1_5,5_1_6,5_2_0,5_2_1,5_cvs</ver>
<p4>array imap_alerts(void)</p4>
<p4d>Returns an array of all IMAP alerts that have been generated since the last page load or since the last imap_alerts() call, whichever came last. The alert stack is cleared after imap_alerts() is called. </p4d>
<p5>array imap_alerts(void)</p5>
<p5d>Returns an array of all IMAP alerts that have been generated since the last page load or since the last imap_alerts() call, whichever came last. The alert stack is cleared after imap_alerts() is called. </p5d>
<texts><text><lng>de</lng>
<d>Liefert alle aufgetretenen IMAP Alarmnachrichten</d>
</text><text><lng>en</lng>
<d>Returns all IMAP alert messages that have occurred</d>
</text><text><lng>es</lng>
<d>Esta función devuelve todos los mensajes de alerta IMAP (si hubo) que han 
     ocurrido durante la petición de la pagina o desde que la pila de alertas fue
     inicializada.</d>
</text></texts></PHPModuleRef><PHPModuleRef>
<t>imap_append</t>
<mn>imap</mn>
<ft>F</ft>
<ver>4_0_0,4_0_1,4_0_2,4_0_3,4_0_4,4_0_5,4_0_6,4_1_0,4_1_1,4_1_2,4_2_0,4_2_1,4_2_2,4_2_3,4_3_0,4_3_1,4_3_10,4_3_11,4_3_2,4_3_3,4_3_4,4_3_5,4_3_6,4_3_7,4_3_8,4_3_9,4_4_0,4_4_1,4_4_2,4_4_3,4_4_4,4_4_5,4_4_6,4_cvs,5_0_0,5_0_1,5_0_2,5_0_3,5_1_0,5_1_1,5_1_2,5_1_3,5_1_4,5_1_5,5_1_6,5_2_0,5_2_1,5_cvs</ver>
<p4>bool imap_append(resource stream_id, string folder, string message [, string options])</p4>
<p4d>Append a new message to a specified mailbox </p4d>
<p5>bool imap_append(resource stream_id, string folder, string message [, string options])</p5>
<p5d>Append a new message to a specified mailbox </p5d>
<texts><text><lng>de</lng>
<d>String als Nachricht in einem Postfach ablegen</d>
</text><text><lng>en</lng>
<d>Append a string message to a specified mailbox</d>
</text><text><lng>es</lng>
<d>Agrega una cadena de mensaje al buzón especificado</d>
</text></texts></PHPModuleRef><PHPModuleRef>
<t>imap_base64</t>
<mn>imap</mn>
<ft>F</ft>
<ver>4_0_0,4_0_1,4_0_2,4_0_3,4_0_4,4_0_5,4_0_6,4_1_0,4_1_1,4_1_2,4_2_0,4_2_1,4_2_2,4_2_3,4_3_0,4_3_1,4_3_10,4_3_11,4_3_2,4_3_3,4_3_4,4_3_5,4_3_6,4_3_7,4_3_8,4_3_9,4_4_0,4_4_1,4_4_2,4_4_3,4_4_4,4_4_5,4_4_6,4_cvs,5_0_0,5_0_1,5_0_2,5_0_3,5_1_0,5_1_1,5_1_2,5_1_3,5_1_4,5_1_5,5_1_6,5_2_0,5_2_1,5_cvs</ver>
<p4>string imap_base64(string text)</p4>
<p4d>Decode BASE64 encoded text </p4d>
<p5>string imap_base64(string text)</p5>
<p5d>Decode BASE64 encoded text </p5d>
<texts><text><lng>de</lng>
<d>Dekodiert Base-64 kodierten Text</d>
</text><text><lng>en</lng>
<d>Decode BASE64 encoded text</d>
</text><text><lng>es</lng>
<d>Decodifica texto codificado en BASE64</d>
</text></texts></PHPModuleRef><PHPModuleRef>
<t>imap_binary</t>
<mn>imap</mn>
<ft>F</ft>
<ver>4_0_0,4_0_1,4_0_2,4_0_3,4_0_4,4_0_5,4_0_6,4_1_0,4_1_1,4_1_2,4_2_0,4_2_1,4_2_2,4_2_3,4_3_0,4_3_1,4_3_10,4_3_11,4_3_2,4_3_3,4_3_4,4_3_5,4_3_6,4_3_7,4_3_8,4_3_9,4_4_0,4_4_1,4_4_2,4_4_3,4_4_4,4_4_5,4_4_6,4_cvs,5_0_0,5_0_1,5_0_2,5_0_3,5_1_0,5_1_1,5_1_2,5_1_3,5_1_4,5_1_5,5_1_6,5_2_0,5_2_1,5_cvs</ver>
<p4>string imap_binary(string text)</p4>
<p4d>Convert an 8bit string to a base64 string </p4d>
<p5>string imap_binary(string text)</p5>
<p5d>Convert an 8bit string to a base64 string </p5d>
<texts><text><lng>de</lng>
<d>Konvertiert einen 8 Bit String in einen Base64 codierten String</d>
</text><text><lng>en</lng>
<d>Convert an 8bit string to a base64 string</d>
</text><text><lng>es</lng>
<d>Convierte una cadena de 8bit a una cadena base64</d>
</text></texts></PHPModuleRef><PHPModuleRef>
<t>imap_body</t>
<mn>imap</mn>
<ft>F</ft>
<ver>4_0_0,4_0_1,4_0_2,4_0_3,4_0_4,4_0_5,4_0_6,4_1_0,4_1_1,4_1_2,4_2_0,4_2_1,4_2_2,4_2_3,4_3_0,4_3_1,4_3_10,4_3_11,4_3_2,4_3_3,4_3_4,4_3_5,4_3_6,4_3_7,4_3_8,4_3_9,4_4_0,4_4_1,4_4_2,4_4_3,4_4_4,4_4_5,4_4_6,4_cvs,5_0_0,5_0_1,5_0_2,5_0_3,5_1_0,5_1_1,5_1_2,5_1_3,5_1_4,5_1_5,5_1_6,5_2_0,5_2_1,5_cvs</ver>
<p4>string imap_body(resource stream_id, int msg_no [, int options])</p4>
<p4d>Read the message body </p4d>
<p5>string imap_body(resource stream_id, int msg_no [, int options])</p5>
<p5d>Read the message body </p5d>
<texts><text><lng>de</lng>
<d>Liefert den Körper einer Nachricht</d>
</text><text><lng>en</lng>
<d>Read the message body</d>
</text><text><lng>es</lng>
<d>Lee el cuerpo del mensaje</d>
</text></texts></PHPModuleRef><PHPModuleRef>
<t>imap_bodystruct</t>
<mn>imap</mn>
<ft>F</ft>
<ver>4_0_0,4_0_1,4_0_2,4_0_3,4_0_4,4_0_5,4_0_6,4_1_0,4_1_1,4_1_2,4_2_0,4_2_1,4_2_2,4_2_3,4_3_0,4_3_1,4_3_10,4_3_11,4_3_2,4_3_3,4_3_4,4_3_5,4_3_6,4_3_7,4_3_8,4_3_9,4_4_0,4_4_1,4_4_2,4_4_3,4_4_4,4_4_5,4_4_6,4_cvs,5_0_0,5_0_1,5_0_2,5_0_3,5_1_0,5_1_1,5_1_2,5_1_3,5_1_4,5_1_5,5_1_6,5_2_0,5_2_1,5_cvs</ver>
<p4>object imap_bodystruct(resource stream_id, int msg_no, string section)</p4>
<p4d>Read the structure of a specified body section of a specific message </p4d>
<p5>object imap_bodystruct(resource stream_id, int msg_no, string section)</p5>
<p5d>Read the structure of a specified body section of a specific message </p5d>
<texts><text><lng>de</lng>
<d>Liefert die Struktur eines bestimmten Nachrichtenteils</d>
</text><text><lng>en</lng>
<d>Read the structure of a specified body section of a specific message</d>
</text></texts></PHPModuleRef><PHPModuleRef>
<t>imap_check</t>
<mn>imap</mn>
<ft>F</ft>
<ver>4_0_0,4_0_1,4_0_2,4_0_3,4_0_4,4_0_5,4_0_6,4_1_0,4_1_1,4_1_2,4_2_0,4_2_1,4_2_2,4_2_3,4_3_0,4_3_1,4_3_10,4_3_11,4_3_2,4_3_3,4_3_4,4_3_5,4_3_6,4_3_7,4_3_8,4_3_9,4_4_0,4_4_1,4_4_2,4_4_3,4_4_4,4_4_5,4_4_6,4_cvs,5_0_0,5_0_1,5_0_2,5_0_3,5_1_0,5_1_1,5_1_2,5_1_3,5_1_4,5_1_5,5_1_6,5_2_0,5_2_1,5_cvs</ver>
<p4>object imap_check(resource stream_id)</p4>
<p4d>Get mailbox properties </p4d>
<p5>object imap_check(resource stream_id)</p5>
<p5d>Get mailbox properties </p5d>
<texts><text><lng>de</lng>
<d>Informationen zum aktuellen Postfach</d>
</text><text><lng>en</lng>
<d>Check current mailbox</d>
</text><text><lng>es</lng>
<d>Comprueba el estado del buzón actual</d>
</text></texts></PHPModuleRef><PHPModuleRef>
<t>imap_clearflag_full</t>
<mn>imap</mn>
<ft>F</ft>
<ver>4_0_0,4_0_1,4_0_2,4_0_3,4_0_4,4_0_5,4_0_6,4_1_0,4_1_1,4_1_2,4_2_0,4_2_1,4_2_2,4_2_3,4_3_0,4_3_1,4_3_10,4_3_11,4_3_2,4_3_3,4_3_4,4_3_5,4_3_6,4_3_7,4_3_8,4_3_9,4_4_0,4_4_1,4_4_2,4_4_3,4_4_4,4_4_5,4_4_6,4_cvs,5_0_0,5_0_1,5_0_2,5_0_3,5_1_0,5_1_1,5_1_2,5_1_3,5_1_4,5_1_5,5_1_6,5_2_0,5_2_1,5_cvs</ver>
<p4>bool imap_clearflag_full(resource stream_id, string sequence, string flag [, int options])</p4>
<p4d>Clears flags on messages </p4d>
<p5>bool imap_clearflag_full(resource stream_id, string sequence, string flag [, int options])</p5>
<p5d>Clears flags on messages </p5d>
<texts><text><lng>de</lng>
<d>Löscht Flags einer Nachricht</d>
</text><text><lng>en</lng>
<d>Clears flags on messages</d>
</text><text><lng>es</lng>
<d>Limpia los flags de los mensajes</d>
</text></texts></PHPModuleRef><PHPModuleRef>
<t>imap_close</t>
<mn>imap</mn>
<ft>F</ft>
<ver>4_0_0,4_0_1,4_0_2,4_0_3,4_0_4,4_0_5,4_0_6,4_1_0,4_1_1,4_1_2,4_2_0,4_2_1,4_2_2,4_2_3,4_3_0,4_3_1,4_3_10,4_3_11,4_3_2,4_3_3,4_3_4,4_3_5,4_3_6,4_3_7,4_3_8,4_3_9,4_4_0,4_4_1,4_4_2,4_4_3,4_4_4,4_4_5,4_4_6,4_cvs,5_0_0,5_0_1,5_0_2,5_0_3,5_1_0,5_1_1,5_1_2,5_1_3,5_1_4,5_1_5,5_1_6,5_2_0,5_2_1,5_cvs</ver>
<p4>bool imap_close(resource stream_id [, int options])</p4>
<p4d>Close an IMAP stream </p4d>
<p5>bool imap_close(resource stream_id [, int options])</p5>
<p5d>Close an IMAP stream </p5d>
<texts><text><lng>de</lng>
<d>Schließt einen IMAP Stream</d>
</text><text><lng>en</lng>
<d>Close an IMAP stream</d>
</text><text><lng>es</lng>
<d>Cierra una sesión IMAP</d>
</text></texts></PHPModuleRef><PHPModuleRef>
<t>imap_create</t>
<mn>imap</mn>
<ft>A</ft>
<af>imap_createmailbox</af>
<ver>4_0_0,4_0_1,4_0_2,4_0_3,4_0_4,4_0_5,4_0_6,4_1_0,4_1_1,4_1_2,4_2_0,4_2_1,4_2_2,4_2_3,4_3_0,4_3_1,4_3_10,4_3_11,4_3_2,4_3_3,4_3_4,4_3_5,4_3_6,4_3_7,4_3_8,4_3_9,4_4_0,4_4_1,4_4_2,4_4_3,4_4_4,4_4_5,4_4_6,4_cvs,5_0_0,5_0_1,5_0_2,5_0_3,5_1_0,5_1_1,5_1_2,5_1_3,5_1_4,5_1_5,5_1_6,5_2_0,5_2_1,5_cvs</ver>
</PHPModuleRef><PHPModuleRef>
<t>imap_createmailbox</t>
<mn>imap</mn>
<ft>F</ft>
<ver>4_0_0,4_0_1,4_0_2,4_0_3,4_0_4,4_0_5,4_0_6,4_1_0,4_1_1,4_1_2,4_2_0,4_2_1,4_2_2,4_2_3,4_3_0,4_3_1,4_3_10,4_3_11,4_3_2,4_3_3,4_3_4,4_3_5,4_3_6,4_3_7,4_3_8,4_3_9,4_4_0,4_4_1,4_4_2,4_4_3,4_4_4,4_4_5,4_4_6,4_cvs,5_0_0,5_0_1,5_0_2,5_0_3,5_1_0,5_1_1,5_1_2,5_1_3,5_1_4,5_1_5,5_1_6,5_2_0,5_2_1,5_cvs</ver>
<p4>bool imap_createmailbox(resource stream_id, string mailbox)</p4>
<p4d>Create a new mailbox </p4d>
<p5>bool imap_createmailbox(resource stream_id, string mailbox)</p5>
<p5d>Create a new mailbox </p5d>
<texts><text><lng>de</lng>
<d>Anlegen eines neuen Postfachs</d>
</text><text><lng>en</lng>
<d>Create a new mailbox</d>
</text><text><lng>es</lng>
<d>Crea un buzón nuevo</d>
</text></texts></PHPModuleRef><PHPModuleRef>
<t>imap_delete</t>
<mn>imap</mn>
<ft>F</ft>
<ver>4_0_0,4_0_1,4_0_2,4_0_3,4_0_4,4_0_5,4_0_6,4_1_0,4_1_1,4_1_2,4_2_0,4_2_1,4_2_2,4_2_3,4_3_0,4_3_1,4_3_10,4_3_11,4_3_2,4_3_3,4_3_4,4_3_5,4_3_6,4_3_7,4_3_8,4_3_9,4_4_0,4_4_1,4_4_2,4_4_3,4_4_4,4_4_5,4_4_6,4_cvs,5_0_0,5_0_1,5_0_2,5_0_3,5_1_0,5_1_1,5_1_2,5_1_3,5_1_4,5_1_5,5_1_6,5_2_0,5_2_1,5_cvs</ver>
<p4>bool imap_delete(resource stream_id, int msg_no [, int options])</p4>
<p4d>Mark a message for deletion </p4d>
<p5>bool imap_delete(resource stream_id, int msg_no [, int options])</p5>
<p5d>Mark a message for deletion </p5d>
<texts><text><lng>de</lng>
<d>Nachrichten im aktuellen Postfach zur Löschung markieren</d>
</text><text><lng>en</lng>
<d>Mark a message for deletion from current mailbox</d>
</text><text><lng>es</lng>
<d>Marca un mensaje para ser borrado en el buzón actual</d>
</text></texts></PHPModuleRef><PHPModuleRef>
<t>imap_deletemailbox</t>
<mn>imap</mn>
<ft>F</ft>
<ver>4_0_0,4_0_1,4_0_2,4_0_3,4_0_4,4_0_5,4_0_6,4_1_0,4_1_1,4_1_2,4_2_0,4_2_1,4_2_2,4_2_3,4_3_0,4_3_1,4_3_10,4_3_11,4_3_2,4_3_3,4_3_4,4_3_5,4_3_6,4_3_7,4_3_8,4_3_9,4_4_0,4_4_1,4_4_2,4_4_3,4_4_4,4_4_5,4_4_6,4_cvs,5_0_0,5_0_1,5_0_2,5_0_3,5_1_0,5_1_1,5_1_2,5_1_3,5_1_4,5_1_5,5_1_6,5_2_0,5_2_1,5_cvs</ver>
<p4>bool imap_deletemailbox(resource stream_id, string mailbox)</p4>
<p4d>Delete a mailbox </p4d>
<p5>bool imap_deletemailbox(resource stream_id, string mailbox)</p5>
<p5d>Delete a mailbox </p5d>
<texts><text><lng>de</lng>
<d>Löscht ein Postfach</d>
</text><text><lng>en</lng>
<d>Delete a mailbox</d>
</text><text><lng>es</lng>
<d>Elimina un buzón</d>
</text></texts></PHPModuleRef><PHPModuleRef>
<t>imap_errors</t>
<mn>imap</mn>
<ft>F</ft>
<ver>4_0_0,4_0_1,4_0_2,4_0_3,4_0_4,4_0_5,4_0_6,4_1_0,4_1_1,4_1_2,4_2_0,4_2_1,4_2_2,4_2_3,4_3_0,4_3_1,4_3_10,4_3_11,4_3_2,4_3_3,4_3_4,4_3_5,4_3_6,4_3_7,4_3_8,4_3_9,4_4_0,4_4_1,4_4_2,4_4_3,4_4_4,4_4_5,4_4_6,4_cvs,5_0_0,5_0_1,5_0_2,5_0_3,5_1_0,5_1_1,5_1_2,5_1_3,5_1_4,5_1_5,5_1_6,5_2_0,5_2_1,5_cvs</ver>
<p4>array imap_errors(void)</p4>
<p4d>Returns an array of all IMAP errors generated since the last page load, or since the last imap_errors() call, whichever came last. The error stack is cleared after imap_errors() is called. </p4d>
<p5>array imap_errors(void)</p5>
<p5d>Returns an array of all IMAP errors generated since the last page load, or since the last imap_errors() call, whichever came last. The error stack is cleared after imap_errors() is called. </p5d>
<texts><text><lng>de</lng>
<d>Diese Funktion liefert alle bisher aufgetretenen Fehlermeldungen</d>
</text><text><lng>en</lng>
<d>Returns all of the IMAP errors that have occured</d>
</text><text><lng>es</lng>
<d>Esta función devuelve todos los errores IMAP (si hubo) que han 
     occurrido durante la petición de la página o desde que la pila de errores
     se inicializó.</d>
</text></texts></PHPModuleRef><PHPModuleRef>
<t>imap_expunge</t>
<mn>imap</mn>
<ft>F</ft>
<ver>4_0_0,4_0_1,4_0_2,4_0_3,4_0_4,4_0_5,4_0_6,4_1_0,4_1_1,4_1_2,4_2_0,4_2_1,4_2_2,4_2_3,4_3_0,4_3_1,4_3_10,4_3_11,4_3_2,4_3_3,4_3_4,4_3_5,4_3_6,4_3_7,4_3_8,4_3_9,4_4_0,4_4_1,4_4_2,4_4_3,4_4_4,4_4_5,4_4_6,4_cvs,5_0_0,5_0_1,5_0_2,5_0_3,5_1_0,5_1_1,5_1_2,5_1_3,5_1_4,5_1_5,5_1_6,5_2_0,5_2_1,5_cvs</ver>
<p4>bool imap_expunge(resource stream_id)</p4>
<p4d>Permanently delete all messages marked for deletion </p4d>
<p5>bool imap_expunge(resource stream_id)</p5>
<p5d>Permanently delete all messages marked for deletion </p5d>
<texts><text><lng>de</lng>
<d>Löscht alle zum Löschen markierte Nachrichten</d>
</text><text><lng>en</lng>
<d>Delete all messages marked for deletion</d>
</text><text><lng>es</lng>
<d>Elimina todos los mensajes marcados como borrados</d>
</text></texts></PHPModuleRef><PHPModuleRef>
<t>imap_fetchbody</t>
<mn>imap</mn>
<ft>F</ft>
<ver>4_0_0,4_0_1,4_0_2,4_0_3,4_0_4,4_0_5,4_0_6,4_1_0,4_1_1,4_1_2,4_2_0,4_2_1,4_2_2,4_2_3,4_3_0,4_3_1,4_3_10,4_3_11,4_3_2,4_3_3,4_3_4,4_3_5,4_3_6,4_3_7,4_3_8,4_3_9,4_4_0,4_4_1,4_4_2,4_4_3,4_4_4,4_4_5,4_4_6,4_cvs,5_0_0,5_0_1,5_0_2,5_0_3,5_1_0,5_1_1,5_1_2,5_1_3,5_1_4,5_1_5,5_1_6,5_2_0,5_2_1,5_cvs</ver>
<p4>string imap_fetchbody(resource stream_id, int msg_no, string section [, int options])</p4>
<p4d>Get a specific body section </p4d>
<p5>string imap_fetchbody(resource stream_id, int msg_no, string section [, int options])</p5>
<p5d>Get a specific body section </p5d>
<texts><text><lng>de</lng>
<d>Liefert einen bestimmten Abschnitt aus dem Körper einer Nachricht</d>
</text><text><lng>en</lng>
<d>Fetch a particular section of the body of the message</d>
</text><text><lng>es</lng>
<d>Localiza una sección particular en el cuerpo del mensaje</d>
</text></texts></PHPModuleRef><PHPModuleRef>
<t>imap_fetchheader</t>
<mn>imap</mn>
<ft>F</ft>
<ver>4_0_0,4_0_1,4_0_2,4_0_3,4_0_4,4_0_5,4_0_6,4_1_0,4_1_1,4_1_2,4_2_0,4_2_1,4_2_2,4_2_3,4_3_0,4_3_1,4_3_10,4_3_11,4_3_2,4_3_3,4_3_4,4_3_5,4_3_6,4_3_7,4_3_8,4_3_9,4_4_0,4_4_1,4_4_2,4_4_3,4_4_4,4_4_5,4_4_6,4_cvs,5_0_0,5_0_1,5_0_2,5_0_3,5_1_0,5_1_1,5_1_2,5_1_3,5_1_4,5_1_5,5_1_6,5_2_0,5_2_1,5_cvs</ver>
<p4>string imap_fetchheader(resource stream_id, int msg_no [, int options])</p4>
<p4d>Get the full unfiltered header for a message </p4d>
<p5>string imap_fetchheader(resource stream_id, int msg_no [, int options])</p5>
<p5d>Get the full unfiltered header for a message </p5d>
<texts><text><lng>de</lng>
<d>Liefert den Kopf einer Nachricht</d>
</text><text><lng>en</lng>
<d>Returns header for a message</d>
</text><text><lng>es</lng>
<d>Devuelve la cabecera de un mensaje</d>
</text></texts></PHPModuleRef><PHPModuleRef>
<t>imap_fetchstructure</t>
<mn>imap</mn>
<ft>F</ft>
<ver>4_0_0,4_0_1,4_0_2,4_0_3,4_0_4,4_0_5,4_0_6,4_1_0,4_1_1,4_1_2,4_2_0,4_2_1,4_2_2,4_2_3,4_3_0,4_3_1,4_3_10,4_3_11,4_3_2,4_3_3,4_3_4,4_3_5,4_3_6,4_3_7,4_3_8,4_3_9,4_4_0,4_4_1,4_4_2,4_4_3,4_4_4,4_4_5,4_4_6,4_cvs,5_0_0,5_0_1,5_0_2,5_0_3,5_1_0,5_1_1,5_1_2,5_1_3,5_1_4,5_1_5,5_1_6,5_2_0,5_2_1,5_cvs</ver>
<p4>object imap_fetchstructure(resource stream_id, int msg_no [, int options])</p4>
<p4d>Read the full structure of a message </p4d>
<p5>object imap_fetchstructure(resource stream_id, int msg_no [, int options])</p5>
<p5d>Read the full structure of a message </p5d>
<texts><text><lng>de</lng>
<d>Ermittelt die Struktur einer Nachricht</d>
</text><text><lng>en</lng>
<d>Read the structure of a particular message</d>
</text><text><lng>es</lng>
<d>Lee la estructuta de un mensaje concreto</d>
</text></texts></PHPModuleRef><PHPModuleRef>
<t>imap_fetchtext</t>
<mn>imap</mn>
<ft>A</ft>
<af>imap_body</af>
<ver>4_0_0,4_0_1,4_0_2,4_0_3,4_0_4,4_0_5,4_0_6,4_1_0,4_1_1,4_1_2,4_2_0,4_2_1,4_2_2,4_2_3,4_3_0,4_3_1,4_3_10,4_3_11,4_3_2,4_3_3,4_3_4,4_3_5,4_3_6,4_3_7,4_3_8,4_3_9,4_4_0,4_4_1,4_4_2,4_4_3,4_4_4,4_4_5,4_4_6,4_cvs,5_0_0,5_0_1,5_0_2,5_0_3,5_1_0,5_1_1,5_1_2,5_1_3,5_1_4,5_1_5,5_1_6,5_2_0,5_2_1,5_cvs</ver>
</PHPModuleRef><PHPModuleRef>
<t>imap_fetch_overview</t>
<mn>imap</mn>
<ft>F</ft>
<ver>4_0_0,4_0_1,4_0_2,4_0_3,4_0_4,4_0_5,4_0_6,4_1_0,4_1_1,4_1_2,4_2_0,4_2_1,4_2_2,4_2_3,4_3_0,4_3_1,4_3_10,4_3_11,4_3_2,4_3_3,4_3_4,4_3_5,4_3_6,4_3_7,4_3_8,4_3_9,4_4_0,4_4_1,4_4_2,4_4_3,4_4_4,4_4_5,4_4_6,4_cvs,5_0_0,5_0_1,5_0_2,5_0_3,5_1_0,5_1_1,5_1_2,5_1_3,5_1_4,5_1_5,5_1_6,5_2_0,5_2_1,5_cvs</ver>
<p4>array imap_fetch_overview(resource stream_id, int msg_no [, int options])</p4>
<p4d>Read an overview of the information in the headers of the given message sequence </p4d>
<p5>array imap_fetch_overview(resource stream_id, int msg_no [, int options])</p5>
<p5d>Read an overview of the information in the headers of the given message sequence </p5d>
<texts><text><lng>de</lng>
<d>Liefert einen Auszug aus den Kopfdaten von Nachrichten</d>
</text><text><lng>en</lng>
<d>Read an overview of the information in the headers of the given message</d>
</text></texts></PHPModuleRef><PHPModuleRef>
<t>imap_getacl</t>
<mn>imap</mn>
<ft>F</ft>
<ver>5_0_0,5_0_1,5_0_2,5_0_3,5_1_0,5_1_1,5_1_2,5_1_3,5_1_4,5_1_5,5_1_6,5_2_0,5_2_1,5_cvs</ver>
<p5>array imap_getacl(resource stream_id, string mailbox)</p5>
<p5d>Gets the ACL for a given mailbox </p5d>
<texts><text><lng>de</lng>
<d>Liste der Zugriffsrechte fÃ¼r ein Postfach bestimmen</d>
</text><text><lng>en</lng>
<d>Gets the ACL for a given mailbox</d>
</text></texts></PHPModuleRef><PHPModuleRef>
<t>imap_getmailboxes</t>
<mn>imap</mn>
<ft>A</ft>
<af>imap_list_full</af>
<ver>4_0_0,4_0_1,4_0_2,4_0_3,4_0_4,4_0_5,4_0_6,4_1_0,4_1_1,4_1_2,4_2_0,4_2_1,4_2_2,4_2_3,4_3_0,4_3_1,4_3_10,4_3_11,4_3_2,4_3_3,4_3_4,4_3_5,4_3_6,4_3_7,4_3_8,4_3_9,4_4_0,4_4_1,4_4_2,4_4_3,4_4_4,4_4_5,4_4_6,4_cvs,5_0_0,5_0_1,5_0_2,5_0_3,5_1_0,5_1_1,5_1_2,5_1_3,5_1_4,5_1_5,5_1_6,5_2_0,5_2_1,5_cvs</ver>
</PHPModuleRef><PHPModuleRef>
<t>imap_getsubscribed</t>
<mn>imap</mn>
<ft>A</ft>
<af>imap_lsub_full</af>
<ver>4_0_0,4_0_1,4_0_2,4_0_3,4_0_4,4_0_5,4_0_6,4_1_0,4_1_1,4_1_2,4_2_0,4_2_1,4_2_2,4_2_3,4_3_0,4_3_1,4_3_10,4_3_11,4_3_2,4_3_3,4_3_4,4_3_5,4_3_6,4_3_7,4_3_8,4_3_9,4_4_0,4_4_1,4_4_2,4_4_3,4_4_4,4_4_5,4_4_6,4_cvs,5_0_0,5_0_1,5_0_2,5_0_3,5_1_0,5_1_1,5_1_2,5_1_3,5_1_4,5_1_5,5_1_6,5_2_0,5_2_1,5_cvs</ver>
</PHPModuleRef><PHPModuleRef>
<t>imap_get_quota</t>
<mn>imap</mn>
<ft>F</ft>
<ver>4_0_5,4_0_6,4_1_0,4_1_1,4_1_2,4_2_0,4_2_1,4_2_2,4_2_3,4_3_0,4_3_1,4_3_10,4_3_11,4_3_2,4_3_3,4_3_4,4_3_5,4_3_6,4_3_7,4_3_8,4_3_9,4_4_0,4_4_1,4_4_2,4_4_3,4_4_4,4_4_5,4_4_6,4_cvs,5_0_0,5_0_1,5_0_2,5_0_3,5_1_0,5_1_1,5_1_2,5_1_3,5_1_4,5_1_5,5_1_6,5_2_0,5_2_1,5_cvs</ver>
<p4>array imap_get_quota(resource stream_id, string qroot)</p4>
<p4d>Returns the quota set to the mailbox account qroot </p4d>
<p5>array imap_get_quota(resource stream_id, string qroot)</p5>
<p5d>Returns the quota set to the mailbox account qroot </p5d>
<texts><text><lng>de</lng>
<d>Liefert Quota-Beschränkungen und Nutzungsstatistik der Postfächer</d>
</text><text><lng>en</lng>
<d>Retrieve the quota level settings, and usage statics per mailbox</d>
</text></texts></PHPModuleRef><PHPModuleRef>
<t>imap_get_quotaroot</t>
<mn>imap</mn>
<ft>F</ft>
<ver>4_3_0,4_3_1,4_3_10,4_3_11,4_3_2,4_3_3,4_3_4,4_3_5,4_3_6,4_3_7,4_3_8,4_3_9,4_4_0,4_4_1,4_4_2,4_4_3,4_4_4,4_4_5,4_4_6,4_cvs,5_0_0,5_0_1,5_0_2,5_0_3,5_1_0,5_1_1,5_1_2,5_1_3,5_1_4,5_1_5,5_1_6,5_2_0,5_2_1,5_cvs</ver>
<p4>array imap_get_quotaroot(resource stream_id, string mbox)</p4>
<p4d>Returns the quota set to the mailbox account mbox </p4d>
<p5>array imap_get_quotaroot(resource stream_id, string mbox)</p5>
<p5d>Returns the quota set to the mailbox account mbox </p5d>
<texts><text><lng>de</lng>
<d>Liefert die Quota-Beschränkungen für ein Benutzerpostfach</d>
</text><text><lng>en</lng>
<d>Retrieve the quota settings per user</d>
</text></texts></PHPModuleRef><PHPModuleRef>
<t>imap_header</t>
<mn>imap</mn>
<ft>A</ft>
<af>imap_headerinfo</af>
<ver>4_0_0,4_0_1,4_0_2,4_0_3,4_0_4,4_0_5,4_0_6,4_1_0,4_1_1,4_1_2,4_2_0,4_2_1,4_2_2,4_2_3,4_3_0,4_3_1,4_3_10,4_3_11,4_3_2,4_3_3,4_3_4,4_3_5,4_3_6,4_3_7,4_3_8,4_3_9,4_4_0,4_4_1,4_4_2,4_4_3,4_4_4,4_4_5,4_4_6,4_cvs,5_0_0,5_0_1,5_0_2,5_0_3,5_1_0,5_1_1,5_1_2,5_1_3,5_1_4,5_1_5,5_1_6,5_2_0,5_2_1,5_cvs</ver>
</PHPModuleRef><PHPModuleRef>
<t>imap_headerinfo</t>
<mn>imap</mn>
<ft>F</ft>
<ver>4_0_0,4_0_1,4_0_2,4_0_3,4_0_4,4_0_5,4_0_6,4_1_0,4_1_1,4_1_2,4_2_0,4_2_1,4_2_2,4_2_3,4_3_0,4_3_1,4_3_10,4_3_11,4_3_2,4_3_3,4_3_4,4_3_5,4_3_6,4_3_7,4_3_8,4_3_9,4_4_0,4_4_1,4_4_2,4_4_3,4_4_4,4_4_5,4_4_6,4_cvs,5_0_0,5_0_1,5_0_2,5_0_3,5_1_0,5_1_1,5_1_2,5_1_3,5_1_4,5_1_5,5_1_6,5_2_0,5_2_1,5_cvs</ver>
<p4>object imap_headerinfo(resource stream_id, int msg_no [, int from_length [, int subject_length [, st</p4>
<p4d>Read the headers of the message </p4d>
<p5>object imap_headerinfo(resource stream_id, int msg_no [, int from_length [, int subject_length [, st</p5>
<p5d>Read the headers of the message </p5d>
<texts><text><lng>de</lng>
<d>Liest die Kopfdaten einer Nachricht</d>
</text><text><lng>en</lng>
<d>Read the header of the message</d>
</text></texts></PHPModuleRef><PHPModuleRef>
<t>imap_headers</t>
<mn>imap</mn>
<ft>F</ft>
<ver>4_0_0,4_0_1,4_0_2,4_0_3,4_0_4,4_0_5,4_0_6,4_1_0,4_1_1,4_1_2,4_2_0,4_2_1,4_2_2,4_2_3,4_3_0,4_3_1,4_3_10,4_3_11,4_3_2,4_3_3,4_3_4,4_3_5,4_3_6,4_3_7,4_3_8,4_3_9,4_4_0,4_4_1,4_4_2,4_4_3,4_4_4,4_4_5,4_4_6,4_cvs,5_0_0,5_0_1,5_0_2,5_0_3,5_1_0,5_1_1,5_1_2,5_1_3,5_1_4,5_1_5,5_1_6,5_2_0,5_2_1,5_cvs</ver>
<p4>array imap_headers(resource stream_id)</p4>
<p4d>Returns headers for all messages in a mailbox </p4d>
<p5>array imap_headers(resource stream_id)</p5>
<p5d>Returns headers for all messages in a mailbox </p5d>
<texts><text><lng>de</lng>
<d>Liefert eine Zusammenfassung aller Nachrichtenköpfe eines Postfachs</d>
</text><text><lng>en</lng>
<d>Returns headers for all messages in a mailbox</d>
</text><text><lng>es</lng>
<d>Returns headers for all messages in a mailbox</d>
</text></texts></PHPModuleRef><PHPModuleRef>
<t>imap_last_error</t>
<mn>imap</mn>
<ft>F</ft>
<ver>4_0_0,4_0_1,4_0_2,4_0_3,4_0_4,4_0_5,4_0_6,4_1_0,4_1_1,4_1_2,4_2_0,4_2_1,4_2_2,4_2_3,4_3_0,4_3_1,4_3_10,4_3_11,4_3_2,4_3_3,4_3_4,4_3_5,4_3_6,4_3_7,4_3_8,4_3_9,4_4_0,4_4_1,4_4_2,4_4_3,4_4_4,4_4_5,4_4_6,4_cvs,5_0_0,5_0_1,5_0_2,5_0_3,5_1_0,5_1_1,5_1_2,5_1_3,5_1_4,5_1_5,5_1_6,5_2_0,5_2_1,5_cvs</ver>
<p4>string imap_last_error(void) </p4>
<p4d>Returns the last error that was generated by an IMAP function. The error stack is NOT cleared after this call. </p4d>
<p5>string imap_last_error(void) </p5>
<p5d>Returns the last error that was generated by an IMAP function. The error stack is NOT cleared after this call. </p5d>
<texts><text><lng>de</lng>
<d>Liefert die letzte IMAP-Fehlermeldung für dieses Script</d>
</text><text><lng>en</lng>
<d>Gets the last IMAP error that occurred during this page request</d>
</text><text><lng>es</lng>
<d>Esta función devuelve el último error IMAP (si se produjo) que ocurrió
     durante la petición de esta página.</d>
</text></texts></PHPModuleRef><PHPModuleRef>
<t>imap_list</t>
<mn>imap</mn>
<ft>F</ft>
<ver>4_0_0,4_0_1,4_0_2,4_0_3,4_0_4,4_0_5,4_0_6,4_1_0,4_1_1,4_1_2,4_2_0,4_2_1,4_2_2,4_2_3,4_3_0,4_3_1,4_3_10,4_3_11,4_3_2,4_3_3,4_3_4,4_3_5,4_3_6,4_3_7,4_3_8,4_3_9,4_4_0,4_4_1,4_4_2,4_4_3,4_4_4,4_4_5,4_4_6,4_cvs,5_0_0,5_0_1,5_0_2,5_0_3,5_1_0,5_1_1,5_1_2,5_1_3,5_1_4,5_1_5,5_1_6,5_2_0,5_2_1,5_cvs</ver>
<p4>array imap_list(resource stream_id, string ref, string pattern)</p4>
<p4d>Read the list of mailboxes </p4d>
<p5>array imap_list(resource stream_id, string ref, string pattern)</p5>
<p5d>Read the list of mailboxes </p5d>
<texts><text><lng>de</lng>
<d>Liste der Postfächer lesen</d>
</text><text><lng>en</lng>
<d>Read the list of mailboxes</d>
</text></texts></PHPModuleRef><PHPModuleRef>
<t>imap_listmailbox</t>
<mn>imap</mn>
<ft>A</ft>
<af>imap_list</af>
<ver>4_0_0,4_0_1,4_0_2,4_0_3,4_0_4,4_0_5,4_0_6,4_1_0,4_1_1,4_1_2,4_2_0,4_2_1,4_2_2,4_2_3,4_3_0,4_3_1,4_3_10,4_3_11,4_3_2,4_3_3,4_3_4,4_3_5,4_3_6,4_3_7,4_3_8,4_3_9,4_4_0,4_4_1,4_4_2,4_4_3,4_4_4,4_4_5,4_4_6,4_cvs,5_0_0,5_0_1,5_0_2,5_0_3,5_1_0,5_1_1,5_1_2,5_1_3,5_1_4,5_1_5,5_1_6,5_2_0,5_2_1,5_cvs</ver>
</PHPModuleRef><PHPModuleRef>
<t>imap_listsubscribed</t>
<mn>imap</mn>
<ft>A</ft>
<af>imap_lsub</af>
<ver>4_0_0,4_0_1,4_0_2,4_0_3,4_0_4,4_0_5,4_0_6,4_1_0,4_1_1,4_1_2,4_2_0,4_2_1,4_2_2,4_2_3,4_3_0,4_3_1,4_3_10,4_3_11,4_3_2,4_3_3,4_3_4,4_3_5,4_3_6,4_3_7,4_3_8,4_3_9,4_4_0,4_4_1,4_4_2,4_4_3,4_4_4,4_4_5,4_4_6,4_cvs,5_0_0,5_0_1,5_0_2,5_0_3,5_1_0,5_1_1,5_1_2,5_1_3,5_1_4,5_1_5,5_1_6,5_2_0,5_2_1,5_cvs</ver>
</PHPModuleRef><PHPModuleRef>
<t>imap_lsub</t>
<mn>imap</mn>
<ft>F</ft>
<ver>4_0_0,4_0_1,4_0_2,4_0_3,4_0_4,4_0_5,4_0_6,4_1_0,4_1_1,4_1_2,4_2_0,4_2_1,4_2_2,4_2_3,4_3_0,4_3_1,4_3_10,4_3_11,4_3_2,4_3_3,4_3_4,4_3_5,4_3_6,4_3_7,4_3_8,4_3_9,4_4_0,4_4_1,4_4_2,4_4_3,4_4_4,4_4_5,4_4_6,4_cvs,5_0_0,5_0_1,5_0_2,5_0_3,5_1_0,5_1_1,5_1_2,5_1_3,5_1_4,5_1_5,5_1_6,5_2_0,5_2_1,5_cvs</ver>
<p4>array imap_lsub(resource stream_id, string ref, string pattern)</p4>
<p4d>Return a list of subscribed mailboxes </p4d>
<p5>array imap_lsub(resource stream_id, string ref, string pattern)</p5>
<p5d>Return a list of subscribed mailboxes </p5d>
<texts><text><lng>de</lng>
<d>Liste aller abonierten Postfächer</d>
</text><text><lng>en</lng>
<d>List all the subscribed mailboxes</d>
</text></texts></PHPModuleRef><PHPModuleRef>
<t>imap_mail</t>
<mn>imap</mn>
<ft>F</ft>
<ver>4_0_0,4_0_1,4_0_2,4_0_3,4_0_4,4_0_5,4_0_6,4_1_0,4_1_1,4_1_2,4_2_0,4_2_1,4_2_2,4_2_3,4_3_0,4_3_1,4_3_10,4_3_11,4_3_2,4_3_3,4_3_4,4_3_5,4_3_6,4_3_7,4_3_8,4_3_9,4_4_0,4_4_1,4_4_2,4_4_3,4_4_4,4_4_5,4_4_6,4_cvs,5_0_0,5_0_1,5_0_2,5_0_3,5_1_0,5_1_1,5_1_2,5_1_3,5_1_4,5_1_5,5_1_6,5_2_0,5_2_1,5_cvs</ver>
<p4>bool imap_mail(string to, string subject, string message [, string additional_headers [, string cc [</p4>
<p4d>Send an email message </p4d>
<p5>bool imap_mail(string to, string subject, string message [, string additional_headers [, string cc [</p5>
<p5d>Send an email message </p5d>
<texts><text><lng>de</lng>
<d>Sendet eine Email Nachricht</d>
</text><text><lng>en</lng>
<d>Send an email message</d>
</text></texts></PHPModuleRef><PHPModuleRef>
<t>imap_mailboxmsginfo</t>
<mn>imap</mn>
<ft>F</ft>
<ver>4_0_0,4_0_1,4_0_2,4_0_3,4_0_4,4_0_5,4_0_6,4_1_0,4_1_1,4_1_2,4_2_0,4_2_1,4_2_2,4_2_3,4_3_0,4_3_1,4_3_10,4_3_11,4_3_2,4_3_3,4_3_4,4_3_5,4_3_6,4_3_7,4_3_8,4_3_9,4_4_0,4_4_1,4_4_2,4_4_3,4_4_4,4_4_5,4_4_6,4_cvs,5_0_0,5_0_1,5_0_2,5_0_3,5_1_0,5_1_1,5_1_2,5_1_3,5_1_4,5_1_5,5_1_6,5_2_0,5_2_1,5_cvs</ver>
<p4>object imap_mailboxmsginfo(resource stream_id)</p4>
<p4d>Returns info about the current mailbox </p4d>
<p5>object imap_mailboxmsginfo(resource stream_id)</p5>
<p5d>Returns info about the current mailbox </p5d>
<texts><text><lng>de</lng>
<d>Informationen zum aktuellen Postfach</d>
</text><text><lng>en</lng>
<d>Get information about the current mailbox</d>
</text><text><lng>es</lng>
<d>Obtiene información acerca del buzón actual</d>
</text></texts></PHPModuleRef><PHPModuleRef>
<t>imap_mail_compose</t>
<mn>imap</mn>
<ft>F</ft>
<ver>4_0_0,4_0_1,4_0_2,4_0_3,4_0_4,4_0_5,4_0_6,4_1_0,4_1_1,4_1_2,4_2_0,4_2_1,4_2_2,4_2_3,4_3_0,4_3_1,4_3_10,4_3_11,4_3_2,4_3_3,4_3_4,4_3_5,4_3_6,4_3_7,4_3_8,4_3_9,4_4_0,4_4_1,4_4_2,4_4_3,4_4_4,4_4_5,4_4_6,4_cvs,5_0_0,5_0_1,5_0_2,5_0_3,5_1_0,5_1_1,5_1_2,5_1_3,5_1_4,5_1_5,5_1_6,5_2_0,5_2_1,5_cvs</ver>
<p4>string imap_mail_compose(array envelope, array body)</p4>
<p4d>Create a MIME message based on given envelope and body sections </p4d>
<p5>string imap_mail_compose(array envelope, array body)</p5>
<p5d>Create a MIME message based on given envelope and body sections </p5d>
<texts><text><lng>de</lng>
<d>Erzeugt eine MIME-Nachricht aus Kopf- und Nachrichtenelementen</d>
</text><text><lng>en</lng>
<d>Create a MIME message based on given envelope and body sections</d>
</text></texts></PHPModuleRef><PHPModuleRef>
<t>imap_mail_copy</t>
<mn>imap</mn>
<ft>F</ft>
<ver>4_0_0,4_0_1,4_0_2,4_0_3,4_0_4,4_0_5,4_0_6,4_1_0,4_1_1,4_1_2,4_2_0,4_2_1,4_2_2,4_2_3,4_3_0,4_3_1,4_3_10,4_3_11,4_3_2,4_3_3,4_3_4,4_3_5,4_3_6,4_3_7,4_3_8,4_3_9,4_4_0,4_4_1,4_4_2,4_4_3,4_4_4,4_4_5,4_4_6,4_cvs,5_0_0,5_0_1,5_0_2,5_0_3,5_1_0,5_1_1,5_1_2,5_1_3,5_1_4,5_1_5,5_1_6,5_2_0,5_2_1,5_cvs</ver>
<p4>bool imap_mail_copy(resource stream_id, int msg_no, string mailbox [, int options])</p4>
<p4d>Copy specified message to a mailbox </p4d>
<p5>bool imap_mail_copy(resource stream_id, int msg_no, string mailbox [, int options])</p5>
<p5d>Copy specified message to a mailbox </p5d>
<texts><text><lng>de</lng>
<d>Kopiert Nachrichten in ein Postfach</d>
</text><text><lng>en</lng>
<d>Copy specified messages to a mailbox</d>
</text><text><lng>es</lng>
<d>Copia los mensajes especificados a un buzón</d>
</text></texts></PHPModuleRef><PHPModuleRef>
<t>imap_mail_move</t>
<mn>imap</mn>
<ft>F</ft>
<ver>4_0_0,4_0_1,4_0_2,4_0_3,4_0_4,4_0_5,4_0_6,4_1_0,4_1_1,4_1_2,4_2_0,4_2_1,4_2_2,4_2_3,4_3_0,4_3_1,4_3_10,4_3_11,4_3_2,4_3_3,4_3_4,4_3_5,4_3_6,4_3_7,4_3_8,4_3_9,4_4_0,4_4_1,4_4_2,4_4_3,4_4_4,4_4_5,4_4_6,4_cvs,5_0_0,5_0_1,5_0_2,5_0_3,5_1_0,5_1_1,5_1_2,5_1_3,5_1_4,5_1_5,5_1_6,5_2_0,5_2_1,5_cvs</ver>
<p4>bool imap_mail_move(resource stream_id, int msg_no, string mailbox [, int options])</p4>
<p4d>Move specified message to a mailbox </p4d>
<p5>bool imap_mail_move(resource stream_id, int msg_no, string mailbox [, int options])</p5>
<p5d>Move specified message to a mailbox </p5d>
<texts><text><lng>de</lng>
<d>Verschiebt Nachrichten in ein anderes Postfach</d>
</text><text><lng>en</lng>
<d>Move specified messages to a mailbox</d>
</text><text><lng>es</lng>
<d>Mueve los mensajes especificados a un buzón</d>
</text></texts></PHPModuleRef><PHPModuleRef>
<t>imap_mime_header_decode</t>
<mn>imap</mn>
<ft>F</ft>
<ver>4_0_0,4_0_1,4_0_2,4_0_3,4_0_4,4_0_5,4_0_6,4_1_0,4_1_1,4_1_2,4_2_0,4_2_1,4_2_2,4_2_3,4_3_0,4_3_1,4_3_10,4_3_11,4_3_2,4_3_3,4_3_4,4_3_5,4_3_6,4_3_7,4_3_8,4_3_9,4_4_0,4_4_1,4_4_2,4_4_3,4_4_4,4_4_5,4_4_6,4_cvs,5_0_0,5_0_1,5_0_2,5_0_3,5_1_0,5_1_1,5_1_2,5_1_3,5_1_4,5_1_5,5_1_6,5_2_0,5_2_1,5_cvs</ver>
<p4>array imap_mime_header_decode(string str)</p4>
<p4d>Decode mime header element in accordance with RFC 2047 and return array of objects containing 'charset' encoding and decoded 'text' </p4d>
<p5>array imap_mime_header_decode(string str)</p5>
<p5d>Decode mime header element in accordance with RFC 2047 and return array of objects containing 'charset' encoding and decoded 'text' </p5d>
<texts><text><lng>de</lng>
<d>Dekodiert MIME-codierte Headerzeilen</d>
</text><text><lng>en</lng>
<d>Decode MIME header elements</d>
</text></texts></PHPModuleRef><PHPModuleRef>
<t>imap_msgno</t>
<mn>imap</mn>
<ft>F</ft>
<ver>4_0_0,4_0_1,4_0_2,4_0_3,4_0_4,4_0_5,4_0_6,4_1_0,4_1_1,4_1_2,4_2_0,4_2_1,4_2_2,4_2_3,4_3_0,4_3_1,4_3_10,4_3_11,4_3_2,4_3_3,4_3_4,4_3_5,4_3_6,4_3_7,4_3_8,4_3_9,4_4_0,4_4_1,4_4_2,4_4_3,4_4_4,4_4_5,4_4_6,4_cvs,5_0_0,5_0_1,5_0_2,5_0_3,5_1_0,5_1_1,5_1_2,5_1_3,5_1_4,5_1_5,5_1_6,5_2_0,5_2_1,5_cvs</ver>
<p4>int imap_msgno(resource stream_id, int unique_msg_id)</p4>
<p4d>Get the sequence number associated with a UID </p4d>
<p5>int imap_msgno(resource stream_id, int unique_msg_id)</p5>
<p5d>Get the sequence number associated with a UID </p5d>
<texts><text><lng>de</lng>
<d>Liefert die Nachrichtennummer für eine gegebene UID</d>
</text><text><lng>en</lng>
<d>Gets the message sequence number for the given UID</d>
</text><text><lng>es</lng>
<d>Esta función devuelve el número de secuencia del mensaje para el UID dado.</d>
</text></texts></PHPModuleRef><PHPModuleRef>
<t>imap_num_msg</t>
<mn>imap</mn>
<ft>F</ft>
<ver>4_0_0,4_0_1,4_0_2,4_0_3,4_0_4,4_0_5,4_0_6,4_1_0,4_1_1,4_1_2,4_2_0,4_2_1,4_2_2,4_2_3,4_3_0,4_3_1,4_3_10,4_3_11,4_3_2,4_3_3,4_3_4,4_3_5,4_3_6,4_3_7,4_3_8,4_3_9,4_4_0,4_4_1,4_4_2,4_4_3,4_4_4,4_4_5,4_4_6,4_cvs,5_0_0,5_0_1,5_0_2,5_0_3,5_1_0,5_1_1,5_1_2,5_1_3,5_1_4,5_1_5,5_1_6,5_2_0,5_2_1,5_cvs</ver>
<p4>int imap_num_msg(resource stream_id)</p4>
<p4d>Gives the number of messages in the current mailbox </p4d>
<p5>int imap_num_msg(resource stream_id)</p5>
<p5d>Gives the number of messages in the current mailbox </p5d>
<texts><text><lng>de</lng>
<d>Anzahl der Nachrichten im aktuellen Postfach</d>
</text><text><lng>en</lng>
<d>Gets the number of messages in the current mailbox</d>
</text><text><lng>es</lng>
<d>Informa del número de mensajes en el buzón actual</d>
</text></texts></PHPModuleRef><PHPModuleRef>
<t>imap_num_recent</t>
<mn>imap</mn>
<ft>F</ft>
<ver>4_0_0,4_0_1,4_0_2,4_0_3,4_0_4,4_0_5,4_0_6,4_1_0,4_1_1,4_1_2,4_2_0,4_2_1,4_2_2,4_2_3,4_3_0,4_3_1,4_3_10,4_3_11,4_3_2,4_3_3,4_3_4,4_3_5,4_3_6,4_3_7,4_3_8,4_3_9,4_4_0,4_4_1,4_4_2,4_4_3,4_4_4,4_4_5,4_4_6,4_cvs,5_0_0,5_0_1,5_0_2,5_0_3,5_1_0,5_1_1,5_1_2,5_1_3,5_1_4,5_1_5,5_1_6,5_2_0,5_2_1,5_cvs</ver>
<p4>int imap_num_recent(resource stream_id)</p4>
<p4d>Gives the number of recent messages in current mailbox </p4d>
<p5>int imap_num_recent(resource stream_id)</p5>
<p5d>Gives the number of recent messages in current mailbox </p5d>
<texts><text><lng>de</lng>
<d>Nummer der kürzlich eingetroffenen Nachrichten</d>
</text><text><lng>en</lng>
<d>Gets the number of recent messages in current mailbox</d>
</text><text><lng>es</lng>
<d>Informa el número de mensajes recientes en el buzón 
    actual</d>
</text></texts></PHPModuleRef><PHPModuleRef>
<t>imap_open</t>
<mn>imap</mn>
<ft>F</ft>
<ver>4_0_0,4_0_1,4_0_2,4_0_3,4_0_4,4_0_5,4_0_6,4_1_0,4_1_1,4_1_2,4_2_0,4_2_1,4_2_2,4_2_3,4_3_0,4_3_1,4_3_10,4_3_11,4_3_2,4_3_3,4_3_4,4_3_5,4_3_6,4_3_7,4_3_8,4_3_9,4_4_0,4_4_1,4_4_2,4_4_3,4_4_4,4_4_5,4_4_6,4_cvs,5_0_0,5_0_1,5_0_2,5_0_3,5_1_0,5_1_1,5_1_2,5_1_3,5_1_4,5_1_5,5_1_6,5_2_0,5_2_1,5_cvs</ver>
<p4>resource imap_open(string mailbox, string user, string password [, int options])</p4>
<p4d>Open an IMAP stream to a mailbox </p4d>
<p5>resource imap_open(string mailbox, string user, string password [, int options [, int n_retries]])</p5>
<p5d>Open an IMAP stream to a mailbox </p5d>
<texts><text><lng>de</lng>
<d>Öffnet eine Verbindung zu einem Mailserver-Postfach</d>
</text><text><lng>en</lng>
<d>Open an IMAP stream to a mailbox</d>
</text><text><lng>es</lng>
<d>Abre una sesión IMAP</d>
</text></texts></PHPModuleRef><PHPModuleRef>
<t>imap_ping</t>
<mn>imap</mn>
<ft>F</ft>
<ver>4_0_0,4_0_1,4_0_2,4_0_3,4_0_4,4_0_5,4_0_6,4_1_0,4_1_1,4_1_2,4_2_0,4_2_1,4_2_2,4_2_3,4_3_0,4_3_1,4_3_10,4_3_11,4_3_2,4_3_3,4_3_4,4_3_5,4_3_6,4_3_7,4_3_8,4_3_9,4_4_0,4_4_1,4_4_2,4_4_3,4_4_4,4_4_5,4_4_6,4_cvs,5_0_0,5_0_1,5_0_2,5_0_3,5_1_0,5_1_1,5_1_2,5_1_3,5_1_4,5_1_5,5_1_6,5_2_0,5_2_1,5_cvs</ver>
<p4>bool imap_ping(resource stream_id)</p4>
<p4d>Check if the IMAP stream is still active </p4d>
<p5>bool imap_ping(resource stream_id)</p5>
<p5d>Check if the IMAP stream is still active </p5d>
<texts><text><lng>de</lng>
<d>Prüft einen IMAP-Stream auf Funktionalität</d>
</text><text><lng>en</lng>
<d>Check if the IMAP stream is still active</d>
</text><text><lng>es</lng>
<d>Comprueba si la sesión IMAP está aún activa</d>
</text></texts></PHPModuleRef><PHPModuleRef>
<t>imap_popen</t>
<mn>imap</mn>
<ft>F</ft>
<ver>4_0_0,4_0_1,4_0_2,4_0_3,4_0_4,4_0_5,4_0_6,4_1_0,4_1_1,4_1_2,4_2_0,4_2_1,4_2_2,4_2_3</ver>
</PHPModuleRef><PHPModuleRef>
<t>imap_qprint</t>
<mn>imap</mn>
<ft>F</ft>
<ver>4_0_0,4_0_1,4_0_2,4_0_3,4_0_4,4_0_5,4_0_6,4_1_0,4_1_1,4_1_2,4_2_0,4_2_1,4_2_2,4_2_3,4_3_0,4_3_1,4_3_10,4_3_11,4_3_2,4_3_3,4_3_4,4_3_5,4_3_6,4_3_7,4_3_8,4_3_9,4_4_0,4_4_1,4_4_2,4_4_3,4_4_4,4_4_5,4_4_6,4_cvs,5_0_0,5_0_1,5_0_2,5_0_3,5_1_0,5_1_1,5_1_2,5_1_3,5_1_4,5_1_5,5_1_6,5_2_0,5_2_1,5_cvs</ver>
<p4>string imap_qprint(string text)</p4>
<p4d>Convert a quoted-printable string to an 8-bit string </p4d>
<p5>string imap_qprint(string text)</p5>
<p5d>Convert a quoted-printable string to an 8-bit string </p5d>
<texts><text><lng>de</lng>
<d>Konvertiert einen quoted-printable kodierten String in einen 8 Bit String</d>
</text><text><lng>en</lng>
<d>Convert a quoted-printable string to an 8 bit string</d>
</text><text><lng>es</lng>
<d>Convierte una cadena quoted-printable a una cadena de 8 bit</d>
</text></texts></PHPModuleRef><PHPModuleRef>
<t>imap_rename</t>
<mn>imap</mn>
<ft>A</ft>
<af>imap_renamemailbox</af>
<ver>4_0_0,4_0_1,4_0_2,4_0_3,4_0_4,4_0_5,4_0_6,4_1_0,4_1_1,4_1_2,4_2_0,4_2_1,4_2_2,4_2_3,4_3_0,4_3_1,4_3_10,4_3_11,4_3_2,4_3_3,4_3_4,4_3_5,4_3_6,4_3_7,4_3_8,4_3_9,4_4_0,4_4_1,4_4_2,4_4_3,4_4_4,4_4_5,4_4_6,4_cvs,5_0_0,5_0_1,5_0_2,5_0_3,5_1_0,5_1_1,5_1_2,5_1_3,5_1_4,5_1_5,5_1_6,5_2_0,5_2_1,5_cvs</ver>
</PHPModuleRef><PHPModuleRef>
<t>imap_renamemailbox</t>
<mn>imap</mn>
<ft>F</ft>
<ver>4_0_0,4_0_1,4_0_2,4_0_3,4_0_4,4_0_5,4_0_6,4_1_0,4_1_1,4_1_2,4_2_0,4_2_1,4_2_2,4_2_3,4_3_0,4_3_1,4_3_10,4_3_11,4_3_2,4_3_3,4_3_4,4_3_5,4_3_6,4_3_7,4_3_8,4_3_9,4_4_0,4_4_1,4_4_2,4_4_3,4_4_4,4_4_5,4_4_6,4_cvs,5_0_0,5_0_1,5_0_2,5_0_3,5_1_0,5_1_1,5_1_2,5_1_3,5_1_4,5_1_5,5_1_6,5_2_0,5_2_1,5_cvs</ver>
<p4>bool imap_renamemailbox(resource stream_id, string old_name, string new_name)</p4>
<p4d>Rename a mailbox </p4d>
<p5>bool imap_renamemailbox(resource stream_id, string old_name, string new_name)</p5>
<p5d>Rename a mailbox </p5d>
<texts><text><lng>de</lng>
<d>Ändert den Namen eines Postfachs</d>
</text><text><lng>en</lng>
<d>Rename an old mailbox to new mailbox</d>
</text><text><lng>es</lng>
<d>Renombra un buzón</d>
</text></texts></PHPModuleRef><PHPModuleRef>
<t>imap_reopen</t>
<mn>imap</mn>
<ft>F</ft>
<ver>4_0_0,4_0_1,4_0_2,4_0_3,4_0_4,4_0_5,4_0_6,4_1_0,4_1_1,4_1_2,4_2_0,4_2_1,4_2_2,4_2_3,4_3_0,4_3_1,4_3_10,4_3_11,4_3_2,4_3_3,4_3_4,4_3_5,4_3_6,4_3_7,4_3_8,4_3_9,4_4_0,4_4_1,4_4_2,4_4_3,4_4_4,4_4_5,4_4_6,4_cvs,5_0_0,5_0_1,5_0_2,5_0_3,5_1_0,5_1_1,5_1_2,5_1_3,5_1_4,5_1_5,5_1_6,5_2_0,5_2_1,5_cvs</ver>
<p4>bool imap_reopen(resource stream_id, string mailbox [, int options])</p4>
<p4d>Reopen an IMAP stream to a new mailbox </p4d>
<p5>bool imap_reopen(resource stream_id, string mailbox [, int options [, int n_retries]])</p5>
<p5d>Reopen an IMAP stream to a new mailbox </p5d>
<texts><text><lng>de</lng>
<d>Wechselt das aktuelle Postfach der Verbindung</d>
</text><text><lng>en</lng>
<d>Reopen IMAP stream to new mailbox</d>
</text><text><lng>es</lng>
<d>Reabre una sesión IMAP a un nuevo buzón</d>
</text></texts></PHPModuleRef><PHPModuleRef>
<t>imap_rfc822_parse_adrlist</t>
<mn>imap</mn>
<ft>F</ft>
<ver>4_0_0,4_0_1,4_0_2,4_0_3,4_0_4,4_0_5,4_0_6,4_1_0,4_1_1,4_1_2,4_2_0,4_2_1,4_2_2,4_2_3,4_3_0,4_3_1,4_3_10,4_3_11,4_3_2,4_3_3,4_3_4,4_3_5,4_3_6,4_3_7,4_3_8,4_3_9,4_4_0,4_4_1,4_4_2,4_4_3,4_4_4,4_4_5,4_4_6,4_cvs,5_0_0,5_0_1,5_0_2,5_0_3,5_1_0,5_1_1,5_1_2,5_1_3,5_1_4,5_1_5,5_1_6,5_2_0,5_2_1,5_cvs</ver>
<p4>array imap_rfc822_parse_adrlist(string address_string, string default_host)</p4>
<p4d>Parses an address string </p4d>
<p5>array imap_rfc822_parse_adrlist(string address_string, string default_host)</p5>
<p5d>Parses an address string </p5d>
<texts><text><lng>de</lng>
<d>Zerlegt einen Mailadressstring</d>
</text><text><lng>en</lng>
<d>Parses an address string</d>
</text><text><lng>es</lng>
<d>Examina la cadena dirección</d>
</text></texts></PHPModuleRef><PHPModuleRef>
<t>imap_rfc822_parse_headers</t>
<mn>imap</mn>
<ft>F</ft>
<ver>4_0_0,4_0_1,4_0_2,4_0_3,4_0_4,4_0_5,4_0_6,4_1_0,4_1_1,4_1_2,4_2_0,4_2_1,4_2_2,4_2_3,4_3_0,4_3_1,4_3_10,4_3_11,4_3_2,4_3_3,4_3_4,4_3_5,4_3_6,4_3_7,4_3_8,4_3_9,4_4_0,4_4_1,4_4_2,4_4_3,4_4_4,4_4_5,4_4_6,4_cvs,5_0_0,5_0_1,5_0_2,5_0_3,5_1_0,5_1_1,5_1_2,5_1_3,5_1_4,5_1_5,5_1_6,5_2_0,5_2_1,5_cvs</ver>
<p4>object imap_rfc822_parse_headers(string headers [, string default_host])</p4>
<p4d>Parse a set of mail headers contained in a string, and return an object similar to imap_headerinfo() </p4d>
<p5>object imap_rfc822_parse_headers(string headers [, string default_host])</p5>
<p5d>Parse a set of mail headers contained in a string, and return an object similar to imap_headerinfo() </p5d>
<texts><text><lng>de</lng>
<d>Email-Kopfzeilen aus einem String auslesen</d>
</text><text><lng>en</lng>
<d>Parse mail headers from a string</d>
</text></texts></PHPModuleRef><PHPModuleRef>
<t>imap_rfc822_write_address</t>
<mn>imap</mn>
<ft>F</ft>
<ver>4_0_0,4_0_1,4_0_2,4_0_3,4_0_4,4_0_5,4_0_6,4_1_0,4_1_1,4_1_2,4_2_0,4_2_1,4_2_2,4_2_3,4_3_0,4_3_1,4_3_10,4_3_11,4_3_2,4_3_3,4_3_4,4_3_5,4_3_6,4_3_7,4_3_8,4_3_9,4_4_0,4_4_1,4_4_2,4_4_3,4_4_4,4_4_5,4_4_6,4_cvs,5_0_0,5_0_1,5_0_2,5_0_3,5_1_0,5_1_1,5_1_2,5_1_3,5_1_4,5_1_5,5_1_6,5_2_0,5_2_1,5_cvs</ver>
<p4>string imap_rfc822_write_address(string mailbox, string host, string personal)</p4>
<p4d>Returns a properly formatted email address given the mailbox, host, and personal info </p4d>
<p5>string imap_rfc822_write_address(string mailbox, string host, string personal)</p5>
<p5d>Returns a properly formatted email address given the mailbox, host, and personal info </p5d>
<texts><text><lng>de</lng>
<d>Bildet aus Realnamen, Postfach und Server eine korekt formatierte Mail-Adresse</d>
</text><text><lng>en</lng>
<d>Returns a properly formatted email address given the mailbox, host, and personal info</d>
</text><text><lng>es</lng>
<d>Devuleve una dirección de correo correctamente formateada dado el buzón,
     host, e información personal.</d>
</text></texts></PHPModuleRef><PHPModuleRef>
<t>imap_savebody</t>
<mn>imap</mn>
<ft>F</ft>
<ver>5_1_3,5_1_4,5_1_5,5_1_6,5_2_0,5_2_1,5_cvs</ver>
<p5>bool imap_savebody(resource stream_id, string|resource file, int msg_no[, string section = &quot;&quot;[, int</p5>
<p5d>Save a specific body section to a file </p5d>
<texts><text><lng>de</lng>
<d>Speichert einen bestimmten Body-Abschnitt einer Nachricht als Datei</d>
</text><text><lng>en</lng>
<d>Save a specific body section to a file</d>
</text></texts></PHPModuleRef><PHPModuleRef>
<t>imap_scan</t>
<mn>imap</mn>
<ft>A</ft>
<af>imap_listscan</af>
<ver>4_0_0,4_0_1,4_0_2,4_0_3,4_0_4,4_0_5,4_0_6,4_1_0,4_1_1,4_1_2,4_2_0,4_2_1,4_2_2,4_2_3,4_3_0,4_3_1,4_3_10,4_3_11,4_3_2,4_3_3,4_3_4,4_3_5,4_3_6,4_3_7,4_3_8,4_3_9,4_4_0,4_4_1,4_4_2,4_4_3,4_4_4,4_4_5,4_4_6,4_cvs,5_0_0,5_0_1,5_0_2,5_0_3,5_1_0,5_1_1,5_1_2,5_1_3,5_1_4,5_1_5,5_1_6,5_2_0,5_2_1,5_cvs</ver>
</PHPModuleRef><PHPModuleRef>
<t>imap_scanmailbox</t>
<mn>imap</mn>
<ft>A</ft>
<af>imap_listscan</af>
<ver>4_0_0,4_0_1,4_0_2,4_0_3,4_0_4,4_0_5,4_0_6,4_1_0,4_1_1,4_1_2,4_2_0,4_2_1,4_2_2,4_2_3,4_3_0,4_3_1,4_3_10,4_3_11,4_3_2,4_3_3,4_3_4,4_3_5,4_3_6,4_3_7,4_3_8,4_3_9,4_4_0,4_4_1,4_4_2,4_4_3,4_4_4,4_4_5,4_4_6,4_cvs,5_0_0,5_0_1,5_0_2,5_0_3,5_1_0,5_1_1,5_1_2,5_1_3,5_1_4,5_1_5,5_1_6,5_2_0,5_2_1,5_cvs</ver>
</PHPModuleRef><PHPModuleRef>
<t>imap_search</t>
<mn>imap</mn>
<ft>F</ft>
<ver>4_0_0,4_0_1,4_0_2,4_0_3,4_0_4,4_0_5,4_0_6,4_1_0,4_1_1,4_1_2,4_2_0,4_2_1,4_2_2,4_2_3,4_3_0,4_3_1,4_3_10,4_3_11,4_3_2,4_3_3,4_3_4,4_3_5,4_3_6,4_3_7,4_3_8,4_3_9,4_4_0,4_4_1,4_4_2,4_4_3,4_4_4,4_4_5,4_4_6,4_cvs,5_0_0,5_0_1,5_0_2,5_0_3,5_1_0,5_1_1,5_1_2,5_1_3,5_1_4,5_1_5,5_1_6,5_2_0,5_2_1,5_cvs</ver>
<p4>array imap_search(resource stream_id, string criteria [, int options [, string charset]])</p4>
<p4d>Return a list of messages matching the given criteria </p4d>
<p5>array imap_search(resource stream_id, string criteria [, int options [, string charset]])</p5>
<p5d>Return a list of messages matching the given criteria </p5d>
<texts><text><lng>de</lng>
<d>Liefert ein Array von Nachrichten die den gegebenen Suchkriterien entsprechen</d>
</text><text><lng>en</lng>
<d>This function returns an array of messages matching the given search criteria</d>
</text><text><lng>es</lng>
<d>Esta función devuelve un array de mensajes que coinciden con el
     criterio de busqueda dado.</d>
</text></texts></PHPModuleRef><PHPModuleRef>
<t>imap_setacl</t>
<mn>imap</mn>
<ft>F</ft>
<ver>4_1_0,4_1_1,4_1_2,4_2_0,4_2_1,4_2_2,4_2_3,4_3_0,4_3_1,4_3_10,4_3_11,4_3_2,4_3_3,4_3_4,4_3_5,4_3_6,4_3_7,4_3_8,4_3_9,4_4_0,4_4_1,4_4_2,4_4_3,4_4_4,4_4_5,4_4_6,4_cvs,5_0_0,5_0_1,5_0_2,5_0_3,5_1_0,5_1_1,5_1_2,5_1_3,5_1_4,5_1_5,5_1_6,5_2_0,5_2_1,5_cvs</ver>
<p4>bool imap_setacl(resource stream_id, string mailbox, string id, string rights)</p4>
<p4d>Sets the ACL for a given mailbox </p4d>
<p5>bool imap_setacl(resource stream_id, string mailbox, string id, string rights)</p5>
<p5d>Sets the ACL for a given mailbox </p5d>
<texts><text><lng>de</lng>
<d>Setzen der ACL für ein Postfach</d>
</text><text><lng>en</lng>
<d>Sets the ACL for a giving mailbox</d>
</text></texts></PHPModuleRef><PHPModuleRef>
<t>imap_setflag_full</t>
<mn>imap</mn>
<ft>F</ft>
<ver>4_0_0,4_0_1,4_0_2,4_0_3,4_0_4,4_0_5,4_0_6,4_1_0,4_1_1,4_1_2,4_2_0,4_2_1,4_2_2,4_2_3,4_3_0,4_3_1,4_3_10,4_3_11,4_3_2,4_3_3,4_3_4,4_3_5,4_3_6,4_3_7,4_3_8,4_3_9,4_4_0,4_4_1,4_4_2,4_4_3,4_4_4,4_4_5,4_4_6,4_cvs,5_0_0,5_0_1,5_0_2,5_0_3,5_1_0,5_1_1,5_1_2,5_1_3,5_1_4,5_1_5,5_1_6,5_2_0,5_2_1,5_cvs</ver>
<p4>bool imap_setflag_full(resource stream_id, string sequence, string flag [, int options])</p4>
<p4d>Sets flags on messages </p4d>
<p5>bool imap_setflag_full(resource stream_id, string sequence, string flag [, int options])</p5>
<p5d>Sets flags on messages </p5d>
<texts><text><lng>de</lng>
<d>Setzt Nachrichtenflags</d>
</text><text><lng>en</lng>
<d>Sets flags on messages</d>
</text><text><lng>es</lng>
<d>Activa flags en los mensajes</d>
</text></texts></PHPModuleRef><PHPModuleRef>
<t>imap_set_quota</t>
<mn>imap</mn>
<ft>F</ft>
<ver>4_0_5,4_0_6,4_1_0,4_1_1,4_1_2,4_2_0,4_2_1,4_2_2,4_2_3,4_3_0,4_3_1,4_3_10,4_3_11,4_3_2,4_3_3,4_3_4,4_3_5,4_3_6,4_3_7,4_3_8,4_3_9,4_4_0,4_4_1,4_4_2,4_4_3,4_4_4,4_4_5,4_4_6,4_cvs,5_0_0,5_0_1,5_0_2,5_0_3,5_1_0,5_1_1,5_1_2,5_1_3,5_1_4,5_1_5,5_1_6,5_2_0,5_2_1,5_cvs</ver>
<p4>bool imap_set_quota(resource stream_id, string qroot, int mailbox_size)</p4>
<p4d>Will set the quota for qroot mailbox </p4d>
<p5>bool imap_set_quota(resource stream_id, string qroot, int mailbox_size)</p5>
<p5d>Will set the quota for qroot mailbox </p5d>
<texts><text><lng>de</lng>
<d>Setzt die Mengenbeschrenkung für ein Postfach</d>
</text><text><lng>en</lng>
<d>Sets a quota for a given mailbox</d>
</text></texts></PHPModuleRef><PHPModuleRef>
<t>imap_sort</t>
<mn>imap</mn>
<ft>F</ft>
<ver>4_0_0,4_0_1,4_0_2,4_0_3,4_0_4,4_0_5,4_0_6,4_1_0,4_1_1,4_1_2,4_2_0,4_2_1,4_2_2,4_2_3,4_3_0,4_3_1,4_3_10,4_3_11,4_3_2,4_3_3,4_3_4,4_3_5,4_3_6,4_3_7,4_3_8,4_3_9,4_4_0,4_4_1,4_4_2,4_4_3,4_4_4,4_4_5,4_4_6,4_cvs,5_0_0,5_0_1,5_0_2,5_0_3,5_1_0,5_1_1,5_1_2,5_1_3,5_1_4,5_1_5,5_1_6,5_2_0,5_2_1,5_cvs</ver>
<p4>array imap_sort(resource stream_id, int criteria, int reverse [, int options [, string search_criter</p4>
<p4d>Sort an array of message headers, optionally including only messages that meet specified criteria. </p4d>
<p5>array imap_sort(resource stream_id, int criteria, int reverse [, int options [, string search_criter</p5>
<p5d>Sort an array of message headers, optionally including only messages that meet specified criteria. </p5d>
<texts><text><lng>de</lng>
<d>Sortiert Nachrichten eines Postfachs</d>
</text><text><lng>en</lng>
<d>Gets and sort messages</d>
</text><text><lng>es</lng>
<d>Ordena un array de cabeceras de mensajes</d>
</text></texts></PHPModuleRef><PHPModuleRef>
<t>imap_status</t>
<mn>imap</mn>
<ft>F</ft>
<ver>4_0_0,4_0_1,4_0_2,4_0_3,4_0_4,4_0_5,4_0_6,4_1_0,4_1_1,4_1_2,4_2_0,4_2_1,4_2_2,4_2_3,4_3_0,4_3_1,4_3_10,4_3_11,4_3_2,4_3_3,4_3_4,4_3_5,4_3_6,4_3_7,4_3_8,4_3_9,4_4_0,4_4_1,4_4_2,4_4_3,4_4_4,4_4_5,4_4_6,4_cvs,5_0_0,5_0_1,5_0_2,5_0_3,5_1_0,5_1_1,5_1_2,5_1_3,5_1_4,5_1_5,5_1_6,5_2_0,5_2_1,5_cvs</ver>
<p4>object imap_status(resource stream_id, string mailbox, int options)</p4>
<p4d>Get status info from a mailbox </p4d>
<p5>object imap_status(resource stream_id, string mailbox, int options)</p5>
<p5d>Get status info from a mailbox </p5d>
<texts><text><lng>de</lng>
<d>Liefert Statusinformationen zum angegebenen Postfach</d>
</text><text><lng>en</lng>
<d>Returns status information on a mailbox</d>
</text><text><lng>es</lng>
<d>Esta función devuelve el información de estado de otro buzón distinto
     al actual.</d>
</text></texts></PHPModuleRef><PHPModuleRef>
<t>imap_subscribe</t>
<mn>imap</mn>
<ft>F</ft>
<ver>4_0_0,4_0_1,4_0_2,4_0_3,4_0_4,4_0_5,4_0_6,4_1_0,4_1_1,4_1_2,4_2_0,4_2_1,4_2_2,4_2_3,4_3_0,4_3_1,4_3_10,4_3_11,4_3_2,4_3_3,4_3_4,4_3_5,4_3_6,4_3_7,4_3_8,4_3_9,4_4_0,4_4_1,4_4_2,4_4_3,4_4_4,4_4_5,4_4_6,4_cvs,5_0_0,5_0_1,5_0_2,5_0_3,5_1_0,5_1_1,5_1_2,5_1_3,5_1_4,5_1_5,5_1_6,5_2_0,5_2_1,5_cvs</ver>
<p4>bool imap_subscribe(resource stream_id, string mailbox)</p4>
<p4d>Subscribe to a mailbox </p4d>
<p5>bool imap_subscribe(resource stream_id, string mailbox)</p5>
<p5d>Subscribe to a mailbox </p5d>
<texts><text><lng>de</lng>
<d>Abbonieren eines Postfachs</d>
</text><text><lng>en</lng>
<d>Subscribe to a mailbox</d>
</text><text><lng>es</lng>
<d>Subscribe to a mailbox</d>
</text></texts></PHPModuleRef><PHPModuleRef>
<t>imap_thread</t>
<mn>imap</mn>
<ft>F</ft>
<ver>4_1_0,4_1_1,4_1_2,4_2_0,4_2_1,4_2_2,4_2_3,4_3_0,4_3_1,4_3_10,4_3_11,4_3_2,4_3_3,4_3_4,4_3_5,4_3_6,4_3_7,4_3_8,4_3_9,4_4_0,4_4_1,4_4_2,4_4_3,4_4_4,4_4_5,4_4_6,4_cvs,5_0_0,5_0_1,5_0_2,5_0_3,5_1_0,5_1_1,5_1_2,5_1_3,5_1_4,5_1_5,5_1_6,5_2_0,5_2_1,5_cvs</ver>
<p4>array imap_thread(resource stream_id [, int options])</p4>
<p4d>Return threaded by REFERENCES tree </p4d>
<p5>array imap_thread(resource stream_id [, int options])</p5>
<p5d>Return threaded by REFERENCES tree </p5d>
<texts><text><lng>de</lng>
<d>Liefert einen Baum zusammenhÃ¤ngender Nachrichten</d>
</text><text><lng>en</lng>
<d>Returns a tree of threaded message</d>
</text></texts></PHPModuleRef><PHPModuleRef>
<t>imap_timeout</t>
<mn>imap</mn>
<ft>F</ft>
<ver>4_3_10,4_3_11,4_3_3,4_3_4,4_3_5,4_3_6,4_3_7,4_3_8,4_3_9,4_4_0,4_4_1,4_4_2,4_4_3,4_4_4,4_4_5,4_4_6,4_cvs,5_0_0,5_0_1,5_0_2,5_0_3,5_1_0,5_1_1,5_1_2,5_1_3,5_1_4,5_1_5,5_1_6,5_2_0,5_2_1,5_cvs</ver>
<p4>mixed imap_timeout(int timeout_type [, int timeout])</p4>
<p4d>Set or fetch imap timeout </p4d>
<p5>mixed imap_timeout(int timeout_type [, int timeout])</p5>
<p5d>Set or fetch imap timeout </p5d>
<texts><text><lng>de</lng>
<d>IMAP timeout setzen oder abfragen</d>
</text><text><lng>en</lng>
<d>Set or fetch imap timeout</d>
</text></texts></PHPModuleRef><PHPModuleRef>
<t>imap_uid</t>
<mn>imap</mn>
<ft>F</ft>
<ver>4_0_0,4_0_1,4_0_2,4_0_3,4_0_4,4_0_5,4_0_6,4_1_0,4_1_1,4_1_2,4_2_0,4_2_1,4_2_2,4_2_3,4_3_0,4_3_1,4_3_10,4_3_11,4_3_2,4_3_3,4_3_4,4_3_5,4_3_6,4_3_7,4_3_8,4_3_9,4_4_0,4_4_1,4_4_2,4_4_3,4_4_4,4_4_5,4_4_6,4_cvs,5_0_0,5_0_1,5_0_2,5_0_3,5_1_0,5_1_1,5_1_2,5_1_3,5_1_4,5_1_5,5_1_6,5_2_0,5_2_1,5_cvs</ver>
<p4>int imap_uid(resource stream_id, int msg_no)</p4>
<p4d>Get the unique message id associated with a standard sequential message number </p4d>
<p5>int imap_uid(resource stream_id, int msg_no)</p5>
<p5d>Get the unique message id associated with a standard sequential message number </p5d>
<texts><text><lng>de</lng>
<d>Liefert die UID für die gegebene Nachrichtennummer</d>
</text><text><lng>en</lng>
<d>This function returns the UID for the given message sequence number</d>
</text><text><lng>es</lng>
<d>Esta función devuelve el UID del número de secuencia del mensaje dado</d>
</text></texts></PHPModuleRef><PHPModuleRef>
<t>imap_undelete</t>
<mn>imap</mn>
<ft>F</ft>
<ver>4_0_0,4_0_1,4_0_2,4_0_3,4_0_4,4_0_5,4_0_6,4_1_0,4_1_1,4_1_2,4_2_0,4_2_1,4_2_2,4_2_3,4_3_0,4_3_1,4_3_10,4_3_11,4_3_2,4_3_3,4_3_4,4_3_5,4_3_6,4_3_7,4_3_8,4_3_9,4_4_0,4_4_1,4_4_2,4_4_3,4_4_4,4_4_5,4_4_6,4_cvs,5_0_0,5_0_1,5_0_2,5_0_3,5_1_0,5_1_1,5_1_2,5_1_3,5_1_4,5_1_5,5_1_6,5_2_0,5_2_1,5_cvs</ver>
<p4>bool imap_undelete(resource stream_id, int msg_no)</p4>
<p4d>Remove the delete flag from a message </p4d>
<p5>bool imap_undelete(resource stream_id, int msg_no)</p5>
<p5d>Remove the delete flag from a message </p5d>
<texts><text><lng>de</lng>
<d>Nimmt eine bereits gesetzte Löschmarkierung einer Nachricht zurück</d>
</text><text><lng>en</lng>
<d>Unmark the message which is marked deleted</d>
</text><text><lng>es</lng>
<d>Desmarca los mensajes que están marcados como borrados</d>
</text></texts></PHPModuleRef><PHPModuleRef>
<t>imap_unsubscribe</t>
<mn>imap</mn>
<ft>F</ft>
<ver>4_0_0,4_0_1,4_0_2,4_0_3,4_0_4,4_0_5,4_0_6,4_1_0,4_1_1,4_1_2,4_2_0,4_2_1,4_2_2,4_2_3,4_3_0,4_3_1,4_3_10,4_3_11,4_3_2,4_3_3,4_3_4,4_3_5,4_3_6,4_3_7,4_3_8,4_3_9,4_4_0,4_4_1,4_4_2,4_4_3,4_4_4,4_4_5,4_4_6,4_cvs,5_0_0,5_0_1,5_0_2,5_0_3,5_1_0,5_1_1,5_1_2,5_1_3,5_1_4,5_1_5,5_1_6,5_2_0,5_2_1,5_cvs</ver>
<p4>bool imap_unsubscribe(resource stream_id, string mailbox)</p4>
<p4d>Unsubscribe from a mailbox </p4d>
<p5>bool imap_unsubscribe(resource stream_id, string mailbox)</p5>
<p5d>Unsubscribe from a mailbox </p5d>
<texts><text><lng>de</lng>
<d>Abbonement eines Postfachs rÃ¼ckgÃ¤ngig machen</d>
</text><text><lng>en</lng>
<d>Unsubscribe from a mailbox</d>
</text><text><lng>es</lng>
<d>Unsubscribe from a mailbox</d>
</text></texts></PHPModuleRef><PHPModuleRef>
<t>imap_utf7_decode</t>
<mn>imap</mn>
<ft>F</ft>
<ver>4_0_0,4_0_1,4_0_2,4_0_3,4_0_4,4_0_5,4_0_6,4_1_0,4_1_1,4_1_2,4_2_0,4_2_1,4_2_2,4_2_3,4_3_0,4_3_1,4_3_10,4_3_11,4_3_2,4_3_3,4_3_4,4_3_5,4_3_6,4_3_7,4_3_8,4_3_9,4_4_0,4_4_1,4_4_2,4_4_3,4_4_4,4_4_5,4_4_6,4_cvs,5_0_0,5_0_1,5_0_2,5_0_3,5_1_0,5_1_1,5_1_2,5_1_3,5_1_4,5_1_5,5_1_6,5_2_0,5_2_1,5_cvs</ver>
<p4>string imap_utf7_decode(string buf)</p4>
<p4d>Decode a modified UTF-7 string </p4d>
<p5>string imap_utf7_decode(string buf)</p5>
<p5d>Decode a modified UTF-7 string </p5d>
<texts><text><lng>de</lng>
<d>Dekodiert einem String im modifizierten UTF-7 Format.</d>
</text><text><lng>en</lng>
<d>Decodes a modified UTF-7 encoded string</d>
</text></texts></PHPModuleRef><PHPModuleRef>
<t>imap_utf7_encode</t>
<mn>imap</mn>
<ft>F</ft>
<ver>4_0_0,4_0_1,4_0_2,4_0_3,4_0_4,4_0_5,4_0_6,4_1_0,4_1_1,4_1_2,4_2_0,4_2_1,4_2_2,4_2_3,4_3_0,4_3_1,4_3_10,4_3_11,4_3_2,4_3_3,4_3_4,4_3_5,4_3_6,4_3_7,4_3_8,4_3_9,4_4_0,4_4_1,4_4_2,4_4_3,4_4_4,4_4_5,4_4_6,4_cvs,5_0_0,5_0_1,5_0_2,5_0_3,5_1_0,5_1_1,5_1_2,5_1_3,5_1_4,5_1_5,5_1_6,5_2_0,5_2_1,5_cvs</ver>
<p4>string imap_utf7_encode(string buf)</p4>
<p4d>Encode a string in modified UTF-7 </p4d>
<p5>string imap_utf7_encode(string buf)</p5>
<p5d>Encode a string in modified UTF-7 </p5d>
<texts><text><lng>de</lng>
<d>Kodiert ISO-8859-1 Text im modifizieren UTF-7 Format</d>
</text><text><lng>en</lng>
<d>Converts ISO-8859-1 string to modified UTF-7 text</d>
</text></texts></PHPModuleRef><PHPModuleRef>
<t>imap_utf8</t>
<mn>imap</mn>
<ft>F</ft>
<ver>4_0_0,4_0_1,4_0_2,4_0_3,4_0_4,4_0_5,4_0_6,4_1_0,4_1_1,4_1_2,4_2_0,4_2_1,4_2_2,4_2_3,4_3_0,4_3_1,4_3_10,4_3_11,4_3_2,4_3_3,4_3_4,4_3_5,4_3_6,4_3_7,4_3_8,4_3_9,4_4_0,4_4_1,4_4_2,4_4_3,4_4_4,4_4_5,4_4_6,4_cvs,5_0_0,5_0_1,5_0_2,5_0_3,5_1_0,5_1_1,5_1_2,5_1_3,5_1_4,5_1_5,5_1_6,5_2_0,5_2_1,5_cvs</ver>
<p4>string imap_utf8(string mime_encoded_text)</p4>
<p4d>Convert a mime-encoded text to UTF-8 </p4d>
<p5>string imap_utf8(string mime_encoded_text)</p5>
<p5d>Convert a mime-encoded text to UTF-8 </p5d>
<texts><text><lng>de</lng>
<d>Konvertiert Text zu UTF8</d>
</text><text><lng>en</lng>
<d>Converts MIME-encoded text to UTF-8</d>
</text></texts></PHPModuleRef><PHPModuleRef>
<t>CL_EXPUNGE</t>
<mn>imap</mn>
<ft>C</ft>
<p4>integer CL_EXPUNGE</p4>
<p5>integer CL_EXPUNGE</p5>
<texts><text><lng>de</lng>
<d>Löschen aller dazu markierten Nachrichten beim
     Beenden der Verbindung mit imap_close</d>
</text><text><lng>en</lng>
<d>silently expunge the mailbox before closing when
     calling imap_close</d>
</text></texts></PHPModuleRef><PHPModuleRef>
<t>CP_MOVE</t>
<mn>imap</mn>
<ft>C</ft>
<p4>integer CP_MOVE</p4>
<p5>integer CP_MOVE</p5>
<texts><text><lng>de</lng>
<d>Lösche Nachrichten aus dem aktuellen Postfach nachdem
     sie mit imap_mail_copy kopiert
     wurden.</d>
</text><text><lng>en</lng>
<d>Delete the messages from the current mailbox after copying
     with imap_mail_copy</d>
</text></texts></PHPModuleRef><PHPModuleRef>
<t>CP_UID</t>
<mn>imap</mn>
<ft>C</ft>
<p4>integer CP_UID</p4>
<p5>integer CP_UID</p5>
<texts><text><lng>de</lng>
<d>Die Sequenz enthält UIDs</d>
</text><text><lng>en</lng>
<d>the sequence numbers contain UIDS</d>
</text></texts></PHPModuleRef><PHPModuleRef>
<t>ENC7BIT</t>
<mn>imap</mn>
<ft>C</ft>
<p4>integer ENC7BIT</p4>
<p5>integer ENC7BIT</p5>
</PHPModuleRef><PHPModuleRef>
<t>ENC8BIT</t>
<mn>imap</mn>
<ft>C</ft>
<p4>integer ENC8BIT</p4>
<p5>integer ENC8BIT</p5>
</PHPModuleRef><PHPModuleRef>
<t>ENCBASE64</t>
<mn>imap</mn>
<ft>C</ft>
<p4>integer ENCBASE64</p4>
<p5>integer ENCBASE64</p5>
</PHPModuleRef><PHPModuleRef>
<t>ENCBINARY</t>
<mn>imap</mn>
<ft>C</ft>
<p4>integer ENCBINARY</p4>
<p5>integer ENCBINARY</p5>
</PHPModuleRef><PHPModuleRef>
<t>ENCOTHER</t>
<mn>imap</mn>
<ft>C</ft>
<p4>integer ENCOTHER</p4>
<p5>integer ENCOTHER</p5>
</PHPModuleRef><PHPModuleRef>
<t>ENCQUOTEDPRINTABLE</t>
<mn>imap</mn>
<ft>C</ft>
<p4>integer ENCQUOTEDPRINTABLE</p4>
<p5>integer ENCQUOTEDPRINTABLE</p5>
</PHPModuleRef><PHPModuleRef>
<t>FT_INTERNAL</t>
<mn>imap</mn>
<ft>C</ft>
<p4>integer FT_INTERNAL</p4>
<p5>integer FT_INTERNAL</p5>
<texts><text><lng>de</lng>
<d>Der Ergebnistext ist in internem Format, es wurde keine 
     Umwandlung der Zeilenenden vorgenommen.</d>
</text><text><lng>en</lng>
<d>The return string is in internal format, will not canonicalize to CRLF.</d>
</text></texts></PHPModuleRef><PHPModuleRef>
<t>FT_NOT</t>
<mn>imap</mn>
<ft>C</ft>
<p4>integer FT_NOT</p4>
<p5>integer FT_NOT</p5>
</PHPModuleRef><PHPModuleRef>
<t>FT_PEEK</t>
<mn>imap</mn>
<ft>C</ft>
<p4>integer FT_PEEK</p4>
<p5>integer FT_PEEK</p5>
<texts><text><lng>de</lng>
<d>Das \Seen Flag nicht verändern</d>
</text><text><lng>en</lng>
<d>Do not set the \Seen flag if not already set</d>
</text></texts></PHPModuleRef><PHPModuleRef>
<t>FT_PREFETCHTEXT</t>
<mn>imap</mn>
<ft>C</ft>
<p4>integer FT_PREFETCHTEXT</p4>
<p5>integer FT_PREFETCHTEXT</p5>
</PHPModuleRef><PHPModuleRef>
<t>FT_UID</t>
<mn>imap</mn>
<ft>C</ft>
<p4>integer FT_UID</p4>
<p5>integer FT_UID</p5>
<texts><text><lng>de</lng>
<d>Der Parameter ist eine UID</d>
</text><text><lng>en</lng>
<d>The parameter is a UID</d>
</text></texts></PHPModuleRef><PHPModuleRef>
<t>LATT_MARKED</t>
<mn>imap</mn>
<ft>C</ft>
<p4>integer LATT_MARKED</p4>
<p5>integer LATT_MARKED</p5>
<texts><text><lng>de</lng>
<d>Das Postfach ist markiert (nur UW-IMAPD)</d>
</text><text><lng>en</lng>
<d>This mailbox is marked. Only used by UW-IMAPD.</d>
</text></texts></PHPModuleRef><PHPModuleRef>
<t>LATT_NOINFERIORS</t>
<mn>imap</mn>
<ft>C</ft>
<p4>integer LATT_NOINFERIORS</p4>
<p5>integer LATT_NOINFERIORS</p5>
<texts><text><lng>de</lng>
<d>Das Postfach enthält keine weiteren Unterpostfächer</d>
</text><text><lng>en</lng>
<d>This mailbox has no &quot;children&quot; (there are no
     mailboxes below this one).</d>
</text></texts></PHPModuleRef><PHPModuleRef>
<t>LATT_NOSELECT</t>
<mn>imap</mn>
<ft>C</ft>
<p4>integer LATT_NOSELECT</p4>
<p5>integer LATT_NOSELECT</p5>
<texts><text><lng>de</lng>
<d>Dieses Postfach enthält nur Unterpostfächer,
     keine Nachrichten, und kann daher nicht geöffnet 
     werden</d>
</text><text><lng>en</lng>
<d>This is only a container, not a mailbox - you
     cannot open it.</d>
</text></texts></PHPModuleRef><PHPModuleRef>
<t>LATT_UNMARKED</t>
<mn>imap</mn>
<ft>C</ft>
<p4>integer LATT_UNMARKED</p4>
<p5>integer LATT_UNMARKED</p5>
<texts><text><lng>de</lng>
<d>Das Postfach ist nicht markiert (nur UW-IMAPD)</d>
</text><text><lng>en</lng>
<d>This mailbox is not marked. Only used by
     UW-IMAPD.</d>
</text></texts></PHPModuleRef><PHPModuleRef>
<t>NIL</t>
<mn>imap</mn>
<ft>C</ft>
<p4>integer NIL</p4>
<p5>integer NIL</p5>
</PHPModuleRef><PHPModuleRef>
<t>OP_ANONYMOUS</t>
<mn>imap</mn>
<ft>C</ft>
<p4>integer OP_ANONYMOUS</p4>
<p5>integer OP_ANONYMOUS</p5>
<texts><text><lng>de</lng>
<d>Für News keine .newsrc Datei 
     lesen oder schreiben (nur NNTP)</d>
</text><text><lng>en</lng>
<d>Don't use or update a .newsrc for news 
     (NNTP only)</d>
</text></texts></PHPModuleRef><PHPModuleRef>
<t>OP_DEBUG</t>
<mn>imap</mn>
<ft>C</ft>
<p4>integer OP_DEBUG</p4>
<p5>integer OP_DEBUG</p5>
</PHPModuleRef><PHPModuleRef>
<t>OP_EXPUNGE</t>
<mn>imap</mn>
<ft>C</ft>
<p4>integer OP_EXPUNGE</p4>
<p5>integer OP_EXPUNGE</p5>
</PHPModuleRef><PHPModuleRef>
<t>OP_HALFOPEN</t>
<mn>imap</mn>
<ft>C</ft>
<p4>integer OP_HALFOPEN</p4>
<p5>integer OP_HALFOPEN</p5>
<texts><text><lng>de</lng>
<d>Verbindung aufbauen aber noch kein Postfach öffnen (IMAP und NNTP)</d>
</text><text><lng>en</lng>
<d>For IMAP and NNTP names, open a connection but don't open a mailbox.</d>
</text></texts></PHPModuleRef><PHPModuleRef>
<t>OP_PROTOTYPE</t>
<mn>imap</mn>
<ft>C</ft>
<p4>integer OP_PROTOTYPE</p4>
<p5>integer OP_PROTOTYPE</p5>
</PHPModuleRef><PHPModuleRef>
<t>OP_READONLY</t>
<mn>imap</mn>
<ft>C</ft>
<p4>integer OP_READONLY</p4>
<p5>integer OP_READONLY</p5>
<texts><text><lng>de</lng>
<d>Postfach nur zum Lesen öffnen</d>
</text><text><lng>en</lng>
<d>Open mailbox read-only</d>
</text></texts></PHPModuleRef><PHPModuleRef>
<t>OP_SECURE</t>
<mn>imap</mn>
<ft>C</ft>
<p4>integer OP_SECURE</p4>
<p5>integer OP_SECURE</p5>
</PHPModuleRef><PHPModuleRef>
<t>OP_SHORTCACHE</t>
<mn>imap</mn>
<ft>C</ft>
<p4>integer OP_SHORTCACHE</p4>
<p5>integer OP_SHORTCACHE</p5>
</PHPModuleRef><PHPModuleRef>
<t>OP_SILENT</t>
<mn>imap</mn>
<ft>C</ft>
<p4>integer OP_SILENT</p4>
<p5>integer OP_SILENT</p5>
</PHPModuleRef><PHPModuleRef>
<t>SA_ALL</t>
<mn>imap</mn>
<ft>C</ft>
<p4>integer SA_ALL</p4>
<p5>integer SA_ALL</p5>
</PHPModuleRef><PHPModuleRef>
<t>SA_MESSAGES</t>
<mn>imap</mn>
<ft>C</ft>
<p4>integer SA_MESSAGES</p4>
<p5>integer SA_MESSAGES</p5>
</PHPModuleRef><PHPModuleRef>
<t>SA_RECENT</t>
<mn>imap</mn>
<ft>C</ft>
<p4>integer SA_RECENT</p4>
<p5>integer SA_RECENT</p5>
</PHPModuleRef><PHPModuleRef>
<t>SA_UIDNEXT</t>
<mn>imap</mn>
<ft>C</ft>
<p4>integer SA_UIDNEXT</p4>
<p5>integer SA_UIDNEXT</p5>
</PHPModuleRef><PHPModuleRef>
<t>SA_UIDVALIDITY</t>
<mn>imap</mn>
<ft>C</ft>
<p4>integer SA_UIDVALIDITY</p4>
<p5>integer SA_UIDVALIDITY</p5>
</PHPModuleRef><PHPModuleRef>
<t>SA_UNSEEN</t>
<mn>imap</mn>
<ft>C</ft>
<p4>integer SA_UNSEEN</p4>
<p5>integer SA_UNSEEN</p5>
</PHPModuleRef><PHPModuleRef>
<t>SE_FREE</t>
<mn>imap</mn>
<ft>C</ft>
<p4>integer SE_FREE</p4>
<p5>integer SE_FREE</p5>
</PHPModuleRef><PHPModuleRef>
<t>SE_NOPREFETCH</t>
<mn>imap</mn>
<ft>C</ft>
<p4>integer SE_NOPREFETCH</p4>
<p5>integer SE_NOPREFETCH</p5>
<texts><text><lng>de</lng>
<d>Suchergebnisse nicht vorab übertragen</d>
</text><text><lng>en</lng>
<d>Don't prefetch searched messages</d>
</text></texts></PHPModuleRef><PHPModuleRef>
<t>SE_UID</t>
<mn>imap</mn>
<ft>C</ft>
<p4>integer SE_UID</p4>
<p5>integer SE_UID</p5>
<texts><text><lng>de</lng>
<d>Liefere UIDs an Stelle von Nachrichtennummern zurück</d>
</text><text><lng>en</lng>
<d>Return UIDs instead of sequence numbers</d>
</text></texts></PHPModuleRef><PHPModuleRef>
<t>SORTARRIVAL</t>
<mn>imap</mn>
<ft>C</ft>
<p4>integer SORTARRIVAL</p4>
<p5>integer SORTARRIVAL</p5>
<texts><text><lng>de</lng>
<d>Sortieren nach Empfangsdatum in imap_sort</d>
</text><text><lng>en</lng>
<d>Sort criteria for imap_sort:
     arrival date</d>
</text></texts></PHPModuleRef><PHPModuleRef>
<t>SORTCC</t>
<mn>imap</mn>
<ft>C</ft>
<p4>integer SORTCC</p4>
<p5>integer SORTCC</p5>
<texts><text><lng>de</lng>
<d>Sortieren nach Cc Adresse in imap_sort</d>
</text><text><lng>en</lng>
<d>Sort criteria for imap_sort:
     mailbox in first cc address</d>
</text></texts></PHPModuleRef><PHPModuleRef>
<t>SORTDATE</t>
<mn>imap</mn>
<ft>C</ft>
<p4>integer SORTDATE</p4>
<p5>integer SORTDATE</p5>
<texts><text><lng>de</lng>
<d>Sortieren nach Sendedatum in imap_sort</d>
</text><text><lng>en</lng>
<d>Sort criteria for imap_sort:
     message Date</d>
</text></texts></PHPModuleRef><PHPModuleRef>
<t>SORTFROM</t>
<mn>imap</mn>
<ft>C</ft>
<p4>integer SORTFROM</p4>
<p5>integer SORTFROM</p5>
<texts><text><lng>de</lng>
<d>Sortieren nach Absender in imap_sort</d>
</text><text><lng>en</lng>
<d>Sort criteria for imap_sort:
     mailbox in first From address</d>
</text></texts></PHPModuleRef><PHPModuleRef>
<t>SORTSIZE</t>
<mn>imap</mn>
<ft>C</ft>
<p4>integer SORTSIZE</p4>
<p5>integer SORTSIZE</p5>
<texts><text><lng>de</lng>
<d>Sortieren nach Größe in imap_sort</d>
</text><text><lng>en</lng>
<d>Sort criteria for imap_sort:
     size of message in octets</d>
</text></texts></PHPModuleRef><PHPModuleRef>
<t>SORTSUBJECT</t>
<mn>imap</mn>
<ft>C</ft>
<p4>integer SORTSUBJECT</p4>
<p5>integer SORTSUBJECT</p5>
<texts><text><lng>de</lng>
<d>Sortieren nach Betreff in imap_sort</d>
</text><text><lng>en</lng>
<d>Sort criteria for imap_sort:
     message subject</d>
</text></texts></PHPModuleRef><PHPModuleRef>
<t>SORTTO</t>
<mn>imap</mn>
<ft>C</ft>
<p4>integer SORTTO</p4>
<p5>integer SORTTO</p5>
<texts><text><lng>de</lng>
<d>Sortieren nach Empfänger in imap_sort</d>
</text><text><lng>en</lng>
<d>Sort criteria for imap_sort:
     mailbox in first To address</d>
</text></texts></PHPModuleRef><PHPModuleRef>
<t>SO_FREE</t>
<mn>imap</mn>
<ft>C</ft>
<p4>integer SO_FREE</p4>
<p5>integer SO_FREE</p5>
</PHPModuleRef><PHPModuleRef>
<t>SO_NOSERVER</t>
<mn>imap</mn>
<ft>C</ft>
<p4>integer SO_NOSERVER</p4>
<p5>integer SO_NOSERVER</p5>
</PHPModuleRef><PHPModuleRef>
<t>ST_SET</t>
<mn>imap</mn>
<ft>C</ft>
<p4>integer ST_SET</p4>
<p5>integer ST_SET</p5>
</PHPModuleRef><PHPModuleRef>
<t>ST_SILENT</t>
<mn>imap</mn>
<ft>C</ft>
<p4>integer ST_SILENT</p4>
<p5>integer ST_SILENT</p5>
</PHPModuleRef><PHPModuleRef>
<t>ST_UID</t>
<mn>imap</mn>
<ft>C</ft>
<p4>integer ST_UID</p4>
<p5>integer ST_UID</p5>
<texts><text><lng>de</lng>
<d>Die übergebene Sequenz enthält UIDs an Stelle von Nachrichtennummern</d>
</text><text><lng>en</lng>
<d>The sequence argument contains UIDs instead of sequence numbers</d>
</text></texts></PHPModuleRef><PHPModuleRef>
<t>TYPEAPPLICATION</t>
<mn>imap</mn>
<ft>C</ft>
<p4>integer TYPEAPPLICATION</p4>
<p5>integer TYPEAPPLICATION</p5>
</PHPModuleRef><PHPModuleRef>
<t>TYPEAUDIO</t>
<mn>imap</mn>
<ft>C</ft>
<p4>integer TYPEAUDIO</p4>
<p5>integer TYPEAUDIO</p5>
</PHPModuleRef><PHPModuleRef>
<t>TYPEIMAGE</t>
<mn>imap</mn>
<ft>C</ft>
<p4>integer TYPEIMAGE</p4>
<p5>integer TYPEIMAGE</p5>
</PHPModuleRef><PHPModuleRef>
<t>TYPEMESSAGE</t>
<mn>imap</mn>
<ft>C</ft>
<p4>integer TYPEMESSAGE</p4>
<p5>integer TYPEMESSAGE</p5>
</PHPModuleRef><PHPModuleRef>
<t>TYPEMULTIPART</t>
<mn>imap</mn>
<ft>C</ft>
<p4>integer TYPEMULTIPART</p4>
<p5>integer TYPEMULTIPART</p5>
</PHPModuleRef><PHPModuleRef>
<t>TYPEOTHER</t>
<mn>imap</mn>
<ft>C</ft>
<p4>integer TYPEOTHER</p4>
<p5>integer TYPEOTHER</p5>
</PHPModuleRef><PHPModuleRef>
<t>TYPETEXT</t>
<mn>imap</mn>
<ft>C</ft>
<p4>integer TYPETEXT</p4>
<p5>integer TYPETEXT</p5>
</PHPModuleRef><PHPModuleRef>
<t>TYPEVIDEO</t>
<mn>imap</mn>
<ft>C</ft>
<p4>integer TYPEVIDEO</p4>
<p5>integer TYPEVIDEO</p5>
</PHPModuleRef></PHPModuleRef-List>
