<?xml version="1.0" encoding="utf-8"?>
<PHPModuleRef-List>
<PHPModuleRef>
<t>ifxus_close_slob</t>
<mn>informix</mn>
<ft>F</ft>
<ver>4_0_0,4_0_1,4_0_2,4_0_3,4_0_4,4_0_5,4_0_6,4_1_0,4_1_1,4_1_2,4_2_0,4_2_1,4_2_2,4_2_3,4_3_0,4_3_1,4_3_10,4_3_11,4_3_2,4_3_3,4_3_4,4_3_5,4_3_6,4_3_7,4_3_8,4_3_9,4_4_0,4_4_1,4_4_2,4_4_3,4_4_4,4_4_5,4_4_6,4_cvs,5_0_0,5_0_1,5_0_2,5_0_3,5_1_0,5_1_1,5_1_2,5_1_3,5_1_4,5_1_5,5_1_6,5_2_0</ver>
<p4>bool ifxus_close_slob(int bid)</p4>
<p4d>Deletes the slob-object </p4d>
<texts><text><lng>de</lng>
<d>Löscht ein Slob-Objekt</d>
</text><text><lng>en</lng>
<d>Deletes the slob object</d>
</text><text><lng>es</lng>
<d>Cierra un objeto slob</d>
</text></texts></PHPModuleRef><PHPModuleRef>
<t>ifxus_create_slob</t>
<mn>informix</mn>
<ft>F</ft>
<ver>4_0_0,4_0_1,4_0_2,4_0_3,4_0_4,4_0_5,4_0_6,4_1_0,4_1_1,4_1_2,4_2_0,4_2_1,4_2_2,4_2_3,4_3_0,4_3_1,4_3_10,4_3_11,4_3_2,4_3_3,4_3_4,4_3_5,4_3_6,4_3_7,4_3_8,4_3_9,4_4_0,4_4_1,4_4_2,4_4_3,4_4_4,4_4_5,4_4_6,4_cvs,5_0_0,5_0_1,5_0_2,5_0_3,5_1_0,5_1_1,5_1_2,5_1_3,5_1_4,5_1_5,5_1_6,5_2_0</ver>
<p4>int ifxus_create_slob(int mode)</p4>
<p4d>Creates a slob-object and opens it </p4d>
<texts><text><lng>de</lng>
<d>Erzeugt ein Slob-Objekt undöffnet es</d>
</text><text><lng>en</lng>
<d>Creates an slob object and opens it</d>
</text><text><lng>es</lng>
<d>Crea un objeto slob y lo abre</d>
</text></texts></PHPModuleRef><PHPModuleRef>
<t>ifxus_free_slob</t>
<mn>informix</mn>
<ft>F</ft>
<ver>4_0_0,4_0_1,4_0_2,4_0_3,4_0_4,4_0_5,4_0_6,4_1_0,4_1_1,4_1_2,4_2_0,4_2_1,4_2_2,4_2_3,4_3_0,4_3_1,4_3_10,4_3_11,4_3_2,4_3_3,4_3_4,4_3_5,4_3_6,4_3_7,4_3_8,4_3_9,4_4_0,4_4_1,4_4_2,4_4_3,4_4_4,4_4_5,4_4_6,4_cvs,5_0_0,5_0_1,5_0_2,5_0_3,5_1_0,5_1_1,5_1_2,5_1_3,5_1_4,5_1_5,5_1_6,5_2_0</ver>
<p4>bool ifxus_free_slob(int bid)</p4>
<p4d>Deletes the slob-object </p4d>
<texts><text><lng>de</lng>
<d>Löscht ein Slob-Objekt</d>
</text><text><lng>en</lng>
<d>Deletes the slob object</d>
</text><text><lng>es</lng>
<d>Elimina un objeto slob</d>
</text></texts></PHPModuleRef><PHPModuleRef>
<t>ifxus_open_slob</t>
<mn>informix</mn>
<ft>F</ft>
<ver>4_0_0,4_0_1,4_0_2,4_0_3,4_0_4,4_0_5,4_0_6,4_1_0,4_1_1,4_1_2,4_2_0,4_2_1,4_2_2,4_2_3,4_3_0,4_3_1,4_3_10,4_3_11,4_3_2,4_3_3,4_3_4,4_3_5,4_3_6,4_3_7,4_3_8,4_3_9,4_4_0,4_4_1,4_4_2,4_4_3,4_4_4,4_4_5,4_4_6,4_cvs,5_0_0,5_0_1,5_0_2,5_0_3,5_1_0,5_1_1,5_1_2,5_1_3,5_1_4,5_1_5,5_1_6,5_2_0</ver>
<p4>int ifxus_open_slob(int bid, int mode)</p4>
<p4d>Opens an slob-object </p4d>
<texts><text><lng>de</lng>
<d>Öffnet ein Slob-Objekt</d>
</text><text><lng>en</lng>
<d>Opens an slob object</d>
</text><text><lng>es</lng>
<d>Abre un objeto slob</d>
</text></texts></PHPModuleRef><PHPModuleRef>
<t>ifxus_read_slob</t>
<mn>informix</mn>
<ft>F</ft>
<ver>4_0_0,4_0_1,4_0_2,4_0_3,4_0_4,4_0_5,4_0_6,4_1_0,4_1_1,4_1_2,4_2_0,4_2_1,4_2_2,4_2_3,4_3_0,4_3_1,4_3_10,4_3_11,4_3_2,4_3_3,4_3_4,4_3_5,4_3_6,4_3_7,4_3_8,4_3_9,4_4_0,4_4_1,4_4_2,4_4_3,4_4_4,4_4_5,4_4_6,4_cvs,5_0_0,5_0_1,5_0_2,5_0_3,5_1_0,5_1_1,5_1_2,5_1_3,5_1_4,5_1_5,5_1_6,5_2_0</ver>
<p4>string ifxus_read_slob(int bid, int nbytes)</p4>
<p4d>Reads nbytes of the slob-object </p4d>
<texts><text><lng>de</lng>
<d>Liest nbytes aus einem Slob-Objekt</d>
</text><text><lng>en</lng>
<d>Reads nbytes of the slob object</d>
</text><text><lng>es</lng>
<d>Lee un número de bytes (nbytes) de un objeto slob</d>
</text></texts></PHPModuleRef><PHPModuleRef>
<t>ifxus_seek_slob</t>
<mn>informix</mn>
<ft>F</ft>
<ver>4_0_0,4_0_1,4_0_2,4_0_3,4_0_4,4_0_5,4_0_6,4_1_0,4_1_1,4_1_2,4_2_0,4_2_1,4_2_2,4_2_3,4_3_0,4_3_1,4_3_10,4_3_11,4_3_2,4_3_3,4_3_4,4_3_5,4_3_6,4_3_7,4_3_8,4_3_9,4_4_0,4_4_1,4_4_2,4_4_3,4_4_4,4_4_5,4_4_6,4_cvs,5_0_0,5_0_1,5_0_2,5_0_3,5_1_0,5_1_1,5_1_2,5_1_3,5_1_4,5_1_5,5_1_6,5_2_0</ver>
<p4>int ifxus_seek_slob(int bid, int mode, long offset)</p4>
<p4d>Sets the current file or seek position of an open slob-object </p4d>
<texts><text><lng>de</lng>
<d>Setzt die aktuelle Dateizeiger- oder Suchposition</d>
</text><text><lng>en</lng>
<d>Sets the current file or seek position</d>
</text><text><lng>es</lng>
<d>Establece la posición de archivo o búsqueda
  actual</d>
</text></texts></PHPModuleRef><PHPModuleRef>
<t>ifxus_tell_slob</t>
<mn>informix</mn>
<ft>F</ft>
<ver>4_0_0,4_0_1,4_0_2,4_0_3,4_0_4,4_0_5,4_0_6,4_1_0,4_1_1,4_1_2,4_2_0,4_2_1,4_2_2,4_2_3,4_3_0,4_3_1,4_3_10,4_3_11,4_3_2,4_3_3,4_3_4,4_3_5,4_3_6,4_3_7,4_3_8,4_3_9,4_4_0,4_4_1,4_4_2,4_4_3,4_4_4,4_4_5,4_4_6,4_cvs,5_0_0,5_0_1,5_0_2,5_0_3,5_1_0,5_1_1,5_1_2,5_1_3,5_1_4,5_1_5,5_1_6,5_2_0</ver>
<p4>int ifxus_tell_slob(int bid)</p4>
<p4d>Returns the current file or seek position of an open slob-object </p4d>
<texts><text><lng>de</lng>
<d>Gibt die aktuelle Dateizeiger- oder Suchposition zurück</d>
</text><text><lng>en</lng>
<d>Returns the current file or seek position</d>
</text><text><lng>es</lng>
<d>Devuelve la posición de archivo o búsqueda actual</d>
</text></texts></PHPModuleRef><PHPModuleRef>
<t>ifxus_write_slob</t>
<mn>informix</mn>
<ft>F</ft>
<ver>4_0_0,4_0_1,4_0_2,4_0_3,4_0_4,4_0_5,4_0_6,4_1_0,4_1_1,4_1_2,4_2_0,4_2_1,4_2_2,4_2_3,4_3_0,4_3_1,4_3_10,4_3_11,4_3_2,4_3_3,4_3_4,4_3_5,4_3_6,4_3_7,4_3_8,4_3_9,4_4_0,4_4_1,4_4_2,4_4_3,4_4_4,4_4_5,4_4_6,4_cvs,5_0_0,5_0_1,5_0_2,5_0_3,5_1_0,5_1_1,5_1_2,5_1_3,5_1_4,5_1_5,5_1_6,5_2_0</ver>
<p4>int ifxus_write_slob(int bid, string content)</p4>
<p4d>Writes a string into the slob-object </p4d>
<texts><text><lng>de</lng>
<d>Schreibt einen String in ein Slob-Objekt</d>
</text><text><lng>en</lng>
<d>Writes a string into the slob object</d>
</text><text><lng>es</lng>
<d>Escribe una cadena en un objeto slob</d>
</text></texts></PHPModuleRef><PHPModuleRef>
<t>ifx_affected_rows</t>
<mn>informix</mn>
<ft>F</ft>
<ver>4_0_0,4_0_1,4_0_2,4_0_3,4_0_4,4_0_5,4_0_6,4_1_0,4_1_1,4_1_2,4_2_0,4_2_1,4_2_2,4_2_3,4_3_0,4_3_1,4_3_10,4_3_11,4_3_2,4_3_3,4_3_4,4_3_5,4_3_6,4_3_7,4_3_8,4_3_9,4_4_0,4_4_1,4_4_2,4_4_3,4_4_4,4_4_5,4_4_6,4_cvs,5_0_0,5_0_1,5_0_2,5_0_3,5_1_0,5_1_1,5_1_2,5_1_3,5_1_4,5_1_5,5_1_6,5_2_0</ver>
<p4>int ifx_affected_rows(resource resultid)</p4>
<p4d>Returns the number of rows affected by query identified by resultid </p4d>
<texts><text><lng>de</lng>
<d>Gibt die Anzahl der Datensätze zurück, die von einer Abfrage betroffen sind</d>
</text><text><lng>en</lng>
<d>Get number of rows affected by a query</d>
</text><text><lng>es</lng>
<d>Obtiene el número de registros procesados por una consulta</d>
</text></texts></PHPModuleRef><PHPModuleRef>
<t>ifx_blobinfile_mode</t>
<mn>informix</mn>
<ft>F</ft>
<ver>4_0_0,4_0_1,4_0_2,4_0_3,4_0_4,4_0_5,4_0_6,4_1_0,4_1_1,4_1_2,4_2_0,4_2_1,4_2_2,4_2_3,4_3_0,4_3_1,4_3_10,4_3_11,4_3_2,4_3_3,4_3_4,4_3_5,4_3_6,4_3_7,4_3_8,4_3_9,4_4_0,4_4_1,4_4_2,4_4_3,4_4_4,4_4_5,4_4_6,4_cvs,5_0_0,5_0_1,5_0_2,5_0_3,5_1_0,5_1_1,5_1_2,5_1_3,5_1_4,5_1_5,5_1_6,5_2_0</ver>
<p4>bool ifx_blobinfile_mode(int mode)</p4>
<p4d>Sets the default blob-mode for all select-queries  </p4d>
<texts><text><lng>de</lng>
<d>Setzt den Standardmodus für BLOBs bei allen SELECT Abfragen</d>
</text><text><lng>en</lng>
<d>Set the default blob mode for all select queries</d>
</text><text><lng>es</lng>
<d>Define el modo por defecto para los blob en todas las consultasde selección</d>
</text></texts></PHPModuleRef><PHPModuleRef>
<t>ifx_byteasvarchar</t>
<mn>informix</mn>
<ft>F</ft>
<ver>4_0_0,4_0_1,4_0_2,4_0_3,4_0_4,4_0_5,4_0_6,4_1_0,4_1_1,4_1_2,4_2_0,4_2_1,4_2_2,4_2_3,4_3_0,4_3_1,4_3_10,4_3_11,4_3_2,4_3_3,4_3_4,4_3_5,4_3_6,4_3_7,4_3_8,4_3_9,4_4_0,4_4_1,4_4_2,4_4_3,4_4_4,4_4_5,4_4_6,4_cvs,5_0_0,5_0_1,5_0_2,5_0_3,5_1_0,5_1_1,5_1_2,5_1_3,5_1_4,5_1_5,5_1_6,5_2_0</ver>
<p4>bool ifx_byteasvarchar(int mode)</p4>
<p4d>Sets the default byte-mode for all select-queries  </p4d>
<texts><text><lng>de</lng>
<d>Setzt den Standard Byte-Modus</d>
</text><text><lng>en</lng>
<d>Set the default byte mode</d>
</text><text><lng>es</lng>
<d>Define el modo por defecto para los campos de tipo byte</d>
</text></texts></PHPModuleRef><PHPModuleRef>
<t>ifx_close</t>
<mn>informix</mn>
<ft>F</ft>
<ver>4_0_0,4_0_1,4_0_2,4_0_3,4_0_4,4_0_5,4_0_6,4_1_0,4_1_1,4_1_2,4_2_0,4_2_1,4_2_2,4_2_3,4_3_0,4_3_1,4_3_10,4_3_11,4_3_2,4_3_3,4_3_4,4_3_5,4_3_6,4_3_7,4_3_8,4_3_9,4_4_0,4_4_1,4_4_2,4_4_3,4_4_4,4_4_5,4_4_6,4_cvs,5_0_0,5_0_1,5_0_2,5_0_3,5_1_0,5_1_1,5_1_2,5_1_3,5_1_4,5_1_5,5_1_6,5_2_0</ver>
<p4>bool ifx_close([resource connid])</p4>
<p4d>Close informix connection </p4d>
<texts><text><lng>de</lng>
<d>Schliesst eine Informix Verbindung</d>
</text><text><lng>en</lng>
<d>Close Informix connection</d>
</text><text><lng>es</lng>
<d>Cierra una conexión con Informix</d>
</text></texts></PHPModuleRef><PHPModuleRef>
<t>ifx_connect</t>
<mn>informix</mn>
<ft>F</ft>
<ver>4_0_0,4_0_1,4_0_2,4_0_3,4_0_4,4_0_5,4_0_6,4_1_0,4_1_1,4_1_2,4_2_0,4_2_1,4_2_2,4_2_3,4_3_0,4_3_1,4_3_10,4_3_11,4_3_2,4_3_3,4_3_4,4_3_5,4_3_6,4_3_7,4_3_8,4_3_9,4_4_0,4_4_1,4_4_2,4_4_3,4_4_4,4_4_5,4_4_6,4_cvs,5_0_0,5_0_1,5_0_2,5_0_3,5_1_0,5_1_1,5_1_2,5_1_3,5_1_4,5_1_5,5_1_6,5_2_0</ver>
<p4>resource ifx_connect([string database [, string userid [, string password]]])</p4>
<p4d>Connects to database using userid/password, returns connection id </p4d>
<texts><text><lng>de</lng>
<d>Öffnet eine Verbindung zu einem Informix Server</d>
</text><text><lng>en</lng>
<d>Open Informix server connection</d>
</text><text><lng>es</lng>
<d>Abrir una conexión con un servidor Informix</d>
</text></texts></PHPModuleRef><PHPModuleRef>
<t>ifx_copy_blob</t>
<mn>informix</mn>
<ft>F</ft>
<ver>4_0_0,4_0_1,4_0_2,4_0_3,4_0_4,4_0_5,4_0_6,4_1_0,4_1_1,4_1_2,4_2_0,4_2_1,4_2_2,4_2_3,4_3_0,4_3_1,4_3_10,4_3_11,4_3_2,4_3_3,4_3_4,4_3_5,4_3_6,4_3_7,4_3_8,4_3_9,4_4_0,4_4_1,4_4_2,4_4_3,4_4_4,4_4_5,4_4_6,4_cvs,5_0_0,5_0_1,5_0_2,5_0_3,5_1_0,5_1_1,5_1_2,5_1_3,5_1_4,5_1_5,5_1_6,5_2_0</ver>
<p4>int ifx_copy_blob(int bid)</p4>
<p4d>Duplicates the given blob-object </p4d>
<texts><text><lng>de</lng>
<d>Dupliziert ein gegebenes BLOB (Binary Large Object)</d>
</text><text><lng>en</lng>
<d>Duplicates the given blob object</d>
</text><text><lng>es</lng>
<d>Duplica el objeto blob dado</d>
</text></texts></PHPModuleRef><PHPModuleRef>
<t>ifx_create_blob</t>
<mn>informix</mn>
<ft>F</ft>
<ver>4_0_0,4_0_1,4_0_2,4_0_3,4_0_4,4_0_5,4_0_6,4_1_0,4_1_1,4_1_2,4_2_0,4_2_1,4_2_2,4_2_3,4_3_0,4_3_1,4_3_10,4_3_11,4_3_2,4_3_3,4_3_4,4_3_5,4_3_6,4_3_7,4_3_8,4_3_9,4_4_0,4_4_1,4_4_2,4_4_3,4_4_4,4_4_5,4_4_6,4_cvs,5_0_0,5_0_1,5_0_2,5_0_3,5_1_0,5_1_1,5_1_2,5_1_3,5_1_4,5_1_5,5_1_6,5_2_0</ver>
<p4>int ifx_create_blob(int type, int mode, string param)</p4>
<p4d>Creates a blob-object </p4d>
<texts><text><lng>de</lng>
<d>Erzeugt ein BLOB (Binary Large Object)</d>
</text><text><lng>en</lng>
<d>Creates an blob object</d>
</text><text><lng>es</lng>
<d>Crea un objeto blob</d>
</text></texts></PHPModuleRef><PHPModuleRef>
<t>ifx_create_char</t>
<mn>informix</mn>
<ft>F</ft>
<ver>4_0_0,4_0_1,4_0_2,4_0_3,4_0_4,4_0_5,4_0_6,4_1_0,4_1_1,4_1_2,4_2_0,4_2_1,4_2_2,4_2_3,4_3_0,4_3_1,4_3_10,4_3_11,4_3_2,4_3_3,4_3_4,4_3_5,4_3_6,4_3_7,4_3_8,4_3_9,4_4_0,4_4_1,4_4_2,4_4_3,4_4_4,4_4_5,4_4_6,4_cvs,5_0_0,5_0_1,5_0_2,5_0_3,5_1_0,5_1_1,5_1_2,5_1_3,5_1_4,5_1_5,5_1_6,5_2_0</ver>
<p4>int ifx_create_char(string param)</p4>
<p4d>Creates a char-object </p4d>
<texts><text><lng>de</lng>
<d>Erzeugt ein Zeichen-Objekt</d>
</text><text><lng>en</lng>
<d>Creates an char object</d>
</text><text><lng>es</lng>
<d>Crea un objeto char</d>
</text></texts></PHPModuleRef><PHPModuleRef>
<t>ifx_do</t>
<mn>informix</mn>
<ft>F</ft>
<ver>4_0_0,4_0_1,4_0_2,4_0_3,4_0_4,4_0_5,4_0_6,4_1_0,4_1_1,4_1_2,4_2_0,4_2_1,4_2_2,4_2_3,4_3_0,4_3_1,4_3_10,4_3_11,4_3_2,4_3_3,4_3_4,4_3_5,4_3_6,4_3_7,4_3_8,4_3_9,4_4_0,4_4_1,4_4_2,4_4_3,4_4_4,4_4_5,4_4_6,4_cvs,5_0_0,5_0_1,5_0_2,5_0_3,5_1_0,5_1_1,5_1_2,5_1_3,5_1_4,5_1_5,5_1_6,5_2_0</ver>
<p4>bool ifx_do(resource resultid)</p4>
<p4d>Executes a previously prepared query or opens a cursor for it </p4d>
<texts><text><lng>de</lng>
<d>Führt eine vorbereitete Abfrage aus</d>
</text><text><lng>en</lng>
<d>Execute a previously prepared SQL-statement</d>
</text><text><lng>es</lng>
<d>Ejecuta una sentencia SQL preparada previamente</d>
</text></texts></PHPModuleRef><PHPModuleRef>
<t>ifx_error</t>
<mn>informix</mn>
<ft>F</ft>
<ver>4_0_0,4_0_1,4_0_2,4_0_3,4_0_4,4_0_5,4_0_6,4_1_0,4_1_1,4_1_2,4_2_0,4_2_1,4_2_2,4_2_3,4_3_0,4_3_1,4_3_10,4_3_11,4_3_2,4_3_3,4_3_4,4_3_5,4_3_6,4_3_7,4_3_8,4_3_9,4_4_0,4_4_1,4_4_2,4_4_3,4_4_4,4_4_5,4_4_6,4_cvs,5_0_0,5_0_1,5_0_2,5_0_3,5_1_0,5_1_1,5_1_2,5_1_3,5_1_4,5_1_5,5_1_6,5_2_0</ver>
<p4>string ifx_error([resource connection_id])</p4>
<p4d>Returns the Informix error codes (SQLSTATE &amp; SQLCODE) </p4d>
<texts><text><lng>de</lng>
<d>Gibt den Fehlercode des letzten Informix Aufrufs zurück</d>
</text><text><lng>en</lng>
<d>Returns error code of last Informix call</d>
</text><text><lng>es</lng>
<d>Devuelve el código de error de la última llamada a Informix</d>
</text></texts></PHPModuleRef><PHPModuleRef>
<t>ifx_errormsg</t>
<mn>informix</mn>
<ft>F</ft>
<ver>4_0_0,4_0_1,4_0_2,4_0_3,4_0_4,4_0_5,4_0_6,4_1_0,4_1_1,4_1_2,4_2_0,4_2_1,4_2_2,4_2_3,4_3_0,4_3_1,4_3_10,4_3_11,4_3_2,4_3_3,4_3_4,4_3_5,4_3_6,4_3_7,4_3_8,4_3_9,4_4_0,4_4_1,4_4_2,4_4_3,4_4_4,4_4_5,4_4_6,4_cvs,5_0_0,5_0_1,5_0_2,5_0_3,5_1_0,5_1_1,5_1_2,5_1_3,5_1_4,5_1_5,5_1_6,5_2_0</ver>
<p4>string ifx_errormsg([int errorcode])</p4>
<p4d>Returns the Informix errormessage associated with  </p4d>
<texts><text><lng>de</lng>
<d>Gibt die Fehlermeldung des zuletzt aufgetretenen Informix Fehlers zurück</d>
</text><text><lng>en</lng>
<d>Returns error message of last Informix call</d>
</text><text><lng>es</lng>
<d>Devuelve el mensaje de error de laúltima llamada a Informix</d>
</text></texts></PHPModuleRef><PHPModuleRef>
<t>ifx_fetch_row</t>
<mn>informix</mn>
<ft>F</ft>
<ver>4_0_0,4_0_1,4_0_2,4_0_3,4_0_4,4_0_5,4_0_6,4_1_0,4_1_1,4_1_2,4_2_0,4_2_1,4_2_2,4_2_3,4_3_0,4_3_1,4_3_10,4_3_11,4_3_2,4_3_3,4_3_4,4_3_5,4_3_6,4_3_7,4_3_8,4_3_9,4_4_0,4_4_1,4_4_2,4_4_3,4_4_4,4_4_5,4_4_6,4_cvs,5_0_0,5_0_1,5_0_2,5_0_3,5_1_0,5_1_1,5_1_2,5_1_3,5_1_4,5_1_5,5_1_6,5_2_0</ver>
<p4>array ifx_fetch_row(resource resultid [, mixed position])</p4>
<p4d>Fetches the next row or &lt;position&gt; row if using a scroll cursor </p4d>
<texts><text><lng>de</lng>
<d>Holt eine Zeile als assoziatives Array</d>
</text><text><lng>en</lng>
<d>Get row as an associative array</d>
</text><text><lng>es</lng>
<d>Obtiene registros como un array (vector) enumerado</d>
</text></texts></PHPModuleRef><PHPModuleRef>
<t>ifx_fieldproperties</t>
<mn>informix</mn>
<ft>F</ft>
<ver>4_0_0,4_0_1,4_0_2,4_0_3,4_0_4,4_0_5,4_0_6,4_1_0,4_1_1,4_1_2,4_2_0,4_2_1,4_2_2,4_2_3,4_3_0,4_3_1,4_3_10,4_3_11,4_3_2,4_3_3,4_3_4,4_3_5,4_3_6,4_3_7,4_3_8,4_3_9,4_4_0,4_4_1,4_4_2,4_4_3,4_4_4,4_4_5,4_4_6,4_cvs,5_0_0,5_0_1,5_0_2,5_0_3,5_1_0,5_1_1,5_1_2,5_1_3,5_1_4,5_1_5,5_1_6,5_2_0</ver>
<p4>array ifx_fieldproperties(resource resultid)</p4>
<p4d>Returns an associative for query &lt;resultid&gt; array with fieldnames as key </p4d>
<texts><text><lng>de</lng>
<d>Gibt eine Liste mit den Feldeigenschaften zurück</d>
</text><text><lng>en</lng>
<d>List of SQL fieldproperties</d>
</text><text><lng>es</lng>
<d>Indica las propiedades de los campos de una consulta SQL</d>
</text></texts></PHPModuleRef><PHPModuleRef>
<t>ifx_fieldtypes</t>
<mn>informix</mn>
<ft>F</ft>
<ver>4_0_0,4_0_1,4_0_2,4_0_3,4_0_4,4_0_5,4_0_6,4_1_0,4_1_1,4_1_2,4_2_0,4_2_1,4_2_2,4_2_3,4_3_0,4_3_1,4_3_10,4_3_11,4_3_2,4_3_3,4_3_4,4_3_5,4_3_6,4_3_7,4_3_8,4_3_9,4_4_0,4_4_1,4_4_2,4_4_3,4_4_4,4_4_5,4_4_6,4_cvs,5_0_0,5_0_1,5_0_2,5_0_3,5_1_0,5_1_1,5_1_2,5_1_3,5_1_4,5_1_5,5_1_6,5_2_0</ver>
<p4>array ifx_fieldtypes(resource resultid)</p4>
<p4d>Returns an associative array with fieldnames as key for query &lt;resultid&gt; </p4d>
<texts><text><lng>de</lng>
<d>Gibt eine Liste der Informix SQL Felder zurück</d>
</text><text><lng>en</lng>
<d>List of Informix SQL fields</d>
</text><text><lng>es</lng>
<d>Obtiene los campos de una consulta SQL</d>
</text></texts></PHPModuleRef><PHPModuleRef>
<t>ifx_free_blob</t>
<mn>informix</mn>
<ft>F</ft>
<ver>4_0_0,4_0_1,4_0_2,4_0_3,4_0_4,4_0_5,4_0_6,4_1_0,4_1_1,4_1_2,4_2_0,4_2_1,4_2_2,4_2_3,4_3_0,4_3_1,4_3_10,4_3_11,4_3_2,4_3_3,4_3_4,4_3_5,4_3_6,4_3_7,4_3_8,4_3_9,4_4_0,4_4_1,4_4_2,4_4_3,4_4_4,4_4_5,4_4_6,4_cvs,5_0_0,5_0_1,5_0_2,5_0_3,5_1_0,5_1_1,5_1_2,5_1_3,5_1_4,5_1_5,5_1_6,5_2_0</ver>
<p4>int ifx_free_blob(int bid)</p4>
<p4d>Deletes the blob-object </p4d>
<texts><text><lng>de</lng>
<d>Löscht ein Blob Objekt</d>
</text><text><lng>en</lng>
<d>Deletes the blob object</d>
</text><text><lng>es</lng>
<d>Borra el objeto blob</d>
</text></texts></PHPModuleRef><PHPModuleRef>
<t>ifx_free_char</t>
<mn>informix</mn>
<ft>F</ft>
<ver>4_0_0,4_0_1,4_0_2,4_0_3,4_0_4,4_0_5,4_0_6,4_1_0,4_1_1,4_1_2,4_2_0,4_2_1,4_2_2,4_2_3,4_3_0,4_3_1,4_3_10,4_3_11,4_3_2,4_3_3,4_3_4,4_3_5,4_3_6,4_3_7,4_3_8,4_3_9,4_4_0,4_4_1,4_4_2,4_4_3,4_4_4,4_4_5,4_4_6,4_cvs,5_0_0,5_0_1,5_0_2,5_0_3,5_1_0,5_1_1,5_1_2,5_1_3,5_1_4,5_1_5,5_1_6,5_2_0</ver>
<p4>bool ifx_free_char(int bid)</p4>
<p4d>Deletes the char-object </p4d>
<texts><text><lng>de</lng>
<d>Löscht ein CHAR Objekt</d>
</text><text><lng>en</lng>
<d>Deletes the char object</d>
</text><text><lng>es</lng>
<d>Elimina un objeto char</d>
</text></texts></PHPModuleRef><PHPModuleRef>
<t>ifx_free_result</t>
<mn>informix</mn>
<ft>F</ft>
<ver>4_0_0,4_0_1,4_0_2,4_0_3,4_0_4,4_0_5,4_0_6,4_1_0,4_1_1,4_1_2,4_2_0,4_2_1,4_2_2,4_2_3,4_3_0,4_3_1,4_3_10,4_3_11,4_3_2,4_3_3,4_3_4,4_3_5,4_3_6,4_3_7,4_3_8,4_3_9,4_4_0,4_4_1,4_4_2,4_4_3,4_4_4,4_4_5,4_4_6,4_cvs,5_0_0,5_0_1,5_0_2,5_0_3,5_1_0,5_1_1,5_1_2,5_1_3,5_1_4,5_1_5,5_1_6,5_2_0</ver>
<p4>bool ifx_free_result(resource resultid)</p4>
<p4d>Releases resources for query associated with resultid </p4d>
<texts><text><lng>de</lng>
<d>Gibt den belegten Speicher einer Ergebnismenge wieder frei</d>
</text><text><lng>en</lng>
<d>Releases resources for the query</d>
</text><text><lng>es</lng>
<d>Libera los recursos de una consulta</d>
</text></texts></PHPModuleRef><PHPModuleRef>
<t>ifx_getsqlca</t>
<mn>informix</mn>
<ft>F</ft>
<ver>4_0_0,4_0_1,4_0_2,4_0_3,4_0_4,4_0_5,4_0_6,4_1_0,4_1_1,4_1_2,4_2_0,4_2_1,4_2_2,4_2_3,4_3_0,4_3_1,4_3_10,4_3_11,4_3_2,4_3_3,4_3_4,4_3_5,4_3_6,4_3_7,4_3_8,4_3_9,4_4_0,4_4_1,4_4_2,4_4_3,4_4_4,4_4_5,4_4_6,4_cvs,5_0_0,5_0_1,5_0_2,5_0_3,5_1_0,5_1_1,5_1_2,5_1_3,5_1_4,5_1_5,5_1_6,5_2_0</ver>
<p4>array ifx_getsqlca(resource resultid)</p4>
<p4d>Returns the sqlerrd[] fields of the sqlca struct for query resultid </p4d>
<texts><text><lng>de</lng>
<d>Gibt den Inhalt von sqlca.sqlerrd[0..5] nach einer Abfrage zurück</d>
</text><text><lng>en</lng>
<d>Get the contents of sqlca.sqlerrd[0..5] after a query</d>
</text><text><lng>es</lng>
<d>Después de una consulta, obtiene el contenido de sqlca.sqlerrd[0..5]</d>
</text></texts></PHPModuleRef><PHPModuleRef>
<t>ifx_get_blob</t>
<mn>informix</mn>
<ft>F</ft>
<ver>4_0_0,4_0_1,4_0_2,4_0_3,4_0_4,4_0_5,4_0_6,4_1_0,4_1_1,4_1_2,4_2_0,4_2_1,4_2_2,4_2_3,4_3_0,4_3_1,4_3_10,4_3_11,4_3_2,4_3_3,4_3_4,4_3_5,4_3_6,4_3_7,4_3_8,4_3_9,4_4_0,4_4_1,4_4_2,4_4_3,4_4_4,4_4_5,4_4_6,4_cvs,5_0_0,5_0_1,5_0_2,5_0_3,5_1_0,5_1_1,5_1_2,5_1_3,5_1_4,5_1_5,5_1_6,5_2_0</ver>
<p4>string ifx_get_blob(int bid)</p4>
<p4d>Returns the content of the blob-object </p4d>
<texts><text><lng>de</lng>
<d>Gibt den Inhalt eines Large Objects zurück</d>
</text><text><lng>en</lng>
<d>Return the content of a blob object</d>
</text><text><lng>es</lng>
<d>Obtiene el contenido de un objeto blob</d>
</text></texts></PHPModuleRef><PHPModuleRef>
<t>ifx_get_char</t>
<mn>informix</mn>
<ft>F</ft>
<ver>4_0_0,4_0_1,4_0_2,4_0_3,4_0_4,4_0_5,4_0_6,4_1_0,4_1_1,4_1_2,4_2_0,4_2_1,4_2_2,4_2_3,4_3_0,4_3_1,4_3_10,4_3_11,4_3_2,4_3_3,4_3_4,4_3_5,4_3_6,4_3_7,4_3_8,4_3_9,4_4_0,4_4_1,4_4_2,4_4_3,4_4_4,4_4_5,4_4_6,4_cvs,5_0_0,5_0_1,5_0_2,5_0_3,5_1_0,5_1_1,5_1_2,5_1_3,5_1_4,5_1_5,5_1_6,5_2_0</ver>
<p4>string ifx_get_char(int bid)</p4>
<p4d>Returns the content of the char-object </p4d>
<texts><text><lng>de</lng>
<d>Gibt den Inhalt eines Zeichen-Objekts zurück</d>
</text><text><lng>en</lng>
<d>Return the content of the char object</d>
</text><text><lng>es</lng>
<d>Obtiene el contenido de un objeto char</d>
</text></texts></PHPModuleRef><PHPModuleRef>
<t>ifx_htmltbl_result</t>
<mn>informix</mn>
<ft>F</ft>
<ver>4_0_0,4_0_1,4_0_2,4_0_3,4_0_4,4_0_5,4_0_6,4_1_0,4_1_1,4_1_2,4_2_0,4_2_1,4_2_2,4_2_3,4_3_0,4_3_1,4_3_10,4_3_11,4_3_2,4_3_3,4_3_4,4_3_5,4_3_6,4_3_7,4_3_8,4_3_9,4_4_0,4_4_1,4_4_2,4_4_3,4_4_4,4_4_5,4_4_6,4_cvs,5_0_0,5_0_1,5_0_2,5_0_3,5_1_0,5_1_1,5_1_2,5_1_3,5_1_4,5_1_5,5_1_6,5_2_0</ver>
<p4>int ifx_htmltbl_result(resource resultid [, string htmltableoptions])</p4>
<p4d>Formats all rows of the resultid query into a html table </p4d>
<texts><text><lng>de</lng>
<d>Gibt alle Zeilen einer Abfrage als HTML-Tabelle formatiert zurück</d>
</text><text><lng>en</lng>
<d>Formats all rows of a query into a HTML table</d>
</text><text><lng>es</lng>
<d>Muestra todos los registros de una consulta en una tabla HTML</d>
</text></texts></PHPModuleRef><PHPModuleRef>
<t>ifx_nullformat</t>
<mn>informix</mn>
<ft>F</ft>
<ver>4_0_0,4_0_1,4_0_2,4_0_3,4_0_4,4_0_5,4_0_6,4_1_0,4_1_1,4_1_2,4_2_0,4_2_1,4_2_2,4_2_3,4_3_0,4_3_1,4_3_10,4_3_11,4_3_2,4_3_3,4_3_4,4_3_5,4_3_6,4_3_7,4_3_8,4_3_9,4_4_0,4_4_1,4_4_2,4_4_3,4_4_4,4_4_5,4_4_6,4_cvs,5_0_0,5_0_1,5_0_2,5_0_3,5_1_0,5_1_1,5_1_2,5_1_3,5_1_4,5_1_5,5_1_6,5_2_0</ver>
<p4>bool ifx_nullformat(int mode)</p4>
<p4d>Sets the default return value of a NULL-value on a fetch-row  </p4d>
<texts><text><lng>de</lng>
<d>Setzt den aktuellen Rückgabewert für Nullwerte beim Lesen von Zeilen</d>
</text><text><lng>en</lng>
<d>Sets the default return value on a fetch row</d>
</text><text><lng>es</lng>
<d>Define el valor por defecto cuando se leen valores nulos</d>
</text></texts></PHPModuleRef><PHPModuleRef>
<t>ifx_num_fields</t>
<mn>informix</mn>
<ft>F</ft>
<ver>4_0_0,4_0_1,4_0_2,4_0_3,4_0_4,4_0_5,4_0_6,4_1_0,4_1_1,4_1_2,4_2_0,4_2_1,4_2_2,4_2_3,4_3_0,4_3_1,4_3_10,4_3_11,4_3_2,4_3_3,4_3_4,4_3_5,4_3_6,4_3_7,4_3_8,4_3_9,4_4_0,4_4_1,4_4_2,4_4_3,4_4_4,4_4_5,4_4_6,4_cvs,5_0_0,5_0_1,5_0_2,5_0_3,5_1_0,5_1_1,5_1_2,5_1_3,5_1_4,5_1_5,5_1_6,5_2_0</ver>
<p4>int ifx_num_fields(resource resultid)</p4>
<p4d>Returns the number of columns in query resultid </p4d>
<texts><text><lng>de</lng>
<d>Gibt die Anzahl der Spalten einer Abfrage zurück</d>
</text><text><lng>en</lng>
<d>Returns the number of columns in the query</d>
</text><text><lng>es</lng>
<d>Devuelve el número de columnas en una consulta</d>
</text></texts></PHPModuleRef><PHPModuleRef>
<t>ifx_num_rows</t>
<mn>informix</mn>
<ft>F</ft>
<ver>4_0_0,4_0_1,4_0_2,4_0_3,4_0_4,4_0_5,4_0_6,4_1_0,4_1_1,4_1_2,4_2_0,4_2_1,4_2_2,4_2_3,4_3_0,4_3_1,4_3_10,4_3_11,4_3_2,4_3_3,4_3_4,4_3_5,4_3_6,4_3_7,4_3_8,4_3_9,4_4_0,4_4_1,4_4_2,4_4_3,4_4_4,4_4_5,4_4_6,4_cvs,5_0_0,5_0_1,5_0_2,5_0_3,5_1_0,5_1_1,5_1_2,5_1_3,5_1_4,5_1_5,5_1_6,5_2_0</ver>
<p4>int ifx_num_rows(resource resultid)</p4>
<p4d>Returns the number of rows already fetched for query identified by resultid </p4d>
<texts><text><lng>de</lng>
<d>Count the rows already fetched from a query</d>
</text><text><lng>en</lng>
<d>Count the rows already fetched from a query</d>
</text><text><lng>es</lng>
<d>Cuenta los registros ya leídos de una consulta</d>
</text></texts></PHPModuleRef><PHPModuleRef>
<t>ifx_pconnect</t>
<mn>informix</mn>
<ft>F</ft>
<ver>4_0_0,4_0_1,4_0_2,4_0_3,4_0_4,4_0_5,4_0_6,4_1_0,4_1_1,4_1_2,4_2_0,4_2_1,4_2_2,4_2_3,4_3_0,4_3_1,4_3_10,4_3_11,4_3_2,4_3_3,4_3_4,4_3_5,4_3_6,4_3_7,4_3_8,4_3_9,4_4_0,4_4_1,4_4_2,4_4_3,4_4_4,4_4_5,4_4_6,4_cvs,5_0_0,5_0_1,5_0_2,5_0_3,5_1_0,5_1_1,5_1_2,5_1_3,5_1_4,5_1_5,5_1_6,5_2_0</ver>
<p4>resource ifx_pconnect([string database [, string userid [, string password]]])</p4>
<p4d>Connects to database using userid/password, returns connection id </p4d>
<texts><text><lng>de</lng>
<d>Öffnet eine persistente Informix Verbindung</d>
</text><text><lng>en</lng>
<d>Open persistent Informix connection</d>
</text><text><lng>es</lng>
<d>Abre una conexión permanente con Informix</d>
</text></texts></PHPModuleRef><PHPModuleRef>
<t>ifx_prepare</t>
<mn>informix</mn>
<ft>F</ft>
<ver>4_0_0,4_0_1,4_0_2,4_0_3,4_0_4,4_0_5,4_0_6,4_1_0,4_1_1,4_1_2,4_2_0,4_2_1,4_2_2,4_2_3,4_3_0,4_3_1,4_3_10,4_3_11,4_3_2,4_3_3,4_3_4,4_3_5,4_3_6,4_3_7,4_3_8,4_3_9,4_4_0,4_4_1,4_4_2,4_4_3,4_4_4,4_4_5,4_4_6,4_cvs,5_0_0,5_0_1,5_0_2,5_0_3,5_1_0,5_1_1,5_1_2,5_1_3,5_1_4,5_1_5,5_1_6,5_2_0</ver>
<p4>resource ifx_prepare(string query, resource connid [, int cursortype] [, array idarray])</p4>
<p4d>Prepare a query on a given connection </p4d>
<texts><text><lng>de</lng>
<d>Bereitet eine Abfrage zur späteren Ausführung vor</d>
</text><text><lng>en</lng>
<d>Prepare an SQL-statement for execution</d>
</text><text><lng>es</lng>
<d>Preparar una sentencia-SQL para su ejecución</d>
</text></texts></PHPModuleRef><PHPModuleRef>
<t>ifx_query</t>
<mn>informix</mn>
<ft>F</ft>
<ver>4_0_0,4_0_1,4_0_2,4_0_3,4_0_4,4_0_5,4_0_6,4_1_0,4_1_1,4_1_2,4_2_0,4_2_1,4_2_2,4_2_3,4_3_0,4_3_1,4_3_10,4_3_11,4_3_2,4_3_3,4_3_4,4_3_5,4_3_6,4_3_7,4_3_8,4_3_9,4_4_0,4_4_1,4_4_2,4_4_3,4_4_4,4_4_5,4_4_6,4_cvs,5_0_0,5_0_1,5_0_2,5_0_3,5_1_0,5_1_1,5_1_2,5_1_3,5_1_4,5_1_5,5_1_6,5_2_0</ver>
<p4>resource ifx_query(string query, resource connid [, int cursortype] [, array idarray])</p4>
<p4d>Perform a query on a given connection </p4d>
<texts><text><lng>de</lng>
<d>Schickt eine Informix Abfrage an den Server</d>
</text><text><lng>en</lng>
<d>Send Informix query</d>
</text><text><lng>es</lng>
<d>Enviar una consulta Informix</d>
</text></texts></PHPModuleRef><PHPModuleRef>
<t>ifx_textasvarchar</t>
<mn>informix</mn>
<ft>F</ft>
<ver>4_0_0,4_0_1,4_0_2,4_0_3,4_0_4,4_0_5,4_0_6,4_1_0,4_1_1,4_1_2,4_2_0,4_2_1,4_2_2,4_2_3,4_3_0,4_3_1,4_3_10,4_3_11,4_3_2,4_3_3,4_3_4,4_3_5,4_3_6,4_3_7,4_3_8,4_3_9,4_4_0,4_4_1,4_4_2,4_4_3,4_4_4,4_4_5,4_4_6,4_cvs,5_0_0,5_0_1,5_0_2,5_0_3,5_1_0,5_1_1,5_1_2,5_1_3,5_1_4,5_1_5,5_1_6,5_2_0</ver>
<p4>bool ifx_textasvarchar(int mode)</p4>
<p4d>Sets the default text-mode for all select-queries </p4d>
<texts><text><lng>de</lng>
<d>Setzt den Standard-Textmodus</d>
</text><text><lng>en</lng>
<d>Set the default text mode</d>
</text><text><lng>es</lng>
<d>Define el modo por defecto para los campos de tipo text</d>
</text></texts></PHPModuleRef><PHPModuleRef>
<t>ifx_update_blob</t>
<mn>informix</mn>
<ft>F</ft>
<ver>4_0_0,4_0_1,4_0_2,4_0_3,4_0_4,4_0_5,4_0_6,4_1_0,4_1_1,4_1_2,4_2_0,4_2_1,4_2_2,4_2_3,4_3_0,4_3_1,4_3_10,4_3_11,4_3_2,4_3_3,4_3_4,4_3_5,4_3_6,4_3_7,4_3_8,4_3_9,4_4_0,4_4_1,4_4_2,4_4_3,4_4_4,4_4_5,4_4_6,4_cvs,5_0_0,5_0_1,5_0_2,5_0_3,5_1_0,5_1_1,5_1_2,5_1_3,5_1_4,5_1_5,5_1_6,5_2_0</ver>
<p4>int ifx_update_blob(int bid, string content)</p4>
<p4d>Updates the content of the blob-object </p4d>
<texts><text><lng>de</lng>
<d>Aktualisiert den Inhalt eines Blob-Objekts</d>
</text><text><lng>en</lng>
<d>Updates the content of the blob object</d>
</text><text><lng>es</lng>
<d>Actualiza el contenido de un objeto blob</d>
</text></texts></PHPModuleRef><PHPModuleRef>
<t>ifx_update_char</t>
<mn>informix</mn>
<ft>F</ft>
<ver>4_0_0,4_0_1,4_0_2,4_0_3,4_0_4,4_0_5,4_0_6,4_1_0,4_1_1,4_1_2,4_2_0,4_2_1,4_2_2,4_2_3,4_3_0,4_3_1,4_3_10,4_3_11,4_3_2,4_3_3,4_3_4,4_3_5,4_3_6,4_3_7,4_3_8,4_3_9,4_4_0,4_4_1,4_4_2,4_4_3,4_4_4,4_4_5,4_4_6,4_cvs,5_0_0,5_0_1,5_0_2,5_0_3,5_1_0,5_1_1,5_1_2,5_1_3,5_1_4,5_1_5,5_1_6,5_2_0</ver>
<p4>bool ifx_update_char(int bid, string content)</p4>
<p4d>Updates the content of the char-object </p4d>
<texts><text><lng>de</lng>
<d>Aktualisiert den Inhalt eines Char-Objekts</d>
</text><text><lng>en</lng>
<d>Updates the content of the char object</d>
</text><text><lng>es</lng>
<d>Actualiza el contenido de un objeto char</d>
</text></texts></PHPModuleRef></PHPModuleRef-List>
