<?xml version="1.0" encoding="utf-8"?>
<PHPModuleRef-List>
<PHPModuleRef>
<t>ingres_autocommit</t>
<mn>ingres_ii</mn>
<ft>F</ft>
<ver>4_0_2,4_0_3,4_0_4,4_0_5,4_0_6,4_1_0,4_1_1,4_1_2,4_2_0,4_2_1,4_2_2,4_2_3,4_3_0,4_3_1,4_3_10,4_3_11,4_3_2,4_3_3,4_3_4,4_3_5,4_3_6,4_3_7,4_3_8,4_3_9,4_4_0,4_4_1,4_4_2,4_4_3,4_4_4,4_4_5,4_4_6,4_cvs,5_0_0,5_0_1,5_0_2,5_0_3</ver>
<p4>bool ingres_autocommit([resource link])</p4>
<p4d>Switch autocommit on or off </p4d>
<texts><text><lng>de</lng>
<d>Schaltet den autocommit-Modus an oder aus</d>
</text><text><lng>en</lng>
<d>Switch autocommit on or off</d>
</text><text><lng>es</lng>
<d>Switch autocommit on or off.</d>
</text></texts></PHPModuleRef><PHPModuleRef>
<t>ingres_close</t>
<mn>ingres_ii</mn>
<ft>F</ft>
<ver>4_0_2,4_0_3,4_0_4,4_0_5,4_0_6,4_1_0,4_1_1,4_1_2,4_2_0,4_2_1,4_2_2,4_2_3,4_3_0,4_3_1,4_3_10,4_3_11,4_3_2,4_3_3,4_3_4,4_3_5,4_3_6,4_3_7,4_3_8,4_3_9,4_4_0,4_4_1,4_4_2,4_4_3,4_4_4,4_4_5,4_4_6,4_cvs,5_0_0,5_0_1,5_0_2,5_0_3</ver>
<p4>bool ingres_close([resource link])</p4>
<p4d>Close an Ingres II database connection </p4d>
<texts><text><lng>de</lng>
<d>Schliesst eine Ingres II Datenbankverbindung</d>
</text><text><lng>en</lng>
<d>Close an Ingres II database connection</d>
</text><text><lng>es</lng>
<d>Close an Ingres II database connection</d>
</text></texts></PHPModuleRef><PHPModuleRef>
<t>ingres_commit</t>
<mn>ingres_ii</mn>
<ft>F</ft>
<ver>4_0_2,4_0_3,4_0_4,4_0_5,4_0_6,4_1_0,4_1_1,4_1_2,4_2_0,4_2_1,4_2_2,4_2_3,4_3_0,4_3_1,4_3_10,4_3_11,4_3_2,4_3_3,4_3_4,4_3_5,4_3_6,4_3_7,4_3_8,4_3_9,4_4_0,4_4_1,4_4_2,4_4_3,4_4_4,4_4_5,4_4_6,4_cvs,5_0_0,5_0_1,5_0_2,5_0_3</ver>
<p4>bool ingres_commit([resource link])</p4>
<p4d>Commit a transaction </p4d>
<texts><text><lng>de</lng>
<d>Schliesst eine Transaktion ab</d>
</text><text><lng>en</lng>
<d>Commit a transaction</d>
</text><text><lng>es</lng>
<d>Commit a transaction.</d>
</text></texts></PHPModuleRef><PHPModuleRef>
<t>ingres_connect</t>
<mn>ingres_ii</mn>
<ft>F</ft>
<ver>4_0_2,4_0_3,4_0_4,4_0_5,4_0_6,4_1_0,4_1_1,4_1_2,4_2_0,4_2_1,4_2_2,4_2_3,4_3_0,4_3_1,4_3_10,4_3_11,4_3_2,4_3_3,4_3_4,4_3_5,4_3_6,4_3_7,4_3_8,4_3_9,4_4_0,4_4_1,4_4_2,4_4_3,4_4_4,4_4_5,4_4_6,4_cvs,5_0_0,5_0_1,5_0_2,5_0_3</ver>
<p4>resource ingres_connect([string database [, string username [, string password]]])</p4>
<p4d>Open a connection to an Ingres II database the syntax of database is [node_id::]dbname[/svr_class] </p4d>
<texts><text><lng>de</lng>
<d>Eine Verbindung zu einem Ingres II Datenbankserveröffnen</d>
</text><text><lng>en</lng>
<d>Open a connection to an Ingres database</d>
</text><text><lng>es</lng>
<d>Open a connection to an Ingres II database.</d>
</text></texts></PHPModuleRef><PHPModuleRef>
<t>ingres_fetch_array</t>
<mn>ingres_ii</mn>
<ft>F</ft>
<ver>4_0_2,4_0_3,4_0_4,4_0_5,4_0_6,4_1_0,4_1_1,4_1_2,4_2_0,4_2_1,4_2_2,4_2_3,4_3_0,4_3_1,4_3_10,4_3_11,4_3_2,4_3_3,4_3_4,4_3_5,4_3_6,4_3_7,4_3_8,4_3_9,4_4_0,4_4_1,4_4_2,4_4_3,4_4_4,4_4_5,4_4_6,4_cvs,5_0_0,5_0_1,5_0_2,5_0_3</ver>
<p4>array ingres_fetch_array([int result_type [, resource link]])</p4>
<p4d>Fetch a row of result into an array result_type can be II_NUM for enumerated array, II_ASSOC for associative array, or II_BOTH (default) </p4d>
<texts><text><lng>de</lng>
<d>Liest eine Zeile der Ergebnismenge in ein Array ein</d>
</text><text><lng>en</lng>
<d>Fetch a row of result into an array</d>
</text><text><lng>es</lng>
<d>Fetch a row of result into an array.</d>
</text></texts></PHPModuleRef><PHPModuleRef>
<t>ingres_fetch_object</t>
<mn>ingres_ii</mn>
<ft>F</ft>
<ver>4_0_2,4_0_3,4_0_4,4_0_5,4_0_6,4_1_0,4_1_1,4_1_2,4_2_0,4_2_1,4_2_2,4_2_3,4_3_0,4_3_1,4_3_10,4_3_11,4_3_2,4_3_3,4_3_4,4_3_5,4_3_6,4_3_7,4_3_8,4_3_9,4_4_0,4_4_1,4_4_2,4_4_3,4_4_4,4_4_5,4_4_6,4_cvs,5_0_0,5_0_1,5_0_2,5_0_3</ver>
<p4>array ingres_fetch_object([int result_type [, resource link]])</p4>
<p4d>Fetch a row of result into an object result_type can be II_NUM for enumerated object, II_ASSOC for associative object, or II_BOTH (default) </p4d>
<texts><text><lng>de</lng>
<d>Holt eine Zeile als Objekt</d>
</text><text><lng>en</lng>
<d>Fetch a row of result into an object</d>
</text><text><lng>es</lng>
<d>Fetch a row of result into an object.</d>
</text></texts></PHPModuleRef><PHPModuleRef>
<t>ingres_fetch_row</t>
<mn>ingres_ii</mn>
<ft>F</ft>
<ver>4_0_2,4_0_3,4_0_4,4_0_5,4_0_6,4_1_0,4_1_1,4_1_2,4_2_0,4_2_1,4_2_2,4_2_3,4_3_0,4_3_1,4_3_10,4_3_11,4_3_2,4_3_3,4_3_4,4_3_5,4_3_6,4_3_7,4_3_8,4_3_9,4_4_0,4_4_1,4_4_2,4_4_3,4_4_4,4_4_5,4_4_6,4_cvs,5_0_0,5_0_1,5_0_2,5_0_3</ver>
<p4>array ingres_fetch_row([resource link])</p4>
<p4d>Fetch a row of result into an enumerated array </p4d>
<texts><text><lng>de</lng>
<d>Holt eine Zeile aus einer Ergebnismenge in ein numerisches Array</d>
</text><text><lng>en</lng>
<d>Fetch a row of result into an enumerated array</d>
</text><text><lng>es</lng>
<d>Fetch a row of result into an enumerated array.</d>
</text></texts></PHPModuleRef><PHPModuleRef>
<t>ingres_field_length</t>
<mn>ingres_ii</mn>
<ft>F</ft>
<ver>4_0_2,4_0_3,4_0_4,4_0_5,4_0_6,4_1_0,4_1_1,4_1_2,4_2_0,4_2_1,4_2_2,4_2_3,4_3_0,4_3_1,4_3_10,4_3_11,4_3_2,4_3_3,4_3_4,4_3_5,4_3_6,4_3_7,4_3_8,4_3_9,4_4_0,4_4_1,4_4_2,4_4_3,4_4_4,4_4_5,4_4_6,4_cvs,5_0_0,5_0_1,5_0_2,5_0_3</ver>
<p4>string ingres_field_length(int index [, resource link])</p4>
<p4d>Return the length of a field in a query result index must be &gt;0 and &lt;= ingres_num_fields() </p4d>
<texts><text><lng>de</lng>
<d>Gibt die Länge eines Feldes zurück</d>
</text><text><lng>en</lng>
<d>Get the length of a field</d>
</text><text><lng>es</lng>
<d>Get the length of a field.</d>
</text></texts></PHPModuleRef><PHPModuleRef>
<t>ingres_field_name</t>
<mn>ingres_ii</mn>
<ft>F</ft>
<ver>4_0_2,4_0_3,4_0_4,4_0_5,4_0_6,4_1_0,4_1_1,4_1_2,4_2_0,4_2_1,4_2_2,4_2_3,4_3_0,4_3_1,4_3_10,4_3_11,4_3_2,4_3_3,4_3_4,4_3_5,4_3_6,4_3_7,4_3_8,4_3_9,4_4_0,4_4_1,4_4_2,4_4_3,4_4_4,4_4_5,4_4_6,4_cvs,5_0_0,5_0_1,5_0_2,5_0_3</ver>
<p4>string ingres_field_name(int index [, resource link])</p4>
<p4d>Return the name of a field in a query result index must be &gt;0 and &lt;= ingres_num_fields() </p4d>
<texts><text><lng>de</lng>
<d>Holt den Namen eines Feldes in einer Ergebnismenge</d>
</text><text><lng>en</lng>
<d>Get the name of a field in a query result</d>
</text><text><lng>es</lng>
<d>Get the name of a field in a query result.</d>
</text></texts></PHPModuleRef><PHPModuleRef>
<t>ingres_field_nullable</t>
<mn>ingres_ii</mn>
<ft>F</ft>
<ver>4_0_2,4_0_3,4_0_4,4_0_5,4_0_6,4_1_0,4_1_1,4_1_2,4_2_0,4_2_1,4_2_2,4_2_3,4_3_0,4_3_1,4_3_10,4_3_11,4_3_2,4_3_3,4_3_4,4_3_5,4_3_6,4_3_7,4_3_8,4_3_9,4_4_0,4_4_1,4_4_2,4_4_3,4_4_4,4_4_5,4_4_6,4_cvs,5_0_0,5_0_1,5_0_2,5_0_3</ver>
<p4>string ingres_field_nullable(int index [, resource link])</p4>
<p4d>Return true if the field is nullable and false otherwise index must be &gt;0 and &lt;= ingres_num_fields() </p4d>
<texts><text><lng>de</lng>
<d>Prüft, ob für ein Feld NULL-Werte zugelassen sind</d>
</text><text><lng>en</lng>
<d>Test if a field is nullable</d>
</text><text><lng>es</lng>
<d>Test if a field is nullable.</d>
</text></texts></PHPModuleRef><PHPModuleRef>
<t>ingres_field_precision</t>
<mn>ingres_ii</mn>
<ft>F</ft>
<ver>4_0_2,4_0_3,4_0_4,4_0_5,4_0_6,4_1_0,4_1_1,4_1_2,4_2_0,4_2_1,4_2_2,4_2_3,4_3_0,4_3_1,4_3_10,4_3_11,4_3_2,4_3_3,4_3_4,4_3_5,4_3_6,4_3_7,4_3_8,4_3_9,4_4_0,4_4_1,4_4_2,4_4_3,4_4_4,4_4_5,4_4_6,4_cvs,5_0_0,5_0_1,5_0_2,5_0_3</ver>
<p4>string ingres_field_precision(int index [, resource link])</p4>
<p4d>Return the precision of a field in a query result index must be &gt;0 and &lt;= ingres_num_fields() </p4d>
<texts><text><lng>de</lng>
<d>Gibt die Genauigkeit eines Feldes zurück</d>
</text><text><lng>en</lng>
<d>Get the precision of a field</d>
</text><text><lng>es</lng>
<d>Get the precision of a field.</d>
</text></texts></PHPModuleRef><PHPModuleRef>
<t>ingres_field_scale</t>
<mn>ingres_ii</mn>
<ft>F</ft>
<ver>4_0_2,4_0_3,4_0_4,4_0_5,4_0_6,4_1_0,4_1_1,4_1_2,4_2_0,4_2_1,4_2_2,4_2_3,4_3_0,4_3_1,4_3_10,4_3_11,4_3_2,4_3_3,4_3_4,4_3_5,4_3_6,4_3_7,4_3_8,4_3_9,4_4_0,4_4_1,4_4_2,4_4_3,4_4_4,4_4_5,4_4_6,4_cvs,5_0_0,5_0_1,5_0_2,5_0_3</ver>
<p4>string ingres_field_scale(int index [, resource link])</p4>
<p4d>Return the scale of a field in a query result index must be &gt;0 and &lt;= ingres_num_fields() </p4d>
<texts><text><lng>de</lng>
<d>Gibt den Skalar eines Feldes zurück</d>
</text><text><lng>en</lng>
<d>Get the scale of a field</d>
</text><text><lng>es</lng>
<d>Get the scale of a field.</d>
</text></texts></PHPModuleRef><PHPModuleRef>
<t>ingres_field_type</t>
<mn>ingres_ii</mn>
<ft>F</ft>
<ver>4_0_2,4_0_3,4_0_4,4_0_5,4_0_6,4_1_0,4_1_1,4_1_2,4_2_0,4_2_1,4_2_2,4_2_3,4_3_0,4_3_1,4_3_10,4_3_11,4_3_2,4_3_3,4_3_4,4_3_5,4_3_6,4_3_7,4_3_8,4_3_9,4_4_0,4_4_1,4_4_2,4_4_3,4_4_4,4_4_5,4_4_6,4_cvs,5_0_0,5_0_1,5_0_2,5_0_3</ver>
<p4>string ingres_field_type(int index [, resource link])</p4>
<p4d>Return the type of a field in a query result index must be &gt;0 and &lt;= ingres_num_fields() </p4d>
<texts><text><lng>de</lng>
<d>Gibt den Typ eines Feldes in einer Ergebnismenge zurück</d>
</text><text><lng>en</lng>
<d>Get the type of a field in a query result</d>
</text><text><lng>es</lng>
<d>Get the type of a field in a query result.</d>
</text></texts></PHPModuleRef><PHPModuleRef>
<t>ingres_num_fields</t>
<mn>ingres_ii</mn>
<ft>F</ft>
<ver>4_0_2,4_0_3,4_0_4,4_0_5,4_0_6,4_1_0,4_1_1,4_1_2,4_2_0,4_2_1,4_2_2,4_2_3,4_3_0,4_3_1,4_3_10,4_3_11,4_3_2,4_3_3,4_3_4,4_3_5,4_3_6,4_3_7,4_3_8,4_3_9,4_4_0,4_4_1,4_4_2,4_4_3,4_4_4,4_4_5,4_4_6,4_cvs,5_0_0,5_0_1,5_0_2,5_0_3</ver>
<p4>int ingres_num_fields([resource link])</p4>
<p4d>Return the number of fields returned by the last query </p4d>
<texts><text><lng>de</lng>
<d>Gibt die Anzahl der Felder der letzten Abfrage zurück</d>
</text><text><lng>en</lng>
<d>Get the number of fields returned by the last query</d>
</text><text><lng>es</lng>
<d>Get the number of fields returned by the last query</d>
</text></texts></PHPModuleRef><PHPModuleRef>
<t>ingres_num_rows</t>
<mn>ingres_ii</mn>
<ft>F</ft>
<ver>4_0_2,4_0_3,4_0_4,4_0_5,4_0_6,4_1_0,4_1_1,4_1_2,4_2_0,4_2_1,4_2_2,4_2_3,4_3_0,4_3_1,4_3_10,4_3_11,4_3_2,4_3_3,4_3_4,4_3_5,4_3_6,4_3_7,4_3_8,4_3_9,4_4_0,4_4_1,4_4_2,4_4_3,4_4_4,4_4_5,4_4_6,4_cvs,5_0_0,5_0_1,5_0_2,5_0_3</ver>
<p4>int ingres_num_rows([resource link])</p4>
<p4d>Return the number of rows affected/returned by the last query </p4d>
<texts><text><lng>de</lng>
<d>Gibt die Anzahl der Datensätze der Ergebnismenge zurück oder die
     Anzahl der von der letzten Abfrage betroffenen Datensätze</d>
</text><text><lng>en</lng>
<d>Get the number of rows affected or returned by the last query</d>
</text><text><lng>es</lng>
<d>Get the number of rows affected or returned by the last query</d>
</text></texts></PHPModuleRef><PHPModuleRef>
<t>ingres_pconnect</t>
<mn>ingres_ii</mn>
<ft>F</ft>
<ver>4_0_2,4_0_3,4_0_4,4_0_5,4_0_6,4_1_0,4_1_1,4_1_2,4_2_0,4_2_1,4_2_2,4_2_3,4_3_0,4_3_1,4_3_10,4_3_11,4_3_2,4_3_3,4_3_4,4_3_5,4_3_6,4_3_7,4_3_8,4_3_9,4_4_0,4_4_1,4_4_2,4_4_3,4_4_4,4_4_5,4_4_6,4_cvs,5_0_0,5_0_1,5_0_2,5_0_3</ver>
<p4>resource ingres_pconnect([string database [, string username [, string password]]])</p4>
<p4d>Open a persistent connection to an Ingres II database the syntax of database is [node_id::]dbname[/svr_class] </p4d>
<texts><text><lng>de</lng>
<d>Öffnet eine persistente Verbindung zu einem Ingres II
     Datenbankserver</d>
</text><text><lng>en</lng>
<d>Open a persistent connection to an Ingres II database</d>
</text><text><lng>es</lng>
<d>Open a persistent connection to an Ingres II database.</d>
</text></texts></PHPModuleRef><PHPModuleRef>
<t>ingres_query</t>
<mn>ingres_ii</mn>
<ft>F</ft>
<ver>4_0_2,4_0_3,4_0_4,4_0_5,4_0_6,4_1_0,4_1_1,4_1_2,4_2_0,4_2_1,4_2_2,4_2_3,4_3_0,4_3_1,4_3_10,4_3_11,4_3_2,4_3_3,4_3_4,4_3_5,4_3_6,4_3_7,4_3_8,4_3_9,4_4_0,4_4_1,4_4_2,4_4_3,4_4_4,4_4_5,4_4_6,4_cvs,5_0_0,5_0_1,5_0_2,5_0_3</ver>
<p4>bool ingres_query(string query [, resource link])</p4>
<p4d>Send a SQL query to Ingres II </p4d>
<texts><text><lng>de</lng>
<d>Sendet eine SQL Abfrage an den Ingres II Server</d>
</text><text><lng>en</lng>
<d>Send a SQL query to Ingres II</d>
</text><text><lng>es</lng>
<d>Send a SQL query to Ingres II</d>
</text></texts></PHPModuleRef><PHPModuleRef>
<t>ingres_rollback</t>
<mn>ingres_ii</mn>
<ft>F</ft>
<ver>4_0_2,4_0_3,4_0_4,4_0_5,4_0_6,4_1_0,4_1_1,4_1_2,4_2_0,4_2_1,4_2_2,4_2_3,4_3_0,4_3_1,4_3_10,4_3_11,4_3_2,4_3_3,4_3_4,4_3_5,4_3_6,4_3_7,4_3_8,4_3_9,4_4_0,4_4_1,4_4_2,4_4_3,4_4_4,4_4_5,4_4_6,4_cvs,5_0_0,5_0_1,5_0_2,5_0_3</ver>
<p4>bool ingres_rollback([resource link])</p4>
<p4d>Roll back a transaction </p4d>
<texts><text><lng>de</lng>
<d>Setzt eine Transaktion zurück</d>
</text><text><lng>en</lng>
<d>Roll back a transaction</d>
</text><text><lng>es</lng>
<d>Roll back a transaction.</d>
</text></texts></PHPModuleRef></PHPModuleRef-List>
