<?xml version="1.0" encoding="utf-8"?>
<PHPModuleRef-List>
<PHPModuleRef>
<t>fbird_add_user</t>
<mn>interbase</mn>
<ft>A</ft>
<af>ibase_add_user</af>
<ver>5_0_0,5_0_1,5_0_2,5_0_3,5_1_0,5_1_1,5_1_2,5_1_3,5_1_4,5_1_5,5_1_6,5_2_0,5_2_1,5_cvs</ver>
</PHPModuleRef><PHPModuleRef>
<t>fbird_affected_rows</t>
<mn>interbase</mn>
<ft>A</ft>
<af>ibase_affected_rows</af>
<ver>5_0_0,5_0_1,5_0_2,5_0_3,5_1_0,5_1_1,5_1_2,5_1_3,5_1_4,5_1_5,5_1_6,5_2_0,5_2_1,5_cvs</ver>
</PHPModuleRef><PHPModuleRef>
<t>fbird_backup</t>
<mn>interbase</mn>
<ft>A</ft>
<af>ibase_backup</af>
<ver>5_0_0,5_0_1,5_0_2,5_0_3,5_1_0,5_1_1,5_1_2,5_1_3,5_1_4,5_1_5,5_1_6,5_2_0,5_2_1,5_cvs</ver>
</PHPModuleRef><PHPModuleRef>
<t>fbird_blob_add</t>
<mn>interbase</mn>
<ft>A</ft>
<af>ibase_blob_add</af>
<ver>5_0_0,5_0_1,5_0_2,5_0_3,5_1_0,5_1_1,5_1_2,5_1_3,5_1_4,5_1_5,5_1_6,5_2_0,5_2_1,5_cvs</ver>
</PHPModuleRef><PHPModuleRef>
<t>fbird_blob_cancel</t>
<mn>interbase</mn>
<ft>A</ft>
<af>ibase_blob_cancel</af>
<ver>5_0_0,5_0_1,5_0_2,5_0_3,5_1_0,5_1_1,5_1_2,5_1_3,5_1_4,5_1_5,5_1_6,5_2_0,5_2_1,5_cvs</ver>
</PHPModuleRef><PHPModuleRef>
<t>fbird_blob_close</t>
<mn>interbase</mn>
<ft>A</ft>
<af>ibase_blob_close</af>
<ver>5_0_0,5_0_1,5_0_2,5_0_3,5_1_0,5_1_1,5_1_2,5_1_3,5_1_4,5_1_5,5_1_6,5_2_0,5_2_1,5_cvs</ver>
</PHPModuleRef><PHPModuleRef>
<t>fbird_blob_create</t>
<mn>interbase</mn>
<ft>A</ft>
<af>ibase_blob_create</af>
<ver>5_0_0,5_0_1,5_0_2,5_0_3,5_1_0,5_1_1,5_1_2,5_1_3,5_1_4,5_1_5,5_1_6,5_2_0,5_2_1,5_cvs</ver>
</PHPModuleRef><PHPModuleRef>
<t>fbird_blob_echo</t>
<mn>interbase</mn>
<ft>A</ft>
<af>ibase_blob_echo</af>
<ver>5_0_0,5_0_1,5_0_2,5_0_3,5_1_0,5_1_1,5_1_2,5_1_3,5_1_4,5_1_5,5_1_6,5_2_0,5_2_1,5_cvs</ver>
</PHPModuleRef><PHPModuleRef>
<t>fbird_blob_get</t>
<mn>interbase</mn>
<ft>A</ft>
<af>ibase_blob_get</af>
<ver>5_0_0,5_0_1,5_0_2,5_0_3,5_1_0,5_1_1,5_1_2,5_1_3,5_1_4,5_1_5,5_1_6,5_2_0,5_2_1,5_cvs</ver>
</PHPModuleRef><PHPModuleRef>
<t>fbird_blob_import</t>
<mn>interbase</mn>
<ft>A</ft>
<af>ibase_blob_import</af>
<ver>5_0_0,5_0_1,5_0_2,5_0_3,5_1_0,5_1_1,5_1_2,5_1_3,5_1_4,5_1_5,5_1_6,5_2_0,5_2_1,5_cvs</ver>
</PHPModuleRef><PHPModuleRef>
<t>fbird_blob_info</t>
<mn>interbase</mn>
<ft>A</ft>
<af>ibase_blob_info</af>
<ver>5_0_0,5_0_1,5_0_2,5_0_3,5_1_0,5_1_1,5_1_2,5_1_3,5_1_4,5_1_5,5_1_6,5_2_0,5_2_1,5_cvs</ver>
</PHPModuleRef><PHPModuleRef>
<t>fbird_blob_open</t>
<mn>interbase</mn>
<ft>A</ft>
<af>ibase_blob_open</af>
<ver>5_0_0,5_0_1,5_0_2,5_0_3,5_1_0,5_1_1,5_1_2,5_1_3,5_1_4,5_1_5,5_1_6,5_2_0,5_2_1,5_cvs</ver>
</PHPModuleRef><PHPModuleRef>
<t>fbird_close</t>
<mn>interbase</mn>
<ft>A</ft>
<af>ibase_close</af>
<ver>5_0_0,5_0_1,5_0_2,5_0_3,5_1_0,5_1_1,5_1_2,5_1_3,5_1_4,5_1_5,5_1_6,5_2_0,5_2_1,5_cvs</ver>
</PHPModuleRef><PHPModuleRef>
<t>fbird_commit</t>
<mn>interbase</mn>
<ft>A</ft>
<af>ibase_commit</af>
<ver>5_0_0,5_0_1,5_0_2,5_0_3,5_1_0,5_1_1,5_1_2,5_1_3,5_1_4,5_1_5,5_1_6,5_2_0,5_2_1,5_cvs</ver>
</PHPModuleRef><PHPModuleRef>
<t>fbird_commit_ret</t>
<mn>interbase</mn>
<ft>A</ft>
<af>ibase_commit_ret</af>
<ver>5_0_0,5_0_1,5_0_2,5_0_3,5_1_0,5_1_1,5_1_2,5_1_3,5_1_4,5_1_5,5_1_6,5_2_0,5_2_1,5_cvs</ver>
</PHPModuleRef><PHPModuleRef>
<t>fbird_connect</t>
<mn>interbase</mn>
<ft>A</ft>
<af>ibase_connect</af>
<ver>5_0_0,5_0_1,5_0_2,5_0_3,5_1_0,5_1_1,5_1_2,5_1_3,5_1_4,5_1_5,5_1_6,5_2_0,5_2_1,5_cvs</ver>
</PHPModuleRef><PHPModuleRef>
<t>fbird_db_info</t>
<mn>interbase</mn>
<ft>A</ft>
<af>ibase_db_info</af>
<ver>5_0_0,5_0_1,5_0_2,5_0_3,5_1_0,5_1_1,5_1_2,5_1_3,5_1_4,5_1_5,5_1_6,5_2_0,5_2_1,5_cvs</ver>
</PHPModuleRef><PHPModuleRef>
<t>fbird_delete_user</t>
<mn>interbase</mn>
<ft>A</ft>
<af>ibase_delete_user</af>
<ver>5_0_0,5_0_1,5_0_2,5_0_3,5_1_0,5_1_1,5_1_2,5_1_3,5_1_4,5_1_5,5_1_6,5_2_0,5_2_1,5_cvs</ver>
</PHPModuleRef><PHPModuleRef>
<t>fbird_drop_db</t>
<mn>interbase</mn>
<ft>A</ft>
<af>ibase_drop_db</af>
<ver>5_0_0,5_0_1,5_0_2,5_0_3,5_1_0,5_1_1,5_1_2,5_1_3,5_1_4,5_1_5,5_1_6,5_2_0,5_2_1,5_cvs</ver>
</PHPModuleRef><PHPModuleRef>
<t>fbird_errcode</t>
<mn>interbase</mn>
<ft>A</ft>
<af>ibase_errcode</af>
<ver>5_0_0,5_0_1,5_0_2,5_0_3,5_1_0,5_1_1,5_1_2,5_1_3,5_1_4,5_1_5,5_1_6,5_2_0,5_2_1,5_cvs</ver>
</PHPModuleRef><PHPModuleRef>
<t>fbird_errmsg</t>
<mn>interbase</mn>
<ft>A</ft>
<af>ibase_errmsg</af>
<ver>5_0_0,5_0_1,5_0_2,5_0_3,5_1_0,5_1_1,5_1_2,5_1_3,5_1_4,5_1_5,5_1_6,5_2_0,5_2_1,5_cvs</ver>
</PHPModuleRef><PHPModuleRef>
<t>fbird_execute</t>
<mn>interbase</mn>
<ft>A</ft>
<af>ibase_execute</af>
<ver>5_0_0,5_0_1,5_0_2,5_0_3,5_1_0,5_1_1,5_1_2,5_1_3,5_1_4,5_1_5,5_1_6,5_2_0,5_2_1,5_cvs</ver>
</PHPModuleRef><PHPModuleRef>
<t>fbird_fetch_assoc</t>
<mn>interbase</mn>
<ft>A</ft>
<af>ibase_fetch_assoc</af>
<ver>5_0_0,5_0_1,5_0_2,5_0_3,5_1_0,5_1_1,5_1_2,5_1_3,5_1_4,5_1_5,5_1_6,5_2_0,5_2_1,5_cvs</ver>
</PHPModuleRef><PHPModuleRef>
<t>fbird_fetch_object</t>
<mn>interbase</mn>
<ft>A</ft>
<af>ibase_fetch_object</af>
<ver>5_0_0,5_0_1,5_0_2,5_0_3,5_1_0,5_1_1,5_1_2,5_1_3,5_1_4,5_1_5,5_1_6,5_2_0,5_2_1,5_cvs</ver>
</PHPModuleRef><PHPModuleRef>
<t>fbird_fetch_row</t>
<mn>interbase</mn>
<ft>A</ft>
<af>ibase_fetch_row</af>
<ver>5_0_0,5_0_1,5_0_2,5_0_3,5_1_0,5_1_1,5_1_2,5_1_3,5_1_4,5_1_5,5_1_6,5_2_0,5_2_1,5_cvs</ver>
</PHPModuleRef><PHPModuleRef>
<t>fbird_field_info</t>
<mn>interbase</mn>
<ft>A</ft>
<af>ibase_field_info</af>
<ver>5_0_0,5_0_1,5_0_2,5_0_3,5_1_0,5_1_1,5_1_2,5_1_3,5_1_4,5_1_5,5_1_6,5_2_0,5_2_1,5_cvs</ver>
</PHPModuleRef><PHPModuleRef>
<t>fbird_free_event_handler</t>
<mn>interbase</mn>
<ft>A</ft>
<af>ibase_free_event_handler</af>
<ver>5_0_0,5_0_1,5_0_2,5_0_3,5_1_0,5_1_1,5_1_2,5_1_3,5_1_4,5_1_5,5_1_6,5_2_0,5_2_1,5_cvs</ver>
</PHPModuleRef><PHPModuleRef>
<t>fbird_free_query</t>
<mn>interbase</mn>
<ft>A</ft>
<af>ibase_free_query</af>
<ver>5_0_0,5_0_1,5_0_2,5_0_3,5_1_0,5_1_1,5_1_2,5_1_3,5_1_4,5_1_5,5_1_6,5_2_0,5_2_1,5_cvs</ver>
</PHPModuleRef><PHPModuleRef>
<t>fbird_free_result</t>
<mn>interbase</mn>
<ft>A</ft>
<af>ibase_free_result</af>
<ver>5_0_0,5_0_1,5_0_2,5_0_3,5_1_0,5_1_1,5_1_2,5_1_3,5_1_4,5_1_5,5_1_6,5_2_0,5_2_1,5_cvs</ver>
</PHPModuleRef><PHPModuleRef>
<t>fbird_gen_id</t>
<mn>interbase</mn>
<ft>A</ft>
<af>ibase_gen_id</af>
<ver>5_0_0,5_0_1,5_0_2,5_0_3,5_1_0,5_1_1,5_1_2,5_1_3,5_1_4,5_1_5,5_1_6,5_2_0,5_2_1,5_cvs</ver>
</PHPModuleRef><PHPModuleRef>
<t>fbird_maintain_db</t>
<mn>interbase</mn>
<ft>A</ft>
<af>ibase_maintain_db</af>
<ver>5_0_0,5_0_1,5_0_2,5_0_3,5_1_0,5_1_1,5_1_2,5_1_3,5_1_4,5_1_5,5_1_6,5_2_0,5_2_1,5_cvs</ver>
</PHPModuleRef><PHPModuleRef>
<t>fbird_modify_user</t>
<mn>interbase</mn>
<ft>A</ft>
<af>ibase_modify_user</af>
<ver>5_0_0,5_0_1,5_0_2,5_0_3,5_1_0,5_1_1,5_1_2,5_1_3,5_1_4,5_1_5,5_1_6,5_2_0,5_2_1,5_cvs</ver>
</PHPModuleRef><PHPModuleRef>
<t>fbird_name_result</t>
<mn>interbase</mn>
<ft>A</ft>
<af>ibase_name_result</af>
<ver>5_0_0,5_0_1,5_0_2,5_0_3,5_1_0,5_1_1,5_1_2,5_1_3,5_1_4,5_1_5,5_1_6,5_2_0,5_2_1,5_cvs</ver>
</PHPModuleRef><PHPModuleRef>
<t>fbird_num_fields</t>
<mn>interbase</mn>
<ft>A</ft>
<af>ibase_num_fields</af>
<ver>5_0_0,5_0_1,5_0_2,5_0_3,5_1_0,5_1_1,5_1_2,5_1_3,5_1_4,5_1_5,5_1_6,5_2_0,5_2_1,5_cvs</ver>
</PHPModuleRef><PHPModuleRef>
<t>fbird_num_params</t>
<mn>interbase</mn>
<ft>A</ft>
<af>ibase_num_params</af>
<ver>5_0_0,5_0_1,5_0_2,5_0_3,5_1_0,5_1_1,5_1_2,5_1_3,5_1_4,5_1_5,5_1_6,5_2_0,5_2_1,5_cvs</ver>
</PHPModuleRef><PHPModuleRef>
<t>fbird_num_rows</t>
<mn>interbase</mn>
<ft>A</ft>
<af>ibase_num_rows</af>
<ver>5_0_0,5_0_1,5_0_2,5_0_3,5_1_0,5_1_1,5_1_2,5_1_3,5_1_4,5_1_5,5_1_6,5_2_0,5_2_1,5_cvs</ver>
</PHPModuleRef><PHPModuleRef>
<t>fbird_param_info</t>
<mn>interbase</mn>
<ft>A</ft>
<af>ibase_param_info</af>
<ver>5_0_0,5_0_1,5_0_2,5_0_3,5_1_0,5_1_1,5_1_2,5_1_3,5_1_4,5_1_5,5_1_6,5_2_0,5_2_1,5_cvs</ver>
</PHPModuleRef><PHPModuleRef>
<t>fbird_pconnect</t>
<mn>interbase</mn>
<ft>A</ft>
<af>ibase_pconnect</af>
<ver>5_0_0,5_0_1,5_0_2,5_0_3,5_1_0,5_1_1,5_1_2,5_1_3,5_1_4,5_1_5,5_1_6,5_2_0,5_2_1,5_cvs</ver>
</PHPModuleRef><PHPModuleRef>
<t>fbird_prepare</t>
<mn>interbase</mn>
<ft>A</ft>
<af>ibase_prepare</af>
<ver>5_0_0,5_0_1,5_0_2,5_0_3,5_1_0,5_1_1,5_1_2,5_1_3,5_1_4,5_1_5,5_1_6,5_2_0,5_2_1,5_cvs</ver>
</PHPModuleRef><PHPModuleRef>
<t>fbird_query</t>
<mn>interbase</mn>
<ft>A</ft>
<af>ibase_query</af>
<ver>5_0_0,5_0_1,5_0_2,5_0_3,5_1_0,5_1_1,5_1_2,5_1_3,5_1_4,5_1_5,5_1_6,5_2_0,5_2_1,5_cvs</ver>
</PHPModuleRef><PHPModuleRef>
<t>fbird_restore</t>
<mn>interbase</mn>
<ft>A</ft>
<af>ibase_restore</af>
<ver>5_0_0,5_0_1,5_0_2,5_0_3,5_1_0,5_1_1,5_1_2,5_1_3,5_1_4,5_1_5,5_1_6,5_2_0,5_2_1,5_cvs</ver>
</PHPModuleRef><PHPModuleRef>
<t>fbird_rollback</t>
<mn>interbase</mn>
<ft>A</ft>
<af>ibase_rollback</af>
<ver>5_0_0,5_0_1,5_0_2,5_0_3,5_1_0,5_1_1,5_1_2,5_1_3,5_1_4,5_1_5,5_1_6,5_2_0,5_2_1,5_cvs</ver>
</PHPModuleRef><PHPModuleRef>
<t>fbird_rollback_ret</t>
<mn>interbase</mn>
<ft>A</ft>
<af>ibase_rollback_ret</af>
<ver>5_0_0,5_0_1,5_0_2,5_0_3,5_1_0,5_1_1,5_1_2,5_1_3,5_1_4,5_1_5,5_1_6,5_2_0,5_2_1,5_cvs</ver>
</PHPModuleRef><PHPModuleRef>
<t>fbird_server_info</t>
<mn>interbase</mn>
<ft>A</ft>
<af>ibase_server_info</af>
<ver>5_0_0,5_0_1,5_0_2,5_0_3,5_1_0,5_1_1,5_1_2,5_1_3,5_1_4,5_1_5,5_1_6,5_2_0,5_2_1,5_cvs</ver>
</PHPModuleRef><PHPModuleRef>
<t>fbird_service_attach</t>
<mn>interbase</mn>
<ft>A</ft>
<af>ibase_service_attach</af>
<ver>5_0_0,5_0_1,5_0_2,5_0_3,5_1_0,5_1_1,5_1_2,5_1_3,5_1_4,5_1_5,5_1_6,5_2_0,5_2_1,5_cvs</ver>
</PHPModuleRef><PHPModuleRef>
<t>fbird_service_detach</t>
<mn>interbase</mn>
<ft>A</ft>
<af>ibase_service_detach</af>
<ver>5_0_0,5_0_1,5_0_2,5_0_3,5_1_0,5_1_1,5_1_2,5_1_3,5_1_4,5_1_5,5_1_6,5_2_0,5_2_1,5_cvs</ver>
</PHPModuleRef><PHPModuleRef>
<t>fbird_set_event_handler</t>
<mn>interbase</mn>
<ft>A</ft>
<af>ibase_set_event_handler</af>
<ver>5_0_0,5_0_1,5_0_2,5_0_3,5_1_0,5_1_1,5_1_2,5_1_3,5_1_4,5_1_5,5_1_6,5_2_0,5_2_1,5_cvs</ver>
</PHPModuleRef><PHPModuleRef>
<t>fbird_trans</t>
<mn>interbase</mn>
<ft>A</ft>
<af>ibase_trans</af>
<ver>5_0_0,5_0_1,5_0_2,5_0_3,5_1_0,5_1_1,5_1_2,5_1_3,5_1_4,5_1_5,5_1_6,5_2_0,5_2_1,5_cvs</ver>
</PHPModuleRef><PHPModuleRef>
<t>fbird_wait_event</t>
<mn>interbase</mn>
<ft>A</ft>
<af>ibase_wait_event</af>
<ver>5_0_0,5_0_1,5_0_2,5_0_3,5_1_0,5_1_1,5_1_2,5_1_3,5_1_4,5_1_5,5_1_6,5_2_0,5_2_1,5_cvs</ver>
</PHPModuleRef><PHPModuleRef>
<t>ibase_add_user</t>
<mn>interbase</mn>
<ft>F</ft>
<ver>4_2_0,4_2_1,4_2_2,4_2_3,4_3_0,4_3_1,4_3_10,4_3_11,4_3_2,4_3_3,4_3_4,4_3_5,4_3_6,4_3_7,4_3_8,4_3_9,4_4_0,4_4_1,4_4_2,4_4_3,4_4_4,4_4_5,4_4_6,4_cvs,5_0_0,5_0_1,5_0_2,5_0_3,5_1_0,5_1_1,5_1_2,5_1_3,5_1_4,5_1_5,5_1_6,5_2_0,5_2_1,5_cvs</ver>
<p4>bool ibase_add_user(string server, string dba_user_name, string dba_password, string user_name, stri</p4>
<p4d>Add an user to security database (only for IB6 or later) </p4d>
<p5>bool ibase_add_user(resource service_handle, string user_name, string password [, string first_name</p5>
<p5d>Add a user to security database </p5d>
<texts><text><lng>en</lng>
<d>Add a user to a security database (only for IB6 or later)</d>
</text></texts></PHPModuleRef><PHPModuleRef>
<t>ibase_affected_rows</t>
<mn>interbase</mn>
<ft>F</ft>
<ver>5_0_0,5_0_1,5_0_2,5_0_3,5_1_0,5_1_1,5_1_2,5_1_3,5_1_4,5_1_5,5_1_6,5_2_0,5_2_1,5_cvs</ver>
<p5>int ibase_affected_rows( [ resource link_identifier ] )</p5>
<p5d>Returns the number of rows affected by the previous INSERT, UPDATE or DELETE statement </p5d>
<texts><text><lng>en</lng>
<d>Return the number of rows that were affected by the previous query</d>
</text></texts></PHPModuleRef><PHPModuleRef>
<t>ibase_backup</t>
<mn>interbase</mn>
<ft>F</ft>
<ver>5_0_0,5_0_1,5_0_2,5_0_3,5_1_0,5_1_1,5_1_2,5_1_3,5_1_4,5_1_5,5_1_6,5_2_0,5_2_1,5_cvs</ver>
<p5>mixed ibase_backup(resource service_handle, string source_db, string dest_file [, int options [, boo</p5>
<p5d>Initiates a backup task in the service manager and returns immediately </p5d>
<texts><text><lng>en</lng>
<d>Initiates a backup task in the service manager and returns immediately</d>
</text></texts></PHPModuleRef><PHPModuleRef>
<t>ibase_blob_add</t>
<mn>interbase</mn>
<ft>F</ft>
<ver>4_0_0,4_0_1,4_0_2,4_0_3,4_0_4,4_0_5,4_0_6,4_1_0,4_1_1,4_1_2,4_2_0,4_2_1,4_2_2,4_2_3,4_3_0,4_3_1,4_3_10,4_3_11,4_3_2,4_3_3,4_3_4,4_3_5,4_3_6,4_3_7,4_3_8,4_3_9,4_4_0,4_4_1,4_4_2,4_4_3,4_4_4,4_4_5,4_4_6,4_cvs,5_0_0,5_0_1,5_0_2,5_0_3,5_1_0,5_1_1,5_1_2,5_1_3,5_1_4,5_1_5,5_1_6,5_2_0,5_2_1,5_cvs</ver>
<p4>bool ibase_blob_add(int blob_id, string data)</p4>
<p4d>Add data into created blob </p4d>
<p5>bool ibase_blob_add(resource blob_handle, string data)</p5>
<p5d>Add data into created blob </p5d>
<texts><text><lng>en</lng>
<d>Add data into a newly created blob</d>
</text></texts></PHPModuleRef><PHPModuleRef>
<t>ibase_blob_cancel</t>
<mn>interbase</mn>
<ft>F</ft>
<ver>4_0_0,4_0_1,4_0_2,4_0_3,4_0_4,4_0_5,4_0_6,4_1_0,4_1_1,4_1_2,4_2_0,4_2_1,4_2_2,4_2_3,4_3_0,4_3_1,4_3_10,4_3_11,4_3_2,4_3_3,4_3_4,4_3_5,4_3_6,4_3_7,4_3_8,4_3_9,4_4_0,4_4_1,4_4_2,4_4_3,4_4_4,4_4_5,4_4_6,4_cvs,5_0_0,5_0_1,5_0_2,5_0_3,5_1_0,5_1_1,5_1_2,5_1_3,5_1_4,5_1_5,5_1_6,5_2_0,5_2_1,5_cvs</ver>
<p4>bool ibase_blob_cancel(int blob_id)</p4>
<p4d>Cancel creating blob </p4d>
<p5>bool ibase_blob_cancel(resource blob_handle)</p5>
<p5d>Cancel creating blob </p5d>
<texts><text><lng>en</lng>
<d>Cancel creating blob</d>
</text></texts></PHPModuleRef><PHPModuleRef>
<t>ibase_blob_close</t>
<mn>interbase</mn>
<ft>F</ft>
<ver>4_0_0,4_0_1,4_0_2,4_0_3,4_0_4,4_0_5,4_0_6,4_1_0,4_1_1,4_1_2,4_2_0,4_2_1,4_2_2,4_2_3,4_3_0,4_3_1,4_3_10,4_3_11,4_3_2,4_3_3,4_3_4,4_3_5,4_3_6,4_3_7,4_3_8,4_3_9,4_4_0,4_4_1,4_4_2,4_4_3,4_4_4,4_4_5,4_4_6,4_cvs,5_0_0,5_0_1,5_0_2,5_0_3,5_1_0,5_1_1,5_1_2,5_1_3,5_1_4,5_1_5,5_1_6,5_2_0,5_2_1,5_cvs</ver>
<p4>bool ibase_blob_close(int blob_id)</p4>
<p4d>Close blob </p4d>
<p5>string ibase_blob_close(resource blob_handle)</p5>
<p5d>Close blob </p5d>
<texts><text><lng>en</lng>
<d>Close blob</d>
</text></texts></PHPModuleRef><PHPModuleRef>
<t>ibase_blob_create</t>
<mn>interbase</mn>
<ft>F</ft>
<ver>4_0_0,4_0_1,4_0_2,4_0_3,4_0_4,4_0_5,4_0_6,4_1_0,4_1_1,4_1_2,4_2_0,4_2_1,4_2_2,4_2_3,4_3_0,4_3_1,4_3_10,4_3_11,4_3_2,4_3_3,4_3_4,4_3_5,4_3_6,4_3_7,4_3_8,4_3_9,4_4_0,4_4_1,4_4_2,4_4_3,4_4_4,4_4_5,4_4_6,4_cvs,5_0_0,5_0_1,5_0_2,5_0_3,5_1_0,5_1_1,5_1_2,5_1_3,5_1_4,5_1_5,5_1_6,5_2_0,5_2_1,5_cvs</ver>
<p4>int ibase_blob_create([resource link_identifier])</p4>
<p4d>Create blob for adding data </p4d>
<p5>resource ibase_blob_create([resource link_identifier])</p5>
<p5d>Create blob for adding data </p5d>
<texts><text><lng>en</lng>
<d>Create a new blob for adding data</d>
</text></texts></PHPModuleRef><PHPModuleRef>
<t>ibase_blob_echo</t>
<mn>interbase</mn>
<ft>F</ft>
<ver>4_0_0,4_0_1,4_0_2,4_0_3,4_0_4,4_0_5,4_0_6,4_1_0,4_1_1,4_1_2,4_2_0,4_2_1,4_2_2,4_2_3,4_3_0,4_3_1,4_3_10,4_3_11,4_3_2,4_3_3,4_3_4,4_3_5,4_3_6,4_3_7,4_3_8,4_3_9,4_4_0,4_4_1,4_4_2,4_4_3,4_4_4,4_4_5,4_4_6,4_cvs,5_0_0,5_0_1,5_0_2,5_0_3,5_1_0,5_1_1,5_1_2,5_1_3,5_1_4,5_1_5,5_1_6,5_2_0,5_2_1,5_cvs</ver>
<p4>bool ibase_blob_echo(string blob_id_str)</p4>
<p4d>Output blob contents to browser </p4d>
<p5>bool ibase_blob_echo([ resource link_identifier, ] string blob_id)</p5>
<p5d>Output blob contents to browser </p5d>
<texts><text><lng>en</lng>
<d>Output blob contents to browser</d>
</text></texts></PHPModuleRef><PHPModuleRef>
<t>ibase_blob_get</t>
<mn>interbase</mn>
<ft>F</ft>
<ver>4_0_0,4_0_1,4_0_2,4_0_3,4_0_4,4_0_5,4_0_6,4_1_0,4_1_1,4_1_2,4_2_0,4_2_1,4_2_2,4_2_3,4_3_0,4_3_1,4_3_10,4_3_11,4_3_2,4_3_3,4_3_4,4_3_5,4_3_6,4_3_7,4_3_8,4_3_9,4_4_0,4_4_1,4_4_2,4_4_3,4_4_4,4_4_5,4_4_6,4_cvs,5_0_0,5_0_1,5_0_2,5_0_3,5_1_0,5_1_1,5_1_2,5_1_3,5_1_4,5_1_5,5_1_6,5_2_0,5_2_1,5_cvs</ver>
<p4>string ibase_blob_get(int blob_id, int len)</p4>
<p4d>Get len bytes data from open blob </p4d>
<p5>string ibase_blob_get(resource blob_handle, int len)</p5>
<p5d>Get len bytes data from open blob </p5d>
<texts><text><lng>en</lng>
<d>Get len bytes data from open blob</d>
</text></texts></PHPModuleRef><PHPModuleRef>
<t>ibase_blob_import</t>
<mn>interbase</mn>
<ft>F</ft>
<ver>4_0_0,4_0_1,4_0_2,4_0_3,4_0_4,4_0_5,4_0_6,4_1_0,4_1_1,4_1_2,4_2_0,4_2_1,4_2_2,4_2_3,4_3_0,4_3_1,4_3_10,4_3_11,4_3_2,4_3_3,4_3_4,4_3_5,4_3_6,4_3_7,4_3_8,4_3_9,4_4_0,4_4_1,4_4_2,4_4_3,4_4_4,4_4_5,4_4_6,4_cvs,5_0_0,5_0_1,5_0_2,5_0_3,5_1_0,5_1_1,5_1_2,5_1_3,5_1_4,5_1_5,5_1_6,5_2_0,5_2_1,5_cvs</ver>
<p4>string ibase_blob_import([resource link_identifier, ] int file_id)</p4>
<p4d>Create blob, copy file in it, and close it </p4d>
<p5>string ibase_blob_import([ resource link_identifier, ] resource file)</p5>
<p5d>Create blob, copy file in it, and close it </p5d>
<texts><text><lng>en</lng>
<d>Create blob, copy file in it, and close it</d>
</text></texts></PHPModuleRef><PHPModuleRef>
<t>ibase_blob_info</t>
<mn>interbase</mn>
<ft>F</ft>
<ver>4_0_0,4_0_1,4_0_2,4_0_3,4_0_4,4_0_5,4_0_6,4_1_0,4_1_1,4_1_2,4_2_0,4_2_1,4_2_2,4_2_3,4_3_0,4_3_1,4_3_10,4_3_11,4_3_2,4_3_3,4_3_4,4_3_5,4_3_6,4_3_7,4_3_8,4_3_9,4_4_0,4_4_1,4_4_2,4_4_3,4_4_4,4_4_5,4_4_6,4_cvs,5_0_0,5_0_1,5_0_2,5_0_3,5_1_0,5_1_1,5_1_2,5_1_3,5_1_4,5_1_5,5_1_6,5_2_0,5_2_1,5_cvs</ver>
<p4>object ibase_blob_info(string blob_id_str)</p4>
<p4d>Return blob length and other useful info </p4d>
<p5>array ibase_blob_info([ resource link_identifier, ] string blob_id)</p5>
<p5d>Return blob length and other useful info </p5d>
<texts><text><lng>en</lng>
<d>Return blob length and other useful info</d>
</text></texts></PHPModuleRef><PHPModuleRef>
<t>ibase_blob_open</t>
<mn>interbase</mn>
<ft>F</ft>
<ver>4_0_0,4_0_1,4_0_2,4_0_3,4_0_4,4_0_5,4_0_6,4_1_0,4_1_1,4_1_2,4_2_0,4_2_1,4_2_2,4_2_3,4_3_0,4_3_1,4_3_10,4_3_11,4_3_2,4_3_3,4_3_4,4_3_5,4_3_6,4_3_7,4_3_8,4_3_9,4_4_0,4_4_1,4_4_2,4_4_3,4_4_4,4_4_5,4_4_6,4_cvs,5_0_0,5_0_1,5_0_2,5_0_3,5_1_0,5_1_1,5_1_2,5_1_3,5_1_4,5_1_5,5_1_6,5_2_0,5_2_1,5_cvs</ver>
<p4>int ibase_blob_open(string blob_id)</p4>
<p4d>Open blob for retriving data parts </p4d>
<p5>resource ibase_blob_open([ resource link_identifier, ] string blob_id)</p5>
<p5d>Open blob for retrieving data parts </p5d>
<texts><text><lng>en</lng>
<d>Open blob for retrieving data parts</d>
</text></texts></PHPModuleRef><PHPModuleRef>
<t>ibase_close</t>
<mn>interbase</mn>
<ft>F</ft>
<ver>4_0_0,4_0_1,4_0_2,4_0_3,4_0_4,4_0_5,4_0_6,4_1_0,4_1_1,4_1_2,4_2_0,4_2_1,4_2_2,4_2_3,4_3_0,4_3_1,4_3_10,4_3_11,4_3_2,4_3_3,4_3_4,4_3_5,4_3_6,4_3_7,4_3_8,4_3_9,4_4_0,4_4_1,4_4_2,4_4_3,4_4_4,4_4_5,4_4_6,4_cvs,5_0_0,5_0_1,5_0_2,5_0_3,5_1_0,5_1_1,5_1_2,5_1_3,5_1_4,5_1_5,5_1_6,5_2_0,5_2_1,5_cvs</ver>
<p4>bool ibase_close([resource link_identifier])</p4>
<p4d>Close an InterBase connection </p4d>
<p5>bool ibase_close([resource link_identifier])</p5>
<p5d>Close an InterBase connection </p5d>
<texts><text><lng>de</lng>
<d>Schließt die Verbindung zu einer InterBase-Datenbank</d>
</text><text><lng>en</lng>
<d>Close a connection to an InterBase database</d>
</text></texts></PHPModuleRef><PHPModuleRef>
<t>ibase_commit</t>
<mn>interbase</mn>
<ft>F</ft>
<ver>4_0_0,4_0_1,4_0_2,4_0_3,4_0_4,4_0_5,4_0_6,4_1_0,4_1_1,4_1_2,4_2_0,4_2_1,4_2_2,4_2_3,4_3_0,4_3_1,4_3_10,4_3_11,4_3_2,4_3_3,4_3_4,4_3_5,4_3_6,4_3_7,4_3_8,4_3_9,4_4_0,4_4_1,4_4_2,4_4_3,4_4_4,4_4_5,4_4_6,4_cvs,5_0_0,5_0_1,5_0_2,5_0_3,5_1_0,5_1_1,5_1_2,5_1_3,5_1_4,5_1_5,5_1_6,5_2_0,5_2_1,5_cvs</ver>
<p4>bool ibase_commit( resource link_identifier )</p4>
<p4d>Commit transaction </p4d>
<p5>bool ibase_commit( resource link_identifier )</p5>
<p5d>Commit transaction </p5d>
<texts><text><lng>en</lng>
<d>Commit a transaction</d>
</text></texts></PHPModuleRef><PHPModuleRef>
<t>ibase_commit_ret</t>
<mn>interbase</mn>
<ft>F</ft>
<ver>5_0_0,5_0_1,5_0_2,5_0_3,5_1_0,5_1_1,5_1_2,5_1_3,5_1_4,5_1_5,5_1_6,5_2_0,5_2_1,5_cvs</ver>
<p5>bool ibase_commit_ret( resource link_identifier )</p5>
<p5d>Commit transaction and retain the transaction context </p5d>
<texts><text><lng>en</lng>
<d>Commit a transaction without closing it</d>
</text></texts></PHPModuleRef><PHPModuleRef>
<t>ibase_connect</t>
<mn>interbase</mn>
<ft>F</ft>
<ver>4_0_0,4_0_1,4_0_2,4_0_3,4_0_4,4_0_5,4_0_6,4_1_0,4_1_1,4_1_2,4_2_0,4_2_1,4_2_2,4_2_3,4_3_0,4_3_1,4_3_10,4_3_11,4_3_2,4_3_3,4_3_4,4_3_5,4_3_6,4_3_7,4_3_8,4_3_9,4_4_0,4_4_1,4_4_2,4_4_3,4_4_4,4_4_5,4_4_6,4_cvs,5_0_0,5_0_1,5_0_2,5_0_3,5_1_0,5_1_1,5_1_2,5_1_3,5_1_4,5_1_5,5_1_6,5_2_0,5_2_1,5_cvs</ver>
<p4>resource ibase_connect(string database [, string username [, string password [, string charset [, in</p4>
<p4d>Open a connection to an InterBase database </p4d>
<p5>resource ibase_connect(string database [, string username [, string password [, string charset [, in</p5>
<p5d>Open a connection to an InterBase database </p5d>
<texts><text><lng>de</lng>
<d>Öffnet eine Verbindung zu einer InterBase-Datenbank</d>
</text><text><lng>en</lng>
<d>Open a connection to an InterBase database</d>
</text></texts></PHPModuleRef><PHPModuleRef>
<t>ibase_db_info</t>
<mn>interbase</mn>
<ft>F</ft>
<ver>5_0_0,5_0_1,5_0_2,5_0_3,5_1_0,5_1_1,5_1_2,5_1_3,5_1_4,5_1_5,5_1_6,5_2_0,5_2_1,5_cvs</ver>
<p5>string ibase_db_info(resource service_handle, string db, int action [, int argument])</p5>
<p5d>Request statistics about a database </p5d>
<texts><text><lng>en</lng>
<d>Request statistics about a database</d>
</text></texts></PHPModuleRef><PHPModuleRef>
<t>ibase_delete_user</t>
<mn>interbase</mn>
<ft>F</ft>
<ver>4_2_0,4_2_1,4_2_2,4_2_3,4_3_0,4_3_1,4_3_10,4_3_11,4_3_2,4_3_3,4_3_4,4_3_5,4_3_6,4_3_7,4_3_8,4_3_9,4_4_0,4_4_1,4_4_2,4_4_3,4_4_4,4_4_5,4_4_6,4_cvs,5_0_0,5_0_1,5_0_2,5_0_3,5_1_0,5_1_1,5_1_2,5_1_3,5_1_4,5_1_5,5_1_6,5_2_0,5_2_1,5_cvs</ver>
<p4>bool ibase_delete_user(string server, string dba_user_name, string dba_password, string username)</p4>
<p4d>Delete an user from security database (only for IB6 or later) </p4d>
<p5>bool ibase_delete_user(resource service_handle, string user_name, string password [, string first_na</p5>
<p5d>Delete a user from security database </p5d>
<texts><text><lng>en</lng>
<d>Delete a user from a security database (only for IB6 or later)</d>
</text></texts></PHPModuleRef><PHPModuleRef>
<t>ibase_drop_db</t>
<mn>interbase</mn>
<ft>F</ft>
<ver>5_0_0,5_0_1,5_0_2,5_0_3,5_1_0,5_1_1,5_1_2,5_1_3,5_1_4,5_1_5,5_1_6,5_2_0,5_2_1,5_cvs</ver>
<p5>bool ibase_drop_db([resource link_identifier])</p5>
<p5d>Drop an InterBase database </p5d>
<texts><text><lng>en</lng>
<d>Drops a database</d>
</text></texts></PHPModuleRef><PHPModuleRef>
<t>ibase_errcode</t>
<mn>interbase</mn>
<ft>F</ft>
<ver>5_0_0,5_0_1,5_0_2,5_0_3,5_1_0,5_1_1,5_1_2,5_1_3,5_1_4,5_1_5,5_1_6,5_2_0,5_2_1,5_cvs</ver>
<p5>int ibase_errcode(void) </p5>
<p5d>Return error code </p5d>
<texts><text><lng>en</lng>
<d>Return an error code</d>
</text></texts></PHPModuleRef><PHPModuleRef>
<t>ibase_errmsg</t>
<mn>interbase</mn>
<ft>F</ft>
<ver>4_0_0,4_0_1,4_0_2,4_0_3,4_0_4,4_0_5,4_0_6,4_1_0,4_1_1,4_1_2,4_2_0,4_2_1,4_2_2,4_2_3,4_3_0,4_3_1,4_3_10,4_3_11,4_3_2,4_3_3,4_3_4,4_3_5,4_3_6,4_3_7,4_3_8,4_3_9,4_4_0,4_4_1,4_4_2,4_4_3,4_4_4,4_4_5,4_4_6,4_cvs,5_0_0,5_0_1,5_0_2,5_0_3,5_1_0,5_1_1,5_1_2,5_1_3,5_1_4,5_1_5,5_1_6,5_2_0,5_2_1,5_cvs</ver>
<p4>string ibase_errmsg(void) </p4>
<p4d>Return error message </p4d>
<p5>string ibase_errmsg(void) </p5>
<p5d>Return error message </p5d>
<texts><text><lng>en</lng>
<d>Return error messages</d>
</text></texts></PHPModuleRef><PHPModuleRef>
<t>ibase_execute</t>
<mn>interbase</mn>
<ft>F</ft>
<ver>4_0_0,4_0_1,4_0_2,4_0_3,4_0_4,4_0_5,4_0_6,4_1_0,4_1_1,4_1_2,4_2_0,4_2_1,4_2_2,4_2_3,4_3_0,4_3_1,4_3_10,4_3_11,4_3_2,4_3_3,4_3_4,4_3_5,4_3_6,4_3_7,4_3_8,4_3_9,4_4_0,4_4_1,4_4_2,4_4_3,4_4_4,4_4_5,4_4_6,4_cvs,5_0_0,5_0_1,5_0_2,5_0_3,5_1_0,5_1_1,5_1_2,5_1_3,5_1_4,5_1_5,5_1_6,5_2_0,5_2_1,5_cvs</ver>
<p4>resource ibase_execute(resource query [, int bind_args [, int ...]])</p4>
<p4d>Execute a previously prepared query </p4d>
<p5>mixed ibase_execute(resource query [, mixed bind_arg [, mixed bind_arg [, ...]]])</p5>
<p5d>Execute a previously prepared query </p5d>
<texts><text><lng>de</lng>
<d>Ausführen einer vorbereiteten Abfrage</d>
</text><text><lng>en</lng>
<d>Execute a previously prepared query</d>
</text></texts></PHPModuleRef><PHPModuleRef>
<t>ibase_fetch_assoc</t>
<mn>interbase</mn>
<ft>F</ft>
<ver>4_3_0,4_3_1,4_3_10,4_3_11,4_3_2,4_3_3,4_3_4,4_3_5,4_3_6,4_3_7,4_3_8,4_3_9,4_4_0,4_4_1,4_4_2,4_4_3,4_4_4,4_4_5,4_4_6,4_cvs,5_0_0,5_0_1,5_0_2,5_0_3,5_1_0,5_1_1,5_1_2,5_1_3,5_1_4,5_1_5,5_1_6,5_2_0,5_2_1,5_cvs</ver>
<p4>array ibase_fetch_assoc(resource result [, int blob_flag])</p4>
<p4d>Fetch a row  from the results of a query </p4d>
<p5>array ibase_fetch_assoc(resource result [, int fetch_flags])</p5>
<p5d>Fetch a row  from the results of a query </p5d>
<texts><text><lng>en</lng>
<d>Fetch a result row from a query as an associative array</d>
</text></texts></PHPModuleRef><PHPModuleRef>
<t>ibase_fetch_object</t>
<mn>interbase</mn>
<ft>F</ft>
<ver>4_0_0,4_0_1,4_0_2,4_0_3,4_0_4,4_0_5,4_0_6,4_1_0,4_1_1,4_1_2,4_2_0,4_2_1,4_2_2,4_2_3,4_3_0,4_3_1,4_3_10,4_3_11,4_3_2,4_3_3,4_3_4,4_3_5,4_3_6,4_3_7,4_3_8,4_3_9,4_4_0,4_4_1,4_4_2,4_4_3,4_4_4,4_4_5,4_4_6,4_cvs,5_0_0,5_0_1,5_0_2,5_0_3,5_1_0,5_1_1,5_1_2,5_1_3,5_1_4,5_1_5,5_1_6,5_2_0,5_2_1,5_cvs</ver>
<p4>object ibase_fetch_object(resource result [, int blob_flag])</p4>
<p4d>Fetch a object from the results of a query </p4d>
<p5>object ibase_fetch_object(resource result [, int fetch_flags])</p5>
<p5d>Fetch a object from the results of a query </p5d>
<texts><text><lng>de</lng>
<d>Liest einen Datensatz einer InterBase-Datenbank als Objekt ein</d>
</text><text><lng>en</lng>
<d>Get an object from a InterBase database</d>
</text></texts></PHPModuleRef><PHPModuleRef>
<t>ibase_fetch_row</t>
<mn>interbase</mn>
<ft>F</ft>
<ver>4_0_0,4_0_1,4_0_2,4_0_3,4_0_4,4_0_5,4_0_6,4_1_0,4_1_1,4_1_2,4_2_0,4_2_1,4_2_2,4_2_3,4_3_0,4_3_1,4_3_10,4_3_11,4_3_2,4_3_3,4_3_4,4_3_5,4_3_6,4_3_7,4_3_8,4_3_9,4_4_0,4_4_1,4_4_2,4_4_3,4_4_4,4_4_5,4_4_6,4_cvs,5_0_0,5_0_1,5_0_2,5_0_3,5_1_0,5_1_1,5_1_2,5_1_3,5_1_4,5_1_5,5_1_6,5_2_0,5_2_1,5_cvs</ver>
<p4>array ibase_fetch_row(resource result [, int blob_flag])</p4>
<p4d>Fetch a row  from the results of a query </p4d>
<p5>array ibase_fetch_row(resource result [, int fetch_flags])</p5>
<p5d>Fetch a row  from the results of a query </p5d>
<texts><text><lng>de</lng>
<d>Liest einen Datensatz aus einer InterBase-Datenbank</d>
</text><text><lng>en</lng>
<d>Fetch a row from an InterBase database</d>
</text></texts></PHPModuleRef><PHPModuleRef>
<t>ibase_field_info</t>
<mn>interbase</mn>
<ft>F</ft>
<ver>4_0_0,4_0_1,4_0_2,4_0_3,4_0_4,4_0_5,4_0_6,4_1_0,4_1_1,4_1_2,4_2_0,4_2_1,4_2_2,4_2_3,4_3_0,4_3_1,4_3_10,4_3_11,4_3_2,4_3_3,4_3_4,4_3_5,4_3_6,4_3_7,4_3_8,4_3_9,4_4_0,4_4_1,4_4_2,4_4_3,4_4_4,4_4_5,4_4_6,4_cvs,5_0_0,5_0_1,5_0_2,5_0_3,5_1_0,5_1_1,5_1_2,5_1_3,5_1_4,5_1_5,5_1_6,5_2_0,5_2_1,5_cvs</ver>
<p4>array ibase_field_info(resource result, int field_number)</p4>
<p4d>Get information about a field </p4d>
<p5>array ibase_field_info(resource query_result, int field_number)</p5>
<p5d>Get information about a field </p5d>
<texts><text><lng>en</lng>
<d>Get information about a field</d>
</text></texts></PHPModuleRef><PHPModuleRef>
<t>ibase_free_event_handler</t>
<mn>interbase</mn>
<ft>F</ft>
<ver>5_0_0,5_0_1,5_0_2,5_0_3,5_1_0,5_1_1,5_1_2,5_1_3,5_1_4,5_1_5,5_1_6,5_2_0,5_2_1,5_cvs</ver>
<p5>bool ibase_free_event_handler(resource event)</p5>
<p5d>Frees the event handler set by ibase_set_event_handler() </p5d>
<texts><text><lng>en</lng>
<d>Cancels a registered event handler</d>
</text></texts></PHPModuleRef><PHPModuleRef>
<t>ibase_free_query</t>
<mn>interbase</mn>
<ft>F</ft>
<ver>4_0_0,4_0_1,4_0_2,4_0_3,4_0_4,4_0_5,4_0_6,4_1_0,4_1_1,4_1_2,4_2_0,4_2_1,4_2_2,4_2_3,4_3_0,4_3_1,4_3_10,4_3_11,4_3_2,4_3_3,4_3_4,4_3_5,4_3_6,4_3_7,4_3_8,4_3_9,4_4_0,4_4_1,4_4_2,4_4_3,4_4_4,4_4_5,4_4_6,4_cvs,5_0_0,5_0_1,5_0_2,5_0_3,5_1_0,5_1_1,5_1_2,5_1_3,5_1_4,5_1_5,5_1_6,5_2_0,5_2_1,5_cvs</ver>
<p4>bool ibase_free_query(resource query)</p4>
<p4d>Free memory used by a query </p4d>
<p5>bool ibase_free_query(resource query)</p5>
<p5d>Free memory used by a query </p5d>
<texts><text><lng>de</lng>
<d>Gibt den Speicher einer vorbereiteten Abfrage wieder frei</d>
</text><text><lng>en</lng>
<d>Free memory allocated by a prepared query</d>
</text></texts></PHPModuleRef><PHPModuleRef>
<t>ibase_free_result</t>
<mn>interbase</mn>
<ft>F</ft>
<ver>4_0_0,4_0_1,4_0_2,4_0_3,4_0_4,4_0_5,4_0_6,4_1_0,4_1_1,4_1_2,4_2_0,4_2_1,4_2_2,4_2_3,4_3_0,4_3_1,4_3_10,4_3_11,4_3_2,4_3_3,4_3_4,4_3_5,4_3_6,4_3_7,4_3_8,4_3_9,4_4_0,4_4_1,4_4_2,4_4_3,4_4_4,4_4_5,4_4_6,4_cvs,5_0_0,5_0_1,5_0_2,5_0_3,5_1_0,5_1_1,5_1_2,5_1_3,5_1_4,5_1_5,5_1_6,5_2_0,5_2_1,5_cvs</ver>
<p4>bool ibase_free_result(resource result)</p4>
<p4d>Free the memory used by a result </p4d>
<p5>bool ibase_free_result(resource result)</p5>
<p5d>Free the memory used by a result </p5d>
<texts><text><lng>de</lng>
<d>Gibt den Speicher eines Abfrage-Ergebnisses frei</d>
</text><text><lng>en</lng>
<d>Free a result set</d>
</text></texts></PHPModuleRef><PHPModuleRef>
<t>ibase_gen_id</t>
<mn>interbase</mn>
<ft>F</ft>
<ver>5_0_0,5_0_1,5_0_2,5_0_3,5_1_0,5_1_1,5_1_2,5_1_3,5_1_4,5_1_5,5_1_6,5_2_0,5_2_1,5_cvs</ver>
<p5>int ibase_gen_id(string generator [, int increment [, resource link_identifier ]])</p5>
<p5d>Increments the named generator and returns its new value </p5d>
<texts><text><lng>en</lng>
<d>Increments the named generator and returns its new value</d>
</text></texts></PHPModuleRef><PHPModuleRef>
<t>ibase_maintain_db</t>
<mn>interbase</mn>
<ft>F</ft>
<ver>5_0_0,5_0_1,5_0_2,5_0_3,5_1_0,5_1_1,5_1_2,5_1_3,5_1_4,5_1_5,5_1_6,5_2_0,5_2_1,5_cvs</ver>
<p5>bool ibase_maintain_db(resource service_handle, string db, int action [, int argument])</p5>
<p5d>Execute a maintenance command on the database server </p5d>
<texts><text><lng>en</lng>
<d>Execute a maintenance command on the database server</d>
</text></texts></PHPModuleRef><PHPModuleRef>
<t>ibase_modify_user</t>
<mn>interbase</mn>
<ft>F</ft>
<ver>4_2_0,4_2_1,4_2_2,4_2_3,4_3_0,4_3_1,4_3_10,4_3_11,4_3_2,4_3_3,4_3_4,4_3_5,4_3_6,4_3_7,4_3_8,4_3_9,4_4_0,4_4_1,4_4_2,4_4_3,4_4_4,4_4_5,4_4_6,4_cvs,5_0_0,5_0_1,5_0_2,5_0_3,5_1_0,5_1_1,5_1_2,5_1_3,5_1_4,5_1_5,5_1_6,5_2_0,5_2_1,5_cvs</ver>
<p4>bool ibase_modify_user(string server, string dba_user_name, string dba_password, string user_name, s</p4>
<p4d>Modify an user in security database (only for IB6 or later) </p4d>
<p5>bool ibase_modify_user(resource service_handle, string user_name, string password [, string first_na</p5>
<p5d>Modify a user in security database </p5d>
<texts><text><lng>en</lng>
<d>Modify a user to a security database (only for IB6 or later)</d>
</text></texts></PHPModuleRef><PHPModuleRef>
<t>ibase_name_result</t>
<mn>interbase</mn>
<ft>F</ft>
<ver>5_0_0,5_0_1,5_0_2,5_0_3,5_1_0,5_1_1,5_1_2,5_1_3,5_1_4,5_1_5,5_1_6,5_2_0,5_2_1,5_cvs</ver>
<p5>bool ibase_name_result(resource result, string name)</p5>
<p5d>Assign a name to a result for use with ... WHERE CURRENT OF &lt;name&gt; statements </p5d>
<texts><text><lng>en</lng>
<d>Assigns a name to a result set</d>
</text></texts></PHPModuleRef><PHPModuleRef>
<t>ibase_num_fields</t>
<mn>interbase</mn>
<ft>F</ft>
<ver>4_0_0,4_0_1,4_0_2,4_0_3,4_0_4,4_0_5,4_0_6,4_1_0,4_1_1,4_1_2,4_2_0,4_2_1,4_2_2,4_2_3,4_3_0,4_3_1,4_3_10,4_3_11,4_3_2,4_3_3,4_3_4,4_3_5,4_3_6,4_3_7,4_3_8,4_3_9,4_4_0,4_4_1,4_4_2,4_4_3,4_4_4,4_4_5,4_4_6,4_cvs,5_0_0,5_0_1,5_0_2,5_0_3,5_1_0,5_1_1,5_1_2,5_1_3,5_1_4,5_1_5,5_1_6,5_2_0,5_2_1,5_cvs</ver>
<p4>int ibase_num_fields(resource result)</p4>
<p4d>Get the number of fields in result </p4d>
<p5>int ibase_num_fields(resource query_result)</p5>
<p5d>Get the number of fields in result </p5d>
<texts><text><lng>de</lng>
<d>Ermittelt die Anzahl der Felder einer Ergebnis-Liste</d>
</text><text><lng>en</lng>
<d>Get the number of fields in a result set</d>
</text></texts></PHPModuleRef><PHPModuleRef>
<t>ibase_num_params</t>
<mn>interbase</mn>
<ft>F</ft>
<ver>5_0_0,5_0_1,5_0_2,5_0_3,5_1_0,5_1_1,5_1_2,5_1_3,5_1_4,5_1_5,5_1_6,5_2_0,5_2_1,5_cvs</ver>
<p5>int ibase_num_params(resource query)</p5>
<p5d>Get the number of params in a prepared query </p5d>
<texts><text><lng>en</lng>
<d>Return the number of parameters in a prepared query</d>
</text></texts></PHPModuleRef><PHPModuleRef>
<t>ibase_num_rows</t>
<mn>interbase</mn>
<ft>F</ft>
<ver>5_0_0,5_0_1,5_0_2,5_0_3,5_1_0,5_1_1,5_1_2,5_1_3,5_1_4,5_1_5,5_1_6,5_2_0,5_2_1,5_cvs</ver>
<p5>int ibase_num_rows( resource result_identifier ) </p5>
<p5d>Return the number of rows that are available in a result </p5d>
</PHPModuleRef><PHPModuleRef>
<t>ibase_param_info</t>
<mn>interbase</mn>
<ft>F</ft>
<ver>5_0_0,5_0_1,5_0_2,5_0_3,5_1_0,5_1_1,5_1_2,5_1_3,5_1_4,5_1_5,5_1_6,5_2_0,5_2_1,5_cvs</ver>
<p5>array ibase_param_info(resource query, int field_number)</p5>
<p5d>Get information about a parameter </p5d>
<texts><text><lng>en</lng>
<d>Return information about a parameter in a prepared query</d>
</text></texts></PHPModuleRef><PHPModuleRef>
<t>ibase_pconnect</t>
<mn>interbase</mn>
<ft>F</ft>
<ver>4_0_0,4_0_1,4_0_2,4_0_3,4_0_4,4_0_5,4_0_6,4_1_0,4_1_1,4_1_2,4_2_0,4_2_1,4_2_2,4_2_3,4_3_0,4_3_1,4_3_10,4_3_11,4_3_2,4_3_3,4_3_4,4_3_5,4_3_6,4_3_7,4_3_8,4_3_9,4_4_0,4_4_1,4_4_2,4_4_3,4_4_4,4_4_5,4_4_6,4_cvs,5_0_0,5_0_1,5_0_2,5_0_3,5_1_0,5_1_1,5_1_2,5_1_3,5_1_4,5_1_5,5_1_6,5_2_0,5_2_1,5_cvs</ver>
<p4>resource ibase_pconnect(string database [, string username [, string password [, string charset [, i</p4>
<p4d>Open a persistent connection to an InterBase database </p4d>
<p5>resource ibase_pconnect(string database [, string username [, string password [, string charset [, i</p5>
<p5d>Open a persistent connection to an InterBase database </p5d>
<texts><text><lng>de</lng>
<d>Erzeugt eine permanente Verbindung zu einer InterBase-Datenbank</d>
</text><text><lng>en</lng>
<d>Open a persistent connection to an InterBase database</d>
</text></texts></PHPModuleRef><PHPModuleRef>
<t>ibase_prepare</t>
<mn>interbase</mn>
<ft>F</ft>
<ver>4_0_0,4_0_1,4_0_2,4_0_3,4_0_4,4_0_5,4_0_6,4_1_0,4_1_1,4_1_2,4_2_0,4_2_1,4_2_2,4_2_3,4_3_0,4_3_1,4_3_10,4_3_11,4_3_2,4_3_3,4_3_4,4_3_5,4_3_6,4_3_7,4_3_8,4_3_9,4_4_0,4_4_1,4_4_2,4_4_3,4_4_4,4_4_5,4_4_6,4_cvs,5_0_0,5_0_1,5_0_2,5_0_3,5_1_0,5_1_1,5_1_2,5_1_3,5_1_4,5_1_5,5_1_6,5_2_0,5_2_1,5_cvs</ver>
<p4>resource ibase_prepare([resource link_identifier, ] string query)</p4>
<p4d>Prepare a query for later execution </p4d>
<p5>resource ibase_prepare([resource link_identifier, ] string query)</p5>
<p5d>Prepare a query for later execution </p5d>
<texts><text><lng>de</lng>
<d>Vorbereitung einer Abfrage für den folgenden Gebrauch von
     Parameter-Platzhaltern und für die eigentliche Ausführung.</d>
</text><text><lng>en</lng>
<d>Prepare a query for later binding of parameter placeholders andexecution</d>
</text></texts></PHPModuleRef><PHPModuleRef>
<t>ibase_query</t>
<mn>interbase</mn>
<ft>F</ft>
<ver>4_0_0,4_0_1,4_0_2,4_0_3,4_0_4,4_0_5,4_0_6,4_1_0,4_1_1,4_1_2,4_2_0,4_2_1,4_2_2,4_2_3,4_3_0,4_3_1,4_3_10,4_3_11,4_3_2,4_3_3,4_3_4,4_3_5,4_3_6,4_3_7,4_3_8,4_3_9,4_4_0,4_4_1,4_4_2,4_4_3,4_4_4,4_4_5,4_4_6,4_cvs,5_0_0,5_0_1,5_0_2,5_0_3,5_1_0,5_1_1,5_1_2,5_1_3,5_1_4,5_1_5,5_1_6,5_2_0,5_2_1,5_cvs</ver>
<p4>resource ibase_query([resource link_identifier [, string query [, int bind_args]]])</p4>
<p4d>Execute a query </p4d>
<p5>mixed ibase_query([resource link_identifier, [ resource link_identifier, ]] string query [, mixed bi</p5>
<p5d>Execute a query </p5d>
<texts><text><lng>de</lng>
<d>Führt eine Abfrage (Query) auf eine InterBase-DB aus</d>
</text><text><lng>en</lng>
<d>Execute a query on an InterBase database</d>
</text></texts></PHPModuleRef><PHPModuleRef>
<t>ibase_restore</t>
<mn>interbase</mn>
<ft>F</ft>
<ver>5_0_0,5_0_1,5_0_2,5_0_3,5_1_0,5_1_1,5_1_2,5_1_3,5_1_4,5_1_5,5_1_6,5_2_0,5_2_1,5_cvs</ver>
<p5>mixed ibase_restore(resource service_handle, string source_file, string dest_db [, int options [, bo</p5>
<p5d>Initiates a restore task in the service manager and returns immediately </p5d>
<texts><text><lng>en</lng>
<d>Initiates a restore task in the service manager and returns immediately</d>
</text></texts></PHPModuleRef><PHPModuleRef>
<t>ibase_rollback</t>
<mn>interbase</mn>
<ft>F</ft>
<ver>4_0_0,4_0_1,4_0_2,4_0_3,4_0_4,4_0_5,4_0_6,4_1_0,4_1_1,4_1_2,4_2_0,4_2_1,4_2_2,4_2_3,4_3_0,4_3_1,4_3_10,4_3_11,4_3_2,4_3_3,4_3_4,4_3_5,4_3_6,4_3_7,4_3_8,4_3_9,4_4_0,4_4_1,4_4_2,4_4_3,4_4_4,4_4_5,4_4_6,4_cvs,5_0_0,5_0_1,5_0_2,5_0_3,5_1_0,5_1_1,5_1_2,5_1_3,5_1_4,5_1_5,5_1_6,5_2_0,5_2_1,5_cvs</ver>
<p4>bool ibase_rollback( resource link_identifier )</p4>
<p4d>Rollback transaction </p4d>
<p5>bool ibase_rollback( resource link_identifier )</p5>
<p5d>Rollback transaction </p5d>
<texts><text><lng>en</lng>
<d>Roll back a transaction</d>
</text></texts></PHPModuleRef><PHPModuleRef>
<t>ibase_rollback_ret</t>
<mn>interbase</mn>
<ft>F</ft>
<ver>5_0_0,5_0_1,5_0_2,5_0_3,5_1_0,5_1_1,5_1_2,5_1_3,5_1_4,5_1_5,5_1_6,5_2_0,5_2_1,5_cvs</ver>
<p5>bool ibase_rollback_ret( resource link_identifier )</p5>
<p5d>Rollback transaction and retain the transaction context </p5d>
<texts><text><lng>en</lng>
<d>Roll back a transaction without closing it</d>
</text></texts></PHPModuleRef><PHPModuleRef>
<t>ibase_server_info</t>
<mn>interbase</mn>
<ft>F</ft>
<ver>5_0_0,5_0_1,5_0_2,5_0_3,5_1_0,5_1_1,5_1_2,5_1_3,5_1_4,5_1_5,5_1_6,5_2_0,5_2_1,5_cvs</ver>
<p5>string ibase_server_info(resource service_handle, int action)</p5>
<p5d>Request information about a database server </p5d>
<texts><text><lng>en</lng>
<d>Request information about a database server</d>
</text></texts></PHPModuleRef><PHPModuleRef>
<t>ibase_service_attach</t>
<mn>interbase</mn>
<ft>F</ft>
<ver>5_0_0,5_0_1,5_0_2,5_0_3,5_1_0,5_1_1,5_1_2,5_1_3,5_1_4,5_1_5,5_1_6,5_2_0,5_2_1,5_cvs</ver>
<p5>resource ibase_service_attach(string host, string dba_username, string dba_password)</p5>
<p5d>Connect to the service manager </p5d>
<texts><text><lng>en</lng>
<d>Connect to the service manager</d>
</text></texts></PHPModuleRef><PHPModuleRef>
<t>ibase_service_detach</t>
<mn>interbase</mn>
<ft>F</ft>
<ver>5_0_0,5_0_1,5_0_2,5_0_3,5_1_0,5_1_1,5_1_2,5_1_3,5_1_4,5_1_5,5_1_6,5_2_0,5_2_1,5_cvs</ver>
<p5>bool ibase_service_detach(resource service_handle)</p5>
<p5d>Disconnect from the service manager </p5d>
<texts><text><lng>en</lng>
<d>Disconnect from the service manager</d>
</text></texts></PHPModuleRef><PHPModuleRef>
<t>ibase_set_event_handler</t>
<mn>interbase</mn>
<ft>F</ft>
<ver>5_0_0,5_0_1,5_0_2,5_0_3,5_1_0,5_1_1,5_1_2,5_1_3,5_1_4,5_1_5,5_1_6,5_2_0,5_2_1,5_cvs</ver>
<p5>resource ibase_set_event_handler([resource link_identifier,] callback handler, string event [, strin</p5>
<p5d>Register the callback for handling each of the named events </p5d>
<texts><text><lng>en</lng>
<d>Register a callback function to be called when events are posted</d>
</text></texts></PHPModuleRef><PHPModuleRef>
<t>ibase_timefmt</t>
<mn>interbase</mn>
<ft>F</ft>
<ver>4_0_0,4_0_1,4_0_2,4_0_3,4_0_4,4_0_5,4_0_6,4_1_0,4_1_1,4_1_2,4_2_0,4_2_1,4_2_2,4_2_3,4_3_0,4_3_1,4_3_10,4_3_11,4_3_2,4_3_3,4_3_4,4_3_5,4_3_6,4_3_7,4_3_8,4_3_9,4_4_0,4_4_1,4_4_2,4_4_3,4_4_4,4_4_5,4_4_6,4_cvs</ver>
<p4>int ibase_timefmt(string format)</p4>
<p4d>Sets the format of timestamp, date and time columns returned from queries </p4d>
<texts><text><lng>de</lng>
<d>Bestimmt das Format von Zeitstempel-, Datums- und Zeit-Feldern,die von einer Abfrage zurück gegeben werden</d>
</text><text><lng>en</lng>
<d>Sets the format of timestamp, date and time type columns returned from queries</d>
</text></texts></PHPModuleRef><PHPModuleRef>
<t>ibase_trans</t>
<mn>interbase</mn>
<ft>F</ft>
<ver>4_0_0,4_0_1,4_0_2,4_0_3,4_0_4,4_0_5,4_0_6,4_1_0,4_1_1,4_1_2,4_2_0,4_2_1,4_2_2,4_2_3,4_3_0,4_3_1,4_3_10,4_3_11,4_3_2,4_3_3,4_3_4,4_3_5,4_3_6,4_3_7,4_3_8,4_3_9,4_4_0,4_4_1,4_4_2,4_4_3,4_4_4,4_4_5,4_4_6,4_cvs,5_0_0,5_0_1,5_0_2,5_0_3,5_1_0,5_1_1,5_1_2,5_1_3,5_1_4,5_1_5,5_1_6,5_2_0,5_2_1,5_cvs</ver>
<p4>resource ibase_trans([int trans_args [, resource link_identifier]])</p4>
<p4d>Start transaction </p4d>
<p5>resource ibase_trans([int trans_args [, resource link_identifier [, ... ], int trans_args [, resourc</p5>
<p5d>Start a transaction over one or several databases </p5d>
<texts><text><lng>en</lng>
<d>Begin a transaction</d>
</text></texts></PHPModuleRef><PHPModuleRef>
<t>ibase_wait_event</t>
<mn>interbase</mn>
<ft>F</ft>
<ver>5_0_0,5_0_1,5_0_2,5_0_3,5_1_0,5_1_1,5_1_2,5_1_3,5_1_4,5_1_5,5_1_6,5_2_0,5_2_1,5_cvs</ver>
<p5>string ibase_wait_event([resource link_identifier,] string event [, string event [, ...]])</p5>
<p5d>Waits for any one of the passed Interbase events to be posted by the database, and returns its name </p5d>
<texts><text><lng>en</lng>
<d>Wait for an event to be posted by the database</d>
</text></texts></PHPModuleRef></PHPModuleRef-List>
