<?xml version="1.0" encoding="utf-8"?>
<PHPModuleRef-List>
<PHPModuleRef>
<t>ircg_channel_mode</t>
<mn>ircg</mn>
<ft>F</ft>
<ver>4_0_5,4_0_6,4_1_0,4_1_1,4_1_2,4_2_0,4_2_1,4_2_2,4_2_3,4_3_0,4_3_1,4_3_10,4_3_11,4_3_2,4_3_3,4_3_4,4_3_5,4_3_6,4_3_7,4_3_8,4_3_9,4_4_0,4_4_1,4_4_2,4_4_3,4_4_4,4_4_5,4_4_6,5_0_0,5_0_1,5_0_2,5_0_3</ver>
<texts><text><lng>de</lng>
<d>Setzt die Channel Attribute für einen Benutzer</d>
</text><text><lng>en</lng>
<d>Set channel mode flags for user</d>
</text></texts></PHPModuleRef><PHPModuleRef>
<t>ircg_disconnect</t>
<mn>ircg</mn>
<ft>F</ft>
<ver>4_0_4,4_0_5,4_0_6,4_1_0,4_1_1,4_1_2,4_2_0,4_2_1,4_2_2,4_2_3,4_3_0,4_3_1,4_3_10,4_3_11,4_3_2,4_3_3,4_3_4,4_3_5,4_3_6,4_3_7,4_3_8,4_3_9,4_4_0,4_4_1,4_4_2,4_4_3,4_4_4,4_4_5,4_4_6,5_0_0,5_0_1,5_0_2,5_0_3</ver>
<texts><text><lng>de</lng>
<d>Beendet die Verbindung zum IRC-Server</d>
</text><text><lng>en</lng>
<d>Close connection to server</d>
</text></texts></PHPModuleRef><PHPModuleRef>
<t>ircg_eval_ecmascript_params</t>
<mn>ircg</mn>
<ft>F</ft>
<ver>4_3_0,4_3_1,4_3_10,4_3_11,4_3_2,4_3_3,4_3_4,4_3_5,4_3_6,4_3_7,4_3_8,4_3_9,4_4_0,4_4_1,4_4_2,4_4_3,4_4_4,4_4_5,4_4_6,5_0_0,5_0_1,5_0_2,5_0_3</ver>
<texts><text><lng>en</lng>
<d>Decodes a list of JS-encoded parameters</d>
</text></texts></PHPModuleRef><PHPModuleRef>
<t>ircg_fetch_error_msg</t>
<mn>ircg</mn>
<ft>F</ft>
<ver>4_1_0,4_1_1,4_1_2,4_2_0,4_2_1,4_2_2,4_2_3,4_3_0,4_3_1,4_3_10,4_3_11,4_3_2,4_3_3,4_3_4,4_3_5,4_3_6,4_3_7,4_3_8,4_3_9,4_4_0,4_4_1,4_4_2,4_4_3,4_4_4,4_4_5,4_4_6,5_0_0,5_0_1,5_0_2,5_0_3</ver>
<texts><text><lng>de</lng>
<d>Liefert den Fehler des letzten ircg Funktionsaufrufes.</d>
</text><text><lng>en</lng>
<d>Returns the error from previous IRCG operation</d>
</text></texts></PHPModuleRef><PHPModuleRef>
<t>ircg_get_username</t>
<mn>ircg</mn>
<ft>F</ft>
<ver>4_1_0,4_1_1,4_1_2,4_2_0,4_2_1,4_2_2,4_2_3,4_3_0,4_3_1,4_3_10,4_3_11,4_3_2,4_3_3,4_3_4,4_3_5,4_3_6,4_3_7,4_3_8,4_3_9,4_4_0,4_4_1,4_4_2,4_4_3,4_4_4,4_4_5,4_4_6,5_0_0,5_0_1,5_0_2,5_0_3</ver>
<texts><text><lng>de</lng>
<d>Liefert den Benutzernamen zurück</d>
</text><text><lng>en</lng>
<d>Get username for connection</d>
</text></texts></PHPModuleRef><PHPModuleRef>
<t>ircg_html_encode</t>
<mn>ircg</mn>
<ft>F</ft>
<ver>4_0_5,4_0_6,4_1_0,4_1_1,4_1_2,4_2_0,4_2_1,4_2_2,4_2_3,4_3_0,4_3_1,4_3_10,4_3_11,4_3_2,4_3_3,4_3_4,4_3_5,4_3_6,4_3_7,4_3_8,4_3_9,4_4_0,4_4_1,4_4_2,4_4_3,4_4_4,4_4_5,4_4_6,5_0_0,5_0_1,5_0_2,5_0_3</ver>
<texts><text><lng>de</lng>
<d>Wandelt einen HTML string für die Ausgabe um</d>
</text><text><lng>en</lng>
<d>Encodes HTML preserving output</d>
</text></texts></PHPModuleRef><PHPModuleRef>
<t>ircg_ignore_add</t>
<mn>ircg</mn>
<ft>F</ft>
<ver>4_0_5,4_0_6,4_1_0,4_1_1,4_1_2,4_2_0,4_2_1,4_2_2,4_2_3,4_3_0,4_3_1,4_3_10,4_3_11,4_3_2,4_3_3,4_3_4,4_3_5,4_3_6,4_3_7,4_3_8,4_3_9,4_4_0,4_4_1,4_4_2,4_4_3,4_4_4,4_4_5,4_4_6,5_0_0,5_0_1,5_0_2,5_0_3</ver>
<texts><text><lng>de</lng>
<d>Fügt einen Benutzer an die Liste der zu ignorierenden Personen an.</d>
</text><text><lng>en</lng>
<d>Add a user to your ignore list on a server</d>
</text></texts></PHPModuleRef><PHPModuleRef>
<t>ircg_ignore_del</t>
<mn>ircg</mn>
<ft>F</ft>
<ver>4_0_5,4_0_6,4_1_0,4_1_1,4_1_2,4_2_0,4_2_1,4_2_2,4_2_3,4_3_0,4_3_1,4_3_10,4_3_11,4_3_2,4_3_3,4_3_4,4_3_5,4_3_6,4_3_7,4_3_8,4_3_9,4_4_0,4_4_1,4_4_2,4_4_3,4_4_4,4_4_5,4_4_6,5_0_0,5_0_1,5_0_2,5_0_3</ver>
<texts><text><lng>de</lng>
<d>Entfernt einen Benutzer von der Liste ignorierter Personen</d>
</text><text><lng>en</lng>
<d>Remove a user from your ignore list on a server</d>
</text></texts></PHPModuleRef><PHPModuleRef>
<t>ircg_invite</t>
<mn>ircg</mn>
<ft>F</ft>
<ver>4_3_10,4_3_11,4_3_3,4_3_4,4_3_5,4_3_6,4_3_7,4_3_8,4_3_9,4_4_0,4_4_1,4_4_2,4_4_3,4_4_4,4_4_5,4_4_6,5_0_0,5_0_1,5_0_2,5_0_3</ver>
<texts><text><lng>en</lng>
<d>Invites nickname to channel</d>
</text></texts></PHPModuleRef><PHPModuleRef>
<t>ircg_is_conn_alive</t>
<mn>ircg</mn>
<ft>F</ft>
<ver>4_0_5,4_0_6,4_1_0,4_1_1,4_1_2,4_2_0,4_2_1,4_2_2,4_2_3,4_3_0,4_3_1,4_3_10,4_3_11,4_3_2,4_3_3,4_3_4,4_3_5,4_3_6,4_3_7,4_3_8,4_3_9,4_4_0,4_4_1,4_4_2,4_4_3,4_4_4,4_4_5,4_4_6,5_0_0,5_0_1,5_0_2,5_0_3</ver>
<texts><text><lng>de</lng>
<d>Check connection status</d>
</text><text><lng>en</lng>
<d>Check connection status</d>
</text></texts></PHPModuleRef><PHPModuleRef>
<t>ircg_join</t>
<mn>ircg</mn>
<ft>F</ft>
<ver>4_0_4,4_0_5,4_0_6,4_1_0,4_1_1,4_1_2,4_2_0,4_2_1,4_2_2,4_2_3,4_3_0,4_3_1,4_3_10,4_3_11,4_3_2,4_3_3,4_3_4,4_3_5,4_3_6,4_3_7,4_3_8,4_3_9,4_4_0,4_4_1,4_4_2,4_4_3,4_4_4,4_4_5,4_4_6,5_0_0,5_0_1,5_0_2,5_0_3</ver>
<texts><text><lng>de</lng>
<d>Einen Channel auf dem verbundenen IRC-Server betreten</d>
</text><text><lng>en</lng>
<d>Join a channel on a connected server</d>
</text></texts></PHPModuleRef><PHPModuleRef>
<t>ircg_kick</t>
<mn>ircg</mn>
<ft>F</ft>
<ver>4_0_5,4_0_6,4_1_0,4_1_1,4_1_2,4_2_0,4_2_1,4_2_2,4_2_3,4_3_0,4_3_1,4_3_10,4_3_11,4_3_2,4_3_3,4_3_4,4_3_5,4_3_6,4_3_7,4_3_8,4_3_9,4_4_0,4_4_1,4_4_2,4_4_3,4_4_4,4_4_5,4_4_6,5_0_0,5_0_1,5_0_2,5_0_3</ver>
<texts><text><lng>de</lng>
<d>Entfernt einen Benutzer aus einem Channel</d>
</text><text><lng>en</lng>
<d>Kick a user out of a channel on server</d>
</text></texts></PHPModuleRef><PHPModuleRef>
<t>ircg_list</t>
<mn>ircg</mn>
<ft>F</ft>
<ver>4_3_10,4_3_11,4_3_3,4_3_4,4_3_5,4_3_6,4_3_7,4_3_8,4_3_9,4_4_0,4_4_1,4_4_2,4_4_3,4_4_4,4_4_5,4_4_6,5_0_0,5_0_1,5_0_2,5_0_3</ver>
<texts><text><lng>en</lng>
<d>List topic/user count of channel(s)</d>
</text></texts></PHPModuleRef><PHPModuleRef>
<t>ircg_lookup_format_messages</t>
<mn>ircg</mn>
<ft>F</ft>
<ver>4_0_5,4_0_6,4_1_0,4_1_1,4_1_2,4_2_0,4_2_1,4_2_2,4_2_3,4_3_0,4_3_1,4_3_10,4_3_11,4_3_2,4_3_3,4_3_4,4_3_5,4_3_6,4_3_7,4_3_8,4_3_9,4_4_0,4_4_1,4_4_2,4_4_3,4_4_4,4_4_5,4_4_6,5_0_0,5_0_1,5_0_2,5_0_3</ver>
<texts><text><lng>de</lng>
<d>Wählt ein Format für die Ausgabe von IRC-Nachrichten und Ereignissen aus.</d>
</text><text><lng>en</lng>
<d>Check for the existence of a format message set</d>
</text></texts></PHPModuleRef><PHPModuleRef>
<t>ircg_lusers</t>
<mn>ircg</mn>
<ft>F</ft>
<ver>4_3_10,4_3_11,4_3_3,4_3_4,4_3_5,4_3_6,4_3_7,4_3_8,4_3_9,4_4_0,4_4_1,4_4_2,4_4_3,4_4_4,4_4_5,4_4_6,5_0_0,5_0_1,5_0_2,5_0_3</ver>
<texts><text><lng>en</lng>
<d>IRC network statistics</d>
</text></texts></PHPModuleRef><PHPModuleRef>
<t>ircg_msg</t>
<mn>ircg</mn>
<ft>F</ft>
<ver>4_0_4,4_0_5,4_0_6,4_1_0,4_1_1,4_1_2,4_2_0,4_2_1,4_2_2,4_2_3,4_3_0,4_3_1,4_3_10,4_3_11,4_3_2,4_3_3,4_3_4,4_3_5,4_3_6,4_3_7,4_3_8,4_3_9,4_4_0,4_4_1,4_4_2,4_4_3,4_4_4,4_4_5,4_4_6,5_0_0,5_0_1,5_0_2,5_0_3</ver>
<texts><text><lng>de</lng>
<d>Sendet eine Nachricht an einen Channel oder Benutzer</d>
</text><text><lng>en</lng>
<d>Send message to channel or user on server</d>
</text></texts></PHPModuleRef><PHPModuleRef>
<t>ircg_names</t>
<mn>ircg</mn>
<ft>F</ft>
<ver>4_3_10,4_3_11,4_3_3,4_3_4,4_3_5,4_3_6,4_3_7,4_3_8,4_3_9,4_4_0,4_4_1,4_4_2,4_4_3,4_4_4,4_4_5,4_4_6,5_0_0,5_0_1,5_0_2,5_0_3</ver>
<texts><text><lng>en</lng>
<d>Query visible usernames</d>
</text></texts></PHPModuleRef><PHPModuleRef>
<t>ircg_nick</t>
<mn>ircg</mn>
<ft>F</ft>
<ver>4_0_5,4_0_6,4_1_0,4_1_1,4_1_2,4_2_0,4_2_1,4_2_2,4_2_3,4_3_0,4_3_1,4_3_10,4_3_11,4_3_2,4_3_3,4_3_4,4_3_5,4_3_6,4_3_7,4_3_8,4_3_9,4_4_0,4_4_1,4_4_2,4_4_3,4_4_4,4_4_5,4_4_6,5_0_0,5_0_1,5_0_2,5_0_3</ver>
<texts><text><lng>de</lng>
<d>ändert den Benutzernamen auf dem IRC-Server</d>
</text><text><lng>en</lng>
<d>Change nickname on server</d>
</text></texts></PHPModuleRef><PHPModuleRef>
<t>ircg_nickname_escape</t>
<mn>ircg</mn>
<ft>F</ft>
<ver>4_0_6,4_1_0,4_1_1,4_1_2,4_2_0,4_2_1,4_2_2,4_2_3,4_3_0,4_3_1,4_3_10,4_3_11,4_3_2,4_3_3,4_3_4,4_3_5,4_3_6,4_3_7,4_3_8,4_3_9,4_4_0,4_4_1,4_4_2,4_4_3,4_4_4,4_4_5,4_4_6,5_0_0,5_0_1,5_0_2,5_0_3</ver>
<texts><text><lng>de</lng>
<d>Formatiert einen Benutzernamen in einen gültigen IRC-Namen</d>
</text><text><lng>en</lng>
<d>Encode special characters in nickname to be IRC-compliant</d>
</text></texts></PHPModuleRef><PHPModuleRef>
<t>ircg_nickname_unescape</t>
<mn>ircg</mn>
<ft>F</ft>
<ver>4_0_6,4_1_0,4_1_1,4_1_2,4_2_0,4_2_1,4_2_2,4_2_3,4_3_0,4_3_1,4_3_10,4_3_11,4_3_2,4_3_3,4_3_4,4_3_5,4_3_6,4_3_7,4_3_8,4_3_9,4_4_0,4_4_1,4_4_2,4_4_3,4_4_4,4_4_5,4_4_6,5_0_0,5_0_1,5_0_2,5_0_3</ver>
<texts><text><lng>de</lng>
<d>Decodiert einen IRC konformen Benutzernamen</d>
</text><text><lng>en</lng>
<d>Decodes encoded nickname</d>
</text></texts></PHPModuleRef><PHPModuleRef>
<t>ircg_notice</t>
<mn>ircg</mn>
<ft>F</ft>
<ver>4_0_5,4_0_6,4_1_0,4_1_1,4_1_2,4_2_0,4_2_1,4_2_2,4_2_3,4_3_0,4_3_1,4_3_10,4_3_11,4_3_2,4_3_3,4_3_4,4_3_5,4_3_6,4_3_7,4_3_8,4_3_9,4_4_0,4_4_1,4_4_2,4_4_3,4_4_4,4_4_5,4_4_6,5_0_0,5_0_1,5_0_2,5_0_3</ver>
<texts><text><lng>de</lng>
<d>Sendet eine Notiz zu einem anderen Benutzer</d>
</text><text><lng>en</lng>
<d>Send a notice to a user on server</d>
</text></texts></PHPModuleRef><PHPModuleRef>
<t>ircg_oper</t>
<mn>ircg</mn>
<ft>F</ft>
<ver>4_3_10,4_3_11,4_3_3,4_3_4,4_3_5,4_3_6,4_3_7,4_3_8,4_3_9,4_4_0,4_4_1,4_4_2,4_4_3,4_4_4,4_4_5,4_4_6,5_0_0,5_0_1,5_0_2,5_0_3</ver>
<texts><text><lng>en</lng>
<d>Elevates privileges to IRC OPER</d>
</text></texts></PHPModuleRef><PHPModuleRef>
<t>ircg_part</t>
<mn>ircg</mn>
<ft>F</ft>
<ver>4_0_4,4_0_5,4_0_6,4_1_0,4_1_1,4_1_2,4_2_0,4_2_1,4_2_2,4_2_3,4_3_0,4_3_1,4_3_10,4_3_11,4_3_2,4_3_3,4_3_4,4_3_5,4_3_6,4_3_7,4_3_8,4_3_9,4_4_0,4_4_1,4_4_2,4_4_3,4_4_4,4_4_5,4_4_6,5_0_0,5_0_1,5_0_2,5_0_3</ver>
<texts><text><lng>de</lng>
<d>Einen Channel auf dem IRC-Server verlassen</d>
</text><text><lng>en</lng>
<d>Leave a channel on server</d>
</text></texts></PHPModuleRef><PHPModuleRef>
<t>ircg_pconnect</t>
<mn>ircg</mn>
<ft>F</ft>
<ver>4_0_4,4_0_5,4_0_6,4_1_0,4_1_1,4_1_2,4_2_0,4_2_1,4_2_2,4_2_3,4_3_0,4_3_1,4_3_10,4_3_11,4_3_2,4_3_3,4_3_4,4_3_5,4_3_6,4_3_7,4_3_8,4_3_9,4_4_0,4_4_1,4_4_2,4_4_3,4_4_4,4_4_5,4_4_6,5_0_0,5_0_1,5_0_2,5_0_3</ver>
<texts><text><lng>de</lng>
<d>Verbindung zum IRC-Server aufbauen</d>
</text><text><lng>en</lng>
<d>Connect to an IRC server</d>
</text></texts></PHPModuleRef><PHPModuleRef>
<t>ircg_register_format_messages</t>
<mn>ircg</mn>
<ft>F</ft>
<ver>4_0_5,4_0_6,4_1_0,4_1_1,4_1_2,4_2_0,4_2_1,4_2_2,4_2_3,4_3_0,4_3_1,4_3_10,4_3_11,4_3_2,4_3_3,4_3_4,4_3_5,4_3_6,4_3_7,4_3_8,4_3_9,4_4_0,4_4_1,4_4_2,4_4_3,4_4_4,4_4_5,4_4_6,5_0_0,5_0_1,5_0_2,5_0_3</ver>
<texts><text><lng>de</lng>
<d>Registriert die Ausgabeformatierungen für Nachrichten und
     Ereignisse vom IRC-Server</d>
</text><text><lng>en</lng>
<d>Register a format message set</d>
</text></texts></PHPModuleRef><PHPModuleRef>
<t>ircg_set_current</t>
<mn>ircg</mn>
<ft>F</ft>
<ver>4_0_4,4_0_5,4_0_6,4_1_0,4_1_1,4_1_2,4_2_0,4_2_1,4_2_2,4_2_3,4_3_0,4_3_1,4_3_10,4_3_11,4_3_2,4_3_3,4_3_4,4_3_5,4_3_6,4_3_7,4_3_8,4_3_9,4_4_0,4_4_1,4_4_2,4_4_3,4_4_4,4_4_5,4_4_6,5_0_0,5_0_1,5_0_2,5_0_3</ver>
<texts><text><lng>de</lng>
<d>Setzt die Verbindung für die Ausgabe der IRC-Server Meldungen</d>
</text><text><lng>en</lng>
<d>Set current connection for output</d>
</text></texts></PHPModuleRef><PHPModuleRef>
<t>ircg_set_file</t>
<mn>ircg</mn>
<ft>F</ft>
<ver>4_2_0,4_2_1,4_2_2,4_2_3,4_3_0,4_3_1,4_3_10,4_3_11,4_3_2,4_3_3,4_3_4,4_3_5,4_3_6,4_3_7,4_3_8,4_3_9,4_4_0,4_4_1,4_4_2,4_4_3,4_4_4,4_4_5,4_4_6,5_0_0,5_0_1,5_0_2,5_0_3</ver>
<texts><text><lng>de</lng>
<d>Legt eine Logdatei an</d>
</text><text><lng>en</lng>
<d>Set logfile for connection</d>
</text></texts></PHPModuleRef><PHPModuleRef>
<t>ircg_set_on_die</t>
<mn>ircg</mn>
<ft>F</ft>
<ver>4_2_0,4_2_1,4_2_2,4_2_3,4_3_0,4_3_1,4_3_10,4_3_11,4_3_2,4_3_3,4_3_4,4_3_5,4_3_6,4_3_7,4_3_8,4_3_9,4_4_0,4_4_1,4_4_2,4_4_3,4_4_4,4_4_5,4_4_6,5_0_0,5_0_1,5_0_2,5_0_3</ver>
<texts><text><lng>de</lng>
<d>Setzt eine Aktion bei Abbruch der Verbindung</d>
</text><text><lng>en</lng>
<d>Set action to be executed when connection dies</d>
</text></texts></PHPModuleRef><PHPModuleRef>
<t>ircg_set_on_read_data</t>
<mn>ircg</mn>
<ft>F</ft>
<ver>5_0_0,5_0_1,5_0_2,5_0_3</ver>
</PHPModuleRef><PHPModuleRef>
<t>ircg_topic</t>
<mn>ircg</mn>
<ft>F</ft>
<ver>4_0_5,4_0_6,4_1_0,4_1_1,4_1_2,4_2_0,4_2_1,4_2_2,4_2_3,4_3_0,4_3_1,4_3_10,4_3_11,4_3_2,4_3_3,4_3_4,4_3_5,4_3_6,4_3_7,4_3_8,4_3_9,4_4_0,4_4_1,4_4_2,4_4_3,4_4_4,4_4_5,4_4_6,5_0_0,5_0_1,5_0_2,5_0_3</ver>
<texts><text><lng>de</lng>
<d>Setzt das Thema für einen Channel</d>
</text><text><lng>en</lng>
<d>Set topic for channel on server</d>
</text></texts></PHPModuleRef><PHPModuleRef>
<t>ircg_who</t>
<mn>ircg</mn>
<ft>F</ft>
<ver>4_3_10,4_3_11,4_3_3,4_3_4,4_3_5,4_3_6,4_3_7,4_3_8,4_3_9,4_4_0,4_4_1,4_4_2,4_4_3,4_4_4,4_4_5,4_4_6,5_0_0,5_0_1,5_0_2,5_0_3</ver>
<texts><text><lng>en</lng>
<d>Queries server for WHO information</d>
</text></texts></PHPModuleRef><PHPModuleRef>
<t>ircg_whois</t>
<mn>ircg</mn>
<ft>F</ft>
<ver>4_0_5,4_0_6,4_1_0,4_1_1,4_1_2,4_2_0,4_2_1,4_2_2,4_2_3,4_3_0,4_3_1,4_3_10,4_3_11,4_3_2,4_3_3,4_3_4,4_3_5,4_3_6,4_3_7,4_3_8,4_3_9,4_4_0,4_4_1,4_4_2,4_4_3,4_4_4,4_4_5,4_4_6,5_0_0,5_0_1,5_0_2,5_0_3</ver>
<texts><text><lng>de</lng>
<d>Liefert die Informationüber einen bestimmten Benutzer</d>
</text><text><lng>en</lng>
<d>Query server for user information</d>
</text></texts></PHPModuleRef></PHPModuleRef-List>
