<?xml version="1.0" encoding="utf-8"?>
<PHPModuleRef-List>
<PHPModuleRef>
<t>java_last_exception_clear</t>
<mn>java</mn>
<ft>F</ft>
<ver>4_0_2,4_0_3,4_0_4,4_0_5,4_0_6,4_1_0,4_1_1,4_1_2,4_2_0,4_2_1,4_2_2,4_2_3,4_3_0,4_3_1,4_3_10,4_3_11,4_3_2,4_3_3,4_3_4,4_3_5,4_3_6,4_3_7,4_3_8,4_3_9,4_4_0,4_4_1,4_4_2,4_4_3,4_4_4,4_4_5,4_4_6,4_cvs</ver>
<p4>void java_last_exception_clear(void)</p4>
<p4d>Clear last java extension </p4d>
<texts><text><lng>de</lng>
<d>Letzte Java Exception freigeben</d>
</text><text><lng>en</lng>
<d>Clear last Java exception</d>
</text><text><lng>es</lng>
<d>Borra laúltima excepción de Java</d>
</text></texts></PHPModuleRef><PHPModuleRef>
<t>java_last_exception_get</t>
<mn>java</mn>
<ft>F</ft>
<ver>4_0_2,4_0_3,4_0_4,4_0_5,4_0_6,4_1_0,4_1_1,4_1_2,4_2_0,4_2_1,4_2_2,4_2_3,4_3_0,4_3_1,4_3_10,4_3_11,4_3_2,4_3_3,4_3_4,4_3_5,4_3_6,4_3_7,4_3_8,4_3_9,4_4_0,4_4_1,4_4_2,4_4_3,4_4_4,4_4_5,4_4_6,4_cvs</ver>
<p4>object java_last_exception_get(void)</p4>
<p4d>Get last Java exception </p4d>
<texts><text><lng>de</lng>
<d>Letzte Java Exception holen</d>
</text><text><lng>en</lng>
<d>Get last Java exception</d>
</text><text><lng>es</lng>
<d>Obtiene laúltima excepción de Java</d>
</text></texts></PHPModuleRef></PHPModuleRef-List>
