<?xml version="1.0" encoding="utf-8"?>
<PHPModuleRef-List>
<PHPModuleRef>
<t>ldap_8859_to_t61</t>
<mn>ldap</mn>
<ft>F</ft>
<ver>4_0_2,4_0_3,4_0_4,4_0_5,4_0_6,4_1_0,4_1_1,4_1_2,4_2_0,4_2_1,4_2_2,4_2_3,4_3_0,4_3_1,4_3_10,4_3_11,4_3_2,4_3_3,4_3_4,4_3_5,4_3_6,4_3_7,4_3_8,4_3_9,4_4_0,4_4_1,4_4_2,4_4_3,4_4_4,4_4_5,4_4_6,4_cvs,5_0_0,5_0_1,5_0_2,5_0_3,5_1_0,5_1_1,5_1_2,5_1_3,5_1_4,5_1_5,5_1_6,5_2_0,5_2_1,5_cvs</ver>
<p4>string ldap_8859_to_t61(string value)</p4>
<p4d>Translate 8859 characters to t61 characters </p4d>
<p5>string ldap_8859_to_t61(string value)</p5>
<p5d>Translate 8859 characters to t61 characters </p5d>
<texts><text><lng>de</lng>
<d>Übersetzt 8859 Zeichen nach t61 Zeichen</d>
</text><text><lng>en</lng>
<d>Translate 8859 characters to t61 characters</d>
</text><text><lng>es</lng>
<d>Transforma caracteres en formato 8859 a caracteres en formato t61</d>
</text></texts></PHPModuleRef><PHPModuleRef>
<t>ldap_add</t>
<mn>ldap</mn>
<ft>F</ft>
<ver>4_0_0,4_0_1,4_0_2,4_0_3,4_0_4,4_0_5,4_0_6,4_1_0,4_1_1,4_1_2,4_2_0,4_2_1,4_2_2,4_2_3,4_3_0,4_3_1,4_3_10,4_3_11,4_3_2,4_3_3,4_3_4,4_3_5,4_3_6,4_3_7,4_3_8,4_3_9,4_4_0,4_4_1,4_4_2,4_4_3,4_4_4,4_4_5,4_4_6,4_cvs,5_0_0,5_0_1,5_0_2,5_0_3,5_1_0,5_1_1,5_1_2,5_1_3,5_1_4,5_1_5,5_1_6,5_2_0,5_2_1,5_cvs</ver>
<p4>bool ldap_add(resource link, string dn, array entry)</p4>
<p4d>Add entries to LDAP directory </p4d>
<p5>bool ldap_add(resource link, string dn, array entry)</p5>
<p5d>Add entries to LDAP directory </p5d>
<texts><text><lng>de</lng>
<d>Einträge einem LDAP Verzeichnis hinzufügen</d>
</text><text><lng>en</lng>
<d>Add entries to LDAP directory</d>
</text><text><lng>es</lng>
<d>Añade entradas a un directorio LDAP</d>
</text></texts></PHPModuleRef><PHPModuleRef>
<t>ldap_bind</t>
<mn>ldap</mn>
<ft>F</ft>
<ver>4_0_0,4_0_1,4_0_2,4_0_3,4_0_4,4_0_5,4_0_6,4_1_0,4_1_1,4_1_2,4_2_0,4_2_1,4_2_2,4_2_3,4_3_0,4_3_1,4_3_10,4_3_11,4_3_2,4_3_3,4_3_4,4_3_5,4_3_6,4_3_7,4_3_8,4_3_9,4_4_0,4_4_1,4_4_2,4_4_3,4_4_4,4_4_5,4_4_6,4_cvs,5_0_0,5_0_1,5_0_2,5_0_3,5_1_0,5_1_1,5_1_2,5_1_3,5_1_4,5_1_5,5_1_6,5_2_0,5_2_1,5_cvs</ver>
<p4>bool ldap_bind(resource link [, string dn, string password])</p4>
<p4d>Bind to LDAP directory </p4d>
<p5>bool ldap_bind(resource link [, string dn, string password])</p5>
<p5d>Bind to LDAP directory </p5d>
<texts><text><lng>de</lng>
<d>Bindung zu einem LDAP Verzeichnis</d>
</text><text><lng>en</lng>
<d>Bind to LDAP directory</d>
</text><text><lng>es</lng>
<d>Autenticación en un directorio LDAP</d>
</text></texts></PHPModuleRef><PHPModuleRef>
<t>ldap_close</t>
<mn>ldap</mn>
<ft>A</ft>
<af>ldap_unbind</af>
<ver>4_0_0,4_0_1,4_0_2,4_0_3,4_0_4,4_0_5,4_0_6,4_1_0,4_1_1,4_1_2,4_2_0,4_2_1,4_2_2,4_2_3,4_3_0,4_3_1,4_3_10,4_3_11,4_3_2,4_3_3,4_3_4,4_3_5,4_3_6,4_3_7,4_3_8,4_3_9,4_4_0,4_4_1,4_4_2,4_4_3,4_4_4,4_4_5,4_4_6,4_cvs,5_0_0,5_0_1,5_0_2,5_0_3,5_1_0,5_1_1,5_1_2,5_1_3,5_1_4,5_1_5,5_1_6,5_2_0,5_2_1,5_cvs</ver>
</PHPModuleRef><PHPModuleRef>
<t>ldap_compare</t>
<mn>ldap</mn>
<ft>F</ft>
<ver>4_0_2,4_0_3,4_0_4,4_0_5,4_0_6,4_1_0,4_1_1,4_1_2,4_2_0,4_2_1,4_2_2,4_2_3,4_3_0,4_3_1,4_3_10,4_3_11,4_3_2,4_3_3,4_3_4,4_3_5,4_3_6,4_3_7,4_3_8,4_3_9,4_4_0,4_4_1,4_4_2,4_4_3,4_4_4,4_4_5,4_4_6,4_cvs,5_0_0,5_0_1,5_0_2,5_0_3,5_1_0,5_1_1,5_1_2,5_1_3,5_1_4,5_1_5,5_1_6,5_2_0,5_2_1,5_cvs</ver>
<p4>bool ldap_compare(resource link, string dn, string attr, string value)</p4>
<p4d>Determine if an entry has a specific value for one of its attributes </p4d>
<p5>bool ldap_compare(resource link, string dn, string attr, string value)</p5>
<p5d>Determine if an entry has a specific value for one of its attributes </p5d>
<texts><text><lng>de</lng>
<d>Vergleicht gefundenen Wert eines Merkmal in einem Eintrag, derdurch Angabe von dn bestimmt wird.</d>
</text><text><lng>en</lng>
<d>Compare value of attribute found in entry specified with DN</d>
</text><text><lng>es</lng>
<d>Compara un valor indicado con el valor de un atributo especificado mediante su DN</d>
</text></texts></PHPModuleRef><PHPModuleRef>
<t>ldap_connect</t>
<mn>ldap</mn>
<ft>F</ft>
<ver>4_0_0,4_0_1,4_0_2,4_0_3,4_0_4,4_0_5,4_0_6,4_1_0,4_1_1,4_1_2,4_2_0,4_2_1,4_2_2,4_2_3,4_3_0,4_3_1,4_3_10,4_3_11,4_3_2,4_3_3,4_3_4,4_3_5,4_3_6,4_3_7,4_3_8,4_3_9,4_4_0,4_4_1,4_4_2,4_4_3,4_4_4,4_4_5,4_4_6,4_cvs,5_0_0,5_0_1,5_0_2,5_0_3,5_1_0,5_1_1,5_1_2,5_1_3,5_1_4,5_1_5,5_1_6,5_2_0,5_2_1,5_cvs</ver>
<p4>resource ldap_connect([string host [, int port]])</p4>
<p4d>Connect to an LDAP server </p4d>
<p5>resource ldap_connect([string host [, int port]])</p5>
<p5d>Connect to an LDAP server </p5d>
<texts><text><lng>de</lng>
<d>Verbindung zu einem LDAP Server</d>
</text><text><lng>en</lng>
<d>Connect to an LDAP server</d>
</text><text><lng>es</lng>
<d>Conecta con un servidor LDAP</d>
</text></texts></PHPModuleRef><PHPModuleRef>
<t>ldap_count_entries</t>
<mn>ldap</mn>
<ft>F</ft>
<ver>4_0_0,4_0_1,4_0_2,4_0_3,4_0_4,4_0_5,4_0_6,4_1_0,4_1_1,4_1_2,4_2_0,4_2_1,4_2_2,4_2_3,4_3_0,4_3_1,4_3_10,4_3_11,4_3_2,4_3_3,4_3_4,4_3_5,4_3_6,4_3_7,4_3_8,4_3_9,4_4_0,4_4_1,4_4_2,4_4_3,4_4_4,4_4_5,4_4_6,4_cvs,5_0_0,5_0_1,5_0_2,5_0_3,5_1_0,5_1_1,5_1_2,5_1_3,5_1_4,5_1_5,5_1_6,5_2_0,5_2_1,5_cvs</ver>
<p4>int ldap_count_entries(resource link, resource result)</p4>
<p4d>Count the number of entries in a search result </p4d>
<p5>int ldap_count_entries(resource link, resource result)</p5>
<p5d>Count the number of entries in a search result </p5d>
<texts><text><lng>de</lng>
<d>Zählt die Anzahl der Einträge bei einer Suche</d>
</text><text><lng>en</lng>
<d>Count the number of entries in a search</d>
</text><text><lng>es</lng>
<d>Cuenta el número de entradas de una búsqueda</d>
</text></texts></PHPModuleRef><PHPModuleRef>
<t>ldap_delete</t>
<mn>ldap</mn>
<ft>F</ft>
<ver>4_0_0,4_0_1,4_0_2,4_0_3,4_0_4,4_0_5,4_0_6,4_1_0,4_1_1,4_1_2,4_2_0,4_2_1,4_2_2,4_2_3,4_3_0,4_3_1,4_3_10,4_3_11,4_3_2,4_3_3,4_3_4,4_3_5,4_3_6,4_3_7,4_3_8,4_3_9,4_4_0,4_4_1,4_4_2,4_4_3,4_4_4,4_4_5,4_4_6,4_cvs,5_0_0,5_0_1,5_0_2,5_0_3,5_1_0,5_1_1,5_1_2,5_1_3,5_1_4,5_1_5,5_1_6,5_2_0,5_2_1,5_cvs</ver>
<p4>bool ldap_delete(resource link, string dn)</p4>
<p4d>Delete an entry from a directory </p4d>
<p5>bool ldap_delete(resource link, string dn)</p5>
<p5d>Delete an entry from a directory </p5d>
<texts><text><lng>de</lng>
<d>Löscht einen Eintrag aus einem Verzeichnis</d>
</text><text><lng>en</lng>
<d>Delete an entry from a directory</d>
</text><text><lng>es</lng>
<d>Borra una entrada de un directorio</d>
</text></texts></PHPModuleRef><PHPModuleRef>
<t>ldap_dn2ufn</t>
<mn>ldap</mn>
<ft>F</ft>
<ver>4_0_0,4_0_1,4_0_2,4_0_3,4_0_4,4_0_5,4_0_6,4_1_0,4_1_1,4_1_2,4_2_0,4_2_1,4_2_2,4_2_3,4_3_0,4_3_1,4_3_10,4_3_11,4_3_2,4_3_3,4_3_4,4_3_5,4_3_6,4_3_7,4_3_8,4_3_9,4_4_0,4_4_1,4_4_2,4_4_3,4_4_4,4_4_5,4_4_6,4_cvs,5_0_0,5_0_1,5_0_2,5_0_3,5_1_0,5_1_1,5_1_2,5_1_3,5_1_4,5_1_5,5_1_6,5_2_0,5_2_1,5_cvs</ver>
<p4>string ldap_dn2ufn(string dn)</p4>
<p4d>Convert DN to User Friendly Naming format </p4d>
<p5>string ldap_dn2ufn(string dn)</p5>
<p5d>Convert DN to User Friendly Naming format </p5d>
<texts><text><lng>de</lng>
<d>Konvertiert DN in ein benutzerfreundliches Namensformat</d>
</text><text><lng>en</lng>
<d>Convert DN to User Friendly Naming format</d>
</text><text><lng>es</lng>
<d>Convierte un DN a un formato más legible</d>
</text></texts></PHPModuleRef><PHPModuleRef>
<t>ldap_err2str</t>
<mn>ldap</mn>
<ft>F</ft>
<ver>4_0_0,4_0_1,4_0_2,4_0_3,4_0_4,4_0_5,4_0_6,4_1_0,4_1_1,4_1_2,4_2_0,4_2_1,4_2_2,4_2_3,4_3_0,4_3_1,4_3_10,4_3_11,4_3_2,4_3_3,4_3_4,4_3_5,4_3_6,4_3_7,4_3_8,4_3_9,4_4_0,4_4_1,4_4_2,4_4_3,4_4_4,4_4_5,4_4_6,4_cvs,5_0_0,5_0_1,5_0_2,5_0_3,5_1_0,5_1_1,5_1_2,5_1_3,5_1_4,5_1_5,5_1_6,5_2_0,5_2_1,5_cvs</ver>
<p4>string ldap_err2str(int errno)</p4>
<p4d>Convert error number to error string </p4d>
<p5>string ldap_err2str(int errno)</p5>
<p5d>Convert error number to error string </p5d>
<texts><text><lng>de</lng>
<d>Konvertiert eine LDAP Fehlernummer in einen Fehlertext</d>
</text><text><lng>en</lng>
<d>Convert LDAP error number into string error message</d>
</text><text><lng>es</lng>
<d>Convertir el número de error LDAP a un mensaje de error tipo
  cadena</d>
</text></texts></PHPModuleRef><PHPModuleRef>
<t>ldap_errno</t>
<mn>ldap</mn>
<ft>F</ft>
<ver>4_0_0,4_0_1,4_0_2,4_0_3,4_0_4,4_0_5,4_0_6,4_1_0,4_1_1,4_1_2,4_2_0,4_2_1,4_2_2,4_2_3,4_3_0,4_3_1,4_3_10,4_3_11,4_3_2,4_3_3,4_3_4,4_3_5,4_3_6,4_3_7,4_3_8,4_3_9,4_4_0,4_4_1,4_4_2,4_4_3,4_4_4,4_4_5,4_4_6,4_cvs,5_0_0,5_0_1,5_0_2,5_0_3,5_1_0,5_1_1,5_1_2,5_1_3,5_1_4,5_1_5,5_1_6,5_2_0,5_2_1,5_cvs</ver>
<p4>int ldap_errno(resource link)</p4>
<p4d>Get the current ldap error number </p4d>
<p5>int ldap_errno(resource link)</p5>
<p5d>Get the current ldap error number </p5d>
<texts><text><lng>de</lng>
<d>Liefert die LDAP Fehlernummer des letzten LDAP Kommandos</d>
</text><text><lng>en</lng>
<d>Return the LDAP error number of the last LDAP command</d>
</text><text><lng>es</lng>
<d>Devuelve el número de error LDAP del último comando
  LDAP</d>
</text></texts></PHPModuleRef><PHPModuleRef>
<t>ldap_error</t>
<mn>ldap</mn>
<ft>F</ft>
<ver>4_0_0,4_0_1,4_0_2,4_0_3,4_0_4,4_0_5,4_0_6,4_1_0,4_1_1,4_1_2,4_2_0,4_2_1,4_2_2,4_2_3,4_3_0,4_3_1,4_3_10,4_3_11,4_3_2,4_3_3,4_3_4,4_3_5,4_3_6,4_3_7,4_3_8,4_3_9,4_4_0,4_4_1,4_4_2,4_4_3,4_4_4,4_4_5,4_4_6,4_cvs,5_0_0,5_0_1,5_0_2,5_0_3,5_1_0,5_1_1,5_1_2,5_1_3,5_1_4,5_1_5,5_1_6,5_2_0,5_2_1,5_cvs</ver>
<p4>string ldap_error(resource link)</p4>
<p4d>Get the current ldap error string </p4d>
<p5>string ldap_error(resource link)</p5>
<p5d>Get the current ldap error string </p5d>
<texts><text><lng>de</lng>
<d>Liefert die LDAP Fehlermeldung des letzten LDAP Kommandos</d>
</text><text><lng>en</lng>
<d>Return the LDAP error message of the last LDAP command</d>
</text><text><lng>es</lng>
<d>Devuelve el mensaje de error LDAP delúltimo comando
  LDAP</d>
</text></texts></PHPModuleRef><PHPModuleRef>
<t>ldap_explode_dn</t>
<mn>ldap</mn>
<ft>F</ft>
<ver>4_0_0,4_0_1,4_0_2,4_0_3,4_0_4,4_0_5,4_0_6,4_1_0,4_1_1,4_1_2,4_2_0,4_2_1,4_2_2,4_2_3,4_3_0,4_3_1,4_3_10,4_3_11,4_3_2,4_3_3,4_3_4,4_3_5,4_3_6,4_3_7,4_3_8,4_3_9,4_4_0,4_4_1,4_4_2,4_4_3,4_4_4,4_4_5,4_4_6,4_cvs,5_0_0,5_0_1,5_0_2,5_0_3,5_1_0,5_1_1,5_1_2,5_1_3,5_1_4,5_1_5,5_1_6,5_2_0,5_2_1,5_cvs</ver>
<p4>array ldap_explode_dn(string dn, int with_attrib)</p4>
<p4d>Splits DN into its component parts </p4d>
<p5>array ldap_explode_dn(string dn, int with_attrib)</p5>
<p5d>Splits DN into its component parts </p5d>
<texts><text><lng>de</lng>
<d>Aufteilung eines DN in seine Bestandteile</d>
</text><text><lng>en</lng>
<d>Splits DN into its component parts</d>
</text><text><lng>es</lng>
<d>Divide un DN en las partes que lo componen</d>
</text></texts></PHPModuleRef><PHPModuleRef>
<t>ldap_first_attribute</t>
<mn>ldap</mn>
<ft>F</ft>
<ver>4_0_0,4_0_1,4_0_2,4_0_3,4_0_4,4_0_5,4_0_6,4_1_0,4_1_1,4_1_2,4_2_0,4_2_1,4_2_2,4_2_3,4_3_0,4_3_1,4_3_10,4_3_11,4_3_2,4_3_3,4_3_4,4_3_5,4_3_6,4_3_7,4_3_8,4_3_9,4_4_0,4_4_1,4_4_2,4_4_3,4_4_4,4_4_5,4_4_6,4_cvs,5_0_0,5_0_1,5_0_2,5_0_3,5_1_0,5_1_1,5_1_2,5_1_3,5_1_4,5_1_5,5_1_6,5_2_0,5_2_1,5_cvs</ver>
<p4>string ldap_first_attribute(resource link, resource result_entry, int ber)</p4>
<p4d>Return first attribute </p4d>
<p5>string ldap_first_attribute(resource link, resource result_entry, int ber)</p5>
<p5d>Return first attribute </p5d>
<texts><text><lng>de</lng>
<d>Liefert das erste Merkmal</d>
</text><text><lng>en</lng>
<d>Return first attribute</d>
</text><text><lng>es</lng>
<d>Devuelte el primer atributo</d>
</text></texts></PHPModuleRef><PHPModuleRef>
<t>ldap_first_entry</t>
<mn>ldap</mn>
<ft>F</ft>
<ver>4_0_0,4_0_1,4_0_2,4_0_3,4_0_4,4_0_5,4_0_6,4_1_0,4_1_1,4_1_2,4_2_0,4_2_1,4_2_2,4_2_3,4_3_0,4_3_1,4_3_10,4_3_11,4_3_2,4_3_3,4_3_4,4_3_5,4_3_6,4_3_7,4_3_8,4_3_9,4_4_0,4_4_1,4_4_2,4_4_3,4_4_4,4_4_5,4_4_6,4_cvs,5_0_0,5_0_1,5_0_2,5_0_3,5_1_0,5_1_1,5_1_2,5_1_3,5_1_4,5_1_5,5_1_6,5_2_0,5_2_1,5_cvs</ver>
<p4>resource ldap_first_entry(resource link, resource result)</p4>
<p4d>Return first result id </p4d>
<p5>resource ldap_first_entry(resource link, resource result)</p5>
<p5d>Return first result id </p5d>
<texts><text><lng>de</lng>
<d>Liefert die Kennung des ersten Ergebnisses</d>
</text><text><lng>en</lng>
<d>Return first result id</d>
</text><text><lng>es</lng>
<d>Devuelve el identificador del primer resultado</d>
</text></texts></PHPModuleRef><PHPModuleRef>
<t>ldap_first_reference</t>
<mn>ldap</mn>
<ft>F</ft>
<ver>4_0_5,4_0_6,4_1_0,4_1_1,4_1_2,4_2_0,4_2_1,4_2_2,4_2_3,4_3_0,4_3_1,4_3_10,4_3_11,4_3_2,4_3_3,4_3_4,4_3_5,4_3_6,4_3_7,4_3_8,4_3_9,4_4_0,4_4_1,4_4_2,4_4_3,4_4_4,4_4_5,4_4_6,4_cvs,5_0_0,5_0_1,5_0_2,5_0_3,5_1_0,5_1_1,5_1_2,5_1_3,5_1_4,5_1_5,5_1_6,5_2_0,5_2_1,5_cvs</ver>
<p4>resource ldap_first_reference(resource link, resource result)</p4>
<p4d>Return first reference </p4d>
<p5>resource ldap_first_reference(resource link, resource result)</p5>
<p5d>Return first reference </p5d>
<texts><text><lng>de</lng>
<d>Liefert die erste Referenz</d>
</text><text><lng>en</lng>
<d>Return first reference</d>
</text><text><lng>es</lng>
<d>Devuelve la primera referencia</d>
</text></texts></PHPModuleRef><PHPModuleRef>
<t>ldap_free_result</t>
<mn>ldap</mn>
<ft>F</ft>
<ver>4_0_0,4_0_1,4_0_2,4_0_3,4_0_4,4_0_5,4_0_6,4_1_0,4_1_1,4_1_2,4_2_0,4_2_1,4_2_2,4_2_3,4_3_0,4_3_1,4_3_10,4_3_11,4_3_2,4_3_3,4_3_4,4_3_5,4_3_6,4_3_7,4_3_8,4_3_9,4_4_0,4_4_1,4_4_2,4_4_3,4_4_4,4_4_5,4_4_6,4_cvs,5_0_0,5_0_1,5_0_2,5_0_3,5_1_0,5_1_1,5_1_2,5_1_3,5_1_4,5_1_5,5_1_6,5_2_0,5_2_1,5_cvs</ver>
<p4>bool ldap_free_result(resource result)</p4>
<p4d>Free result memory </p4d>
<p5>bool ldap_free_result(resource result)</p5>
<p5d>Free result memory </p5d>
<texts><text><lng>de</lng>
<d>Gibt den belegten Speicher wieder frei</d>
</text><text><lng>en</lng>
<d>Free result memory</d>
</text><text><lng>es</lng>
<d>Libera la memoria que almacena los resultados</d>
</text></texts></PHPModuleRef><PHPModuleRef>
<t>ldap_get_attributes</t>
<mn>ldap</mn>
<ft>F</ft>
<ver>4_0_0,4_0_1,4_0_2,4_0_3,4_0_4,4_0_5,4_0_6,4_1_0,4_1_1,4_1_2,4_2_0,4_2_1,4_2_2,4_2_3,4_3_0,4_3_1,4_3_10,4_3_11,4_3_2,4_3_3,4_3_4,4_3_5,4_3_6,4_3_7,4_3_8,4_3_9,4_4_0,4_4_1,4_4_2,4_4_3,4_4_4,4_4_5,4_4_6,4_cvs,5_0_0,5_0_1,5_0_2,5_0_3,5_1_0,5_1_1,5_1_2,5_1_3,5_1_4,5_1_5,5_1_6,5_2_0,5_2_1,5_cvs</ver>
<p4>array ldap_get_attributes(resource link, resource result_entry)</p4>
<p4d>Get attributes from a search result entry </p4d>
<p5>array ldap_get_attributes(resource link, resource result_entry)</p5>
<p5d>Get attributes from a search result entry </p5d>
<texts><text><lng>de</lng>
<d>Liefert Merkmale eines Suchergebnis-Eintrags</d>
</text><text><lng>en</lng>
<d>Get attributes from a search result entry</d>
</text><text><lng>es</lng>
<d>Obtiene los atributos de una entrada de un resultado de búsqueda</d>
</text></texts></PHPModuleRef><PHPModuleRef>
<t>ldap_get_dn</t>
<mn>ldap</mn>
<ft>F</ft>
<ver>4_0_0,4_0_1,4_0_2,4_0_3,4_0_4,4_0_5,4_0_6,4_1_0,4_1_1,4_1_2,4_2_0,4_2_1,4_2_2,4_2_3,4_3_0,4_3_1,4_3_10,4_3_11,4_3_2,4_3_3,4_3_4,4_3_5,4_3_6,4_3_7,4_3_8,4_3_9,4_4_0,4_4_1,4_4_2,4_4_3,4_4_4,4_4_5,4_4_6,4_cvs,5_0_0,5_0_1,5_0_2,5_0_3,5_1_0,5_1_1,5_1_2,5_1_3,5_1_4,5_1_5,5_1_6,5_2_0,5_2_1,5_cvs</ver>
<p4>string ldap_get_dn(resource link, resource result_entry)</p4>
<p4d>Get the DN of a result entry </p4d>
<p5>string ldap_get_dn(resource link, resource result_entry)</p5>
<p5d>Get the DN of a result entry </p5d>
<texts><text><lng>de</lng>
<d>Liefert den DN eines Ergebnis-Eintrags</d>
</text><text><lng>en</lng>
<d>Get the DN of a result entry</d>
</text><text><lng>es</lng>
<d>Obtiene el DN de una entrada de un resultado</d>
</text></texts></PHPModuleRef><PHPModuleRef>
<t>ldap_get_entries</t>
<mn>ldap</mn>
<ft>F</ft>
<ver>4_0_0,4_0_1,4_0_2,4_0_3,4_0_4,4_0_5,4_0_6,4_1_0,4_1_1,4_1_2,4_2_0,4_2_1,4_2_2,4_2_3,4_3_0,4_3_1,4_3_10,4_3_11,4_3_2,4_3_3,4_3_4,4_3_5,4_3_6,4_3_7,4_3_8,4_3_9,4_4_0,4_4_1,4_4_2,4_4_3,4_4_4,4_4_5,4_4_6,4_cvs,5_0_0,5_0_1,5_0_2,5_0_3,5_1_0,5_1_1,5_1_2,5_1_3,5_1_4,5_1_5,5_1_6,5_2_0,5_2_1,5_cvs</ver>
<p4>array ldap_get_entries(resource link, resource result)</p4>
<p4d>Get all result entries </p4d>
<p5>array ldap_get_entries(resource link, resource result)</p5>
<p5d>Get all result entries </p5d>
<texts><text><lng>de</lng>
<d>Liefert alle Ergebnis-Einträge</d>
</text><text><lng>en</lng>
<d>Get all result entries</d>
</text><text><lng>es</lng>
<d>Obtiene todas las entradas de un resultado</d>
</text></texts></PHPModuleRef><PHPModuleRef>
<t>ldap_get_option</t>
<mn>ldap</mn>
<ft>F</ft>
<ver>4_0_4,4_0_5,4_0_6,4_1_0,4_1_1,4_1_2,4_2_0,4_2_1,4_2_2,4_2_3,4_3_0,4_3_1,4_3_10,4_3_11,4_3_2,4_3_3,4_3_4,4_3_5,4_3_6,4_3_7,4_3_8,4_3_9,4_4_0,4_4_1,4_4_2,4_4_3,4_4_4,4_4_5,4_4_6,4_cvs,5_0_0,5_0_1,5_0_2,5_0_3,5_1_0,5_1_1,5_1_2,5_1_3,5_1_4,5_1_5,5_1_6,5_2_0,5_2_1,5_cvs</ver>
<p4>bool ldap_get_option(resource link, int option, mixed retval)</p4>
<p4d>Get the current value of various session-wide parameters </p4d>
<p5>bool ldap_get_option(resource link, int option, mixed retval)</p5>
<p5d>Get the current value of various session-wide parameters </p5d>
<texts><text><lng>de</lng>
<d>Liefert den aktuellen Wert für eine gegebene Option</d>
</text><text><lng>en</lng>
<d>Get the current value for given option</d>
</text><text><lng>es</lng>
<d>Obtiene el valor de la opción indicada</d>
</text></texts></PHPModuleRef><PHPModuleRef>
<t>ldap_get_values</t>
<mn>ldap</mn>
<ft>F</ft>
<ver>4_0_0,4_0_1,4_0_2,4_0_3,4_0_4,4_0_5,4_0_6,4_1_0,4_1_1,4_1_2,4_2_0,4_2_1,4_2_2,4_2_3,4_3_0,4_3_1,4_3_10,4_3_11,4_3_2,4_3_3,4_3_4,4_3_5,4_3_6,4_3_7,4_3_8,4_3_9,4_4_0,4_4_1,4_4_2,4_4_3,4_4_4,4_4_5,4_4_6,4_cvs,5_0_0,5_0_1,5_0_2,5_0_3,5_1_0,5_1_1,5_1_2,5_1_3,5_1_4,5_1_5,5_1_6,5_2_0,5_2_1,5_cvs</ver>
<p4>array ldap_get_values(resource link, resource result_entry, string attribute)</p4>
<p4d>Get all values from a result entry </p4d>
<texts><text><lng>de</lng>
<d>Liefert alle Werte eines Ergebnis-Eintrags</d>
</text><text><lng>en</lng>
<d>Get all values from a result entry</d>
</text><text><lng>es</lng>
<d>Obtiene todos los valores de una entrada de un resultado</d>
</text></texts></PHPModuleRef><PHPModuleRef>
<t>ldap_get_values_len</t>
<mn>ldap</mn>
<ft>F</ft>
<ver>4_0_0,4_0_1,4_0_2,4_0_3,4_0_4,4_0_5,4_0_6,4_1_0,4_1_1,4_1_2,4_2_0,4_2_1,4_2_2,4_2_3,4_3_0,4_3_1,4_3_10,4_3_11,4_3_2,4_3_3,4_3_4,4_3_5,4_3_6,4_3_7,4_3_8,4_3_9,4_4_0,4_4_1,4_4_2,4_4_3,4_4_4,4_4_5,4_4_6,4_cvs,5_0_0,5_0_1,5_0_2,5_0_3,5_1_0,5_1_1,5_1_2,5_1_3,5_1_4,5_1_5,5_1_6,5_2_0,5_2_1,5_cvs</ver>
<p4>array ldap_get_values_len(resource link, resource result_entry, string attribute)</p4>
<p4d>Get all values with lengths from a result entry </p4d>
<p5>array ldap_get_values_len(resource link, resource result_entry, string attribute)</p5>
<p5d>Get all values with lengths from a result entry </p5d>
<texts><text><lng>de</lng>
<d>Liefert alle binären Werte eines Ergebnis-Eintrags</d>
</text><text><lng>en</lng>
<d>Get all binary values from a result entry</d>
</text><text><lng>es</lng>
<d>Obtiene todos los valores binarios de un atributo de una entrada de un resultado</d>
</text></texts></PHPModuleRef><PHPModuleRef>
<t>ldap_list</t>
<mn>ldap</mn>
<ft>F</ft>
<ver>4_0_0,4_0_1,4_0_2,4_0_3,4_0_4,4_0_5,4_0_6,4_1_0,4_1_1,4_1_2,4_2_0,4_2_1,4_2_2,4_2_3,4_3_0,4_3_1,4_3_10,4_3_11,4_3_2,4_3_3,4_3_4,4_3_5,4_3_6,4_3_7,4_3_8,4_3_9,4_4_0,4_4_1,4_4_2,4_4_3,4_4_4,4_4_5,4_4_6,4_cvs,5_0_0,5_0_1,5_0_2,5_0_3,5_1_0,5_1_1,5_1_2,5_1_3,5_1_4,5_1_5,5_1_6,5_2_0,5_2_1,5_cvs</ver>
<p4>resource ldap_list(resource link, string base_dn, string filter [, array attrs [, int attrsonly [, i</p4>
<p4d>Single-level search </p4d>
<p5>resource ldap_list(resource link, string base_dn, string filter [, array attrs [, int attrsonly [, i</p5>
<p5d>Single-level search </p5d>
<texts><text><lng>de</lng>
<d>Einstufige Suche</d>
</text><text><lng>en</lng>
<d>Single-level search</d>
</text><text><lng>es</lng>
<d>Búsqueda de nivel único</d>
</text></texts></PHPModuleRef><PHPModuleRef>
<t>ldap_modify</t>
<mn>ldap</mn>
<ft>F</ft>
<ver>4_0_0,4_0_1,4_0_2,4_0_3,4_0_4,4_0_5,4_0_6,4_1_0,4_1_1,4_1_2,4_2_0,4_2_1,4_2_2,4_2_3,4_3_0,4_3_1,4_3_10,4_3_11,4_3_2,4_3_3,4_3_4,4_3_5,4_3_6,4_3_7,4_3_8,4_3_9,4_4_0,4_4_1,4_4_2,4_4_3,4_4_4,4_4_5,4_4_6,4_cvs,5_0_0,5_0_1,5_0_2,5_0_3,5_1_0,5_1_1,5_1_2,5_1_3,5_1_4,5_1_5,5_1_6,5_2_0,5_2_1,5_cvs</ver>
<texts><text><lng>de</lng>
<d>Verändern eines LDAP-Eintrags</d>
</text><text><lng>en</lng>
<d>Modify an LDAP entry</d>
</text><text><lng>es</lng>
<d>Modifica una entrada LDAP</d>
</text></texts></PHPModuleRef><PHPModuleRef>
<t>ldap_mod_add</t>
<mn>ldap</mn>
<ft>F</ft>
<ver>4_0_0,4_0_1,4_0_2,4_0_3,4_0_4,4_0_5,4_0_6,4_1_0,4_1_1,4_1_2,4_2_0,4_2_1,4_2_2,4_2_3,4_3_0,4_3_1,4_3_10,4_3_11,4_3_2,4_3_3,4_3_4,4_3_5,4_3_6,4_3_7,4_3_8,4_3_9,4_4_0,4_4_1,4_4_2,4_4_3,4_4_4,4_4_5,4_4_6,4_cvs,5_0_0,5_0_1,5_0_2,5_0_3,5_1_0,5_1_1,5_1_2,5_1_3,5_1_4,5_1_5,5_1_6,5_2_0,5_2_1,5_cvs</ver>
<p4>bool ldap_mod_add(resource link, string dn, array entry)</p4>
<p4d>Add attribute values to current </p4d>
<p5>bool ldap_mod_add(resource link, string dn, array entry)</p5>
<p5d>Add attribute values to current </p5d>
<texts><text><lng>de</lng>
<d>Hinzufügen von Merkmalswerten zu aktuellen Merkmalen</d>
</text><text><lng>en</lng>
<d>Add attribute values to current attributes</d>
</text><text><lng>es</lng>
<d>Añade valores a los atributos</d>
</text></texts></PHPModuleRef><PHPModuleRef>
<t>ldap_mod_del</t>
<mn>ldap</mn>
<ft>F</ft>
<ver>4_0_0,4_0_1,4_0_2,4_0_3,4_0_4,4_0_5,4_0_6,4_1_0,4_1_1,4_1_2,4_2_0,4_2_1,4_2_2,4_2_3,4_3_0,4_3_1,4_3_10,4_3_11,4_3_2,4_3_3,4_3_4,4_3_5,4_3_6,4_3_7,4_3_8,4_3_9,4_4_0,4_4_1,4_4_2,4_4_3,4_4_4,4_4_5,4_4_6,4_cvs,5_0_0,5_0_1,5_0_2,5_0_3,5_1_0,5_1_1,5_1_2,5_1_3,5_1_4,5_1_5,5_1_6,5_2_0,5_2_1,5_cvs</ver>
<p4>bool ldap_mod_del(resource link, string dn, array entry)</p4>
<p4d>Delete attribute values </p4d>
<p5>bool ldap_mod_del(resource link, string dn, array entry)</p5>
<p5d>Delete attribute values </p5d>
<texts><text><lng>de</lng>
<d>Löschen von Merkmalswerten aktueller Merkmale</d>
</text><text><lng>en</lng>
<d>Delete attribute values from current attributes</d>
</text><text><lng>es</lng>
<d>Borra valores de atributos</d>
</text></texts></PHPModuleRef><PHPModuleRef>
<t>ldap_mod_replace</t>
<mn>ldap</mn>
<ft>F</ft>
<ver>4_0_0,4_0_1,4_0_2,4_0_3,4_0_4,4_0_5,4_0_6,4_1_0,4_1_1,4_1_2,4_2_0,4_2_1,4_2_2,4_2_3,4_3_0,4_3_1,4_3_10,4_3_11,4_3_2,4_3_3,4_3_4,4_3_5,4_3_6,4_3_7,4_3_8,4_3_9,4_4_0,4_4_1,4_4_2,4_4_3,4_4_4,4_4_5,4_4_6,4_cvs,5_0_0,5_0_1,5_0_2,5_0_3,5_1_0,5_1_1,5_1_2,5_1_3,5_1_4,5_1_5,5_1_6,5_2_0,5_2_1,5_cvs</ver>
<p4>bool ldap_mod_replace(resource link, string dn, array entry)</p4>
<p4d>Replace attribute values with new ones </p4d>
<p5>bool ldap_mod_replace(resource link, string dn, array entry)</p5>
<p5d>Replace attribute values with new ones </p5d>
<texts><text><lng>de</lng>
<d>Ersetzen von Merkmalswerten mit neuen Merkmalswerten</d>
</text><text><lng>en</lng>
<d>Replace attribute values with new ones</d>
</text><text><lng>es</lng>
<d>Reemplaza valores de atributos</d>
</text></texts></PHPModuleRef><PHPModuleRef>
<t>ldap_next_attribute</t>
<mn>ldap</mn>
<ft>F</ft>
<ver>4_0_0,4_0_1,4_0_2,4_0_3,4_0_4,4_0_5,4_0_6,4_1_0,4_1_1,4_1_2,4_2_0,4_2_1,4_2_2,4_2_3,4_3_0,4_3_1,4_3_10,4_3_11,4_3_2,4_3_3,4_3_4,4_3_5,4_3_6,4_3_7,4_3_8,4_3_9,4_4_0,4_4_1,4_4_2,4_4_3,4_4_4,4_4_5,4_4_6,4_cvs,5_0_0,5_0_1,5_0_2,5_0_3,5_1_0,5_1_1,5_1_2,5_1_3,5_1_4,5_1_5,5_1_6,5_2_0,5_2_1,5_cvs</ver>
<p4>string ldap_next_attribute(resource link, resource result_entry, resource ber)</p4>
<p4d>Get the next attribute in result </p4d>
<p5>string ldap_next_attribute(resource link, resource result_entry, resource ber)</p5>
<p5d>Get the next attribute in result </p5d>
<texts><text><lng>de</lng>
<d>Liefert das nächste Merkmal im Ergebnis</d>
</text><text><lng>en</lng>
<d>Get the next attribute in result</d>
</text><text><lng>es</lng>
<d>Obtiene el siguiente atributo de una entrada de un resultado</d>
</text></texts></PHPModuleRef><PHPModuleRef>
<t>ldap_next_entry</t>
<mn>ldap</mn>
<ft>F</ft>
<ver>4_0_0,4_0_1,4_0_2,4_0_3,4_0_4,4_0_5,4_0_6,4_1_0,4_1_1,4_1_2,4_2_0,4_2_1,4_2_2,4_2_3,4_3_0,4_3_1,4_3_10,4_3_11,4_3_2,4_3_3,4_3_4,4_3_5,4_3_6,4_3_7,4_3_8,4_3_9,4_4_0,4_4_1,4_4_2,4_4_3,4_4_4,4_4_5,4_4_6,4_cvs,5_0_0,5_0_1,5_0_2,5_0_3,5_1_0,5_1_1,5_1_2,5_1_3,5_1_4,5_1_5,5_1_6,5_2_0,5_2_1,5_cvs</ver>
<p4>resource ldap_next_entry(resource link, resource result_entry)</p4>
<p4d>Get next result entry </p4d>
<p5>resource ldap_next_entry(resource link, resource result_entry)</p5>
<p5d>Get next result entry </p5d>
<texts><text><lng>de</lng>
<d>Liefert den nächsten Eintrag des Ergebnisses</d>
</text><text><lng>en</lng>
<d>Get next result entry</d>
</text><text><lng>es</lng>
<d>Obtiene la siguiente entrada de un resultado</d>
</text></texts></PHPModuleRef><PHPModuleRef>
<t>ldap_next_reference</t>
<mn>ldap</mn>
<ft>F</ft>
<ver>4_0_5,4_0_6,4_1_0,4_1_1,4_1_2,4_2_0,4_2_1,4_2_2,4_2_3,4_3_0,4_3_1,4_3_10,4_3_11,4_3_2,4_3_3,4_3_4,4_3_5,4_3_6,4_3_7,4_3_8,4_3_9,4_4_0,4_4_1,4_4_2,4_4_3,4_4_4,4_4_5,4_4_6,4_cvs,5_0_0,5_0_1,5_0_2,5_0_3,5_1_0,5_1_1,5_1_2,5_1_3,5_1_4,5_1_5,5_1_6,5_2_0,5_2_1,5_cvs</ver>
<p4>resource ldap_next_reference(resource link, resource reference_entry)</p4>
<p4d>Get next reference </p4d>
<p5>resource ldap_next_reference(resource link, resource reference_entry)</p5>
<p5d>Get next reference </p5d>
<texts><text><lng>de</lng>
<d>Holt die nächste Referenz</d>
</text><text><lng>en</lng>
<d>Get next reference</d>
</text><text><lng>es</lng>
<d>Obtiene la siguiente referencia</d>
</text></texts></PHPModuleRef><PHPModuleRef>
<t>ldap_parse_reference</t>
<mn>ldap</mn>
<ft>F</ft>
<ver>4_0_5,4_0_6,4_1_0,4_1_1,4_1_2,4_2_0,4_2_1,4_2_2,4_2_3,4_3_0,4_3_1,4_3_10,4_3_11,4_3_2,4_3_3,4_3_4,4_3_5,4_3_6,4_3_7,4_3_8,4_3_9,4_4_0,4_4_1,4_4_2,4_4_3,4_4_4,4_4_5,4_4_6,4_cvs,5_0_0,5_0_1,5_0_2,5_0_3,5_1_0,5_1_1,5_1_2,5_1_3,5_1_4,5_1_5,5_1_6,5_2_0,5_2_1,5_cvs</ver>
<p4>bool ldap_parse_reference(resource link, resource reference_entry, array referrals)</p4>
<p4d>Extract information from reference entry </p4d>
<p5>bool ldap_parse_reference(resource link, resource reference_entry, array referrals)</p5>
<p5d>Extract information from reference entry </p5d>
<texts><text><lng>de</lng>
<d>Gewinnt Informationen aus einem Referenz-Eintrag</d>
</text><text><lng>en</lng>
<d>Extract information from reference entry</d>
</text><text><lng>es</lng>
<d>Obtiene información de la entrada de referencia</d>
</text></texts></PHPModuleRef><PHPModuleRef>
<t>ldap_parse_result</t>
<mn>ldap</mn>
<ft>F</ft>
<ver>4_0_5,4_0_6,4_1_0,4_1_1,4_1_2,4_2_0,4_2_1,4_2_2,4_2_3,4_3_0,4_3_1,4_3_10,4_3_11,4_3_2,4_3_3,4_3_4,4_3_5,4_3_6,4_3_7,4_3_8,4_3_9,4_4_0,4_4_1,4_4_2,4_4_3,4_4_4,4_4_5,4_4_6,4_cvs,5_0_0,5_0_1,5_0_2,5_0_3,5_1_0,5_1_1,5_1_2,5_1_3,5_1_4,5_1_5,5_1_6,5_2_0,5_2_1,5_cvs</ver>
<p4>bool ldap_parse_result(resource link, resource result, int errcode, string matcheddn, string errmsg,</p4>
<p4d>Extract information from result </p4d>
<p5>bool ldap_parse_result(resource link, resource result, int errcode, string matcheddn, string errmsg,</p5>
<p5d>Extract information from result </p5d>
<texts><text><lng>de</lng>
<d>Gewinnt Informationen aus einem Ergebnis</d>
</text><text><lng>en</lng>
<d>Extract information from result</d>
</text><text><lng>es</lng>
<d>Obtiene información de un resultado</d>
</text></texts></PHPModuleRef><PHPModuleRef>
<t>ldap_read</t>
<mn>ldap</mn>
<ft>F</ft>
<ver>4_0_0,4_0_1,4_0_2,4_0_3,4_0_4,4_0_5,4_0_6,4_1_0,4_1_1,4_1_2,4_2_0,4_2_1,4_2_2,4_2_3,4_3_0,4_3_1,4_3_10,4_3_11,4_3_2,4_3_3,4_3_4,4_3_5,4_3_6,4_3_7,4_3_8,4_3_9,4_4_0,4_4_1,4_4_2,4_4_3,4_4_4,4_4_5,4_4_6,4_cvs,5_0_0,5_0_1,5_0_2,5_0_3,5_1_0,5_1_1,5_1_2,5_1_3,5_1_4,5_1_5,5_1_6,5_2_0,5_2_1,5_cvs</ver>
<p4>resource ldap_read(resource link, string base_dn, string filter [, array attrs [, int attrsonly [, i</p4>
<p4d>Read an entry </p4d>
<p5>resource ldap_read(resource link, string base_dn, string filter [, array attrs [, int attrsonly [, i</p5>
<p5d>Read an entry </p5d>
<texts><text><lng>de</lng>
<d>Lesen eines Eintrags</d>
</text><text><lng>en</lng>
<d>Read an entry</d>
</text><text><lng>es</lng>
<d>Lee una entrada</d>
</text></texts></PHPModuleRef><PHPModuleRef>
<t>ldap_rename</t>
<mn>ldap</mn>
<ft>F</ft>
<ver>4_0_5,4_0_6,4_1_0,4_1_1,4_1_2,4_2_0,4_2_1,4_2_2,4_2_3,4_3_0,4_3_1,4_3_10,4_3_11,4_3_2,4_3_3,4_3_4,4_3_5,4_3_6,4_3_7,4_3_8,4_3_9,4_4_0,4_4_1,4_4_2,4_4_3,4_4_4,4_4_5,4_4_6,4_cvs,5_0_0,5_0_1,5_0_2,5_0_3,5_1_0,5_1_1,5_1_2,5_1_3,5_1_4,5_1_5,5_1_6,5_2_0,5_2_1,5_cvs</ver>
<p4>bool ldap_rename(resource link, string dn, string newrdn, string newparent, bool deleteoldrdn);</p4>
<p4d>Modify the name of an entry </p4d>
<p5>bool ldap_rename(resource link, string dn, string newrdn, string newparent, bool deleteoldrdn);</p5>
<p5d>Modify the name of an entry </p5d>
<texts><text><lng>de</lng>
<d>Verändert den Namen eines Eintrags</d>
</text><text><lng>en</lng>
<d>Modify the name of an entry</d>
</text><text><lng>es</lng>
<d>Modifica el nombre de una entrada</d>
</text></texts></PHPModuleRef><PHPModuleRef>
<t>ldap_sasl_bind</t>
<mn>ldap</mn>
<ft>F</ft>
<ver>5_0_0,5_0_1,5_0_2,5_0_3,5_1_0,5_1_1,5_1_2,5_1_3,5_1_4,5_1_5,5_1_6,5_2_0,5_2_1,5_cvs</ver>
<p5>bool ldap_sasl_bind(resource link [, string binddn, string password, string sasl_mech, string sasl_r</p5>
<p5d>Bind to LDAP directory using SASL </p5d>
<texts><text><lng>en</lng>
<d>Bind to LDAP directory using SASL</d>
</text><text><lng>es</lng>
<d>Autenticarse en un directorio LDAP empleando SASL</d>
</text></texts></PHPModuleRef><PHPModuleRef>
<t>ldap_search</t>
<mn>ldap</mn>
<ft>F</ft>
<ver>4_0_0,4_0_1,4_0_2,4_0_3,4_0_4,4_0_5,4_0_6,4_1_0,4_1_1,4_1_2,4_2_0,4_2_1,4_2_2,4_2_3,4_3_0,4_3_1,4_3_10,4_3_11,4_3_2,4_3_3,4_3_4,4_3_5,4_3_6,4_3_7,4_3_8,4_3_9,4_4_0,4_4_1,4_4_2,4_4_3,4_4_4,4_4_5,4_4_6,4_cvs,5_0_0,5_0_1,5_0_2,5_0_3,5_1_0,5_1_1,5_1_2,5_1_3,5_1_4,5_1_5,5_1_6,5_2_0,5_2_1,5_cvs</ver>
<p4>resource ldap_search(resource link, string base_dn, string filter [, array attrs [, int attrsonly [,</p4>
<p4d>Search LDAP tree under base_dn </p4d>
<p5>resource ldap_search(resource link, string base_dn, string filter [, array attrs [, int attrsonly [,</p5>
<p5d>Search LDAP tree under base_dn </p5d>
<texts><text><lng>de</lng>
<d>Suche im LDAP Baum</d>
</text><text><lng>en</lng>
<d>Search LDAP tree</d>
</text><text><lng>es</lng>
<d>Busca en un arbol LDAP</d>
</text></texts></PHPModuleRef><PHPModuleRef>
<t>ldap_set_option</t>
<mn>ldap</mn>
<ft>F</ft>
<ver>4_0_4,4_0_5,4_0_6,4_1_0,4_1_1,4_1_2,4_2_0,4_2_1,4_2_2,4_2_3,4_3_0,4_3_1,4_3_10,4_3_11,4_3_2,4_3_3,4_3_4,4_3_5,4_3_6,4_3_7,4_3_8,4_3_9,4_4_0,4_4_1,4_4_2,4_4_3,4_4_4,4_4_5,4_4_6,4_cvs,5_0_0,5_0_1,5_0_2,5_0_3,5_1_0,5_1_1,5_1_2,5_1_3,5_1_4,5_1_5,5_1_6,5_2_0,5_2_1,5_cvs</ver>
<p4>bool ldap_set_option(resource link, int option, mixed newval)</p4>
<p4d>Set the value of various session-wide parameters </p4d>
<p5>bool ldap_set_option(resource link, int option, mixed newval)</p5>
<p5d>Set the value of various session-wide parameters </p5d>
<texts><text><lng>de</lng>
<d>Setzt den Wert der gegebenen Option</d>
</text><text><lng>en</lng>
<d>Set the value of the given option</d>
</text><text><lng>es</lng>
<d>Establece el valor de la opción indicada</d>
</text></texts></PHPModuleRef><PHPModuleRef>
<t>ldap_set_rebind_proc</t>
<mn>ldap</mn>
<ft>F</ft>
<ver>4_2_0,4_2_1,4_2_2,4_2_3,4_3_0,4_3_1,4_3_10,4_3_11,4_3_2,4_3_3,4_3_4,4_3_5,4_3_6,4_3_7,4_3_8,4_3_9,4_4_0,4_4_1,4_4_2,4_4_3,4_4_4,4_4_5,4_4_6,4_cvs,5_0_0,5_0_1,5_0_2,5_0_3,5_1_0,5_1_1,5_1_2,5_1_3,5_1_4,5_1_5,5_1_6,5_2_0,5_2_1,5_cvs</ver>
<p4>bool ldap_set_rebind_proc(resource link, string callback)</p4>
<p4d>Set a callback function to do re-binds on referral chasing. </p4d>
<p5>bool ldap_set_rebind_proc(resource link, string callback)</p5>
<p5d>Set a callback function to do re-binds on referral chasing. </p5d>
<texts><text><lng>de</lng>
<d>Set a callback function to do re-binds on referral chasing.</d>
</text><text><lng>en</lng>
<d>Set a callback function to do re-binds on referral chasing</d>
</text><text><lng>es</lng>
<d>Indica la funció de callback a utilizar en caso de tener que volver a realizar la autenticación con el servidor.</d>
</text></texts></PHPModuleRef><PHPModuleRef>
<t>ldap_sort</t>
<mn>ldap</mn>
<ft>F</ft>
<ver>4_2_0,4_2_1,4_2_2,4_2_3,4_3_0,4_3_1,4_3_10,4_3_11,4_3_2,4_3_3,4_3_4,4_3_5,4_3_6,4_3_7,4_3_8,4_3_9,4_4_0,4_4_1,4_4_2,4_4_3,4_4_4,4_4_5,4_4_6,4_cvs,5_0_0,5_0_1,5_0_2,5_0_3,5_1_0,5_1_1,5_1_2,5_1_3,5_1_4,5_1_5,5_1_6,5_2_0,5_2_1,5_cvs</ver>
<p4>bool ldap_sort(resource link, resource result, string sortfilter)</p4>
<p4d>Sort LDAP result entries </p4d>
<p5>bool ldap_sort(resource link, resource result, string sortfilter)</p5>
<p5d>Sort LDAP result entries </p5d>
<texts><text><lng>de</lng>
<d>Sortiert LDAP Ergebniseinträge</d>
</text><text><lng>en</lng>
<d>Sort LDAP result entries</d>
</text><text><lng>es</lng>
<d>Ordena las entradas de un resultado de búsqueda LDAP</d>
</text></texts></PHPModuleRef><PHPModuleRef>
<t>ldap_start_tls</t>
<mn>ldap</mn>
<ft>F</ft>
<ver>4_2_0,4_2_1,4_2_2,4_2_3,4_3_0,4_3_1,4_3_10,4_3_11,4_3_2,4_3_3,4_3_4,4_3_5,4_3_6,4_3_7,4_3_8,4_3_9,4_4_0,4_4_1,4_4_2,4_4_3,4_4_4,4_4_5,4_4_6,4_cvs,5_0_0,5_0_1,5_0_2,5_0_3,5_1_0,5_1_1,5_1_2,5_1_3,5_1_4,5_1_5,5_1_6,5_2_0,5_2_1,5_cvs</ver>
<p4>bool ldap_start_tls(resource link)</p4>
<p4d>Start TLS </p4d>
<p5>bool ldap_start_tls(resource link)</p5>
<p5d>Start TLS </p5d>
<texts><text><lng>de</lng>
<d>Startet TLS</d>
</text><text><lng>en</lng>
<d>Start TLS</d>
</text><text><lng>es</lng>
<d>Inicia TLS</d>
</text></texts></PHPModuleRef><PHPModuleRef>
<t>ldap_t61_to_8859</t>
<mn>ldap</mn>
<ft>F</ft>
<ver>4_0_2,4_0_3,4_0_4,4_0_5,4_0_6,4_1_0,4_1_1,4_1_2,4_2_0,4_2_1,4_2_2,4_2_3,4_3_0,4_3_1,4_3_10,4_3_11,4_3_2,4_3_3,4_3_4,4_3_5,4_3_6,4_3_7,4_3_8,4_3_9,4_4_0,4_4_1,4_4_2,4_4_3,4_4_4,4_4_5,4_4_6,4_cvs,5_0_0,5_0_1,5_0_2,5_0_3,5_1_0,5_1_1,5_1_2,5_1_3,5_1_4,5_1_5,5_1_6,5_2_0,5_2_1,5_cvs</ver>
<p4>string ldap_t61_to_8859(string value)</p4>
<p4d>Translate t61 characters to 8859 characters </p4d>
<p5>string ldap_t61_to_8859(string value)</p5>
<p5d>Translate t61 characters to 8859 characters </p5d>
<texts><text><lng>de</lng>
<d>Übersetzt t61 Zeichen nach 8859 Zeichen</d>
</text><text><lng>en</lng>
<d>Translate t61 characters to 8859 characters</d>
</text><text><lng>es</lng>
<d>Transforma caracteres en formato t61 a caracteres en formato 8859</d>
</text></texts></PHPModuleRef><PHPModuleRef>
<t>ldap_unbind</t>
<mn>ldap</mn>
<ft>F</ft>
<ver>4_0_0,4_0_1,4_0_2,4_0_3,4_0_4,4_0_5,4_0_6,4_1_0,4_1_1,4_1_2,4_2_0,4_2_1,4_2_2,4_2_3,4_3_0,4_3_1,4_3_10,4_3_11,4_3_2,4_3_3,4_3_4,4_3_5,4_3_6,4_3_7,4_3_8,4_3_9,4_4_0,4_4_1,4_4_2,4_4_3,4_4_4,4_4_5,4_4_6,4_cvs,5_0_0,5_0_1,5_0_2,5_0_3,5_1_0,5_1_1,5_1_2,5_1_3,5_1_4,5_1_5,5_1_6,5_2_0,5_2_1,5_cvs</ver>
<p4>bool ldap_unbind(resource link)</p4>
<p4d>Unbind from LDAP directory </p4d>
<p5>bool ldap_unbind(resource link)</p5>
<p5d>Unbind from LDAP directory </p5d>
<texts><text><lng>de</lng>
<d>Unbind von einem LDAP Verzeichnis</d>
</text><text><lng>en</lng>
<d>Unbind from LDAP directory</d>
</text><text><lng>es</lng>
<d>Desconectarse de un directorio LDAP</d>
</text></texts></PHPModuleRef><PHPModuleRef>
<t>GSLC_SSL_NO_AUTH</t>
<mn>ldap</mn>
<ft>C</ft>
<p4>integer GSLC_SSL_NO_AUTH</p4>
<p5>integer GSLC_SSL_NO_AUTH</p5>
</PHPModuleRef><PHPModuleRef>
<t>GSLC_SSL_ONEWAY_AUTH</t>
<mn>ldap</mn>
<ft>C</ft>
<p4>integer GSLC_SSL_ONEWAY_AUTH</p4>
<p5>integer GSLC_SSL_ONEWAY_AUTH</p5>
</PHPModuleRef><PHPModuleRef>
<t>GSLC_SSL_TWOWAY_AUTH</t>
<mn>ldap</mn>
<ft>C</ft>
<p4>integer GSLC_SSL_TWOWAY_AUTH</p4>
<p5>integer GSLC_SSL_TWOWAY_AUTH</p5>
</PHPModuleRef><PHPModuleRef>
<t>LDAP_DEREF_ALWAYS</t>
<mn>ldap</mn>
<ft>C</ft>
<p4>integer LDAP_DEREF_ALWAYS</p4>
<p5>integer LDAP_DEREF_ALWAYS</p5>
</PHPModuleRef><PHPModuleRef>
<t>LDAP_DEREF_FINDING</t>
<mn>ldap</mn>
<ft>C</ft>
<p4>integer LDAP_DEREF_FINDING</p4>
<p5>integer LDAP_DEREF_FINDING</p5>
</PHPModuleRef><PHPModuleRef>
<t>LDAP_DEREF_NEVER</t>
<mn>ldap</mn>
<ft>C</ft>
<p4>integer LDAP_DEREF_NEVER</p4>
<p5>integer LDAP_DEREF_NEVER</p5>
</PHPModuleRef><PHPModuleRef>
<t>LDAP_DEREF_SEARCHING</t>
<mn>ldap</mn>
<ft>C</ft>
<p4>integer LDAP_DEREF_SEARCHING</p4>
<p5>integer LDAP_DEREF_SEARCHING</p5>
</PHPModuleRef><PHPModuleRef>
<t>LDAP_OPT_CLIENT_CONTROLS</t>
<mn>ldap</mn>
<ft>C</ft>
<p4>integer LDAP_OPT_CLIENT_CONTROLS</p4>
<p5>integer LDAP_OPT_CLIENT_CONTROLS</p5>
</PHPModuleRef><PHPModuleRef>
<t>LDAP_OPT_DEBUG_LEVEL</t>
<mn>ldap</mn>
<ft>C</ft>
<p4>integer LDAP_OPT_DEBUG_LEVEL</p4>
<p5>integer LDAP_OPT_DEBUG_LEVEL</p5>
</PHPModuleRef><PHPModuleRef>
<t>LDAP_OPT_DEREF</t>
<mn>ldap</mn>
<ft>C</ft>
<p4>integer LDAP_OPT_DEREF</p4>
<p5>integer LDAP_OPT_DEREF</p5>
</PHPModuleRef><PHPModuleRef>
<t>LDAP_OPT_ERROR_NUMBER</t>
<mn>ldap</mn>
<ft>C</ft>
<p4>integer LDAP_OPT_ERROR_NUMBER</p4>
<p5>integer LDAP_OPT_ERROR_NUMBER</p5>
</PHPModuleRef><PHPModuleRef>
<t>LDAP_OPT_ERROR_STRING</t>
<mn>ldap</mn>
<ft>C</ft>
<p4>integer LDAP_OPT_ERROR_STRING</p4>
<p5>integer LDAP_OPT_ERROR_STRING</p5>
</PHPModuleRef><PHPModuleRef>
<t>LDAP_OPT_HOST_NAME</t>
<mn>ldap</mn>
<ft>C</ft>
<p4>integer LDAP_OPT_HOST_NAME</p4>
<p5>integer LDAP_OPT_HOST_NAME</p5>
</PHPModuleRef><PHPModuleRef>
<t>LDAP_OPT_MATCHED_DN</t>
<mn>ldap</mn>
<ft>C</ft>
<p4>integer LDAP_OPT_MATCHED_DN</p4>
<p5>integer LDAP_OPT_MATCHED_DN</p5>
</PHPModuleRef><PHPModuleRef>
<t>LDAP_OPT_PROTOCOL_VERSION</t>
<mn>ldap</mn>
<ft>C</ft>
<p4>integer LDAP_OPT_PROTOCOL_VERSION</p4>
<p5>integer LDAP_OPT_PROTOCOL_VERSION</p5>
</PHPModuleRef><PHPModuleRef>
<t>LDAP_OPT_REFERRALS</t>
<mn>ldap</mn>
<ft>C</ft>
<p4>integer LDAP_OPT_REFERRALS</p4>
<p5>integer LDAP_OPT_REFERRALS</p5>
</PHPModuleRef><PHPModuleRef>
<t>LDAP_OPT_RESTART</t>
<mn>ldap</mn>
<ft>C</ft>
<p4>integer LDAP_OPT_RESTART</p4>
<p5>integer LDAP_OPT_RESTART</p5>
</PHPModuleRef><PHPModuleRef>
<t>LDAP_OPT_SERVER_CONTROLS</t>
<mn>ldap</mn>
<ft>C</ft>
<p4>integer LDAP_OPT_SERVER_CONTROLS</p4>
<p5>integer LDAP_OPT_SERVER_CONTROLS</p5>
</PHPModuleRef><PHPModuleRef>
<t>LDAP_OPT_SIZELIMIT</t>
<mn>ldap</mn>
<ft>C</ft>
<p4>integer LDAP_OPT_SIZELIMIT</p4>
<p5>integer LDAP_OPT_SIZELIMIT</p5>
</PHPModuleRef><PHPModuleRef>
<t>LDAP_OPT_TIMELIMIT</t>
<mn>ldap</mn>
<ft>C</ft>
<p4>integer LDAP_OPT_TIMELIMIT</p4>
<p5>integer LDAP_OPT_TIMELIMIT</p5>
</PHPModuleRef></PHPModuleRef-List>
