<?xml version="1.0" encoding="utf-8"?>
<PHPModuleRef-List>
<PHPModuleRef>
<t>libxml_clear_errors</t>
<mn>libxml</mn>
<ft>F</ft>
<ver>5_1_0,5_1_1,5_1_2,5_1_3,5_1_4,5_1_5,5_1_6,5_2_0,5_2_1,5_cvs</ver>
<p5>void libxml_clear_errors() U</p5>
<p5d>Clear last error from libxml </p5d>
<texts><text><lng>en</lng>
<d>Clear libxml error buffer</d>
</text></texts></PHPModuleRef><PHPModuleRef>
<t>libxml_get_errors</t>
<mn>libxml</mn>
<ft>F</ft>
<ver>5_1_0,5_1_1,5_1_2,5_1_3,5_1_4,5_1_5,5_1_6,5_2_0,5_2_1,5_cvs</ver>
<p5>object libxml_get_errors()</p5>
<p5d>Retrieve array of errors </p5d>
<texts><text><lng>en</lng>
<d>Retrieve array of errors</d>
</text></texts></PHPModuleRef><PHPModuleRef>
<t>libxml_get_last_error</t>
<mn>libxml</mn>
<ft>F</ft>
<ver>5_1_0,5_1_1,5_1_2,5_1_3,5_1_4,5_1_5,5_1_6,5_2_0,5_2_1,5_cvs</ver>
<p5>object libxml_get_last_error()</p5>
<p5d>Retrieve last error from libxml </p5d>
<texts><text><lng>en</lng>
<d>Retrieve last error from libxml</d>
</text></texts></PHPModuleRef><PHPModuleRef>
<t>libxml_set_streams_context</t>
<mn>libxml</mn>
<ft>F</ft>
<ver>5_0_0,5_0_1,5_0_2,5_0_3,5_1_0,5_1_1,5_1_2,5_1_3,5_1_4,5_1_5,5_1_6,5_2_0,5_2_1,5_cvs</ver>
<p5>void libxml_set_streams_context(resource streams_context) U</p5>
<p5d>Set the streams context for the next libxml document load or write </p5d>
<texts><text><lng>en</lng>
<d>Set the streams context for the next libxml document load or write</d>
</text></texts></PHPModuleRef><PHPModuleRef>
<t>libxml_use_internal_errors</t>
<mn>libxml</mn>
<ft>F</ft>
<ver>5_1_0,5_1_1,5_1_2,5_1_3,5_1_4,5_1_5,5_1_6,5_2_0,5_2_1,5_cvs</ver>
<p5>void libxml_use_internal_errors([boolean use_errors]) U</p5>
<p5d>Disable libxml errors and allow user to fetch error information as needed </p5d>
<texts><text><lng>en</lng>
<d>Disable libxml errors and allow user to fetch error information as needed</d>
</text></texts></PHPModuleRef><PHPModuleRef>
<t>LIBXML_COMPACT</t>
<mn>libxml</mn>
<ft>C</ft>
<p4>integer LIBXML_COMPACT</p4>
<p5>integer LIBXML_COMPACT</p5>
<texts><text><lng>en</lng>
<d>Activate small nodes allocation optimization. This may speed up your
     application without needing to change the code.
      Only available in Libxml &gt;= 2.6.21</d>
</text></texts></PHPModuleRef><PHPModuleRef>
<t>LIBXML_DOTTED_VERSION</t>
<mn>libxml</mn>
<ft>C</ft>
<p4>string LIBXML_DOTTED_VERSION</p4>
<p5>string LIBXML_DOTTED_VERSION</p5>
<texts><text><lng>en</lng>
<d>libxml version like 2.6.5 or 2.6.17</d>
</text></texts></PHPModuleRef><PHPModuleRef>
<t>LIBXML_DTDATTR</t>
<mn>libxml</mn>
<ft>C</ft>
<p4>integer LIBXML_DTDATTR</p4>
<p5>integer LIBXML_DTDATTR</p5>
<texts><text><lng>en</lng>
<d>Default DTD attributes</d>
</text></texts></PHPModuleRef><PHPModuleRef>
<t>LIBXML_DTDLOAD</t>
<mn>libxml</mn>
<ft>C</ft>
<p4>integer LIBXML_DTDLOAD</p4>
<p5>integer LIBXML_DTDLOAD</p5>
<texts><text><lng>en</lng>
<d>Load the external subset</d>
</text></texts></PHPModuleRef><PHPModuleRef>
<t>LIBXML_DTDVALID</t>
<mn>libxml</mn>
<ft>C</ft>
<p4>integer LIBXML_DTDVALID</p4>
<p5>integer LIBXML_DTDVALID</p5>
<texts><text><lng>en</lng>
<d>Validate with the DTD</d>
</text></texts></PHPModuleRef><PHPModuleRef>
<t>LIBXML_ERR_ERROR</t>
<mn>libxml</mn>
<ft>C</ft>
<p4>integer LIBXML_ERR_ERROR</p4>
<p5>integer LIBXML_ERR_ERROR</p5>
<texts><text><lng>en</lng>
<d>A recoverable error</d>
</text></texts></PHPModuleRef><PHPModuleRef>
<t>LIBXML_ERR_FATAL</t>
<mn>libxml</mn>
<ft>C</ft>
<p4>integer LIBXML_ERR_FATAL</p4>
<p5>integer LIBXML_ERR_FATAL</p5>
<texts><text><lng>en</lng>
<d>A fatal error</d>
</text></texts></PHPModuleRef><PHPModuleRef>
<t>LIBXML_ERR_NONE</t>
<mn>libxml</mn>
<ft>C</ft>
<p4>integer LIBXML_ERR_NONE</p4>
<p5>integer LIBXML_ERR_NONE</p5>
<texts><text><lng>en</lng>
<d>No errors</d>
</text></texts></PHPModuleRef><PHPModuleRef>
<t>LIBXML_ERR_WARNING</t>
<mn>libxml</mn>
<ft>C</ft>
<p4>integer LIBXML_ERR_WARNING</p4>
<p5>integer LIBXML_ERR_WARNING</p5>
<texts><text><lng>en</lng>
<d>A simple warning</d>
</text></texts></PHPModuleRef><PHPModuleRef>
<t>LIBXML_NOBLANKS</t>
<mn>libxml</mn>
<ft>C</ft>
<p4>integer LIBXML_NOBLANKS</p4>
<p5>integer LIBXML_NOBLANKS</p5>
<texts><text><lng>en</lng>
<d>Remove blank nodes</d>
</text></texts></PHPModuleRef><PHPModuleRef>
<t>LIBXML_NOCDATA</t>
<mn>libxml</mn>
<ft>C</ft>
<p4>integer LIBXML_NOCDATA</p4>
<p5>integer LIBXML_NOCDATA</p5>
<texts><text><lng>en</lng>
<d>Merge CDATA as text nodes</d>
</text></texts></PHPModuleRef><PHPModuleRef>
<t>LIBXML_NOEMPTYTAG</t>
<mn>libxml</mn>
<ft>C</ft>
<p4>integer LIBXML_NOEMPTYTAG</p4>
<p5>integer LIBXML_NOEMPTYTAG</p5>
<texts><text><lng>en</lng>
<d>Expand empty tags (e.g. &lt;br/&gt; to&lt;br&gt;&lt;/br&gt;)
      This option is currently just available in the and functions.</d>
</text></texts></PHPModuleRef><PHPModuleRef>
<t>LIBXML_NOENT</t>
<mn>libxml</mn>
<ft>C</ft>
<p4>integer LIBXML_NOENT</p4>
<p5>integer LIBXML_NOENT</p5>
<texts><text><lng>en</lng>
<d>Substitute entities</d>
</text></texts></PHPModuleRef><PHPModuleRef>
<t>LIBXML_NOERROR</t>
<mn>libxml</mn>
<ft>C</ft>
<p4>integer LIBXML_NOERROR</p4>
<p5>integer LIBXML_NOERROR</p5>
<texts><text><lng>en</lng>
<d>Suppress error reports</d>
</text></texts></PHPModuleRef><PHPModuleRef>
<t>LIBXML_NONET</t>
<mn>libxml</mn>
<ft>C</ft>
<p4>integer LIBXML_NONET</p4>
<p5>integer LIBXML_NONET</p5>
<texts><text><lng>en</lng>
<d>Disable network access when loading documents</d>
</text></texts></PHPModuleRef><PHPModuleRef>
<t>LIBXML_NOWARNING</t>
<mn>libxml</mn>
<ft>C</ft>
<p4>integer LIBXML_NOWARNING</p4>
<p5>integer LIBXML_NOWARNING</p5>
<texts><text><lng>en</lng>
<d>Suppress warning reports</d>
</text></texts></PHPModuleRef><PHPModuleRef>
<t>LIBXML_NOXMLDECL</t>
<mn>libxml</mn>
<ft>C</ft>
<p4>integer LIBXML_NOXMLDECL</p4>
<p5>integer LIBXML_NOXMLDECL</p5>
<texts><text><lng>en</lng>
<d>Drop the XML declaration when saving a document
      Only available in Libxml &gt;= 2.6.21</d>
</text></texts></PHPModuleRef><PHPModuleRef>
<t>LIBXML_NSCLEAN</t>
<mn>libxml</mn>
<ft>C</ft>
<p4>integer LIBXML_NSCLEAN</p4>
<p5>integer LIBXML_NSCLEAN</p5>
<texts><text><lng>en</lng>
<d>Remove redundant namespaces declarations</d>
</text></texts></PHPModuleRef><PHPModuleRef>
<t>LIBXML_VERSION</t>
<mn>libxml</mn>
<ft>C</ft>
<p4>integer LIBXML_VERSION</p4>
<p5>integer LIBXML_VERSION</p5>
<texts><text><lng>en</lng>
<d>libxml version like 20605 or 20617</d>
</text></texts></PHPModuleRef><PHPModuleRef>
<t>LIBXML_XINCLUDE</t>
<mn>libxml</mn>
<ft>C</ft>
<p4>integer LIBXML_XINCLUDE</p4>
<p5>integer LIBXML_XINCLUDE</p5>
<texts><text><lng>en</lng>
<d>Implement XInclude substitution</d>
</text></texts></PHPModuleRef></PHPModuleRef-List>
