<?xml version="1.0" encoding="utf-8"?>
<PHPModuleRef-List>
<PHPModuleRef>
<t>i18n_convert</t>
<mn>mbstring</mn>
<ft>A</ft>
<af>mb_convert_encoding</af>
<ver>4_0_6,4_1_0,4_1_1,4_1_2,4_2_0,4_2_1,4_2_2,4_2_3,4_3_0,4_3_1,4_3_10,4_3_11,4_3_2,4_3_3,4_3_4,4_3_5,4_3_6,4_3_7,4_3_8,4_3_9,4_4_0,4_4_1,4_4_2,4_4_3,4_4_4,4_4_5,4_4_6,4_cvs</ver>
</PHPModuleRef><PHPModuleRef>
<t>i18n_discover_encoding</t>
<mn>mbstring</mn>
<ft>A</ft>
<af>mb_detect_encoding</af>
<ver>4_0_6,4_1_0,4_1_1,4_1_2,4_2_0,4_2_1,4_2_2,4_2_3,4_3_0,4_3_1,4_3_10,4_3_11,4_3_2,4_3_3,4_3_4,4_3_5,4_3_6,4_3_7,4_3_8,4_3_9,4_4_0,4_4_1,4_4_2,4_4_3,4_4_4,4_4_5,4_4_6,4_cvs</ver>
</PHPModuleRef><PHPModuleRef>
<t>i18n_http_input</t>
<mn>mbstring</mn>
<ft>A</ft>
<af>mb_http_input</af>
<ver>4_0_6,4_1_0,4_1_1,4_1_2,4_2_0,4_2_1,4_2_2,4_2_3,4_3_0,4_3_1,4_3_10,4_3_11,4_3_2,4_3_3,4_3_4,4_3_5,4_3_6,4_3_7,4_3_8,4_3_9,4_4_0,4_4_1,4_4_2,4_4_3,4_4_4,4_4_5,4_4_6,4_cvs</ver>
</PHPModuleRef><PHPModuleRef>
<t>i18n_http_output</t>
<mn>mbstring</mn>
<ft>A</ft>
<af>mb_http_output</af>
<ver>4_0_6,4_1_0,4_1_1,4_1_2,4_2_0,4_2_1,4_2_2,4_2_3,4_3_0,4_3_1,4_3_10,4_3_11,4_3_2,4_3_3,4_3_4,4_3_5,4_3_6,4_3_7,4_3_8,4_3_9,4_4_0,4_4_1,4_4_2,4_4_3,4_4_4,4_4_5,4_4_6,4_cvs</ver>
</PHPModuleRef><PHPModuleRef>
<t>i18n_internal_encoding</t>
<mn>mbstring</mn>
<ft>A</ft>
<af>mb_internal_encoding</af>
<ver>4_0_6,4_1_0,4_1_1,4_1_2,4_2_0,4_2_1,4_2_2,4_2_3,4_3_0,4_3_1,4_3_10,4_3_11,4_3_2,4_3_3,4_3_4,4_3_5,4_3_6,4_3_7,4_3_8,4_3_9,4_4_0,4_4_1,4_4_2,4_4_3,4_4_4,4_4_5,4_4_6,4_cvs</ver>
</PHPModuleRef><PHPModuleRef>
<t>i18n_ja_jp_hantozen</t>
<mn>mbstring</mn>
<ft>A</ft>
<af>mb_convert_kana</af>
<ver>4_0_6,4_1_0,4_1_1,4_1_2,4_2_0,4_2_1,4_2_2,4_2_3,4_3_0,4_3_1,4_3_10,4_3_11,4_3_2,4_3_3,4_3_4,4_3_5,4_3_6,4_3_7,4_3_8,4_3_9,4_4_0,4_4_1,4_4_2,4_4_3,4_4_4,4_4_5,4_4_6,4_cvs</ver>
</PHPModuleRef><PHPModuleRef>
<t>i18n_mime_header_decode</t>
<mn>mbstring</mn>
<ft>A</ft>
<af>mb_decode_mimeheader</af>
<ver>4_0_6,4_1_0,4_1_1,4_1_2,4_2_0,4_2_1,4_2_2,4_2_3,4_3_0,4_3_1,4_3_10,4_3_11,4_3_2,4_3_3,4_3_4,4_3_5,4_3_6,4_3_7,4_3_8,4_3_9,4_4_0,4_4_1,4_4_2,4_4_3,4_4_4,4_4_5,4_4_6,4_cvs</ver>
</PHPModuleRef><PHPModuleRef>
<t>i18n_mime_header_encode</t>
<mn>mbstring</mn>
<ft>A</ft>
<af>mb_encode_mimeheader</af>
<ver>4_0_6,4_1_0,4_1_1,4_1_2,4_2_0,4_2_1,4_2_2,4_2_3,4_3_0,4_3_1,4_3_10,4_3_11,4_3_2,4_3_3,4_3_4,4_3_5,4_3_6,4_3_7,4_3_8,4_3_9,4_4_0,4_4_1,4_4_2,4_4_3,4_4_4,4_4_5,4_4_6,4_cvs</ver>
</PHPModuleRef><PHPModuleRef>
<t>mbereg</t>
<mn>mbstring</mn>
<ft>A</ft>
<af>mb_ereg</af>
<ver>4_2_0,4_2_1,4_2_2,4_2_3,4_3_0,4_3_1,4_3_10,4_3_11,4_3_2,4_3_3,4_3_4,4_3_5,4_3_6,4_3_7,4_3_8,4_3_9,4_4_0,4_4_1,4_4_2,4_4_3,4_4_4,4_4_5,4_4_6,4_cvs</ver>
</PHPModuleRef><PHPModuleRef>
<t>mberegi</t>
<mn>mbstring</mn>
<ft>A</ft>
<af>mb_eregi</af>
<ver>4_2_0,4_2_1,4_2_2,4_2_3,4_3_0,4_3_1,4_3_10,4_3_11,4_3_2,4_3_3,4_3_4,4_3_5,4_3_6,4_3_7,4_3_8,4_3_9,4_4_0,4_4_1,4_4_2,4_4_3,4_4_4,4_4_5,4_4_6,4_cvs</ver>
</PHPModuleRef><PHPModuleRef>
<t>mberegi_replace</t>
<mn>mbstring</mn>
<ft>A</ft>
<af>mb_eregi_replace</af>
<ver>4_2_0,4_2_1,4_2_2,4_2_3,4_3_0,4_3_1,4_3_10,4_3_11,4_3_2,4_3_3,4_3_4,4_3_5,4_3_6,4_3_7,4_3_8,4_3_9,4_4_0,4_4_1,4_4_2,4_4_3,4_4_4,4_4_5,4_4_6,4_cvs</ver>
</PHPModuleRef><PHPModuleRef>
<t>mbereg_match</t>
<mn>mbstring</mn>
<ft>A</ft>
<af>mb_ereg_match</af>
<ver>4_2_0,4_2_1,4_2_2,4_2_3,4_3_0,4_3_1,4_3_10,4_3_11,4_3_2,4_3_3,4_3_4,4_3_5,4_3_6,4_3_7,4_3_8,4_3_9,4_4_0,4_4_1,4_4_2,4_4_3,4_4_4,4_4_5,4_4_6,4_cvs</ver>
</PHPModuleRef><PHPModuleRef>
<t>mbereg_replace</t>
<mn>mbstring</mn>
<ft>A</ft>
<af>mb_ereg_replace</af>
<ver>4_2_0,4_2_1,4_2_2,4_2_3,4_3_0,4_3_1,4_3_10,4_3_11,4_3_2,4_3_3,4_3_4,4_3_5,4_3_6,4_3_7,4_3_8,4_3_9,4_4_0,4_4_1,4_4_2,4_4_3,4_4_4,4_4_5,4_4_6,4_cvs</ver>
</PHPModuleRef><PHPModuleRef>
<t>mbereg_search</t>
<mn>mbstring</mn>
<ft>A</ft>
<af>mb_ereg_search</af>
<ver>4_2_0,4_2_1,4_2_2,4_2_3,4_3_0,4_3_1,4_3_10,4_3_11,4_3_2,4_3_3,4_3_4,4_3_5,4_3_6,4_3_7,4_3_8,4_3_9,4_4_0,4_4_1,4_4_2,4_4_3,4_4_4,4_4_5,4_4_6,4_cvs</ver>
</PHPModuleRef><PHPModuleRef>
<t>mbereg_search_getpos</t>
<mn>mbstring</mn>
<ft>A</ft>
<af>mb_ereg_search_getpos</af>
<ver>4_2_0,4_2_1,4_2_2,4_2_3,4_3_0,4_3_1,4_3_10,4_3_11,4_3_2,4_3_3,4_3_4,4_3_5,4_3_6,4_3_7,4_3_8,4_3_9,4_4_0,4_4_1,4_4_2,4_4_3,4_4_4,4_4_5,4_4_6,4_cvs</ver>
</PHPModuleRef><PHPModuleRef>
<t>mbereg_search_getregs</t>
<mn>mbstring</mn>
<ft>A</ft>
<af>mb_ereg_search_getregs</af>
<ver>4_2_0,4_2_1,4_2_2,4_2_3,4_3_0,4_3_1,4_3_10,4_3_11,4_3_2,4_3_3,4_3_4,4_3_5,4_3_6,4_3_7,4_3_8,4_3_9,4_4_0,4_4_1,4_4_2,4_4_3,4_4_4,4_4_5,4_4_6,4_cvs</ver>
</PHPModuleRef><PHPModuleRef>
<t>mbereg_search_init</t>
<mn>mbstring</mn>
<ft>A</ft>
<af>mb_ereg_search_init</af>
<ver>4_2_0,4_2_1,4_2_2,4_2_3,4_3_0,4_3_1,4_3_10,4_3_11,4_3_2,4_3_3,4_3_4,4_3_5,4_3_6,4_3_7,4_3_8,4_3_9,4_4_0,4_4_1,4_4_2,4_4_3,4_4_4,4_4_5,4_4_6,4_cvs</ver>
</PHPModuleRef><PHPModuleRef>
<t>mbereg_search_pos</t>
<mn>mbstring</mn>
<ft>A</ft>
<af>mb_ereg_search_pos</af>
<ver>4_2_0,4_2_1,4_2_2,4_2_3,4_3_0,4_3_1,4_3_10,4_3_11,4_3_2,4_3_3,4_3_4,4_3_5,4_3_6,4_3_7,4_3_8,4_3_9,4_4_0,4_4_1,4_4_2,4_4_3,4_4_4,4_4_5,4_4_6,4_cvs</ver>
</PHPModuleRef><PHPModuleRef>
<t>mbereg_search_regs</t>
<mn>mbstring</mn>
<ft>A</ft>
<af>mb_ereg_search_regs</af>
<ver>4_2_0,4_2_1,4_2_2,4_2_3,4_3_0,4_3_1,4_3_10,4_3_11,4_3_2,4_3_3,4_3_4,4_3_5,4_3_6,4_3_7,4_3_8,4_3_9,4_4_0,4_4_1,4_4_2,4_4_3,4_4_4,4_4_5,4_4_6,4_cvs</ver>
</PHPModuleRef><PHPModuleRef>
<t>mbereg_search_setpos</t>
<mn>mbstring</mn>
<ft>A</ft>
<af>mb_ereg_search_setpos</af>
<ver>4_2_0,4_2_1,4_2_2,4_2_3,4_3_0,4_3_1,4_3_10,4_3_11,4_3_2,4_3_3,4_3_4,4_3_5,4_3_6,4_3_7,4_3_8,4_3_9,4_4_0,4_4_1,4_4_2,4_4_3,4_4_4,4_4_5,4_4_6,4_cvs</ver>
</PHPModuleRef><PHPModuleRef>
<t>mbregex_encoding</t>
<mn>mbstring</mn>
<ft>A</ft>
<af>mb_regex_encoding</af>
<ver>4_2_0,4_2_1,4_2_2,4_2_3,4_3_0,4_3_1,4_3_10,4_3_11,4_3_2,4_3_3,4_3_4,4_3_5,4_3_6,4_3_7,4_3_8,4_3_9,4_4_0,4_4_1,4_4_2,4_4_3,4_4_4,4_4_5,4_4_6,4_cvs</ver>
</PHPModuleRef><PHPModuleRef>
<t>mbsplit</t>
<mn>mbstring</mn>
<ft>A</ft>
<af>mb_split</af>
<ver>4_2_0,4_2_1,4_2_2,4_2_3,4_3_0,4_3_1,4_3_10,4_3_11,4_3_2,4_3_3,4_3_4,4_3_5,4_3_6,4_3_7,4_3_8,4_3_9,4_4_0,4_4_1,4_4_2,4_4_3,4_4_4,4_4_5,4_4_6,4_cvs</ver>
</PHPModuleRef><PHPModuleRef>
<t>mbstrcut</t>
<mn>mbstring</mn>
<ft>A</ft>
<af>mb_strcut</af>
<ver>4_0_6,4_1_0,4_1_1,4_1_2,4_2_0,4_2_1,4_2_2,4_2_3,4_3_0,4_3_1,4_3_10,4_3_11,4_3_2,4_3_3,4_3_4,4_3_5,4_3_6,4_3_7,4_3_8,4_3_9,4_4_0,4_4_1,4_4_2,4_4_3,4_4_4,4_4_5,4_4_6,4_cvs</ver>
</PHPModuleRef><PHPModuleRef>
<t>mbstrlen</t>
<mn>mbstring</mn>
<ft>A</ft>
<af>mb_strlen</af>
<ver>4_0_6,4_1_0,4_1_1,4_1_2,4_2_0,4_2_1,4_2_2,4_2_3,4_3_0,4_3_1,4_3_10,4_3_11,4_3_2,4_3_3,4_3_4,4_3_5,4_3_6,4_3_7,4_3_8,4_3_9,4_4_0,4_4_1,4_4_2,4_4_3,4_4_4,4_4_5,4_4_6,4_cvs</ver>
</PHPModuleRef><PHPModuleRef>
<t>mbstrpos</t>
<mn>mbstring</mn>
<ft>A</ft>
<af>mb_strpos</af>
<ver>4_0_6,4_1_0,4_1_1,4_1_2,4_2_0,4_2_1,4_2_2,4_2_3,4_3_0,4_3_1,4_3_10,4_3_11,4_3_2,4_3_3,4_3_4,4_3_5,4_3_6,4_3_7,4_3_8,4_3_9,4_4_0,4_4_1,4_4_2,4_4_3,4_4_4,4_4_5,4_4_6,4_cvs</ver>
</PHPModuleRef><PHPModuleRef>
<t>mbstrrpos</t>
<mn>mbstring</mn>
<ft>A</ft>
<af>mb_strrpos</af>
<ver>4_0_6,4_1_0,4_1_1,4_1_2,4_2_0,4_2_1,4_2_2,4_2_3,4_3_0,4_3_1,4_3_10,4_3_11,4_3_2,4_3_3,4_3_4,4_3_5,4_3_6,4_3_7,4_3_8,4_3_9,4_4_0,4_4_1,4_4_2,4_4_3,4_4_4,4_4_5,4_4_6,4_cvs</ver>
</PHPModuleRef><PHPModuleRef>
<t>mbsubstr</t>
<mn>mbstring</mn>
<ft>A</ft>
<af>mb_substr</af>
<ver>4_0_6,4_1_0,4_1_1,4_1_2,4_2_0,4_2_1,4_2_2,4_2_3,4_3_0,4_3_1,4_3_10,4_3_11,4_3_2,4_3_3,4_3_4,4_3_5,4_3_6,4_3_7,4_3_8,4_3_9,4_4_0,4_4_1,4_4_2,4_4_3,4_4_4,4_4_5,4_4_6,4_cvs</ver>
</PHPModuleRef><PHPModuleRef>
<t>mb_check_encoding</t>
<mn>mbstring</mn>
<ft>F</ft>
<ver>4_4_3,4_4_4,4_4_5,4_4_6,4_cvs,5_1_3,5_1_4,5_1_5,5_1_6,5_2_0,5_2_1,5_cvs</ver>
<p4>bool mb_check_encoding([string var[, string encoding]])</p4>
<p4d>Check if the string is valid for the specified encoding </p4d>
<p5>bool mb_check_encoding([string var[, string encoding]])</p5>
<p5d>Check if the string is valid for the specified encoding </p5d>
<texts><text><lng>en</lng>
<d>Check if the string is valid for the specified encoding</d>
</text></texts></PHPModuleRef><PHPModuleRef>
<t>mb_convert_case</t>
<mn>mbstring</mn>
<ft>F</ft>
<ver>4_3_0,4_3_1,4_3_10,4_3_11,4_3_2,4_3_3,4_3_4,4_3_5,4_3_6,4_3_7,4_3_8,4_3_9,4_4_0,4_4_1,4_4_2,4_4_3,4_4_4,4_4_5,4_4_6,4_cvs,5_0_0,5_0_1,5_0_2,5_0_3,5_1_0,5_1_1,5_1_2,5_1_3,5_1_4,5_1_5,5_1_6,5_2_0,5_2_1,5_cvs</ver>
<p4>string mb_convert_case(string sourcestring, int mode [, string encoding])</p4>
<p4d>Returns a case-folded version of sourcestring </p4d>
<p5>string mb_convert_case(string sourcestring, int mode [, string encoding])</p5>
<p5d>Returns a case-folded version of sourcestring </p5d>
<texts><text><lng>en</lng>
<d>Perform case folding on a string</d>
</text></texts></PHPModuleRef><PHPModuleRef>
<t>mb_convert_encoding</t>
<mn>mbstring</mn>
<ft>F</ft>
<ver>4_0_6,4_1_0,4_1_1,4_1_2,4_2_0,4_2_1,4_2_2,4_2_3,4_3_0,4_3_1,4_3_10,4_3_11,4_3_2,4_3_3,4_3_4,4_3_5,4_3_6,4_3_7,4_3_8,4_3_9,4_4_0,4_4_1,4_4_2,4_4_3,4_4_4,4_4_5,4_4_6,4_cvs,5_0_0,5_0_1,5_0_2,5_0_3,5_1_0,5_1_1,5_1_2,5_1_3,5_1_4,5_1_5,5_1_6,5_2_0,5_2_1,5_cvs</ver>
<p4>string mb_convert_encoding(string str, string to-encoding [, mixed from-encoding])</p4>
<p4d>Returns converted string in desired encoding </p4d>
<p5>string mb_convert_encoding(string str, string to-encoding [, mixed from-encoding])</p5>
<p5d>Returns converted string in desired encoding </p5d>
<texts><text><lng>en</lng>
<d>Convert character encoding</d>
</text></texts></PHPModuleRef><PHPModuleRef>
<t>mb_convert_kana</t>
<mn>mbstring</mn>
<ft>F</ft>
<ver>4_0_6,4_1_0,4_1_1,4_1_2,4_2_0,4_2_1,4_2_2,4_2_3,4_3_0,4_3_1,4_3_10,4_3_11,4_3_2,4_3_3,4_3_4,4_3_5,4_3_6,4_3_7,4_3_8,4_3_9,4_4_0,4_4_1,4_4_2,4_4_3,4_4_4,4_4_5,4_4_6,4_cvs,5_0_0,5_0_1,5_0_2,5_0_3,5_1_0,5_1_1,5_1_2,5_1_3,5_1_4,5_1_5,5_1_6,5_2_0,5_2_1,5_cvs</ver>
<p4>string mb_convert_kana(string str [, string option] [, string encoding])</p4>
<p4d>Conversion between full-width character and half-width character (Japanese) </p4d>
<p5>string mb_convert_kana(string str [, string option] [, string encoding])</p5>
<p5d>Conversion between full-width character and half-width character (Japanese) </p5d>
<texts><text><lng>en</lng>
<d>Convert &quot;kana&quot; one from another (&quot;zen-kaku&quot;, &quot;han-kaku&quot; and more)</d>
</text></texts></PHPModuleRef><PHPModuleRef>
<t>mb_convert_variables</t>
<mn>mbstring</mn>
<ft>F</ft>
<ver>4_0_6,4_1_0,4_1_1,4_1_2,4_2_0,4_2_1,4_2_2,4_2_3,4_3_0,4_3_1,4_3_10,4_3_11,4_3_2,4_3_3,4_3_4,4_3_5,4_3_6,4_3_7,4_3_8,4_3_9,4_4_0,4_4_1,4_4_2,4_4_3,4_4_4,4_4_5,4_4_6,4_cvs,5_0_0,5_0_1,5_0_2,5_0_3,5_1_0,5_1_1,5_1_2,5_1_3,5_1_4,5_1_5,5_1_6,5_2_0,5_2_1,5_cvs</ver>
<p4>string mb_convert_variables(string to-encoding, mixed from-encoding [, mixed ...])</p4>
<p4d>Converts the string resource in variables to desired encoding </p4d>
<p5>string mb_convert_variables(string to-encoding, mixed from-encoding [, mixed ...])</p5>
<p5d>Converts the string resource in variables to desired encoding </p5d>
<texts><text><lng>en</lng>
<d>Convert character code in variable(s)</d>
</text></texts></PHPModuleRef><PHPModuleRef>
<t>mb_decode_mimeheader</t>
<mn>mbstring</mn>
<ft>F</ft>
<ver>4_0_6,4_1_0,4_1_1,4_1_2,4_2_0,4_2_1,4_2_2,4_2_3,4_3_0,4_3_1,4_3_10,4_3_11,4_3_2,4_3_3,4_3_4,4_3_5,4_3_6,4_3_7,4_3_8,4_3_9,4_4_0,4_4_1,4_4_2,4_4_3,4_4_4,4_4_5,4_4_6,4_cvs,5_0_0,5_0_1,5_0_2,5_0_3,5_1_0,5_1_1,5_1_2,5_1_3,5_1_4,5_1_5,5_1_6,5_2_0,5_2_1,5_cvs</ver>
<p4>string mb_decode_mimeheader(string string)</p4>
<p4d>Decodes the MIME &quot;encoded-word&quot; in the string </p4d>
<p5>string mb_decode_mimeheader(string string)</p5>
<p5d>Decodes the MIME &quot;encoded-word&quot; in the string </p5d>
<texts><text><lng>en</lng>
<d>Decode string in MIME header field</d>
</text></texts></PHPModuleRef><PHPModuleRef>
<t>mb_decode_numericentity</t>
<mn>mbstring</mn>
<ft>F</ft>
<ver>4_0_6,4_1_0,4_1_1,4_1_2,4_2_0,4_2_1,4_2_2,4_2_3,4_3_0,4_3_1,4_3_10,4_3_11,4_3_2,4_3_3,4_3_4,4_3_5,4_3_6,4_3_7,4_3_8,4_3_9,4_4_0,4_4_1,4_4_2,4_4_3,4_4_4,4_4_5,4_4_6,4_cvs,5_0_0,5_0_1,5_0_2,5_0_3,5_1_0,5_1_1,5_1_2,5_1_3,5_1_4,5_1_5,5_1_6,5_2_0,5_2_1,5_cvs</ver>
<p4>string mb_decode_numericentity(string string, array convmap [, string encoding])</p4>
<p4d>Converts HTML numeric entities to character code </p4d>
<p5>string mb_decode_numericentity(string string, array convmap [, string encoding])</p5>
<p5d>Converts HTML numeric entities to character code </p5d>
<texts><text><lng>en</lng>
<d>Decode HTML numeric string reference to character</d>
</text></texts></PHPModuleRef><PHPModuleRef>
<t>mb_detect_encoding</t>
<mn>mbstring</mn>
<ft>F</ft>
<ver>4_0_6,4_1_0,4_1_1,4_1_2,4_2_0,4_2_1,4_2_2,4_2_3,4_3_0,4_3_1,4_3_10,4_3_11,4_3_2,4_3_3,4_3_4,4_3_5,4_3_6,4_3_7,4_3_8,4_3_9,4_4_0,4_4_1,4_4_2,4_4_3,4_4_4,4_4_5,4_4_6,4_cvs,5_0_0,5_0_1,5_0_2,5_0_3,5_1_0,5_1_1,5_1_2,5_1_3,5_1_4,5_1_5,5_1_6,5_2_0,5_2_1,5_cvs</ver>
<p4>string mb_detect_encoding(string str [, mixed encoding_list [, bool strict]])</p4>
<p4d>Encodings of the given string is returned (as a string) </p4d>
<p5>string mb_detect_encoding(string str [, mixed encoding_list [, bool strict]])</p5>
<p5d>Encodings of the given string is returned (as a string) </p5d>
<texts><text><lng>en</lng>
<d>Detect character encoding</d>
</text></texts></PHPModuleRef><PHPModuleRef>
<t>mb_detect_order</t>
<mn>mbstring</mn>
<ft>F</ft>
<ver>4_0_6,4_1_0,4_1_1,4_1_2,4_2_0,4_2_1,4_2_2,4_2_3,4_3_0,4_3_1,4_3_10,4_3_11,4_3_2,4_3_3,4_3_4,4_3_5,4_3_6,4_3_7,4_3_8,4_3_9,4_4_0,4_4_1,4_4_2,4_4_3,4_4_4,4_4_5,4_4_6,4_cvs,5_0_0,5_0_1,5_0_2,5_0_3,5_1_0,5_1_1,5_1_2,5_1_3,5_1_4,5_1_5,5_1_6,5_2_0,5_2_1,5_cvs</ver>
<p4>bool|array mb_detect_order([mixed encoding-list])</p4>
<p4d>Sets the current detect_order or Return the current detect_order as a array </p4d>
<p5>bool|array mb_detect_order([mixed encoding-list])</p5>
<p5d>Sets the current detect_order or Return the current detect_order as a array </p5d>
<texts><text><lng>en</lng>
<d>Set/Get character encoding detection order</d>
</text></texts></PHPModuleRef><PHPModuleRef>
<t>mb_encode_mimeheader</t>
<mn>mbstring</mn>
<ft>F</ft>
<ver>4_0_6,4_1_0,4_1_1,4_1_2,4_2_0,4_2_1,4_2_2,4_2_3,4_3_0,4_3_1,4_3_10,4_3_11,4_3_2,4_3_3,4_3_4,4_3_5,4_3_6,4_3_7,4_3_8,4_3_9,4_4_0,4_4_1,4_4_2,4_4_3,4_4_4,4_4_5,4_4_6,4_cvs,5_0_0,5_0_1,5_0_2,5_0_3,5_1_0,5_1_1,5_1_2,5_1_3,5_1_4,5_1_5,5_1_6,5_2_0,5_2_1,5_cvs</ver>
<p4>string mb_encode_mimeheader(string str [, string charset [, string transfer-encoding [, string linef</p4>
<p4d>Converts the string to MIME &quot;encoded-word&quot; in the format of =?charset?(B|Q)?encoded_string?= </p4d>
<p5>string mb_encode_mimeheader(string str [, string charset [, string transfer-encoding [, string linef</p5>
<p5d>Converts the string to MIME &quot;encoded-word&quot; in the format of =?charset?(B|Q)?encoded_string?= </p5d>
<texts><text><lng>en</lng>
<d>Encode string for MIME header</d>
</text></texts></PHPModuleRef><PHPModuleRef>
<t>mb_encode_numericentity</t>
<mn>mbstring</mn>
<ft>F</ft>
<ver>4_0_6,4_1_0,4_1_1,4_1_2,4_2_0,4_2_1,4_2_2,4_2_3,4_3_0,4_3_1,4_3_10,4_3_11,4_3_2,4_3_3,4_3_4,4_3_5,4_3_6,4_3_7,4_3_8,4_3_9,4_4_0,4_4_1,4_4_2,4_4_3,4_4_4,4_4_5,4_4_6,4_cvs,5_0_0,5_0_1,5_0_2,5_0_3,5_1_0,5_1_1,5_1_2,5_1_3,5_1_4,5_1_5,5_1_6,5_2_0,5_2_1,5_cvs</ver>
<p4>string mb_encode_numericentity(string string, array convmap [, string encoding])</p4>
<p4d>Converts specified characters to HTML numeric entities </p4d>
<p5>string mb_encode_numericentity(string string, array convmap [, string encoding])</p5>
<p5d>Converts specified characters to HTML numeric entities </p5d>
<texts><text><lng>en</lng>
<d>Encode character to HTML numeric string reference</d>
</text></texts></PHPModuleRef><PHPModuleRef>
<t>mb_ereg</t>
<mn>mbstring</mn>
<ft>F</ft>
<ver>4_2_0,4_2_1,4_2_2,4_2_3,4_3_0,4_3_1,4_3_10,4_3_11,4_3_2,4_3_3,4_3_4,4_3_5,4_3_6,4_3_7,4_3_8,4_3_9,4_4_0,4_4_1,4_4_2,4_4_3,4_4_4,4_4_5,4_4_6,4_cvs</ver>
<p4>int mb_ereg(string pattern, string string [, array registers])</p4>
<p4d>Regular expression match for multibyte string </p4d>
<p5>int mb_ereg(string pattern, string string [, array registers])</p5>
<p5d>Regular expression match for multibyte string </p5d>
<texts><text><lng>en</lng>
<d>Regular expression match with multibyte support</d>
</text></texts></PHPModuleRef><PHPModuleRef>
<t>mb_eregi</t>
<mn>mbstring</mn>
<ft>F</ft>
<ver>4_2_0,4_2_1,4_2_2,4_2_3,4_3_0,4_3_1,4_3_10,4_3_11,4_3_2,4_3_3,4_3_4,4_3_5,4_3_6,4_3_7,4_3_8,4_3_9,4_4_0,4_4_1,4_4_2,4_4_3,4_4_4,4_4_5,4_4_6,4_cvs</ver>
<p4>int mb_eregi(string pattern, string string [, array registers])</p4>
<p4d>Case-insensitive regular expression match for multibyte string </p4d>
<p5>int mb_eregi(string pattern, string string [, array registers])</p5>
<p5d>Case-insensitive regular expression match for multibyte string </p5d>
<texts><text><lng>en</lng>
<d>Regular expression match ignoring case with multibyte support</d>
</text></texts></PHPModuleRef><PHPModuleRef>
<t>mb_eregi_replace</t>
<mn>mbstring</mn>
<ft>F</ft>
<ver>4_2_0,4_2_1,4_2_2,4_2_3,4_3_0,4_3_1,4_3_10,4_3_11,4_3_2,4_3_3,4_3_4,4_3_5,4_3_6,4_3_7,4_3_8,4_3_9,4_4_0,4_4_1,4_4_2,4_4_3,4_4_4,4_4_5,4_4_6,4_cvs</ver>
<p4>string mb_eregi_replace(string pattern, string replacement, string string)</p4>
<p4d>Case insensitive replace regular expression for multibyte string </p4d>
<p5>string mb_eregi_replace(string pattern, string replacement, string string)</p5>
<p5d>Case insensitive replace regular expression for multibyte string </p5d>
<texts><text><lng>en</lng>
<d>Replace regular expression with multibyte supportignoring case</d>
</text></texts></PHPModuleRef><PHPModuleRef>
<t>mb_ereg_match</t>
<mn>mbstring</mn>
<ft>F</ft>
<ver>4_2_0,4_2_1,4_2_2,4_2_3,4_3_0,4_3_1,4_3_10,4_3_11,4_3_2,4_3_3,4_3_4,4_3_5,4_3_6,4_3_7,4_3_8,4_3_9,4_4_0,4_4_1,4_4_2,4_4_3,4_4_4,4_4_5,4_4_6,4_cvs</ver>
<p4>bool mb_ereg_match(string pattern, string string [,string option])</p4>
<p4d>Regular expression match for multibyte string </p4d>
<p5>bool mb_ereg_match(string pattern, string string [,string option])</p5>
<p5d>Regular expression match for multibyte string </p5d>
<texts><text><lng>en</lng>
<d>Regular expression match for multibyte string</d>
</text></texts></PHPModuleRef><PHPModuleRef>
<t>mb_ereg_replace</t>
<mn>mbstring</mn>
<ft>F</ft>
<ver>4_2_0,4_2_1,4_2_2,4_2_3,4_3_0,4_3_1,4_3_10,4_3_11,4_3_2,4_3_3,4_3_4,4_3_5,4_3_6,4_3_7,4_3_8,4_3_9,4_4_0,4_4_1,4_4_2,4_4_3,4_4_4,4_4_5,4_4_6,4_cvs</ver>
<p4>string mb_ereg_replace(string pattern, string replacement, string string [, string option])</p4>
<p4d>Replace regular expression for multibyte string </p4d>
<p5>string mb_ereg_replace(string pattern, string replacement, string string [, string option])</p5>
<p5d>Replace regular expression for multibyte string </p5d>
<texts><text><lng>en</lng>
<d>Replace regular expression with multibyte support</d>
</text></texts></PHPModuleRef><PHPModuleRef>
<t>mb_ereg_search</t>
<mn>mbstring</mn>
<ft>F</ft>
<ver>4_2_0,4_2_1,4_2_2,4_2_3,4_3_0,4_3_1,4_3_10,4_3_11,4_3_2,4_3_3,4_3_4,4_3_5,4_3_6,4_3_7,4_3_8,4_3_9,4_4_0,4_4_1,4_4_2,4_4_3,4_4_4,4_4_5,4_4_6,4_cvs</ver>
<p4>bool mb_ereg_search([string pattern[, string option]])</p4>
<p4d>Regular expression search for multibyte string </p4d>
<p5>bool mb_ereg_search([string pattern[, string option]])</p5>
<p5d>Regular expression search for multibyte string </p5d>
<texts><text><lng>en</lng>
<d>Multibyte regular expression match for predefined multibyte string</d>
</text></texts></PHPModuleRef><PHPModuleRef>
<t>mb_ereg_search_getpos</t>
<mn>mbstring</mn>
<ft>F</ft>
<ver>4_2_0,4_2_1,4_2_2,4_2_3,4_3_0,4_3_1,4_3_10,4_3_11,4_3_2,4_3_3,4_3_4,4_3_5,4_3_6,4_3_7,4_3_8,4_3_9,4_4_0,4_4_1,4_4_2,4_4_3,4_4_4,4_4_5,4_4_6,4_cvs</ver>
<p4>int mb_ereg_search_getpos(void)</p4>
<p4d>Get search start position </p4d>
<p5>int mb_ereg_search_getpos(void)</p5>
<p5d>Get search start position </p5d>
<texts><text><lng>en</lng>
<d>Returns start point for next regular expression match</d>
</text></texts></PHPModuleRef><PHPModuleRef>
<t>mb_ereg_search_getregs</t>
<mn>mbstring</mn>
<ft>F</ft>
<ver>4_2_0,4_2_1,4_2_2,4_2_3,4_3_0,4_3_1,4_3_10,4_3_11,4_3_2,4_3_3,4_3_4,4_3_5,4_3_6,4_3_7,4_3_8,4_3_9,4_4_0,4_4_1,4_4_2,4_4_3,4_4_4,4_4_5,4_4_6,4_cvs</ver>
<p4>array mb_ereg_search_getregs(void)</p4>
<p4d>Get matched substring of the last time </p4d>
<p5>array mb_ereg_search_getregs(void)</p5>
<p5d>Get matched substring of the last time </p5d>
<texts><text><lng>en</lng>
<d>Retrieve the result from the last multibyte regular expressionmatch</d>
</text></texts></PHPModuleRef><PHPModuleRef>
<t>mb_ereg_search_init</t>
<mn>mbstring</mn>
<ft>F</ft>
<ver>4_2_0,4_2_1,4_2_2,4_2_3,4_3_0,4_3_1,4_3_10,4_3_11,4_3_2,4_3_3,4_3_4,4_3_5,4_3_6,4_3_7,4_3_8,4_3_9,4_4_0,4_4_1,4_4_2,4_4_3,4_4_4,4_4_5,4_4_6,4_cvs</ver>
<p4>bool mb_ereg_search_init(string string [, string pattern[, string option]])</p4>
<p4d>Initialize string and regular expression for search. </p4d>
<p5>bool mb_ereg_search_init(string string [, string pattern[, string option]])</p5>
<p5d>Initialize string and regular expression for search. </p5d>
<texts><text><lng>en</lng>
<d>Setup string and regular expression for multibyte regularexpression match</d>
</text></texts></PHPModuleRef><PHPModuleRef>
<t>mb_ereg_search_pos</t>
<mn>mbstring</mn>
<ft>F</ft>
<ver>4_2_0,4_2_1,4_2_2,4_2_3,4_3_0,4_3_1,4_3_10,4_3_11,4_3_2,4_3_3,4_3_4,4_3_5,4_3_6,4_3_7,4_3_8,4_3_9,4_4_0,4_4_1,4_4_2,4_4_3,4_4_4,4_4_5,4_4_6,4_cvs</ver>
<p4>array mb_ereg_search_pos([string pattern[, string option]])</p4>
<p4d>Regular expression search for multibyte string </p4d>
<p5>array mb_ereg_search_pos([string pattern[, string option]])</p5>
<p5d>Regular expression search for multibyte string </p5d>
<texts><text><lng>en</lng>
<d>Return position and length of matched part of multibyte regularexpression for predefined multibyte string</d>
</text></texts></PHPModuleRef><PHPModuleRef>
<t>mb_ereg_search_regs</t>
<mn>mbstring</mn>
<ft>F</ft>
<ver>4_2_0,4_2_1,4_2_2,4_2_3,4_3_0,4_3_1,4_3_10,4_3_11,4_3_2,4_3_3,4_3_4,4_3_5,4_3_6,4_3_7,4_3_8,4_3_9,4_4_0,4_4_1,4_4_2,4_4_3,4_4_4,4_4_5,4_4_6,4_cvs</ver>
<p4>array mb_ereg_search_regs([string pattern[, string option]])</p4>
<p4d>Regular expression search for multibyte string </p4d>
<p5>array mb_ereg_search_regs([string pattern[, string option]])</p5>
<p5d>Regular expression search for multibyte string </p5d>
<texts><text><lng>en</lng>
<d>Returns the matched part of multibyte regular expression</d>
</text></texts></PHPModuleRef><PHPModuleRef>
<t>mb_ereg_search_setpos</t>
<mn>mbstring</mn>
<ft>F</ft>
<ver>4_2_0,4_2_1,4_2_2,4_2_3,4_3_0,4_3_1,4_3_10,4_3_11,4_3_2,4_3_3,4_3_4,4_3_5,4_3_6,4_3_7,4_3_8,4_3_9,4_4_0,4_4_1,4_4_2,4_4_3,4_4_4,4_4_5,4_4_6,4_cvs</ver>
<p4>bool mb_ereg_search_setpos(int position)</p4>
<p4d>Set search start position </p4d>
<p5>bool mb_ereg_search_setpos(int position)</p5>
<p5d>Set search start position </p5d>
<texts><text><lng>en</lng>
<d>Set start point of next regular expression match</d>
</text></texts></PHPModuleRef><PHPModuleRef>
<t>mb_get_info</t>
<mn>mbstring</mn>
<ft>F</ft>
<ver>4_2_0,4_2_1,4_2_2,4_2_3,4_3_0,4_3_1,4_3_10,4_3_11,4_3_2,4_3_3,4_3_4,4_3_5,4_3_6,4_3_7,4_3_8,4_3_9,4_4_0,4_4_1,4_4_2,4_4_3,4_4_4,4_4_5,4_4_6,4_cvs,5_0_0,5_0_1,5_0_2,5_0_3,5_1_0,5_1_1,5_1_2,5_1_3,5_1_4,5_1_5,5_1_6,5_2_0,5_2_1,5_cvs</ver>
<p4>mixed mb_get_info([string type])</p4>
<p4d>Returns the current settings of mbstring </p4d>
<p5>mixed mb_get_info([string type])</p5>
<p5d>Returns the current settings of mbstring </p5d>
<texts><text><lng>en</lng>
<d>Get internal settings of mbstring</d>
</text></texts></PHPModuleRef><PHPModuleRef>
<t>mb_http_input</t>
<mn>mbstring</mn>
<ft>F</ft>
<ver>4_0_6,4_1_0,4_1_1,4_1_2,4_2_0,4_2_1,4_2_2,4_2_3,4_3_0,4_3_1,4_3_10,4_3_11,4_3_2,4_3_3,4_3_4,4_3_5,4_3_6,4_3_7,4_3_8,4_3_9,4_4_0,4_4_1,4_4_2,4_4_3,4_4_4,4_4_5,4_4_6,4_cvs,5_0_0,5_0_1,5_0_2,5_0_3,5_1_0,5_1_1,5_1_2,5_1_3,5_1_4,5_1_5,5_1_6,5_2_0,5_2_1,5_cvs</ver>
<p4>mixed mb_http_input([string type])</p4>
<p4d>Returns the input encoding </p4d>
<p5>mixed mb_http_input([string type])</p5>
<p5d>Returns the input encoding </p5d>
<texts><text><lng>en</lng>
<d>Detect HTTP input character encoding</d>
</text></texts></PHPModuleRef><PHPModuleRef>
<t>mb_http_output</t>
<mn>mbstring</mn>
<ft>F</ft>
<ver>4_0_6,4_1_0,4_1_1,4_1_2,4_2_0,4_2_1,4_2_2,4_2_3,4_3_0,4_3_1,4_3_10,4_3_11,4_3_2,4_3_3,4_3_4,4_3_5,4_3_6,4_3_7,4_3_8,4_3_9,4_4_0,4_4_1,4_4_2,4_4_3,4_4_4,4_4_5,4_4_6,4_cvs,5_0_0,5_0_1,5_0_2,5_0_3,5_1_0,5_1_1,5_1_2,5_1_3,5_1_4,5_1_5,5_1_6,5_2_0,5_2_1,5_cvs</ver>
<p4>string mb_http_output([string encoding])</p4>
<p4d>Sets the current output_encoding or returns the current output_encoding as a string </p4d>
<p5>string mb_http_output([string encoding])</p5>
<p5d>Sets the current output_encoding or returns the current output_encoding as a string </p5d>
<texts><text><lng>en</lng>
<d>Set/Get HTTP output character encoding</d>
</text></texts></PHPModuleRef><PHPModuleRef>
<t>mb_internal_encoding</t>
<mn>mbstring</mn>
<ft>F</ft>
<ver>4_0_6,4_1_0,4_1_1,4_1_2,4_2_0,4_2_1,4_2_2,4_2_3,4_3_0,4_3_1,4_3_10,4_3_11,4_3_2,4_3_3,4_3_4,4_3_5,4_3_6,4_3_7,4_3_8,4_3_9,4_4_0,4_4_1,4_4_2,4_4_3,4_4_4,4_4_5,4_4_6,4_cvs,5_0_0,5_0_1,5_0_2,5_0_3,5_1_0,5_1_1,5_1_2,5_1_3,5_1_4,5_1_5,5_1_6,5_2_0,5_2_1,5_cvs</ver>
<p4>string mb_internal_encoding([string encoding])</p4>
<p4d>Sets the current internal encoding or Returns the current internal encoding as a string </p4d>
<p5>string mb_internal_encoding([string encoding])</p5>
<p5d>Sets the current internal encoding or Returns the current internal encoding as a string </p5d>
<texts><text><lng>en</lng>
<d>Set/Get internal character encoding</d>
</text></texts></PHPModuleRef><PHPModuleRef>
<t>mb_language</t>
<mn>mbstring</mn>
<ft>F</ft>
<ver>4_0_6,4_1_0,4_1_1,4_1_2,4_2_0,4_2_1,4_2_2,4_2_3,4_3_0,4_3_1,4_3_10,4_3_11,4_3_2,4_3_3,4_3_4,4_3_5,4_3_6,4_3_7,4_3_8,4_3_9,4_4_0,4_4_1,4_4_2,4_4_3,4_4_4,4_4_5,4_4_6,4_cvs,5_0_0,5_0_1,5_0_2,5_0_3,5_1_0,5_1_1,5_1_2,5_1_3,5_1_4,5_1_5,5_1_6,5_2_0,5_2_1,5_cvs</ver>
<p4>string mb_language([string language])</p4>
<p4d>Sets the current language or Returns the current language as a string </p4d>
<p5>string mb_language([string language])</p5>
<p5d>Sets the current language or Returns the current language as a string </p5d>
<texts><text><lng>en</lng>
<d>Set/Get current language</d>
</text></texts></PHPModuleRef><PHPModuleRef>
<t>mb_list_encodings</t>
<mn>mbstring</mn>
<ft>F</ft>
<ver>5_0_0,5_0_1,5_0_2,5_0_3,5_1_0,5_1_1,5_1_2,5_1_3,5_1_4,5_1_5,5_1_6,5_2_0,5_2_1,5_cvs</ver>
<p5>mixed mb_list_encodings([string alias_encoding])</p5>
<p5d>Returns an array of all supported entity encodings or Returns the entity encoding as a string </p5d>
<texts><text><lng>en</lng>
<d>Returns an array of all supported encodings</d>
</text></texts></PHPModuleRef><PHPModuleRef>
<t>mb_list_encodings_alias_names</t>
<mn>mbstring</mn>
<ft>F</ft>
<ver>5_cvs</ver>
<p5>array mb_list_encodings_alias_names([string encoding])</p5>
<p5d>Returns an array of all supported alias encodings </p5d>
<texts><text><lng>en</lng>
<d>Returns an array of all supported alias encodings</d>
</text></texts></PHPModuleRef><PHPModuleRef>
<t>mb_list_mime_names</t>
<mn>mbstring</mn>
<ft>F</ft>
<ver>5_cvs</ver>
<p5>mixed mb_list_mime_names([string encoding])</p5>
<p5d>Returns an array or string of all supported mime names </p5d>
<texts><text><lng>en</lng>
<d>Returns an array or string of all supported mime names</d>
</text></texts></PHPModuleRef><PHPModuleRef>
<t>mb_output_handler</t>
<mn>mbstring</mn>
<ft>F</ft>
<ver>4_0_6,4_1_0,4_1_1,4_1_2,4_2_0,4_2_1,4_2_2,4_2_3,4_3_0,4_3_1,4_3_10,4_3_11,4_3_2,4_3_3,4_3_4,4_3_5,4_3_6,4_3_7,4_3_8,4_3_9,4_4_0,4_4_1,4_4_2,4_4_3,4_4_4,4_4_5,4_4_6,4_cvs,5_0_0,5_0_1,5_0_2,5_0_3,5_1_0,5_1_1,5_1_2,5_1_3,5_1_4,5_1_5,5_1_6,5_2_0,5_2_1,5_cvs</ver>
<p4>string mb_output_handler(string contents, int status)</p4>
<p4d>Returns string in output buffer converted to the http_output encoding </p4d>
<p5>string mb_output_handler(string contents, int status)</p5>
<p5d>Returns string in output buffer converted to the http_output encoding </p5d>
<texts><text><lng>en</lng>
<d>Callback function converts character encoding in output buffer</d>
</text></texts></PHPModuleRef><PHPModuleRef>
<t>mb_parse_str</t>
<mn>mbstring</mn>
<ft>F</ft>
<ver>4_0_6,4_1_0,4_1_1,4_1_2,4_2_0,4_2_1,4_2_2,4_2_3,4_3_0,4_3_1,4_3_10,4_3_11,4_3_2,4_3_3,4_3_4,4_3_5,4_3_6,4_3_7,4_3_8,4_3_9,4_4_0,4_4_1,4_4_2,4_4_3,4_4_4,4_4_5,4_4_6,4_cvs,5_0_0,5_0_1,5_0_2,5_0_3,5_1_0,5_1_1,5_1_2,5_1_3,5_1_4,5_1_5,5_1_6,5_2_0,5_2_1,5_cvs</ver>
<p4>bool mb_parse_str(string encoded_string [, array result])</p4>
<p4d>Parses GET/POST/COOKIE data and sets global variables </p4d>
<p5>bool mb_parse_str(string encoded_string [, array result])</p5>
<p5d>Parses GET/POST/COOKIE data and sets global variables </p5d>
<texts><text><lng>en</lng>
<d>Parse GET/POST/COOKIE data and set global variable</d>
</text></texts></PHPModuleRef><PHPModuleRef>
<t>mb_preferred_mime_name</t>
<mn>mbstring</mn>
<ft>F</ft>
<ver>4_0_6,4_1_0,4_1_1,4_1_2,4_2_0,4_2_1,4_2_2,4_2_3,4_3_0,4_3_1,4_3_10,4_3_11,4_3_2,4_3_3,4_3_4,4_3_5,4_3_6,4_3_7,4_3_8,4_3_9,4_4_0,4_4_1,4_4_2,4_4_3,4_4_4,4_4_5,4_4_6,4_cvs,5_0_0,5_0_1,5_0_2,5_0_3,5_1_0,5_1_1,5_1_2,5_1_3,5_1_4,5_1_5,5_1_6,5_2_0,5_2_1,5_cvs</ver>
<p4>string mb_preferred_mime_name(string encoding)</p4>
<p4d>Return the preferred MIME name (charset) as a string </p4d>
<p5>string mb_preferred_mime_name(string encoding)</p5>
<p5d>Return the preferred MIME name (charset) as a string </p5d>
<texts><text><lng>en</lng>
<d>Get MIME charset string</d>
</text></texts></PHPModuleRef><PHPModuleRef>
<t>mb_regex_encoding</t>
<mn>mbstring</mn>
<ft>F</ft>
<ver>4_2_0,4_2_1,4_2_2,4_2_3,4_3_0,4_3_1,4_3_10,4_3_11,4_3_2,4_3_3,4_3_4,4_3_5,4_3_6,4_3_7,4_3_8,4_3_9,4_4_0,4_4_1,4_4_2,4_4_3,4_4_4,4_4_5,4_4_6,4_cvs</ver>
<p4>string mb_regex_encoding([string encoding])</p4>
<p4d>Returns the current encoding for regex as a string. </p4d>
<p5>string mb_regex_encoding([string encoding])</p5>
<p5d>Returns the current encoding for regex as a string. </p5d>
<texts><text><lng>en</lng>
<d>Returns current encoding for multibyte regex as string</d>
</text></texts></PHPModuleRef><PHPModuleRef>
<t>mb_regex_set_options</t>
<mn>mbstring</mn>
<ft>F</ft>
<ver>4_3_0,4_3_1,4_3_10,4_3_11,4_3_2,4_3_3,4_3_4,4_3_5,4_3_6,4_3_7,4_3_8,4_3_9,4_4_0,4_4_1,4_4_2,4_4_3,4_4_4,4_4_5,4_4_6,4_cvs</ver>
<p4>string mb_regex_set_options([string options])</p4>
<p4d>Set or get the default options for mbregex functions </p4d>
<p5>string mb_regex_set_options([string options])</p5>
<p5d>Set or get the default options for mbregex functions </p5d>
<texts><text><lng>en</lng>
<d>Set/Get the default options for mbregex functions</d>
</text></texts></PHPModuleRef><PHPModuleRef>
<t>mb_send_mail</t>
<mn>mbstring</mn>
<ft>F</ft>
<ver>4_0_6,4_1_0,4_1_1,4_1_2,4_2_0,4_2_1,4_2_2,4_2_3,4_3_0,4_3_1,4_3_10,4_3_11,4_3_2,4_3_3,4_3_4,4_3_5,4_3_6,4_3_7,4_3_8,4_3_9,4_4_0,4_4_1,4_4_2,4_4_3,4_4_4,4_4_5,4_4_6,4_cvs,5_0_0,5_0_1,5_0_2,5_0_3,5_1_0,5_1_1,5_1_2,5_1_3,5_1_4,5_1_5,5_1_6,5_2_0,5_2_1,5_cvs</ver>
<p4>int mb_send_mail(string to, string subject, string message [, string additional_headers [, string ad</p4>
<p4d>*  Sends an email message with MIME scheme </p4d>
<p5>int mb_send_mail(string to, string subject, string message [, string additional_headers [, string ad</p5>
<p5d>*  Sends an email message with MIME scheme </p5d>
<texts><text><lng>en</lng>
<d>Send encoded mail</d>
</text></texts></PHPModuleRef><PHPModuleRef>
<t>mb_split</t>
<mn>mbstring</mn>
<ft>F</ft>
<ver>4_2_0,4_2_1,4_2_2,4_2_3,4_3_0,4_3_1,4_3_10,4_3_11,4_3_2,4_3_3,4_3_4,4_3_5,4_3_6,4_3_7,4_3_8,4_3_9,4_4_0,4_4_1,4_4_2,4_4_3,4_4_4,4_4_5,4_4_6,4_cvs</ver>
<p4>array mb_split(string pattern, string string [, int limit])</p4>
<p4d>split multibyte string into array by regular expression </p4d>
<p5>array mb_split(string pattern, string string [, int limit])</p5>
<p5d>split multibyte string into array by regular expression </p5d>
<texts><text><lng>en</lng>
<d>Split multibyte string using regular expression</d>
</text></texts></PHPModuleRef><PHPModuleRef>
<t>mb_strcut</t>
<mn>mbstring</mn>
<ft>F</ft>
<ver>4_0_6,4_1_0,4_1_1,4_1_2,4_2_0,4_2_1,4_2_2,4_2_3,4_3_0,4_3_1,4_3_10,4_3_11,4_3_2,4_3_3,4_3_4,4_3_5,4_3_6,4_3_7,4_3_8,4_3_9,4_4_0,4_4_1,4_4_2,4_4_3,4_4_4,4_4_5,4_4_6,4_cvs,5_0_0,5_0_1,5_0_2,5_0_3,5_1_0,5_1_1,5_1_2,5_1_3,5_1_4,5_1_5,5_1_6,5_2_0,5_2_1,5_cvs</ver>
<p4>string mb_strcut(string str, int start [, int length [, string encoding]])</p4>
<p4d>Returns part of a string </p4d>
<p5>string mb_strcut(string str, int start [, int length [, string encoding]])</p5>
<p5d>Returns part of a string </p5d>
<texts><text><lng>en</lng>
<d>Get part of string</d>
</text></texts></PHPModuleRef><PHPModuleRef>
<t>mb_strimwidth</t>
<mn>mbstring</mn>
<ft>F</ft>
<ver>4_0_6,4_1_0,4_1_1,4_1_2,4_2_0,4_2_1,4_2_2,4_2_3,4_3_0,4_3_1,4_3_10,4_3_11,4_3_2,4_3_3,4_3_4,4_3_5,4_3_6,4_3_7,4_3_8,4_3_9,4_4_0,4_4_1,4_4_2,4_4_3,4_4_4,4_4_5,4_4_6,4_cvs,5_0_0,5_0_1,5_0_2,5_0_3,5_1_0,5_1_1,5_1_2,5_1_3,5_1_4,5_1_5,5_1_6,5_2_0,5_2_1,5_cvs</ver>
<p4>string mb_strimwidth(string str, int start, int width [, string trimmarker [, string encoding]])</p4>
<p4d>Trim the string in terminal width </p4d>
<p5>string mb_strimwidth(string str, int start, int width [, string trimmarker [, string encoding]])</p5>
<p5d>Trim the string in terminal width </p5d>
<texts><text><lng>en</lng>
<d>Get truncated string with specified width</d>
</text></texts></PHPModuleRef><PHPModuleRef>
<t>mb_stripos</t>
<mn>mbstring</mn>
<ft>F</ft>
<ver>5_2_0,5_2_1,5_cvs</ver>
<p5>int mb_stripos(string haystack, string needle [, int offset [, string encoding]])</p5>
<p5d>Finds position of first occurrence of a string within another, case insensitive </p5d>
<texts><text><lng>en</lng>
<d>Finds position of first occurrence of a string within another, case insensitive</d>
</text></texts></PHPModuleRef><PHPModuleRef>
<t>mb_stristr</t>
<mn>mbstring</mn>
<ft>F</ft>
<ver>5_2_0,5_2_1,5_cvs</ver>
<p5>string mb_stristr(string haystack, string needle[, bool part[, string encoding]])</p5>
<p5d>Finds first occurrence of a string within another, case insensitive </p5d>
<texts><text><lng>en</lng>
<d>Finds first occurrence of a string within another, case insensitive</d>
</text></texts></PHPModuleRef><PHPModuleRef>
<t>mb_strlen</t>
<mn>mbstring</mn>
<ft>F</ft>
<ver>4_0_6,4_1_0,4_1_1,4_1_2,4_2_0,4_2_1,4_2_2,4_2_3,4_3_0,4_3_1,4_3_10,4_3_11,4_3_2,4_3_3,4_3_4,4_3_5,4_3_6,4_3_7,4_3_8,4_3_9,4_4_0,4_4_1,4_4_2,4_4_3,4_4_4,4_4_5,4_4_6,4_cvs,5_0_0,5_0_1,5_0_2,5_0_3,5_1_0,5_1_1,5_1_2,5_1_3,5_1_4,5_1_5,5_1_6,5_2_0,5_2_1,5_cvs</ver>
<p4>int mb_strlen(string str [, string encoding])</p4>
<p4d>Get character numbers of a string </p4d>
<p5>int mb_strlen(string str [, string encoding])</p5>
<p5d>Get character numbers of a string </p5d>
<texts><text><lng>en</lng>
<d>Get string length</d>
</text></texts></PHPModuleRef><PHPModuleRef>
<t>mb_strpos</t>
<mn>mbstring</mn>
<ft>F</ft>
<ver>4_0_6,4_1_0,4_1_1,4_1_2,4_2_0,4_2_1,4_2_2,4_2_3,4_3_0,4_3_1,4_3_10,4_3_11,4_3_2,4_3_3,4_3_4,4_3_5,4_3_6,4_3_7,4_3_8,4_3_9,4_4_0,4_4_1,4_4_2,4_4_3,4_4_4,4_4_5,4_4_6,4_cvs,5_0_0,5_0_1,5_0_2,5_0_3,5_1_0,5_1_1,5_1_2,5_1_3,5_1_4,5_1_5,5_1_6,5_2_0,5_2_1,5_cvs</ver>
<p4>int mb_strpos(string haystack, string needle [, int offset [, string encoding]])</p4>
<p4d>Find position of first occurrence of a string within another </p4d>
<p5>int mb_strpos(string haystack, string needle [, int offset [, string encoding]])</p5>
<p5d>Find position of first occurrence of a string within another </p5d>
<texts><text><lng>en</lng>
<d>Find position of first occurrence of string in a string</d>
</text></texts></PHPModuleRef><PHPModuleRef>
<t>mb_strrchr</t>
<mn>mbstring</mn>
<ft>F</ft>
<ver>5_2_0,5_2_1,5_cvs</ver>
<p5>string mb_strrchr(string haystack, string needle[, bool part[, string encoding]])</p5>
<p5d>Finds the last occurrence of a character in a string within another </p5d>
<texts><text><lng>en</lng>
<d>Finds the last occurrence of a character in a string within another</d>
</text></texts></PHPModuleRef><PHPModuleRef>
<t>mb_strrichr</t>
<mn>mbstring</mn>
<ft>F</ft>
<ver>5_2_0,5_2_1,5_cvs</ver>
<p5>string mb_strrichr(string haystack, string needle[, bool part[, string encoding]])</p5>
<p5d>Finds the last occurrence of a character in a string within another, case insensitive </p5d>
<texts><text><lng>en</lng>
<d>Finds the last occurrence of a character in a string within another, case insensitive</d>
</text></texts></PHPModuleRef><PHPModuleRef>
<t>mb_strripos</t>
<mn>mbstring</mn>
<ft>F</ft>
<ver>5_2_0,5_2_1,5_cvs</ver>
<p5>int mb_strripos(string haystack, string needle [, int offset [, string encoding]])</p5>
<p5d>Finds position of last occurrence of a string within another, case insensitive </p5d>
<texts><text><lng>en</lng>
<d>Finds position of last occurrence of a string within another, case insensitive</d>
</text></texts></PHPModuleRef><PHPModuleRef>
<t>mb_strrpos</t>
<mn>mbstring</mn>
<ft>F</ft>
<ver>4_0_6,4_1_0,4_1_1,4_1_2,4_2_0,4_2_1,4_2_2,4_2_3,4_3_0,4_3_1,4_3_10,4_3_11,4_3_2,4_3_3,4_3_4,4_3_5,4_3_6,4_3_7,4_3_8,4_3_9,4_4_0,4_4_1,4_4_2,4_4_3,4_4_4,4_4_5,4_4_6,4_cvs,5_0_0,5_0_1,5_0_2,5_0_3,5_1_0,5_1_1,5_1_2,5_1_3,5_1_4,5_1_5,5_1_6,5_2_0,5_2_1,5_cvs</ver>
<p4>int mb_strrpos(string haystack, string needle [, string encoding])</p4>
<p4d>Find the last occurrence of a character in a string within another </p4d>
<p5>int mb_strrpos(string haystack, string needle [, int offset [, string encoding]])</p5>
<p5d>Find position of last occurrence of a string within another </p5d>
<texts><text><lng>en</lng>
<d>Find position of last occurrence of a string in a string</d>
</text></texts></PHPModuleRef><PHPModuleRef>
<t>mb_strstr</t>
<mn>mbstring</mn>
<ft>F</ft>
<ver>5_2_0,5_2_1,5_cvs</ver>
<p5>string mb_strstr(string haystack, string needle[, bool part[, string encoding]])</p5>
<p5d>Finds first occurrence of a string within another </p5d>
<texts><text><lng>en</lng>
<d>Finds first occurrence of a string within another</d>
</text></texts></PHPModuleRef><PHPModuleRef>
<t>mb_strtolower</t>
<mn>mbstring</mn>
<ft>F</ft>
<ver>4_3_0,4_3_1,4_3_10,4_3_11,4_3_2,4_3_3,4_3_4,4_3_5,4_3_6,4_3_7,4_3_8,4_3_9,4_4_0,4_4_1,4_4_2,4_4_3,4_4_4,4_4_5,4_4_6,4_cvs,5_0_0,5_0_1,5_0_2,5_0_3,5_1_0,5_1_1,5_1_2,5_1_3,5_1_4,5_1_5,5_1_6,5_2_0,5_2_1,5_cvs</ver>
<p4>string mb_strtolower(string sourcestring [, string encoding])</p4>
<p4d>*  Returns a lowercased version of sourcestring </p4d>
<p5>string mb_strtolower(string sourcestring [, string encoding])</p5>
<p5d>*  Returns a lowercased version of sourcestring </p5d>
<texts><text><lng>en</lng>
<d>Make a string lowercase</d>
</text></texts></PHPModuleRef><PHPModuleRef>
<t>mb_strtoupper</t>
<mn>mbstring</mn>
<ft>F</ft>
<ver>4_3_0,4_3_1,4_3_10,4_3_11,4_3_2,4_3_3,4_3_4,4_3_5,4_3_6,4_3_7,4_3_8,4_3_9,4_4_0,4_4_1,4_4_2,4_4_3,4_4_4,4_4_5,4_4_6,4_cvs,5_0_0,5_0_1,5_0_2,5_0_3,5_1_0,5_1_1,5_1_2,5_1_3,5_1_4,5_1_5,5_1_6,5_2_0,5_2_1,5_cvs</ver>
<p4>string mb_strtoupper(string sourcestring [, string encoding])</p4>
<p4d>*  Returns a uppercased version of sourcestring </p4d>
<p5>string mb_strtoupper(string sourcestring [, string encoding])</p5>
<p5d>*  Returns a uppercased version of sourcestring </p5d>
<texts><text><lng>en</lng>
<d>Make a string uppercase</d>
</text></texts></PHPModuleRef><PHPModuleRef>
<t>mb_strwidth</t>
<mn>mbstring</mn>
<ft>F</ft>
<ver>4_0_6,4_1_0,4_1_1,4_1_2,4_2_0,4_2_1,4_2_2,4_2_3,4_3_0,4_3_1,4_3_10,4_3_11,4_3_2,4_3_3,4_3_4,4_3_5,4_3_6,4_3_7,4_3_8,4_3_9,4_4_0,4_4_1,4_4_2,4_4_3,4_4_4,4_4_5,4_4_6,4_cvs,5_0_0,5_0_1,5_0_2,5_0_3,5_1_0,5_1_1,5_1_2,5_1_3,5_1_4,5_1_5,5_1_6,5_2_0,5_2_1,5_cvs</ver>
<p4>int mb_strwidth(string str [, string encoding])</p4>
<p4d>Gets terminal width of a string </p4d>
<p5>int mb_strwidth(string str [, string encoding])</p5>
<p5d>Gets terminal width of a string </p5d>
<texts><text><lng>en</lng>
<d>Return width of string</d>
</text></texts></PHPModuleRef><PHPModuleRef>
<t>mb_substitute_character</t>
<mn>mbstring</mn>
<ft>F</ft>
<ver>4_0_6,4_1_0,4_1_1,4_1_2,4_2_0,4_2_1,4_2_2,4_2_3,4_3_0,4_3_1,4_3_10,4_3_11,4_3_2,4_3_3,4_3_4,4_3_5,4_3_6,4_3_7,4_3_8,4_3_9,4_4_0,4_4_1,4_4_2,4_4_3,4_4_4,4_4_5,4_4_6,4_cvs,5_0_0,5_0_1,5_0_2,5_0_3,5_1_0,5_1_1,5_1_2,5_1_3,5_1_4,5_1_5,5_1_6,5_2_0,5_2_1,5_cvs</ver>
<p4>mixed mb_substitute_character([mixed substchar])</p4>
<p4d>Sets the current substitute_character or returns the current substitute_character </p4d>
<p5>mixed mb_substitute_character([mixed substchar])</p5>
<p5d>Sets the current substitute_character or returns the current substitute_character </p5d>
<texts><text><lng>en</lng>
<d>Set/Get substitution character</d>
</text></texts></PHPModuleRef><PHPModuleRef>
<t>mb_substr</t>
<mn>mbstring</mn>
<ft>F</ft>
<ver>4_0_6,4_1_0,4_1_1,4_1_2,4_2_0,4_2_1,4_2_2,4_2_3,4_3_0,4_3_1,4_3_10,4_3_11,4_3_2,4_3_3,4_3_4,4_3_5,4_3_6,4_3_7,4_3_8,4_3_9,4_4_0,4_4_1,4_4_2,4_4_3,4_4_4,4_4_5,4_4_6,4_cvs,5_0_0,5_0_1,5_0_2,5_0_3,5_1_0,5_1_1,5_1_2,5_1_3,5_1_4,5_1_5,5_1_6,5_2_0,5_2_1,5_cvs</ver>
<p4>string mb_substr(string str, int start [, int length [, string encoding]])</p4>
<p4d>Returns part of a string </p4d>
<p5>string mb_substr(string str, int start [, int length [, string encoding]])</p5>
<p5d>Returns part of a string </p5d>
<texts><text><lng>en</lng>
<d>Get part of string</d>
</text></texts></PHPModuleRef><PHPModuleRef>
<t>mb_substr_count</t>
<mn>mbstring</mn>
<ft>F</ft>
<ver>4_3_0,4_3_1,4_3_10,4_3_11,4_3_2,4_3_3,4_3_4,4_3_5,4_3_6,4_3_7,4_3_8,4_3_9,4_4_0,4_4_1,4_4_2,4_4_3,4_4_4,4_4_5,4_4_6,4_cvs,5_0_0,5_0_1,5_0_2,5_0_3,5_1_0,5_1_1,5_1_2,5_1_3,5_1_4,5_1_5,5_1_6,5_2_0,5_2_1,5_cvs</ver>
<p4>int mb_substr_count(string haystack, string needle [, string encoding])</p4>
<p4d>Count the number of substring occurrences </p4d>
<p5>int mb_substr_count(string haystack, string needle [, string encoding])</p5>
<p5d>Count the number of substring occurrences </p5d>
<texts><text><lng>en</lng>
<d>Count the number of substring occurrences</d>
</text></texts></PHPModuleRef><PHPModuleRef>
<t>MB_OVERLOAD_MAIL</t>
<mn>mbstring</mn>
<ft>C</ft>
<p4>integer MB_OVERLOAD_MAIL</p4>
<p5>integer MB_OVERLOAD_MAIL</p5>
</PHPModuleRef><PHPModuleRef>
<t>MB_OVERLOAD_REGEX</t>
<mn>mbstring</mn>
<ft>C</ft>
<p4>integer MB_OVERLOAD_REGEX</p4>
<p5>integer MB_OVERLOAD_REGEX</p5>
</PHPModuleRef><PHPModuleRef>
<t>MB_OVERLOAD_STRING</t>
<mn>mbstring</mn>
<ft>C</ft>
<p4>integer MB_OVERLOAD_STRING</p4>
<p5>integer MB_OVERLOAD_STRING</p5>
</PHPModuleRef></PHPModuleRef-List>
