<?xml version="1.0" encoding="utf-8"?>
<PHPModuleRef-List>
<PHPModuleRef>
<t>mcal_append_event</t>
<mn>mcal</mn>
<ft>F</ft>
<ver>4_0_0,4_0_1,4_0_2,4_0_3,4_0_4,4_0_5,4_0_6,4_1_0,4_1_1,4_1_2,4_2_0,4_2_1,4_2_2,4_2_3,4_3_0,4_3_1,4_3_10,4_3_11,4_3_2,4_3_3,4_3_4,4_3_5,4_3_6,4_3_7,4_3_8,4_3_9,4_4_0,4_4_1,4_4_2,4_4_3,4_4_4,4_4_5,4_4_6,4_cvs</ver>
<p4>string mcal_append_event(int stream_id)</p4>
<p4d>Append a new event to the calendar stream </p4d>
<texts><text><lng>de</lng>
<d>Store a new event into an MCAL calendar</d>
</text><text><lng>en</lng>
<d>Store a new event into an MCAL calendar</d>
</text><text><lng>es</lng>
<d>Store a new event into an MCAL calendar</d>
</text></texts></PHPModuleRef><PHPModuleRef>
<t>mcal_close</t>
<mn>mcal</mn>
<ft>F</ft>
<ver>4_0_0,4_0_1,4_0_2,4_0_3,4_0_4,4_0_5,4_0_6,4_1_0,4_1_1,4_1_2,4_2_0,4_2_1,4_2_2,4_2_3,4_3_0,4_3_1,4_3_10,4_3_11,4_3_2,4_3_3,4_3_4,4_3_5,4_3_6,4_3_7,4_3_8,4_3_9,4_4_0,4_4_1,4_4_2,4_4_3,4_4_4,4_4_5,4_4_6,4_cvs</ver>
<p4>int mcal_close(int stream_id [, int options])</p4>
<p4d>Close an MCAL stream </p4d>
<texts><text><lng>de</lng>
<d>Schließen eines MCAL-Streams</d>
</text><text><lng>en</lng>
<d>Close an MCAL stream</d>
</text><text><lng>es</lng>
<d>Close an MCAL stream</d>
</text></texts></PHPModuleRef><PHPModuleRef>
<t>mcal_create_calendar</t>
<mn>mcal</mn>
<ft>F</ft>
<ver>4_0_0,4_0_1,4_0_2,4_0_3,4_0_4,4_0_5,4_0_6,4_1_0,4_1_1,4_1_2,4_2_0,4_2_1,4_2_2,4_2_3,4_3_0,4_3_1,4_3_10,4_3_11,4_3_2,4_3_3,4_3_4,4_3_5,4_3_6,4_3_7,4_3_8,4_3_9,4_4_0,4_4_1,4_4_2,4_4_3,4_4_4,4_4_5,4_4_6,4_cvs</ver>
<p4>string mcal_create_calendar(int stream_id, string calendar)</p4>
<p4d>Create a new calendar </p4d>
<texts><text><lng>en</lng>
<d>Create a new MCAL calendar</d>
</text></texts></PHPModuleRef><PHPModuleRef>
<t>mcal_date_compare</t>
<mn>mcal</mn>
<ft>F</ft>
<ver>4_0_0,4_0_1,4_0_2,4_0_3,4_0_4,4_0_5,4_0_6,4_1_0,4_1_1,4_1_2,4_2_0,4_2_1,4_2_2,4_2_3,4_3_0,4_3_1,4_3_10,4_3_11,4_3_2,4_3_3,4_3_4,4_3_5,4_3_6,4_3_7,4_3_8,4_3_9,4_4_0,4_4_1,4_4_2,4_4_3,4_4_4,4_4_5,4_4_6,4_cvs</ver>
<p4>int mcal_date_compare(int ayear, int amonth, int aday, int byear, int bmonth, int bday)</p4>
<p4d>Returns &lt;0, 0, &gt;0 if a&lt;b, a==b, a&gt;b respectively </p4d>
<texts><text><lng>de</lng>
<d>Compares two dates</d>
</text><text><lng>en</lng>
<d>Compares two dates</d>
</text><text><lng>es</lng>
<d>Compares two dates</d>
</text></texts></PHPModuleRef><PHPModuleRef>
<t>mcal_date_valid</t>
<mn>mcal</mn>
<ft>F</ft>
<ver>4_0_0,4_0_1,4_0_2,4_0_3,4_0_4,4_0_5,4_0_6,4_1_0,4_1_1,4_1_2,4_2_0,4_2_1,4_2_2,4_2_3,4_3_0,4_3_1,4_3_10,4_3_11,4_3_2,4_3_3,4_3_4,4_3_5,4_3_6,4_3_7,4_3_8,4_3_9,4_4_0,4_4_1,4_4_2,4_4_3,4_4_4,4_4_5,4_4_6,4_cvs</ver>
<p4>bool mcal_date_valid(int year, int month, int day)</p4>
<p4d>Returns true if the date is a valid date </p4d>
<texts><text><lng>de</lng>
<d>Returns&amp;true; if the given year, month, day is a valid date</d>
</text><text><lng>en</lng>
<d>Returns&amp;true; if the given year, month, day is a valid date</d>
</text><text><lng>es</lng>
<d>Returns&amp;true; if the given year, month, day is a valid date</d>
</text></texts></PHPModuleRef><PHPModuleRef>
<t>mcal_days_in_month</t>
<mn>mcal</mn>
<ft>F</ft>
<ver>4_0_0,4_0_1,4_0_2,4_0_3,4_0_4,4_0_5,4_0_6,4_1_0,4_1_1,4_1_2,4_2_0,4_2_1,4_2_2,4_2_3,4_3_0,4_3_1,4_3_10,4_3_11,4_3_2,4_3_3,4_3_4,4_3_5,4_3_6,4_3_7,4_3_8,4_3_9,4_4_0,4_4_1,4_4_2,4_4_3,4_4_4,4_4_5,4_4_6,4_cvs</ver>
<p4>int mcal_days_in_month(int month, bool leap_year)</p4>
<p4d>Returns the number of days in the given month, needs to know if the year is a leap year or not </p4d>
<texts><text><lng>de</lng>
<d>Returns the number of days in the given month</d>
</text><text><lng>en</lng>
<d>Returns the number of days in a month</d>
</text><text><lng>es</lng>
<d>Returns the number of days in the given month</d>
</text></texts></PHPModuleRef><PHPModuleRef>
<t>mcal_day_of_week</t>
<mn>mcal</mn>
<ft>F</ft>
<ver>4_0_0,4_0_1,4_0_2,4_0_3,4_0_4,4_0_5,4_0_6,4_1_0,4_1_1,4_1_2,4_2_0,4_2_1,4_2_2,4_2_3,4_3_0,4_3_1,4_3_10,4_3_11,4_3_2,4_3_3,4_3_4,4_3_5,4_3_6,4_3_7,4_3_8,4_3_9,4_4_0,4_4_1,4_4_2,4_4_3,4_4_4,4_4_5,4_4_6,4_cvs</ver>
<p4>int mcal_day_of_week(int year, int month, int day)</p4>
<p4d>Returns the day of the week of the given date </p4d>
<texts><text><lng>de</lng>
<d>Returns the day of the week of the given date</d>
</text><text><lng>en</lng>
<d>Returns the day of the week of the given date</d>
</text><text><lng>es</lng>
<d>Returns the day of the week of the given date</d>
</text></texts></PHPModuleRef><PHPModuleRef>
<t>mcal_day_of_year</t>
<mn>mcal</mn>
<ft>F</ft>
<ver>4_0_0,4_0_1,4_0_2,4_0_3,4_0_4,4_0_5,4_0_6,4_1_0,4_1_1,4_1_2,4_2_0,4_2_1,4_2_2,4_2_3,4_3_0,4_3_1,4_3_10,4_3_11,4_3_2,4_3_3,4_3_4,4_3_5,4_3_6,4_3_7,4_3_8,4_3_9,4_4_0,4_4_1,4_4_2,4_4_3,4_4_4,4_4_5,4_4_6,4_cvs</ver>
<p4>int mcal_day_of_year(int year, int month, int day)</p4>
<p4d>Returns the day of the year of the given date </p4d>
<texts><text><lng>de</lng>
<d>Returns the day of the year of the given date</d>
</text><text><lng>en</lng>
<d>Returns the day of the year of the given date</d>
</text><text><lng>es</lng>
<d>Returns the day of the year of the given date</d>
</text></texts></PHPModuleRef><PHPModuleRef>
<t>mcal_delete_calendar</t>
<mn>mcal</mn>
<ft>F</ft>
<ver>4_0_0,4_0_1,4_0_2,4_0_3,4_0_4,4_0_5,4_0_6,4_1_0,4_1_1,4_1_2,4_2_0,4_2_1,4_2_2,4_2_3,4_3_0,4_3_1,4_3_10,4_3_11,4_3_2,4_3_3,4_3_4,4_3_5,4_3_6,4_3_7,4_3_8,4_3_9,4_4_0,4_4_1,4_4_2,4_4_3,4_4_4,4_4_5,4_4_6,4_cvs</ver>
<p4>string mcal_delete_calendar(int stream_id, string calendar)</p4>
<p4d>Delete calendar </p4d>
<texts><text><lng>en</lng>
<d>Delete an MCAL calendar</d>
</text></texts></PHPModuleRef><PHPModuleRef>
<t>mcal_delete_event</t>
<mn>mcal</mn>
<ft>F</ft>
<ver>4_0_0,4_0_1,4_0_2,4_0_3,4_0_4,4_0_5,4_0_6,4_1_0,4_1_1,4_1_2,4_2_0,4_2_1,4_2_2,4_2_3,4_3_0,4_3_1,4_3_10,4_3_11,4_3_2,4_3_3,4_3_4,4_3_5,4_3_6,4_3_7,4_3_8,4_3_9,4_4_0,4_4_1,4_4_2,4_4_3,4_4_4,4_4_5,4_4_6,4_cvs</ver>
<p4>string mcal_delete_event(int stream_id, int event_id)</p4>
<p4d>Delete an event </p4d>
<texts><text><lng>de</lng>
<d>Delete an event from an MCAL calendar</d>
</text><text><lng>en</lng>
<d>Delete an event from an MCAL calendar</d>
</text><text><lng>es</lng>
<d>Delete an event from an MCAL calendar</d>
</text></texts></PHPModuleRef><PHPModuleRef>
<t>mcal_event_add_attribute</t>
<mn>mcal</mn>
<ft>F</ft>
<ver>4_0_0,4_0_1,4_0_2,4_0_3,4_0_4,4_0_5,4_0_6,4_1_0,4_1_1,4_1_2,4_2_0,4_2_1,4_2_2,4_2_3,4_3_0,4_3_1,4_3_10,4_3_11,4_3_2,4_3_3,4_3_4,4_3_5,4_3_6,4_3_7,4_3_8,4_3_9,4_4_0,4_4_1,4_4_2,4_4_3,4_4_4,4_4_5,4_4_6,4_cvs</ver>
<p4>string mcal_event_add_attribute(int stream_id, string attribute, string value)</p4>
<p4d>Add an attribute and value to an event </p4d>
<texts><text><lng>en</lng>
<d>Adds an attribute and a value to the streams global event structure</d>
</text><text><lng>es</lng>
<d>Adds an attribute and a value to the streams global event structure</d>
</text></texts></PHPModuleRef><PHPModuleRef>
<t>mcal_event_init</t>
<mn>mcal</mn>
<ft>F</ft>
<ver>4_0_0,4_0_1,4_0_2,4_0_3,4_0_4,4_0_5,4_0_6,4_1_0,4_1_1,4_1_2,4_2_0,4_2_1,4_2_2,4_2_3,4_3_0,4_3_1,4_3_10,4_3_11,4_3_2,4_3_3,4_3_4,4_3_5,4_3_6,4_3_7,4_3_8,4_3_9,4_4_0,4_4_1,4_4_2,4_4_3,4_4_4,4_4_5,4_4_6,4_cvs</ver>
<p4>int mcal_event_init(int stream_id)</p4>
<p4d>Initialize a streams global event </p4d>
<texts><text><lng>de</lng>
<d>Initializes a streams global event structure</d>
</text><text><lng>en</lng>
<d>Initializes a streams global event structure</d>
</text><text><lng>es</lng>
<d>Initializes a streams global event structure</d>
</text></texts></PHPModuleRef><PHPModuleRef>
<t>mcal_event_set_alarm</t>
<mn>mcal</mn>
<ft>F</ft>
<ver>4_0_0,4_0_1,4_0_2,4_0_3,4_0_4,4_0_5,4_0_6,4_1_0,4_1_1,4_1_2,4_2_0,4_2_1,4_2_2,4_2_3,4_3_0,4_3_1,4_3_10,4_3_11,4_3_2,4_3_3,4_3_4,4_3_5,4_3_6,4_3_7,4_3_8,4_3_9,4_4_0,4_4_1,4_4_2,4_4_3,4_4_4,4_4_5,4_4_6,4_cvs</ver>
<p4>int mcal_event_set_alarm(int stream_id, int alarm)</p4>
<p4d>Add an alarm to the streams global event </p4d>
<texts><text><lng>de</lng>
<d>Sets the alarm of the streams global event structure</d>
</text><text><lng>en</lng>
<d>Sets the alarm of the streams global event structure</d>
</text><text><lng>es</lng>
<d>Sets the alarm of the streams global event structure</d>
</text></texts></PHPModuleRef><PHPModuleRef>
<t>mcal_event_set_category</t>
<mn>mcal</mn>
<ft>F</ft>
<ver>4_0_0,4_0_1,4_0_2,4_0_3,4_0_4,4_0_5,4_0_6,4_1_0,4_1_1,4_1_2,4_2_0,4_2_1,4_2_2,4_2_3,4_3_0,4_3_1,4_3_10,4_3_11,4_3_2,4_3_3,4_3_4,4_3_5,4_3_6,4_3_7,4_3_8,4_3_9,4_4_0,4_4_1,4_4_2,4_4_3,4_4_4,4_4_5,4_4_6,4_cvs</ver>
<p4>string mcal_event_set_category(int stream_id, string category)</p4>
<p4d>Attach a category to an event </p4d>
<texts><text><lng>de</lng>
<d>Sets the category of the streams global event structure</d>
</text><text><lng>en</lng>
<d>Sets the category of the streams global event structure</d>
</text><text><lng>es</lng>
<d>Sets the category of the streams global event structure</d>
</text></texts></PHPModuleRef><PHPModuleRef>
<t>mcal_event_set_class</t>
<mn>mcal</mn>
<ft>F</ft>
<ver>4_0_0,4_0_1,4_0_2,4_0_3,4_0_4,4_0_5,4_0_6,4_1_0,4_1_1,4_1_2,4_2_0,4_2_1,4_2_2,4_2_3,4_3_0,4_3_1,4_3_10,4_3_11,4_3_2,4_3_3,4_3_4,4_3_5,4_3_6,4_3_7,4_3_8,4_3_9,4_4_0,4_4_1,4_4_2,4_4_3,4_4_4,4_4_5,4_4_6,4_cvs</ver>
<p4>int mcal_event_set_class(int stream_id, int class)</p4>
<p4d>Add an class to the streams global event </p4d>
<texts><text><lng>de</lng>
<d>Sets the class of the streams global event structure</d>
</text><text><lng>en</lng>
<d>Sets the class of the streams global event structure</d>
</text><text><lng>es</lng>
<d>Sets the class of the streams global event structure</d>
</text></texts></PHPModuleRef><PHPModuleRef>
<t>mcal_event_set_description</t>
<mn>mcal</mn>
<ft>F</ft>
<ver>4_0_0,4_0_1,4_0_2,4_0_3,4_0_4,4_0_5,4_0_6,4_1_0,4_1_1,4_1_2,4_2_0,4_2_1,4_2_2,4_2_3,4_3_0,4_3_1,4_3_10,4_3_11,4_3_2,4_3_3,4_3_4,4_3_5,4_3_6,4_3_7,4_3_8,4_3_9,4_4_0,4_4_1,4_4_2,4_4_3,4_4_4,4_4_5,4_4_6,4_cvs</ver>
<p4>string mcal_event_set_description(int stream_id, string description)</p4>
<p4d>Attach a description to an event </p4d>
<texts><text><lng>de</lng>
<d>Sets the description of the streams global event structure</d>
</text><text><lng>en</lng>
<d>Sets the description of the streams global event structure</d>
</text><text><lng>es</lng>
<d>Sets the description of the streams global event structure</d>
</text></texts></PHPModuleRef><PHPModuleRef>
<t>mcal_event_set_end</t>
<mn>mcal</mn>
<ft>F</ft>
<ver>4_0_0,4_0_1,4_0_2,4_0_3,4_0_4,4_0_5,4_0_6,4_1_0,4_1_1,4_1_2,4_2_0,4_2_1,4_2_2,4_2_3,4_3_0,4_3_1,4_3_10,4_3_11,4_3_2,4_3_3,4_3_4,4_3_5,4_3_6,4_3_7,4_3_8,4_3_9,4_4_0,4_4_1,4_4_2,4_4_3,4_4_4,4_4_5,4_4_6,4_cvs</ver>
<p4>string mcal_event_set_end(int stream_id, int year,int month, int day [[[, int hour], int min], int s</p4>
<p4d>Attach an end datetime to an event </p4d>
<texts><text><lng>de</lng>
<d>Sets the end date and time of the streams global event structure</d>
</text><text><lng>en</lng>
<d>Sets the end date and time of the streams global event structure</d>
</text><text><lng>es</lng>
<d>Sets the end date and time of the streams global event structure</d>
</text></texts></PHPModuleRef><PHPModuleRef>
<t>mcal_event_set_recur_daily</t>
<mn>mcal</mn>
<ft>F</ft>
<ver>4_0_0,4_0_1,4_0_2,4_0_3,4_0_4,4_0_5,4_0_6,4_1_0,4_1_1,4_1_2,4_2_0,4_2_1,4_2_2,4_2_3,4_3_0,4_3_1,4_3_10,4_3_11,4_3_2,4_3_3,4_3_4,4_3_5,4_3_6,4_3_7,4_3_8,4_3_9,4_4_0,4_4_1,4_4_2,4_4_3,4_4_4,4_4_5,4_4_6,4_cvs</ver>
<p4>string mcal_event_set_recur_daily(int stream_id, int year, int month, int day, int interval)</p4>
<p4d>Create a daily recurrence </p4d>
<texts><text><lng>de</lng>
<d>Sets the recurrence of the streams global event structure</d>
</text><text><lng>en</lng>
<d>Sets the recurrence of the streams global event structure</d>
</text><text><lng>es</lng>
<d>Sets the recurrence of the streams global event structure</d>
</text></texts></PHPModuleRef><PHPModuleRef>
<t>mcal_event_set_recur_monthly_mday</t>
<mn>mcal</mn>
<ft>F</ft>
<ver>4_0_0,4_0_1,4_0_2,4_0_3,4_0_4,4_0_5,4_0_6,4_1_0,4_1_1,4_1_2,4_2_0,4_2_1,4_2_2,4_2_3,4_3_0,4_3_1,4_3_10,4_3_11,4_3_2,4_3_3,4_3_4,4_3_5,4_3_6,4_3_7,4_3_8,4_3_9,4_4_0,4_4_1,4_4_2,4_4_3,4_4_4,4_4_5,4_4_6,4_cvs</ver>
<p4>string mcal_event_set_recur_monthly_mday(int stream_id, int year, int month, int day, int interval)</p4>
<p4d>Create a monthly by day recurrence </p4d>
<texts><text><lng>de</lng>
<d>Sets the recurrence of the streams global event structure</d>
</text><text><lng>en</lng>
<d>Sets the recurrence of the streams global event structure</d>
</text><text><lng>es</lng>
<d>Sets the recurrence of the streams global event structure</d>
</text></texts></PHPModuleRef><PHPModuleRef>
<t>mcal_event_set_recur_monthly_wday</t>
<mn>mcal</mn>
<ft>F</ft>
<ver>4_0_0,4_0_1,4_0_2,4_0_3,4_0_4,4_0_5,4_0_6,4_1_0,4_1_1,4_1_2,4_2_0,4_2_1,4_2_2,4_2_3,4_3_0,4_3_1,4_3_10,4_3_11,4_3_2,4_3_3,4_3_4,4_3_5,4_3_6,4_3_7,4_3_8,4_3_9,4_4_0,4_4_1,4_4_2,4_4_3,4_4_4,4_4_5,4_4_6,4_cvs</ver>
<p4>string mcal_event_set_recur_monthly_wday(int stream_id, int year, int month, int day, int interval)</p4>
<p4d>Create a monthly by week recurrence </p4d>
<texts><text><lng>de</lng>
<d>Sets the recurrence of the streams global event structure</d>
</text><text><lng>en</lng>
<d>Sets the recurrence of the streams global event structure</d>
</text><text><lng>es</lng>
<d>Sets the recurrence of the streams global event structure</d>
</text></texts></PHPModuleRef><PHPModuleRef>
<t>mcal_event_set_recur_none</t>
<mn>mcal</mn>
<ft>F</ft>
<ver>4_0_0,4_0_1,4_0_2,4_0_3,4_0_4,4_0_5,4_0_6,4_1_0,4_1_1,4_1_2,4_2_0,4_2_1,4_2_2,4_2_3,4_3_0,4_3_1,4_3_10,4_3_11,4_3_2,4_3_3,4_3_4,4_3_5,4_3_6,4_3_7,4_3_8,4_3_9,4_4_0,4_4_1,4_4_2,4_4_3,4_4_4,4_4_5,4_4_6,4_cvs</ver>
<p4>string mcal_event_set_recur_none(int stream_id)</p4>
<p4d>Create a daily recurrence </p4d>
<texts><text><lng>de</lng>
<d>Sets the recurrence of the streams global event structure</d>
</text><text><lng>en</lng>
<d>Sets the recurrence of the streams global event structure</d>
</text><text><lng>es</lng>
<d>Sets the recurrence of the streams global event structure</d>
</text></texts></PHPModuleRef><PHPModuleRef>
<t>mcal_event_set_recur_weekly</t>
<mn>mcal</mn>
<ft>F</ft>
<ver>4_0_0,4_0_1,4_0_2,4_0_3,4_0_4,4_0_5,4_0_6,4_1_0,4_1_1,4_1_2,4_2_0,4_2_1,4_2_2,4_2_3,4_3_0,4_3_1,4_3_10,4_3_11,4_3_2,4_3_3,4_3_4,4_3_5,4_3_6,4_3_7,4_3_8,4_3_9,4_4_0,4_4_1,4_4_2,4_4_3,4_4_4,4_4_5,4_4_6,4_cvs</ver>
<p4>string mcal_event_set_recur_weekly(int stream_id, int year, int month, int day, int interval, int we</p4>
<p4d>Create a weekly recurrence </p4d>
<texts><text><lng>de</lng>
<d>Sets the recurrence of the streams global event structure</d>
</text><text><lng>en</lng>
<d>Sets the recurrence of the streams global event structure</d>
</text><text><lng>es</lng>
<d>Sets the recurrence of the streams global event structure</d>
</text></texts></PHPModuleRef><PHPModuleRef>
<t>mcal_event_set_recur_yearly</t>
<mn>mcal</mn>
<ft>F</ft>
<ver>4_0_0,4_0_1,4_0_2,4_0_3,4_0_4,4_0_5,4_0_6,4_1_0,4_1_1,4_1_2,4_2_0,4_2_1,4_2_2,4_2_3,4_3_0,4_3_1,4_3_10,4_3_11,4_3_2,4_3_3,4_3_4,4_3_5,4_3_6,4_3_7,4_3_8,4_3_9,4_4_0,4_4_1,4_4_2,4_4_3,4_4_4,4_4_5,4_4_6,4_cvs</ver>
<p4>string mcal_event_set_recur_yearly(int stream_id, int year, int month, int day, int interval)</p4>
<p4d>Create a yearly recurrence </p4d>
<texts><text><lng>de</lng>
<d>Sets the recurrence of the streams global event structure</d>
</text><text><lng>en</lng>
<d>Sets the recurrence of the streams global event structure</d>
</text><text><lng>es</lng>
<d>Sets the recurrence of the streams global event structure</d>
</text></texts></PHPModuleRef><PHPModuleRef>
<t>mcal_event_set_start</t>
<mn>mcal</mn>
<ft>F</ft>
<ver>4_0_0,4_0_1,4_0_2,4_0_3,4_0_4,4_0_5,4_0_6,4_1_0,4_1_1,4_1_2,4_2_0,4_2_1,4_2_2,4_2_3,4_3_0,4_3_1,4_3_10,4_3_11,4_3_2,4_3_3,4_3_4,4_3_5,4_3_6,4_3_7,4_3_8,4_3_9,4_4_0,4_4_1,4_4_2,4_4_3,4_4_4,4_4_5,4_4_6,4_cvs</ver>
<p4>string mcal_event_set_start(int stream_id, int year,int month, int day [[[, int hour], int min], int</p4>
<p4d>Attach a start datetime to an event </p4d>
<texts><text><lng>de</lng>
<d>Sets the start date and time of the streams global eventstructure</d>
</text><text><lng>en</lng>
<d>Sets the start date and time of the streams global eventstructure</d>
</text><text><lng>es</lng>
<d>Sets the start date and time of the streams global eventstructure</d>
</text></texts></PHPModuleRef><PHPModuleRef>
<t>mcal_event_set_title</t>
<mn>mcal</mn>
<ft>F</ft>
<ver>4_0_0,4_0_1,4_0_2,4_0_3,4_0_4,4_0_5,4_0_6,4_1_0,4_1_1,4_1_2,4_2_0,4_2_1,4_2_2,4_2_3,4_3_0,4_3_1,4_3_10,4_3_11,4_3_2,4_3_3,4_3_4,4_3_5,4_3_6,4_3_7,4_3_8,4_3_9,4_4_0,4_4_1,4_4_2,4_4_3,4_4_4,4_4_5,4_4_6,4_cvs</ver>
<p4>string mcal_event_set_title(int stream_id, string title)</p4>
<p4d>Attach a title to an event </p4d>
<texts><text><lng>de</lng>
<d>Sets the title of the streams global event structure</d>
</text><text><lng>en</lng>
<d>Sets the title of the streams global event structure</d>
</text><text><lng>es</lng>
<d>Sets the title of the streams global event structure</d>
</text></texts></PHPModuleRef><PHPModuleRef>
<t>mcal_fetch_current_stream_event</t>
<mn>mcal</mn>
<ft>F</ft>
<ver>4_0_0,4_0_1,4_0_2,4_0_3,4_0_4,4_0_5,4_0_6,4_1_0,4_1_1,4_1_2,4_2_0,4_2_1,4_2_2,4_2_3,4_3_0,4_3_1,4_3_10,4_3_11,4_3_2,4_3_3,4_3_4,4_3_5,4_3_6,4_3_7,4_3_8,4_3_9,4_4_0,4_4_1,4_4_2,4_4_3,4_4_4,4_4_5,4_4_6,4_cvs</ver>
<p4>object mcal_fetch_current_stream_event(int stream_id)</p4>
<p4d>Fetch the current event stored in the stream's event structure </p4d>
<texts><text><lng>de</lng>
<d>Returns an object containing the current streams event structure</d>
</text><text><lng>en</lng>
<d>Returns an object containing the current streams event structure</d>
</text><text><lng>es</lng>
<d>Returns an object containing the current streams event structure</d>
</text></texts></PHPModuleRef><PHPModuleRef>
<t>mcal_fetch_event</t>
<mn>mcal</mn>
<ft>F</ft>
<ver>4_0_0,4_0_1,4_0_2,4_0_3,4_0_4,4_0_5,4_0_6,4_1_0,4_1_1,4_1_2,4_2_0,4_2_1,4_2_2,4_2_3,4_3_0,4_3_1,4_3_10,4_3_11,4_3_2,4_3_3,4_3_4,4_3_5,4_3_6,4_3_7,4_3_8,4_3_9,4_4_0,4_4_1,4_4_2,4_4_3,4_4_4,4_4_5,4_4_6,4_cvs</ver>
<p4>int mcal_fetch_event(int stream_id, int eventid [, int options])</p4>
<p4d>Fetch an event </p4d>
<texts><text><lng>de</lng>
<d>Holt ein Ereignis aus einem Kalender-Stream.</d>
</text><text><lng>en</lng>
<d>Fetches an event from the calendar stream</d>
</text><text><lng>es</lng>
<d>Fetches an event from the calendar stream</d>
</text></texts></PHPModuleRef><PHPModuleRef>
<t>mcal_is_leap_year</t>
<mn>mcal</mn>
<ft>F</ft>
<ver>4_0_0,4_0_1,4_0_2,4_0_3,4_0_4,4_0_5,4_0_6,4_1_0,4_1_1,4_1_2,4_2_0,4_2_1,4_2_2,4_2_3,4_3_0,4_3_1,4_3_10,4_3_11,4_3_2,4_3_3,4_3_4,4_3_5,4_3_6,4_3_7,4_3_8,4_3_9,4_4_0,4_4_1,4_4_2,4_4_3,4_4_4,4_4_5,4_4_6,4_cvs</ver>
<p4>bool mcal_is_leap_year(int year)</p4>
<p4d>Returns true if year is a leap year, false if not </p4d>
<texts><text><lng>de</lng>
<d>Returns if the given year is a leap year or not</d>
</text><text><lng>en</lng>
<d>Returns if the given year is a leap year or not</d>
</text><text><lng>es</lng>
<d>Returns if the given year is a leap year or not</d>
</text></texts></PHPModuleRef><PHPModuleRef>
<t>mcal_list_alarms</t>
<mn>mcal</mn>
<ft>F</ft>
<ver>4_0_0,4_0_1,4_0_2,4_0_3,4_0_4,4_0_5,4_0_6,4_1_0,4_1_1,4_1_2,4_2_0,4_2_1,4_2_2,4_2_3,4_3_0,4_3_1,4_3_10,4_3_11,4_3_2,4_3_3,4_3_4,4_3_5,4_3_6,4_3_7,4_3_8,4_3_9,4_4_0,4_4_1,4_4_2,4_4_3,4_4_4,4_4_5,4_4_6,4_cvs</ver>
<p4>bool mcal_list_alarms(int stream_id, int year, int month, int day, int hour, int min, int sec)</p4>
<p4d>List alarms for a given time </p4d>
<texts><text><lng>de</lng>
<d>Return a list of events that has an alarm triggered at the givendatetime</d>
</text><text><lng>en</lng>
<d>Return a list of events that has an alarm triggered at the givendatetime</d>
</text><text><lng>es</lng>
<d>Return a list of events that has an alarm triggered at the givendatetime</d>
</text></texts></PHPModuleRef><PHPModuleRef>
<t>mcal_list_events</t>
<mn>mcal</mn>
<ft>F</ft>
<ver>4_0_0,4_0_1,4_0_2,4_0_3,4_0_4,4_0_5,4_0_6,4_1_0,4_1_1,4_1_2,4_2_0,4_2_1,4_2_2,4_2_3,4_3_0,4_3_1,4_3_10,4_3_11,4_3_2,4_3_3,4_3_4,4_3_5,4_3_6,4_3_7,4_3_8,4_3_9,4_4_0,4_4_1,4_4_2,4_4_3,4_4_4,4_4_5,4_4_6,4_cvs</ver>
<p4>array mcal_list_events(int stream_id, object begindate [, object enddate])</p4>
<p4d>Returns list of UIDs for that day or range of days </p4d>
<texts><text><lng>de</lng>
<d>Zeigt eine Liste der Einträge zwischen zwei Zeitpunkten an</d>
</text><text><lng>en</lng>
<d>Return a list of IDs for a date or a range of dates</d>
</text><text><lng>es</lng>
<d>Return a list of events between two given datetimes</d>
</text></texts></PHPModuleRef><PHPModuleRef>
<t>mcal_next_recurrence</t>
<mn>mcal</mn>
<ft>F</ft>
<ver>4_0_0,4_0_1,4_0_2,4_0_3,4_0_4,4_0_5,4_0_6,4_1_0,4_1_1,4_1_2,4_2_0,4_2_1,4_2_2,4_2_3,4_3_0,4_3_1,4_3_10,4_3_11,4_3_2,4_3_3,4_3_4,4_3_5,4_3_6,4_3_7,4_3_8,4_3_9,4_4_0,4_4_1,4_4_2,4_4_3,4_4_4,4_4_5,4_4_6,4_cvs</ver>
<p4>object mcal_next_recurrence(int stream_id, int weekstart, array next)</p4>
<p4d>Returns an object filled with the next date the event occurs, on or after the supplied date.  Returns empty date field if event does not occur or something is invalid. </p4d>
<texts><text><lng>de</lng>
<d>Returns the next recurrence of the event</d>
</text><text><lng>en</lng>
<d>Returns the next recurrence of the event</d>
</text><text><lng>es</lng>
<d>Returns the next recurrence of the event</d>
</text></texts></PHPModuleRef><PHPModuleRef>
<t>mcal_open</t>
<mn>mcal</mn>
<ft>F</ft>
<ver>4_0_0,4_0_1,4_0_2,4_0_3,4_0_4,4_0_5,4_0_6,4_1_0,4_1_1,4_1_2,4_2_0,4_2_1,4_2_2,4_2_3,4_3_0,4_3_1,4_3_10,4_3_11,4_3_2,4_3_3,4_3_4,4_3_5,4_3_6,4_3_7,4_3_8,4_3_9,4_4_0,4_4_1,4_4_2,4_4_3,4_4_4,4_4_5,4_4_6,4_cvs</ver>
<p4>int mcal_open(string calendar, string user, string password [, int options])</p4>
<p4d>Open an MCAL stream to a calendar </p4d>
<texts><text><lng>de</lng>
<d>Stellt eine MCAL-Verbindung her</d>
</text><text><lng>en</lng>
<d>Opens up an MCAL connection</d>
</text><text><lng>es</lng>
<d>Opens up an MCAL connection</d>
</text></texts></PHPModuleRef><PHPModuleRef>
<t>mcal_popen</t>
<mn>mcal</mn>
<ft>F</ft>
<ver>4_0_0,4_0_1,4_0_2,4_0_3,4_0_4,4_0_5,4_0_6,4_1_0,4_1_1,4_1_2,4_2_0,4_2_1,4_2_2,4_2_3,4_3_0,4_3_1,4_3_10,4_3_11,4_3_2,4_3_3,4_3_4,4_3_5,4_3_6,4_3_7,4_3_8,4_3_9,4_4_0,4_4_1,4_4_2,4_4_3,4_4_4,4_4_5,4_4_6,4_cvs</ver>
<p4>string mcal_popen(string calendar, string user, string password [, int options])</p4>
<p4d>Open a persistent MCAL stream to a calendar </p4d>
<texts><text><lng>en</lng>
<d>Opens up a persistent MCAL connection</d>
</text></texts></PHPModuleRef><PHPModuleRef>
<t>mcal_rename_calendar</t>
<mn>mcal</mn>
<ft>F</ft>
<ver>4_0_0,4_0_1,4_0_2,4_0_3,4_0_4,4_0_5,4_0_6,4_1_0,4_1_1,4_1_2,4_2_0,4_2_1,4_2_2,4_2_3,4_3_0,4_3_1,4_3_10,4_3_11,4_3_2,4_3_3,4_3_4,4_3_5,4_3_6,4_3_7,4_3_8,4_3_9,4_4_0,4_4_1,4_4_2,4_4_3,4_4_4,4_4_5,4_4_6,4_cvs</ver>
<p4>string mcal_rename_calendar(int stream_id, string src_calendar, string dest_calendar)</p4>
<p4d>Rename a calendar </p4d>
<texts><text><lng>en</lng>
<d>Rename an MCAL calendar</d>
</text></texts></PHPModuleRef><PHPModuleRef>
<t>mcal_reopen</t>
<mn>mcal</mn>
<ft>F</ft>
<ver>4_0_0,4_0_1,4_0_2,4_0_3,4_0_4,4_0_5,4_0_6,4_1_0,4_1_1,4_1_2,4_2_0,4_2_1,4_2_2,4_2_3,4_3_0,4_3_1,4_3_10,4_3_11,4_3_2,4_3_3,4_3_4,4_3_5,4_3_6,4_3_7,4_3_8,4_3_9,4_4_0,4_4_1,4_4_2,4_4_3,4_4_4,4_4_5,4_4_6,4_cvs</ver>
<p4>int mcal_reopen(int stream_id, string calendar [, int options])</p4>
<p4d>Reopen MCAL stream to a new calendar </p4d>
<texts><text><lng>en</lng>
<d>Reopens an MCAL connection</d>
</text></texts></PHPModuleRef><PHPModuleRef>
<t>mcal_snooze</t>
<mn>mcal</mn>
<ft>F</ft>
<ver>4_0_0,4_0_1,4_0_2,4_0_3,4_0_4,4_0_5,4_0_6,4_1_0,4_1_1,4_1_2,4_2_0,4_2_1,4_2_2,4_2_3,4_3_0,4_3_1,4_3_10,4_3_11,4_3_2,4_3_3,4_3_4,4_3_5,4_3_6,4_3_7,4_3_8,4_3_9,4_4_0,4_4_1,4_4_2,4_4_3,4_4_4,4_4_5,4_4_6,4_cvs</ver>
<p4>string mcal_snooze(int stream_id, int uid)</p4>
<p4d>Snooze an alarm </p4d>
<texts><text><lng>de</lng>
<d>Turn off an alarm for an event</d>
</text><text><lng>en</lng>
<d>Turn off an alarm for an event</d>
</text><text><lng>es</lng>
<d>Turn off an alarm for an event</d>
</text></texts></PHPModuleRef><PHPModuleRef>
<t>mcal_store_event</t>
<mn>mcal</mn>
<ft>F</ft>
<ver>4_0_0,4_0_1,4_0_2,4_0_3,4_0_4,4_0_5,4_0_6,4_1_0,4_1_1,4_1_2,4_2_0,4_2_1,4_2_2,4_2_3,4_3_0,4_3_1,4_3_10,4_3_11,4_3_2,4_3_3,4_3_4,4_3_5,4_3_6,4_3_7,4_3_8,4_3_9,4_4_0,4_4_1,4_4_2,4_4_3,4_4_4,4_4_5,4_4_6,4_cvs</ver>
<p4>string mcal_store_event(int stream_id)</p4>
<p4d>Store changes to an event </p4d>
<texts><text><lng>de</lng>
<d>Modify an existing event in an MCAL calendar</d>
</text><text><lng>en</lng>
<d>Modify an existing event in an MCAL calendar</d>
</text><text><lng>es</lng>
<d>Modify an existing event in an MCAL calendar</d>
</text></texts></PHPModuleRef><PHPModuleRef>
<t>mcal_time_valid</t>
<mn>mcal</mn>
<ft>F</ft>
<ver>4_0_0,4_0_1,4_0_2,4_0_3,4_0_4,4_0_5,4_0_6,4_1_0,4_1_1,4_1_2,4_2_0,4_2_1,4_2_2,4_2_3,4_3_0,4_3_1,4_3_10,4_3_11,4_3_2,4_3_3,4_3_4,4_3_5,4_3_6,4_3_7,4_3_8,4_3_9,4_4_0,4_4_1,4_4_2,4_4_3,4_4_4,4_4_5,4_4_6,4_cvs</ver>
<p4>bool mcal_time_valid(int hour, int min, int sec)</p4>
<p4d>Returns true if the time is a valid time </p4d>
<texts><text><lng>de</lng>
<d>Returns&amp;true; if the given year, month, day is a valid time</d>
</text><text><lng>en</lng>
<d>Returns&amp;true; if the given hour, minutes and seconds is a valid time</d>
</text><text><lng>es</lng>
<d>Returns&amp;true; if the given year, month, day is a valid time</d>
</text></texts></PHPModuleRef><PHPModuleRef>
<t>mcal_week_of_year</t>
<mn>mcal</mn>
<ft>F</ft>
<ver>4_0_0,4_0_1,4_0_2,4_0_3,4_0_4,4_0_5,4_0_6,4_1_0,4_1_1,4_1_2,4_2_0,4_2_1,4_2_2,4_2_3,4_3_0,4_3_1,4_3_10,4_3_11,4_3_2,4_3_3,4_3_4,4_3_5,4_3_6,4_3_7,4_3_8,4_3_9,4_4_0,4_4_1,4_4_2,4_4_3,4_4_4,4_4_5,4_4_6,4_cvs</ver>
<p4>int mcal_week_of_year(int day, int month, int year)</p4>
<p4d>Returns the week number of the given date </p4d>
<texts><text><lng>en</lng>
<d>Returns the week number of the given date</d>
</text></texts></PHPModuleRef><PHPModuleRef>
<t>MCAL_APRIL</t>
<mn>mcal</mn>
<ft>C</ft>
<p4>integer MCAL_APRIL</p4>
<p5>integer MCAL_APRIL</p5>
</PHPModuleRef><PHPModuleRef>
<t>MCAL_AUGUST</t>
<mn>mcal</mn>
<ft>C</ft>
<p4>integer MCAL_AUGUST</p4>
<p5>integer MCAL_AUGUST</p5>
</PHPModuleRef><PHPModuleRef>
<t>MCAL_DECEMBER</t>
<mn>mcal</mn>
<ft>C</ft>
<p4>integer MCAL_DECEMBER</p4>
<p5>integer MCAL_DECEMBER</p5>
</PHPModuleRef><PHPModuleRef>
<t>MCAL_FEBRUARY</t>
<mn>mcal</mn>
<ft>C</ft>
<p4>integer MCAL_FEBRUARY</p4>
<p5>integer MCAL_FEBRUARY</p5>
</PHPModuleRef><PHPModuleRef>
<t>MCAL_FRIDAY</t>
<mn>mcal</mn>
<ft>C</ft>
<p4>integer MCAL_FRIDAY</p4>
<p5>integer MCAL_FRIDAY</p5>
</PHPModuleRef><PHPModuleRef>
<t>MCAL_JANUARY</t>
<mn>mcal</mn>
<ft>C</ft>
<p4>integer MCAL_JANUARY</p4>
<p5>integer MCAL_JANUARY</p5>
</PHPModuleRef><PHPModuleRef>
<t>MCAL_JULY</t>
<mn>mcal</mn>
<ft>C</ft>
<p4>integer MCAL_JULY</p4>
<p5>integer MCAL_JULY</p5>
</PHPModuleRef><PHPModuleRef>
<t>MCAL_JUNE</t>
<mn>mcal</mn>
<ft>C</ft>
<p4>integer MCAL_JUNE</p4>
<p5>integer MCAL_JUNE</p5>
</PHPModuleRef><PHPModuleRef>
<t>MCAL_MARCH</t>
<mn>mcal</mn>
<ft>C</ft>
<p4>integer MCAL_MARCH</p4>
<p5>integer MCAL_MARCH</p5>
</PHPModuleRef><PHPModuleRef>
<t>MCAL_MAY</t>
<mn>mcal</mn>
<ft>C</ft>
<p4>integer MCAL_MAY</p4>
<p5>integer MCAL_MAY</p5>
</PHPModuleRef><PHPModuleRef>
<t>MCAL_MONDAY</t>
<mn>mcal</mn>
<ft>C</ft>
<p4>integer MCAL_MONDAY</p4>
<p5>integer MCAL_MONDAY</p5>
</PHPModuleRef><PHPModuleRef>
<t>MCAL_M_ALLDAYS</t>
<mn>mcal</mn>
<ft>C</ft>
<p4>integer MCAL_M_ALLDAYS</p4>
<p5>integer MCAL_M_ALLDAYS</p5>
</PHPModuleRef><PHPModuleRef>
<t>MCAL_M_FRIDAY</t>
<mn>mcal</mn>
<ft>C</ft>
<p4>integer MCAL_M_FRIDAY</p4>
<p5>integer MCAL_M_FRIDAY</p5>
</PHPModuleRef><PHPModuleRef>
<t>MCAL_M_MONDAY</t>
<mn>mcal</mn>
<ft>C</ft>
<p4>integer MCAL_M_MONDAY</p4>
<p5>integer MCAL_M_MONDAY</p5>
</PHPModuleRef><PHPModuleRef>
<t>MCAL_M_SATURDAY</t>
<mn>mcal</mn>
<ft>C</ft>
<p4>integer MCAL_M_SATURDAY</p4>
<p5>integer MCAL_M_SATURDAY</p5>
</PHPModuleRef><PHPModuleRef>
<t>MCAL_M_SUNDAY</t>
<mn>mcal</mn>
<ft>C</ft>
<p4>integer MCAL_M_SUNDAY</p4>
<p5>integer MCAL_M_SUNDAY</p5>
</PHPModuleRef><PHPModuleRef>
<t>MCAL_M_THURSDAY</t>
<mn>mcal</mn>
<ft>C</ft>
<p4>integer MCAL_M_THURSDAY</p4>
<p5>integer MCAL_M_THURSDAY</p5>
</PHPModuleRef><PHPModuleRef>
<t>MCAL_M_TUESDAY</t>
<mn>mcal</mn>
<ft>C</ft>
<p4>integer MCAL_M_TUESDAY</p4>
<p5>integer MCAL_M_TUESDAY</p5>
</PHPModuleRef><PHPModuleRef>
<t>MCAL_M_WEDNESDAY</t>
<mn>mcal</mn>
<ft>C</ft>
<p4>integer MCAL_M_WEDNESDAY</p4>
<p5>integer MCAL_M_WEDNESDAY</p5>
</PHPModuleRef><PHPModuleRef>
<t>MCAL_M_WEEKDAYS</t>
<mn>mcal</mn>
<ft>C</ft>
<p4>integer MCAL_M_WEEKDAYS</p4>
<p5>integer MCAL_M_WEEKDAYS</p5>
</PHPModuleRef><PHPModuleRef>
<t>MCAL_M_WEEKEND</t>
<mn>mcal</mn>
<ft>C</ft>
<p4>integer MCAL_M_WEEKEND</p4>
<p5>integer MCAL_M_WEEKEND</p5>
</PHPModuleRef><PHPModuleRef>
<t>MCAL_NOVEMBER</t>
<mn>mcal</mn>
<ft>C</ft>
<p4>integer MCAL_NOVEMBER</p4>
<p5>integer MCAL_NOVEMBER</p5>
</PHPModuleRef><PHPModuleRef>
<t>MCAL_OCTOBER</t>
<mn>mcal</mn>
<ft>C</ft>
<p4>integer MCAL_OCTOBER</p4>
<p5>integer MCAL_OCTOBER</p5>
</PHPModuleRef><PHPModuleRef>
<t>MCAL_RECUR_DAILY</t>
<mn>mcal</mn>
<ft>C</ft>
<p4>integer MCAL_RECUR_DAILY</p4>
<p5>integer MCAL_RECUR_DAILY</p5>
</PHPModuleRef><PHPModuleRef>
<t>MCAL_RECUR_MONTHLY_MDAY</t>
<mn>mcal</mn>
<ft>C</ft>
<p4>integer MCAL_RECUR_MONTHLY_MDAY</p4>
<p5>integer MCAL_RECUR_MONTHLY_MDAY</p5>
</PHPModuleRef><PHPModuleRef>
<t>MCAL_RECUR_MONTHLY_WDAY</t>
<mn>mcal</mn>
<ft>C</ft>
<p4>integer MCAL_RECUR_MONTHLY_WDAY</p4>
<p5>integer MCAL_RECUR_MONTHLY_WDAY</p5>
</PHPModuleRef><PHPModuleRef>
<t>MCAL_RECUR_NONE</t>
<mn>mcal</mn>
<ft>C</ft>
<p4>integer MCAL_RECUR_NONE</p4>
<p5>integer MCAL_RECUR_NONE</p5>
</PHPModuleRef><PHPModuleRef>
<t>MCAL_RECUR_WEEKLY</t>
<mn>mcal</mn>
<ft>C</ft>
<p4>integer MCAL_RECUR_WEEKLY</p4>
<p5>integer MCAL_RECUR_WEEKLY</p5>
</PHPModuleRef><PHPModuleRef>
<t>MCAL_RECUR_YEARLY</t>
<mn>mcal</mn>
<ft>C</ft>
<p4>integer MCAL_RECUR_YEARLY</p4>
<p5>integer MCAL_RECUR_YEARLY</p5>
</PHPModuleRef><PHPModuleRef>
<t>MCAL_SATURDAY</t>
<mn>mcal</mn>
<ft>C</ft>
<p4>integer MCAL_SATURDAY</p4>
<p5>integer MCAL_SATURDAY</p5>
</PHPModuleRef><PHPModuleRef>
<t>MCAL_SEPTEMBER</t>
<mn>mcal</mn>
<ft>C</ft>
<p4>integer MCAL_SEPTEMBER</p4>
<p5>integer MCAL_SEPTEMBER</p5>
</PHPModuleRef><PHPModuleRef>
<t>MCAL_SUNDAY</t>
<mn>mcal</mn>
<ft>C</ft>
<p4>integer MCAL_SUNDAY</p4>
<p5>integer MCAL_SUNDAY</p5>
</PHPModuleRef><PHPModuleRef>
<t>MCAL_THURSDAY</t>
<mn>mcal</mn>
<ft>C</ft>
<p4>integer MCAL_THURSDAY</p4>
<p5>integer MCAL_THURSDAY</p5>
</PHPModuleRef><PHPModuleRef>
<t>MCAL_TUESDAY</t>
<mn>mcal</mn>
<ft>C</ft>
<p4>integer MCAL_TUESDAY</p4>
<p5>integer MCAL_TUESDAY</p5>
</PHPModuleRef><PHPModuleRef>
<t>MCAL_WEDNESDAY</t>
<mn>mcal</mn>
<ft>C</ft>
<p4>integer MCAL_WEDNESDAY</p4>
<p5>integer MCAL_WEDNESDAY</p5>
</PHPModuleRef></PHPModuleRef-List>
