<?xml version="1.0" encoding="utf-8"?>
<PHPModuleRef-List>
<PHPModuleRef>
<t>mcve_adduser</t>
<mn>mcve</mn>
<ft>F</ft>
<ver>4_2_0,4_2_1,4_2_2,4_2_3,4_3_0,4_3_1,4_3_10,4_3_11,4_3_2,4_3_3,4_3_4,4_3_5,4_3_6,4_3_7,4_3_8,4_3_9,4_4_0,4_4_1,4_4_2,4_4_3,4_4_4,4_4_5,4_4_6,4_cvs,5_0_0,5_0_1,5_0_2,5_0_3</ver>
</PHPModuleRef><PHPModuleRef>
<t>mcve_adduserarg</t>
<mn>mcve</mn>
<ft>F</ft>
<ver>4_2_0,4_2_1,4_2_2,4_2_3,4_3_0,4_3_1,4_3_10,4_3_11,4_3_2,4_3_3,4_3_4,4_3_5,4_3_6,4_3_7,4_3_8,4_3_9,4_4_0,4_4_1,4_4_2,4_4_3,4_4_4,4_4_5,4_4_6,4_cvs,5_0_0,5_0_1,5_0_2,5_0_3</ver>
</PHPModuleRef><PHPModuleRef>
<t>mcve_bt</t>
<mn>mcve</mn>
<ft>F</ft>
<ver>4_2_0,4_2_1,4_2_2,4_2_3,4_3_0,4_3_1,4_3_10,4_3_11,4_3_2,4_3_3,4_3_4,4_3_5,4_3_6,4_3_7,4_3_8,4_3_9,4_4_0,4_4_1,4_4_2,4_4_3,4_4_4,4_4_5,4_4_6,4_cvs,5_0_0,5_0_1,5_0_2,5_0_3</ver>
</PHPModuleRef><PHPModuleRef>
<t>mcve_checkstatus</t>
<mn>mcve</mn>
<ft>F</ft>
<ver>4_2_0,4_2_1,4_2_2,4_2_3,4_3_0,4_3_1,4_3_10,4_3_11,4_3_2,4_3_3,4_3_4,4_3_5,4_3_6,4_3_7,4_3_8,4_3_9,4_4_0,4_4_1,4_4_2,4_4_3,4_4_4,4_4_5,4_4_6,4_cvs,5_0_0,5_0_1,5_0_2,5_0_3</ver>
</PHPModuleRef><PHPModuleRef>
<t>mcve_chkpwd</t>
<mn>mcve</mn>
<ft>F</ft>
<ver>4_2_0,4_2_1,4_2_2,4_2_3,4_3_0,4_3_1,4_3_10,4_3_11,4_3_2,4_3_3,4_3_4,4_3_5,4_3_6,4_3_7,4_3_8,4_3_9,4_4_0,4_4_1,4_4_2,4_4_3,4_4_4,4_4_5,4_4_6,4_cvs,5_0_0,5_0_1,5_0_2,5_0_3</ver>
</PHPModuleRef><PHPModuleRef>
<t>mcve_chngpwd</t>
<mn>mcve</mn>
<ft>F</ft>
<ver>4_2_0,4_2_1,4_2_2,4_2_3,4_3_0,4_3_1,4_3_10,4_3_11,4_3_2,4_3_3,4_3_4,4_3_5,4_3_6,4_3_7,4_3_8,4_3_9,4_4_0,4_4_1,4_4_2,4_4_3,4_4_4,4_4_5,4_4_6,4_cvs,5_0_0,5_0_1,5_0_2,5_0_3</ver>
</PHPModuleRef><PHPModuleRef>
<t>mcve_completeauthorizations</t>
<mn>mcve</mn>
<ft>F</ft>
<ver>4_2_0,4_2_1,4_2_2,4_2_3,4_3_0,4_3_1,4_3_10,4_3_11,4_3_2,4_3_3,4_3_4,4_3_5,4_3_6,4_3_7,4_3_8,4_3_9,4_4_0,4_4_1,4_4_2,4_4_3,4_4_4,4_4_5,4_4_6,4_cvs,5_0_0,5_0_1,5_0_2,5_0_3</ver>
</PHPModuleRef><PHPModuleRef>
<t>mcve_connect</t>
<mn>mcve</mn>
<ft>F</ft>
<ver>4_2_0,4_2_1,4_2_2,4_2_3,4_3_0,4_3_1,4_3_10,4_3_11,4_3_2,4_3_3,4_3_4,4_3_5,4_3_6,4_3_7,4_3_8,4_3_9,4_4_0,4_4_1,4_4_2,4_4_3,4_4_4,4_4_5,4_4_6,4_cvs,5_0_0,5_0_1,5_0_2,5_0_3</ver>
</PHPModuleRef><PHPModuleRef>
<t>mcve_connectionerror</t>
<mn>mcve</mn>
<ft>F</ft>
<ver>4_3_0,4_3_1,4_3_10,4_3_11,4_3_2,4_3_3,4_3_4,4_3_5,4_3_6,4_3_7,4_3_8,4_3_9,4_4_0,4_4_1,4_4_2,4_4_3,4_4_4,4_4_5,4_4_6,4_cvs,5_0_0,5_0_1,5_0_2,5_0_3</ver>
</PHPModuleRef><PHPModuleRef>
<t>mcve_deleteresponse</t>
<mn>mcve</mn>
<ft>F</ft>
<ver>4_2_0,4_2_1,4_2_2,4_2_3,4_3_0,4_3_1,4_3_10,4_3_11,4_3_2,4_3_3,4_3_4,4_3_5,4_3_6,4_3_7,4_3_8,4_3_9,4_4_0,4_4_1,4_4_2,4_4_3,4_4_4,4_4_5,4_4_6,4_cvs,5_0_0,5_0_1,5_0_2,5_0_3</ver>
</PHPModuleRef><PHPModuleRef>
<t>mcve_deletetrans</t>
<mn>mcve</mn>
<ft>F</ft>
<ver>4_3_0,4_3_1,4_3_10,4_3_11,4_3_2,4_3_3,4_3_4,4_3_5,4_3_6,4_3_7,4_3_8,4_3_9,4_4_0,4_4_1,4_4_2,4_4_3,4_4_4,4_4_5,4_4_6,4_cvs,5_0_0,5_0_1,5_0_2,5_0_3</ver>
</PHPModuleRef><PHPModuleRef>
<t>mcve_deleteusersetup</t>
<mn>mcve</mn>
<ft>F</ft>
<ver>4_2_0,4_2_1,4_2_2,4_2_3,4_3_0,4_3_1,4_3_10,4_3_11,4_3_2,4_3_3,4_3_4,4_3_5,4_3_6,4_3_7,4_3_8,4_3_9,4_4_0,4_4_1,4_4_2,4_4_3,4_4_4,4_4_5,4_4_6,4_cvs,5_0_0,5_0_1,5_0_2,5_0_3</ver>
</PHPModuleRef><PHPModuleRef>
<t>mcve_deluser</t>
<mn>mcve</mn>
<ft>F</ft>
<ver>4_2_0,4_2_1,4_2_2,4_2_3,4_3_0,4_3_1,4_3_10,4_3_11,4_3_2,4_3_3,4_3_4,4_3_5,4_3_6,4_3_7,4_3_8,4_3_9,4_4_0,4_4_1,4_4_2,4_4_3,4_4_4,4_4_5,4_4_6,4_cvs,5_0_0,5_0_1,5_0_2,5_0_3</ver>
</PHPModuleRef><PHPModuleRef>
<t>mcve_destroyconn</t>
<mn>mcve</mn>
<ft>F</ft>
<ver>4_2_0,4_2_1,4_2_2,4_2_3,4_3_0,4_3_1,4_3_10,4_3_11,4_3_2,4_3_3,4_3_4,4_3_5,4_3_6,4_3_7,4_3_8,4_3_9,4_4_0,4_4_1,4_4_2,4_4_3,4_4_4,4_4_5,4_4_6,4_cvs,5_0_0,5_0_1,5_0_2,5_0_3</ver>
</PHPModuleRef><PHPModuleRef>
<t>mcve_destroyengine</t>
<mn>mcve</mn>
<ft>F</ft>
<ver>4_2_0,4_2_1,4_2_2,4_2_3,4_3_0,4_3_1,4_3_10,4_3_11,4_3_2,4_3_3,4_3_4,4_3_5,4_3_6,4_3_7,4_3_8,4_3_9,4_4_0,4_4_1,4_4_2,4_4_3,4_4_4,4_4_5,4_4_6,4_cvs,5_0_0,5_0_1,5_0_2,5_0_3</ver>
</PHPModuleRef><PHPModuleRef>
<t>mcve_disableuser</t>
<mn>mcve</mn>
<ft>F</ft>
<ver>4_2_0,4_2_1,4_2_2,4_2_3,4_3_0,4_3_1,4_3_10,4_3_11,4_3_2,4_3_3,4_3_4,4_3_5,4_3_6,4_3_7,4_3_8,4_3_9,4_4_0,4_4_1,4_4_2,4_4_3,4_4_4,4_4_5,4_4_6,4_cvs,5_0_0,5_0_1,5_0_2,5_0_3</ver>
</PHPModuleRef><PHPModuleRef>
<t>mcve_edituser</t>
<mn>mcve</mn>
<ft>F</ft>
<ver>4_2_0,4_2_1,4_2_2,4_2_3,4_3_0,4_3_1,4_3_10,4_3_11,4_3_2,4_3_3,4_3_4,4_3_5,4_3_6,4_3_7,4_3_8,4_3_9,4_4_0,4_4_1,4_4_2,4_4_3,4_4_4,4_4_5,4_4_6,4_cvs,5_0_0,5_0_1,5_0_2,5_0_3</ver>
</PHPModuleRef><PHPModuleRef>
<t>mcve_enableuser</t>
<mn>mcve</mn>
<ft>F</ft>
<ver>4_2_0,4_2_1,4_2_2,4_2_3,4_3_0,4_3_1,4_3_10,4_3_11,4_3_2,4_3_3,4_3_4,4_3_5,4_3_6,4_3_7,4_3_8,4_3_9,4_4_0,4_4_1,4_4_2,4_4_3,4_4_4,4_4_5,4_4_6,4_cvs,5_0_0,5_0_1,5_0_2,5_0_3</ver>
</PHPModuleRef><PHPModuleRef>
<t>mcve_force</t>
<mn>mcve</mn>
<ft>F</ft>
<ver>4_2_0,4_2_1,4_2_2,4_2_3,4_3_0,4_3_1,4_3_10,4_3_11,4_3_2,4_3_3,4_3_4,4_3_5,4_3_6,4_3_7,4_3_8,4_3_9,4_4_0,4_4_1,4_4_2,4_4_3,4_4_4,4_4_5,4_4_6,4_cvs,5_0_0,5_0_1,5_0_2,5_0_3</ver>
</PHPModuleRef><PHPModuleRef>
<t>mcve_getcell</t>
<mn>mcve</mn>
<ft>F</ft>
<ver>4_2_0,4_2_1,4_2_2,4_2_3,4_3_0,4_3_1,4_3_10,4_3_11,4_3_2,4_3_3,4_3_4,4_3_5,4_3_6,4_3_7,4_3_8,4_3_9,4_4_0,4_4_1,4_4_2,4_4_3,4_4_4,4_4_5,4_4_6,4_cvs,5_0_0,5_0_1,5_0_2,5_0_3</ver>
</PHPModuleRef><PHPModuleRef>
<t>mcve_getcellbynum</t>
<mn>mcve</mn>
<ft>F</ft>
<ver>4_2_0,4_2_1,4_2_2,4_2_3,4_3_0,4_3_1,4_3_10,4_3_11,4_3_2,4_3_3,4_3_4,4_3_5,4_3_6,4_3_7,4_3_8,4_3_9,4_4_0,4_4_1,4_4_2,4_4_3,4_4_4,4_4_5,4_4_6,4_cvs,5_0_0,5_0_1,5_0_2,5_0_3</ver>
</PHPModuleRef><PHPModuleRef>
<t>mcve_getcommadelimited</t>
<mn>mcve</mn>
<ft>F</ft>
<ver>4_2_0,4_2_1,4_2_2,4_2_3,4_3_0,4_3_1,4_3_10,4_3_11,4_3_2,4_3_3,4_3_4,4_3_5,4_3_6,4_3_7,4_3_8,4_3_9,4_4_0,4_4_1,4_4_2,4_4_3,4_4_4,4_4_5,4_4_6,4_cvs,5_0_0,5_0_1,5_0_2,5_0_3</ver>
</PHPModuleRef><PHPModuleRef>
<t>mcve_getheader</t>
<mn>mcve</mn>
<ft>F</ft>
<ver>4_2_0,4_2_1,4_2_2,4_2_3,4_3_0,4_3_1,4_3_10,4_3_11,4_3_2,4_3_3,4_3_4,4_3_5,4_3_6,4_3_7,4_3_8,4_3_9,4_4_0,4_4_1,4_4_2,4_4_3,4_4_4,4_4_5,4_4_6,4_cvs,5_0_0,5_0_1,5_0_2,5_0_3</ver>
</PHPModuleRef><PHPModuleRef>
<t>mcve_getuserarg</t>
<mn>mcve</mn>
<ft>F</ft>
<ver>4_2_0,4_2_1,4_2_2,4_2_3,4_3_0,4_3_1,4_3_10,4_3_11,4_3_2,4_3_3,4_3_4,4_3_5,4_3_6,4_3_7,4_3_8,4_3_9,4_4_0,4_4_1,4_4_2,4_4_3,4_4_4,4_4_5,4_4_6,4_cvs,5_0_0,5_0_1,5_0_2,5_0_3</ver>
</PHPModuleRef><PHPModuleRef>
<t>mcve_getuserparam</t>
<mn>mcve</mn>
<ft>F</ft>
<ver>4_3_0,4_3_1,4_3_10,4_3_11,4_3_2,4_3_3,4_3_4,4_3_5,4_3_6,4_3_7,4_3_8,4_3_9,4_4_0,4_4_1,4_4_2,4_4_3,4_4_4,4_4_5,4_4_6,4_cvs,5_0_0,5_0_1,5_0_2,5_0_3</ver>
</PHPModuleRef><PHPModuleRef>
<t>mcve_gft</t>
<mn>mcve</mn>
<ft>F</ft>
<ver>4_2_0,4_2_1,4_2_2,4_2_3,4_3_0,4_3_1,4_3_10,4_3_11,4_3_2,4_3_3,4_3_4,4_3_5,4_3_6,4_3_7,4_3_8,4_3_9,4_4_0,4_4_1,4_4_2,4_4_3,4_4_4,4_4_5,4_4_6,4_cvs,5_0_0,5_0_1,5_0_2,5_0_3</ver>
</PHPModuleRef><PHPModuleRef>
<t>mcve_gl</t>
<mn>mcve</mn>
<ft>F</ft>
<ver>4_2_0,4_2_1,4_2_2,4_2_3,4_3_0,4_3_1,4_3_10,4_3_11,4_3_2,4_3_3,4_3_4,4_3_5,4_3_6,4_3_7,4_3_8,4_3_9,4_4_0,4_4_1,4_4_2,4_4_3,4_4_4,4_4_5,4_4_6,4_cvs,5_0_0,5_0_1,5_0_2,5_0_3</ver>
</PHPModuleRef><PHPModuleRef>
<t>mcve_gut</t>
<mn>mcve</mn>
<ft>F</ft>
<ver>4_2_0,4_2_1,4_2_2,4_2_3,4_3_0,4_3_1,4_3_10,4_3_11,4_3_2,4_3_3,4_3_4,4_3_5,4_3_6,4_3_7,4_3_8,4_3_9,4_4_0,4_4_1,4_4_2,4_4_3,4_4_4,4_4_5,4_4_6,4_cvs,5_0_0,5_0_1,5_0_2,5_0_3</ver>
</PHPModuleRef><PHPModuleRef>
<t>mcve_initconn</t>
<mn>mcve</mn>
<ft>F</ft>
<ver>4_2_0,4_2_1,4_2_2,4_2_3,4_3_0,4_3_1,4_3_10,4_3_11,4_3_2,4_3_3,4_3_4,4_3_5,4_3_6,4_3_7,4_3_8,4_3_9,4_4_0,4_4_1,4_4_2,4_4_3,4_4_4,4_4_5,4_4_6,4_cvs,5_0_0,5_0_1,5_0_2,5_0_3</ver>
</PHPModuleRef><PHPModuleRef>
<t>mcve_initengine</t>
<mn>mcve</mn>
<ft>F</ft>
<ver>4_2_0,4_2_1,4_2_2,4_2_3,4_3_0,4_3_1,4_3_10,4_3_11,4_3_2,4_3_3,4_3_4,4_3_5,4_3_6,4_3_7,4_3_8,4_3_9,4_4_0,4_4_1,4_4_2,4_4_3,4_4_4,4_4_5,4_4_6,4_cvs,5_0_0,5_0_1,5_0_2,5_0_3</ver>
</PHPModuleRef><PHPModuleRef>
<t>mcve_initusersetup</t>
<mn>mcve</mn>
<ft>F</ft>
<ver>4_2_0,4_2_1,4_2_2,4_2_3,4_3_0,4_3_1,4_3_10,4_3_11,4_3_2,4_3_3,4_3_4,4_3_5,4_3_6,4_3_7,4_3_8,4_3_9,4_4_0,4_4_1,4_4_2,4_4_3,4_4_4,4_4_5,4_4_6,4_cvs,5_0_0,5_0_1,5_0_2,5_0_3</ver>
</PHPModuleRef><PHPModuleRef>
<t>mcve_iscommadelimited</t>
<mn>mcve</mn>
<ft>F</ft>
<ver>4_2_0,4_2_1,4_2_2,4_2_3,4_3_0,4_3_1,4_3_10,4_3_11,4_3_2,4_3_3,4_3_4,4_3_5,4_3_6,4_3_7,4_3_8,4_3_9,4_4_0,4_4_1,4_4_2,4_4_3,4_4_4,4_4_5,4_4_6,4_cvs,5_0_0,5_0_1,5_0_2,5_0_3</ver>
</PHPModuleRef><PHPModuleRef>
<t>mcve_liststats</t>
<mn>mcve</mn>
<ft>F</ft>
<ver>4_2_0,4_2_1,4_2_2,4_2_3,4_3_0,4_3_1,4_3_10,4_3_11,4_3_2,4_3_3,4_3_4,4_3_5,4_3_6,4_3_7,4_3_8,4_3_9,4_4_0,4_4_1,4_4_2,4_4_3,4_4_4,4_4_5,4_4_6,4_cvs,5_0_0,5_0_1,5_0_2,5_0_3</ver>
</PHPModuleRef><PHPModuleRef>
<t>mcve_listusers</t>
<mn>mcve</mn>
<ft>F</ft>
<ver>4_2_0,4_2_1,4_2_2,4_2_3,4_3_0,4_3_1,4_3_10,4_3_11,4_3_2,4_3_3,4_3_4,4_3_5,4_3_6,4_3_7,4_3_8,4_3_9,4_4_0,4_4_1,4_4_2,4_4_3,4_4_4,4_4_5,4_4_6,4_cvs,5_0_0,5_0_1,5_0_2,5_0_3</ver>
</PHPModuleRef><PHPModuleRef>
<t>mcve_maxconntimeout</t>
<mn>mcve</mn>
<ft>F</ft>
<ver>4_3_0,4_3_1,4_3_10,4_3_11,4_3_2,4_3_3,4_3_4,4_3_5,4_3_6,4_3_7,4_3_8,4_3_9,4_4_0,4_4_1,4_4_2,4_4_3,4_4_4,4_4_5,4_4_6,4_cvs,5_0_0,5_0_1,5_0_2,5_0_3</ver>
</PHPModuleRef><PHPModuleRef>
<t>mcve_monitor</t>
<mn>mcve</mn>
<ft>F</ft>
<ver>4_2_0,4_2_1,4_2_2,4_2_3,4_3_0,4_3_1,4_3_10,4_3_11,4_3_2,4_3_3,4_3_4,4_3_5,4_3_6,4_3_7,4_3_8,4_3_9,4_4_0,4_4_1,4_4_2,4_4_3,4_4_4,4_4_5,4_4_6,4_cvs,5_0_0,5_0_1,5_0_2,5_0_3</ver>
</PHPModuleRef><PHPModuleRef>
<t>mcve_numcolumns</t>
<mn>mcve</mn>
<ft>F</ft>
<ver>4_2_0,4_2_1,4_2_2,4_2_3,4_3_0,4_3_1,4_3_10,4_3_11,4_3_2,4_3_3,4_3_4,4_3_5,4_3_6,4_3_7,4_3_8,4_3_9,4_4_0,4_4_1,4_4_2,4_4_3,4_4_4,4_4_5,4_4_6,4_cvs,5_0_0,5_0_1,5_0_2,5_0_3</ver>
</PHPModuleRef><PHPModuleRef>
<t>mcve_numrows</t>
<mn>mcve</mn>
<ft>F</ft>
<ver>4_2_0,4_2_1,4_2_2,4_2_3,4_3_0,4_3_1,4_3_10,4_3_11,4_3_2,4_3_3,4_3_4,4_3_5,4_3_6,4_3_7,4_3_8,4_3_9,4_4_0,4_4_1,4_4_2,4_4_3,4_4_4,4_4_5,4_4_6,4_cvs,5_0_0,5_0_1,5_0_2,5_0_3</ver>
</PHPModuleRef><PHPModuleRef>
<t>mcve_override</t>
<mn>mcve</mn>
<ft>F</ft>
<ver>4_2_0,4_2_1,4_2_2,4_2_3,4_3_0,4_3_1,4_3_10,4_3_11,4_3_2,4_3_3,4_3_4,4_3_5,4_3_6,4_3_7,4_3_8,4_3_9,4_4_0,4_4_1,4_4_2,4_4_3,4_4_4,4_4_5,4_4_6,4_cvs,5_0_0,5_0_1,5_0_2,5_0_3</ver>
</PHPModuleRef><PHPModuleRef>
<t>mcve_parsecommadelimited</t>
<mn>mcve</mn>
<ft>F</ft>
<ver>4_2_0,4_2_1,4_2_2,4_2_3,4_3_0,4_3_1,4_3_10,4_3_11,4_3_2,4_3_3,4_3_4,4_3_5,4_3_6,4_3_7,4_3_8,4_3_9,4_4_0,4_4_1,4_4_2,4_4_3,4_4_4,4_4_5,4_4_6,4_cvs,5_0_0,5_0_1,5_0_2,5_0_3</ver>
</PHPModuleRef><PHPModuleRef>
<t>mcve_ping</t>
<mn>mcve</mn>
<ft>F</ft>
<ver>4_3_0,4_3_1,4_3_10,4_3_11,4_3_2,4_3_3,4_3_4,4_3_5,4_3_6,4_3_7,4_3_8,4_3_9,4_4_0,4_4_1,4_4_2,4_4_3,4_4_4,4_4_5,4_4_6,4_cvs,5_0_0,5_0_1,5_0_2,5_0_3</ver>
</PHPModuleRef><PHPModuleRef>
<t>mcve_preauth</t>
<mn>mcve</mn>
<ft>F</ft>
<ver>4_2_0,4_2_1,4_2_2,4_2_3,4_3_0,4_3_1,4_3_10,4_3_11,4_3_2,4_3_3,4_3_4,4_3_5,4_3_6,4_3_7,4_3_8,4_3_9,4_4_0,4_4_1,4_4_2,4_4_3,4_4_4,4_4_5,4_4_6,4_cvs,5_0_0,5_0_1,5_0_2,5_0_3</ver>
</PHPModuleRef><PHPModuleRef>
<t>mcve_preauthcompletion</t>
<mn>mcve</mn>
<ft>F</ft>
<ver>4_2_0,4_2_1,4_2_2,4_2_3,4_3_0,4_3_1,4_3_10,4_3_11,4_3_2,4_3_3,4_3_4,4_3_5,4_3_6,4_3_7,4_3_8,4_3_9,4_4_0,4_4_1,4_4_2,4_4_3,4_4_4,4_4_5,4_4_6,4_cvs,5_0_0,5_0_1,5_0_2,5_0_3</ver>
</PHPModuleRef><PHPModuleRef>
<t>mcve_qc</t>
<mn>mcve</mn>
<ft>F</ft>
<ver>4_2_0,4_2_1,4_2_2,4_2_3,4_3_0,4_3_1,4_3_10,4_3_11,4_3_2,4_3_3,4_3_4,4_3_5,4_3_6,4_3_7,4_3_8,4_3_9,4_4_0,4_4_1,4_4_2,4_4_3,4_4_4,4_4_5,4_4_6,4_cvs,5_0_0,5_0_1,5_0_2,5_0_3</ver>
</PHPModuleRef><PHPModuleRef>
<t>mcve_responseparam</t>
<mn>mcve</mn>
<ft>F</ft>
<ver>4_3_0,4_3_1,4_3_10,4_3_11,4_3_2,4_3_3,4_3_4,4_3_5,4_3_6,4_3_7,4_3_8,4_3_9,4_4_0,4_4_1,4_4_2,4_4_3,4_4_4,4_4_5,4_4_6,4_cvs,5_0_0,5_0_1,5_0_2,5_0_3</ver>
</PHPModuleRef><PHPModuleRef>
<t>mcve_return</t>
<mn>mcve</mn>
<ft>F</ft>
<ver>4_2_0,4_2_1,4_2_2,4_2_3,4_3_0,4_3_1,4_3_10,4_3_11,4_3_2,4_3_3,4_3_4,4_3_5,4_3_6,4_3_7,4_3_8,4_3_9,4_4_0,4_4_1,4_4_2,4_4_3,4_4_4,4_4_5,4_4_6,4_cvs,5_0_0,5_0_1,5_0_2,5_0_3</ver>
</PHPModuleRef><PHPModuleRef>
<t>mcve_returncode</t>
<mn>mcve</mn>
<ft>F</ft>
<ver>4_2_0,4_2_1,4_2_2,4_2_3,4_3_0,4_3_1,4_3_10,4_3_11,4_3_2,4_3_3,4_3_4,4_3_5,4_3_6,4_3_7,4_3_8,4_3_9,4_4_0,4_4_1,4_4_2,4_4_3,4_4_4,4_4_5,4_4_6,4_cvs,5_0_0,5_0_1,5_0_2,5_0_3</ver>
</PHPModuleRef><PHPModuleRef>
<t>mcve_returnstatus</t>
<mn>mcve</mn>
<ft>F</ft>
<ver>4_2_0,4_2_1,4_2_2,4_2_3,4_3_0,4_3_1,4_3_10,4_3_11,4_3_2,4_3_3,4_3_4,4_3_5,4_3_6,4_3_7,4_3_8,4_3_9,4_4_0,4_4_1,4_4_2,4_4_3,4_4_4,4_4_5,4_4_6,4_cvs,5_0_0,5_0_1,5_0_2,5_0_3</ver>
</PHPModuleRef><PHPModuleRef>
<t>mcve_sale</t>
<mn>mcve</mn>
<ft>F</ft>
<ver>4_2_0,4_2_1,4_2_2,4_2_3,4_3_0,4_3_1,4_3_10,4_3_11,4_3_2,4_3_3,4_3_4,4_3_5,4_3_6,4_3_7,4_3_8,4_3_9,4_4_0,4_4_1,4_4_2,4_4_3,4_4_4,4_4_5,4_4_6,4_cvs,5_0_0,5_0_1,5_0_2,5_0_3</ver>
</PHPModuleRef><PHPModuleRef>
<t>mcve_setblocking</t>
<mn>mcve</mn>
<ft>F</ft>
<ver>4_3_0,4_3_1,4_3_10,4_3_11,4_3_2,4_3_3,4_3_4,4_3_5,4_3_6,4_3_7,4_3_8,4_3_9,4_4_0,4_4_1,4_4_2,4_4_3,4_4_4,4_4_5,4_4_6,4_cvs,5_0_0,5_0_1,5_0_2,5_0_3</ver>
</PHPModuleRef><PHPModuleRef>
<t>mcve_setdropfile</t>
<mn>mcve</mn>
<ft>F</ft>
<ver>4_2_0,4_2_1,4_2_2,4_2_3,4_3_0,4_3_1,4_3_10,4_3_11,4_3_2,4_3_3,4_3_4,4_3_5,4_3_6,4_3_7,4_3_8,4_3_9,4_4_0,4_4_1,4_4_2,4_4_3,4_4_4,4_4_5,4_4_6,4_cvs,5_0_0,5_0_1,5_0_2,5_0_3</ver>
</PHPModuleRef><PHPModuleRef>
<t>mcve_setip</t>
<mn>mcve</mn>
<ft>F</ft>
<ver>4_2_0,4_2_1,4_2_2,4_2_3,4_3_0,4_3_1,4_3_10,4_3_11,4_3_2,4_3_3,4_3_4,4_3_5,4_3_6,4_3_7,4_3_8,4_3_9,4_4_0,4_4_1,4_4_2,4_4_3,4_4_4,4_4_5,4_4_6,4_cvs,5_0_0,5_0_1,5_0_2,5_0_3</ver>
</PHPModuleRef><PHPModuleRef>
<t>mcve_setssl</t>
<mn>mcve</mn>
<ft>F</ft>
<ver>4_2_0,4_2_1,4_2_2,4_2_3,4_3_0,4_3_1,4_3_10,4_3_11,4_3_2,4_3_3,4_3_4,4_3_5,4_3_6,4_3_7,4_3_8,4_3_9,4_4_0,4_4_1,4_4_2,4_4_3,4_4_4,4_4_5,4_4_6,4_cvs,5_0_0,5_0_1,5_0_2,5_0_3</ver>
</PHPModuleRef><PHPModuleRef>
<t>mcve_setssl_files</t>
<mn>mcve</mn>
<ft>F</ft>
<ver>4_3_10,4_3_11,4_3_3,4_3_4,4_3_5,4_3_6,4_3_7,4_3_8,4_3_9,4_4_0,4_4_1,4_4_2,4_4_3,4_4_4,4_4_5,4_4_6,4_cvs,5_0_0,5_0_1,5_0_2,5_0_3</ver>
</PHPModuleRef><PHPModuleRef>
<t>mcve_settimeout</t>
<mn>mcve</mn>
<ft>F</ft>
<ver>4_2_0,4_2_1,4_2_2,4_2_3,4_3_0,4_3_1,4_3_10,4_3_11,4_3_2,4_3_3,4_3_4,4_3_5,4_3_6,4_3_7,4_3_8,4_3_9,4_4_0,4_4_1,4_4_2,4_4_3,4_4_4,4_4_5,4_4_6,4_cvs,5_0_0,5_0_1,5_0_2,5_0_3</ver>
</PHPModuleRef><PHPModuleRef>
<t>mcve_settle</t>
<mn>mcve</mn>
<ft>F</ft>
<ver>4_2_0,4_2_1,4_2_2,4_2_3,4_3_0,4_3_1,4_3_10,4_3_11,4_3_2,4_3_3,4_3_4,4_3_5,4_3_6,4_3_7,4_3_8,4_3_9,4_4_0,4_4_1,4_4_2,4_4_3,4_4_4,4_4_5,4_4_6,4_cvs,5_0_0,5_0_1,5_0_2,5_0_3</ver>
</PHPModuleRef><PHPModuleRef>
<t>mcve_text_avs</t>
<mn>mcve</mn>
<ft>F</ft>
<ver>4_3_0,4_3_1,4_3_10,4_3_11,4_3_2,4_3_3,4_3_4,4_3_5,4_3_6,4_3_7,4_3_8,4_3_9,4_4_0,4_4_1,4_4_2,4_4_3,4_4_4,4_4_5,4_4_6,4_cvs,5_0_0,5_0_1,5_0_2,5_0_3</ver>
</PHPModuleRef><PHPModuleRef>
<t>mcve_text_code</t>
<mn>mcve</mn>
<ft>F</ft>
<ver>4_3_0,4_3_1,4_3_10,4_3_11,4_3_2,4_3_3,4_3_4,4_3_5,4_3_6,4_3_7,4_3_8,4_3_9,4_4_0,4_4_1,4_4_2,4_4_3,4_4_4,4_4_5,4_4_6,4_cvs,5_0_0,5_0_1,5_0_2,5_0_3</ver>
</PHPModuleRef><PHPModuleRef>
<t>mcve_text_cv</t>
<mn>mcve</mn>
<ft>F</ft>
<ver>4_3_0,4_3_1,4_3_10,4_3_11,4_3_2,4_3_3,4_3_4,4_3_5,4_3_6,4_3_7,4_3_8,4_3_9,4_4_0,4_4_1,4_4_2,4_4_3,4_4_4,4_4_5,4_4_6,4_cvs,5_0_0,5_0_1,5_0_2,5_0_3</ver>
</PHPModuleRef><PHPModuleRef>
<t>mcve_transactionauth</t>
<mn>mcve</mn>
<ft>F</ft>
<ver>4_2_0,4_2_1,4_2_2,4_2_3,4_3_0,4_3_1,4_3_10,4_3_11,4_3_2,4_3_3,4_3_4,4_3_5,4_3_6,4_3_7,4_3_8,4_3_9,4_4_0,4_4_1,4_4_2,4_4_3,4_4_4,4_4_5,4_4_6,4_cvs,5_0_0,5_0_1,5_0_2,5_0_3</ver>
</PHPModuleRef><PHPModuleRef>
<t>mcve_transactionavs</t>
<mn>mcve</mn>
<ft>F</ft>
<ver>4_2_0,4_2_1,4_2_2,4_2_3,4_3_0,4_3_1,4_3_10,4_3_11,4_3_2,4_3_3,4_3_4,4_3_5,4_3_6,4_3_7,4_3_8,4_3_9,4_4_0,4_4_1,4_4_2,4_4_3,4_4_4,4_4_5,4_4_6,4_cvs,5_0_0,5_0_1,5_0_2,5_0_3</ver>
</PHPModuleRef><PHPModuleRef>
<t>mcve_transactionbatch</t>
<mn>mcve</mn>
<ft>F</ft>
<ver>4_2_0,4_2_1,4_2_2,4_2_3,4_3_0,4_3_1,4_3_10,4_3_11,4_3_2,4_3_3,4_3_4,4_3_5,4_3_6,4_3_7,4_3_8,4_3_9,4_4_0,4_4_1,4_4_2,4_4_3,4_4_4,4_4_5,4_4_6,4_cvs,5_0_0,5_0_1,5_0_2,5_0_3</ver>
</PHPModuleRef><PHPModuleRef>
<t>mcve_transactioncv</t>
<mn>mcve</mn>
<ft>F</ft>
<ver>4_2_0,4_2_1,4_2_2,4_2_3,4_3_0,4_3_1,4_3_10,4_3_11,4_3_2,4_3_3,4_3_4,4_3_5,4_3_6,4_3_7,4_3_8,4_3_9,4_4_0,4_4_1,4_4_2,4_4_3,4_4_4,4_4_5,4_4_6,4_cvs,5_0_0,5_0_1,5_0_2,5_0_3</ver>
</PHPModuleRef><PHPModuleRef>
<t>mcve_transactionid</t>
<mn>mcve</mn>
<ft>F</ft>
<ver>4_2_0,4_2_1,4_2_2,4_2_3,4_3_0,4_3_1,4_3_10,4_3_11,4_3_2,4_3_3,4_3_4,4_3_5,4_3_6,4_3_7,4_3_8,4_3_9,4_4_0,4_4_1,4_4_2,4_4_3,4_4_4,4_4_5,4_4_6,4_cvs,5_0_0,5_0_1,5_0_2,5_0_3</ver>
</PHPModuleRef><PHPModuleRef>
<t>mcve_transactionitem</t>
<mn>mcve</mn>
<ft>F</ft>
<ver>4_2_0,4_2_1,4_2_2,4_2_3,4_3_0,4_3_1,4_3_10,4_3_11,4_3_2,4_3_3,4_3_4,4_3_5,4_3_6,4_3_7,4_3_8,4_3_9,4_4_0,4_4_1,4_4_2,4_4_3,4_4_4,4_4_5,4_4_6,4_cvs,5_0_0,5_0_1,5_0_2,5_0_3</ver>
</PHPModuleRef><PHPModuleRef>
<t>mcve_transactionssent</t>
<mn>mcve</mn>
<ft>F</ft>
<ver>4_2_0,4_2_1,4_2_2,4_2_3,4_3_0,4_3_1,4_3_10,4_3_11,4_3_2,4_3_3,4_3_4,4_3_5,4_3_6,4_3_7,4_3_8,4_3_9,4_4_0,4_4_1,4_4_2,4_4_3,4_4_4,4_4_5,4_4_6,4_cvs,5_0_0,5_0_1,5_0_2,5_0_3</ver>
</PHPModuleRef><PHPModuleRef>
<t>mcve_transactiontext</t>
<mn>mcve</mn>
<ft>F</ft>
<ver>4_2_0,4_2_1,4_2_2,4_2_3,4_3_0,4_3_1,4_3_10,4_3_11,4_3_2,4_3_3,4_3_4,4_3_5,4_3_6,4_3_7,4_3_8,4_3_9,4_4_0,4_4_1,4_4_2,4_4_3,4_4_4,4_4_5,4_4_6,4_cvs,5_0_0,5_0_1,5_0_2,5_0_3</ver>
</PHPModuleRef><PHPModuleRef>
<t>mcve_transinqueue</t>
<mn>mcve</mn>
<ft>F</ft>
<ver>4_2_0,4_2_1,4_2_2,4_2_3,4_3_0,4_3_1,4_3_10,4_3_11,4_3_2,4_3_3,4_3_4,4_3_5,4_3_6,4_3_7,4_3_8,4_3_9,4_4_0,4_4_1,4_4_2,4_4_3,4_4_4,4_4_5,4_4_6,4_cvs,5_0_0,5_0_1,5_0_2,5_0_3</ver>
</PHPModuleRef><PHPModuleRef>
<t>mcve_transnew</t>
<mn>mcve</mn>
<ft>F</ft>
<ver>4_3_0,4_3_1,4_3_10,4_3_11,4_3_2,4_3_3,4_3_4,4_3_5,4_3_6,4_3_7,4_3_8,4_3_9,4_4_0,4_4_1,4_4_2,4_4_3,4_4_4,4_4_5,4_4_6,4_cvs,5_0_0,5_0_1,5_0_2,5_0_3</ver>
</PHPModuleRef><PHPModuleRef>
<t>mcve_transparam</t>
<mn>mcve</mn>
<ft>F</ft>
<ver>4_3_0,4_3_1,4_3_10,4_3_11,4_3_2,4_3_3,4_3_4,4_3_5,4_3_6,4_3_7,4_3_8,4_3_9,4_4_0,4_4_1,4_4_2,4_4_3,4_4_4,4_4_5,4_4_6,4_cvs,5_0_0,5_0_1,5_0_2,5_0_3</ver>
</PHPModuleRef><PHPModuleRef>
<t>mcve_transsend</t>
<mn>mcve</mn>
<ft>F</ft>
<ver>4_3_0,4_3_1,4_3_10,4_3_11,4_3_2,4_3_3,4_3_4,4_3_5,4_3_6,4_3_7,4_3_8,4_3_9,4_4_0,4_4_1,4_4_2,4_4_3,4_4_4,4_4_5,4_4_6,4_cvs,5_0_0,5_0_1,5_0_2,5_0_3</ver>
</PHPModuleRef><PHPModuleRef>
<t>mcve_ub</t>
<mn>mcve</mn>
<ft>F</ft>
<ver>4_2_0,4_2_1,4_2_2,4_2_3,4_3_0,4_3_1,4_3_10,4_3_11,4_3_2,4_3_3,4_3_4,4_3_5,4_3_6,4_3_7,4_3_8,4_3_9,4_4_0,4_4_1,4_4_2,4_4_3,4_4_4,4_4_5,4_4_6,4_cvs,5_0_0,5_0_1,5_0_2,5_0_3</ver>
</PHPModuleRef><PHPModuleRef>
<t>mcve_uwait</t>
<mn>mcve</mn>
<ft>F</ft>
<ver>4_3_0,4_3_1,4_3_10,4_3_11,4_3_2,4_3_3,4_3_4,4_3_5,4_3_6,4_3_7,4_3_8,4_3_9,4_4_0,4_4_1,4_4_2,4_4_3,4_4_4,4_4_5,4_4_6,4_cvs,5_0_0,5_0_1,5_0_2,5_0_3</ver>
</PHPModuleRef><PHPModuleRef>
<t>mcve_verifyconnection</t>
<mn>mcve</mn>
<ft>F</ft>
<ver>4_3_0,4_3_1,4_3_10,4_3_11,4_3_2,4_3_3,4_3_4,4_3_5,4_3_6,4_3_7,4_3_8,4_3_9,4_4_0,4_4_1,4_4_2,4_4_3,4_4_4,4_4_5,4_4_6,4_cvs,5_0_0,5_0_1,5_0_2,5_0_3</ver>
</PHPModuleRef><PHPModuleRef>
<t>mcve_verifysslcert</t>
<mn>mcve</mn>
<ft>F</ft>
<ver>4_3_0,4_3_1,4_3_10,4_3_11,4_3_2,4_3_3,4_3_4,4_3_5,4_3_6,4_3_7,4_3_8,4_3_9,4_4_0,4_4_1,4_4_2,4_4_3,4_4_4,4_4_5,4_4_6,4_cvs,5_0_0,5_0_1,5_0_2,5_0_3</ver>
</PHPModuleRef><PHPModuleRef>
<t>mcve_void</t>
<mn>mcve</mn>
<ft>F</ft>
<ver>4_2_0,4_2_1,4_2_2,4_2_3,4_3_0,4_3_1,4_3_10,4_3_11,4_3_2,4_3_3,4_3_4,4_3_5,4_3_6,4_3_7,4_3_8,4_3_9,4_4_0,4_4_1,4_4_2,4_4_3,4_4_4,4_4_5,4_4_6,4_cvs,5_0_0,5_0_1,5_0_2,5_0_3</ver>
</PHPModuleRef><PHPModuleRef>
<t>m_adduser</t>
<mn>mcve</mn>
<ft>F</ft>
<ver>4_3_10,4_3_11,4_3_9,4_4_0,4_4_1,4_4_2,4_4_3,4_4_4,4_4_5,4_4_6,4_cvs,5_0_0,5_0_1,5_0_2,5_0_3</ver>
<p4>int m_adduser(resource conn, string admin_password, int usersetup)</p4>
<p4d>Add an MCVE user using usersetup structure </p4d>
</PHPModuleRef><PHPModuleRef>
<t>m_adduserarg</t>
<mn>mcve</mn>
<ft>F</ft>
<ver>4_3_10,4_3_11,4_3_9,4_4_0,4_4_1,4_4_2,4_4_3,4_4_4,4_4_5,4_4_6,4_cvs,5_0_0,5_0_1,5_0_2,5_0_3</ver>
<p4>int m_adduserarg(resource usersetup, int argtype, string argval)</p4>
<p4d>Add a value to user configuration structure </p4d>
</PHPModuleRef><PHPModuleRef>
<t>m_bt</t>
<mn>mcve</mn>
<ft>F</ft>
<ver>4_3_10,4_3_11,4_3_9,4_4_0,4_4_1,4_4_2,4_4_3,4_4_4,4_4_5,4_4_6,4_cvs,5_0_0,5_0_1,5_0_2,5_0_3</ver>
<p4>int m_bt(resource conn, string username, string password)</p4>
<p4d>Get unsettled batch totals </p4d>
</PHPModuleRef><PHPModuleRef>
<t>m_checkstatus</t>
<mn>mcve</mn>
<ft>F</ft>
<ver>4_3_10,4_3_11,4_3_9,4_4_0,4_4_1,4_4_2,4_4_3,4_4_4,4_4_5,4_4_6,4_cvs,5_0_0,5_0_1,5_0_2,5_0_3</ver>
<p4>int m_checkstatus(resource conn, int identifier)</p4>
<p4d>Check to see if a transaction has completed </p4d>
<texts><text><lng>en</lng>
<d>Check to see if a transaction has completed</d>
</text></texts></PHPModuleRef><PHPModuleRef>
<t>m_chkpwd</t>
<mn>mcve</mn>
<ft>F</ft>
<ver>4_3_10,4_3_11,4_3_9,4_4_0,4_4_1,4_4_2,4_4_3,4_4_4,4_4_5,4_4_6,4_cvs,5_0_0,5_0_1,5_0_2,5_0_3</ver>
<p4>int m_chkpwd(resource conn, string username, string password)</p4>
<p4d>Verify Password </p4d>
</PHPModuleRef><PHPModuleRef>
<t>m_chngpwd</t>
<mn>mcve</mn>
<ft>F</ft>
<ver>4_3_10,4_3_11,4_3_9,4_4_0,4_4_1,4_4_2,4_4_3,4_4_4,4_4_5,4_4_6,4_cvs,5_0_0,5_0_1,5_0_2,5_0_3</ver>
<p4>int m_chngpwd(resource conn, string admin_password, string new_password)</p4>
<p4d>Change the system administrator's password </p4d>
</PHPModuleRef><PHPModuleRef>
<t>m_completeauthorizations</t>
<mn>mcve</mn>
<ft>F</ft>
<ver>4_3_10,4_3_11,4_3_9,4_4_0,4_4_1,4_4_2,4_4_3,4_4_4,4_4_5,4_4_6,4_cvs,5_0_0,5_0_1,5_0_2,5_0_3</ver>
<p4>int m_completeauthorizations(resource conn, int &amp;array)</p4>
<p4d>Number of complete authorizations in queue, returning an array of their identifiers </p4d>
<texts><text><lng>en</lng>
<d>Number of complete authorizations in queue, returning an array of their identifiers</d>
</text></texts></PHPModuleRef><PHPModuleRef>
<t>m_connect</t>
<mn>mcve</mn>
<ft>F</ft>
<ver>4_3_10,4_3_11,4_3_9,4_4_0,4_4_1,4_4_2,4_4_3,4_4_4,4_4_5,4_4_6,4_cvs,5_0_0,5_0_1,5_0_2,5_0_3</ver>
<p4>int m_connect(resource conn)</p4>
<p4d>Establish the connection to MCVE </p4d>
<texts><text><lng>en</lng>
<d>Establish the connection to MCVE</d>
</text></texts></PHPModuleRef><PHPModuleRef>
<t>m_connectionerror</t>
<mn>mcve</mn>
<ft>F</ft>
<ver>4_3_10,4_3_11,4_3_9,4_4_0,4_4_1,4_4_2,4_4_3,4_4_4,4_4_5,4_4_6,4_cvs,5_0_0,5_0_1,5_0_2,5_0_3</ver>
<p4>string m_connectionerror(resource conn)</p4>
<p4d>Get a textual representation of why a connection failed </p4d>
<texts><text><lng>en</lng>
<d>Get a textual representation of why a connection failed</d>
</text></texts></PHPModuleRef><PHPModuleRef>
<t>m_deleteresponse</t>
<mn>mcve</mn>
<ft>F</ft>
<ver>4_3_10,4_3_11,4_3_9,4_4_0,4_4_1,4_4_2,4_4_3,4_4_4,4_4_5,4_4_6,4_cvs,5_0_0,5_0_1,5_0_2,5_0_3</ver>
<p4>bool m_deleteresponse(resource conn, int identifier)</p4>
<p4d>Delete specified transaction from MCVE_CONN structure </p4d>
</PHPModuleRef><PHPModuleRef>
<t>m_deletetrans</t>
<mn>mcve</mn>
<ft>F</ft>
<ver>4_3_10,4_3_11,4_3_9,4_4_0,4_4_1,4_4_2,4_4_3,4_4_4,4_4_5,4_4_6,4_cvs,5_0_0,5_0_1,5_0_2,5_0_3</ver>
<p4>bool m_deletetrans(resource conn, int identifier)</p4>
<p4d>Delete specified transaction from MCVE_CONN structure </p4d>
<texts><text><lng>en</lng>
<d>Delete specified transaction from MCVE_CONN structure</d>
</text></texts></PHPModuleRef><PHPModuleRef>
<t>m_deleteusersetup</t>
<mn>mcve</mn>
<ft>F</ft>
<ver>4_3_10,4_3_11,4_3_9,4_4_0,4_4_1,4_4_2,4_4_3,4_4_4,4_4_5,4_4_6,4_cvs,5_0_0,5_0_1,5_0_2,5_0_3</ver>
<p4>void m_deleteusersetup(resource usersetup)</p4>
<p4d>Deallocate data associated with usersetup structure </p4d>
</PHPModuleRef><PHPModuleRef>
<t>m_deluser</t>
<mn>mcve</mn>
<ft>F</ft>
<ver>4_3_10,4_3_11,4_3_9,4_4_0,4_4_1,4_4_2,4_4_3,4_4_4,4_4_5,4_4_6,4_cvs,5_0_0,5_0_1,5_0_2,5_0_3</ver>
<p4>int m_deluser(resource conn, string admin_password, string username)</p4>
<p4d>Delete an MCVE user account </p4d>
</PHPModuleRef><PHPModuleRef>
<t>m_destroyconn</t>
<mn>mcve</mn>
<ft>F</ft>
<ver>4_3_10,4_3_11,4_3_9,4_4_0,4_4_1,4_4_2,4_4_3,4_4_4,4_4_5,4_4_6,4_cvs,5_0_0,5_0_1,5_0_2,5_0_3</ver>
<p4>void m_destroyconn(resource conn)</p4>
<p4d>Destroy the connection and MCVE_CONN structure </p4d>
<texts><text><lng>en</lng>
<d>Destroy the connection and MCVE_CONN structure</d>
</text></texts></PHPModuleRef><PHPModuleRef>
<t>m_destroyengine</t>
<mn>mcve</mn>
<ft>F</ft>
<ver>4_3_10,4_3_11,4_3_9,4_4_0,4_4_1,4_4_2,4_4_3,4_4_4,4_4_5,4_4_6,4_cvs,5_0_0,5_0_1,5_0_2,5_0_3</ver>
<p4>void m_destroyengine(void)</p4>
<p4d>Free memory associated with IP/SSL connectivity </p4d>
<texts><text><lng>en</lng>
<d>Free memory associated with IP/SSL connectivity</d>
</text></texts></PHPModuleRef><PHPModuleRef>
<t>m_disableuser</t>
<mn>mcve</mn>
<ft>F</ft>
<ver>4_3_10,4_3_11,4_3_9,4_4_0,4_4_1,4_4_2,4_4_3,4_4_4,4_4_5,4_4_6,4_cvs,5_0_0,5_0_1,5_0_2,5_0_3</ver>
<p4>int m_disableuser(resource conn, string admin_password, string username)</p4>
<p4d>Disable an active MCVE user account </p4d>
</PHPModuleRef><PHPModuleRef>
<t>m_edituser</t>
<mn>mcve</mn>
<ft>F</ft>
<ver>4_3_10,4_3_11,4_3_9,4_4_0,4_4_1,4_4_2,4_4_3,4_4_4,4_4_5,4_4_6,4_cvs,5_0_0,5_0_1,5_0_2,5_0_3</ver>
<p4>int m_edituser(resource conn, string admin_password, int usersetup)</p4>
<p4d>Edit MCVE user using usersetup structure </p4d>
</PHPModuleRef><PHPModuleRef>
<t>m_enableuser</t>
<mn>mcve</mn>
<ft>F</ft>
<ver>4_3_10,4_3_11,4_3_9,4_4_0,4_4_1,4_4_2,4_4_3,4_4_4,4_4_5,4_4_6,4_cvs,5_0_0,5_0_1,5_0_2,5_0_3</ver>
<p4>int m_enableuser(resource conn, string admin_password, string username)</p4>
<p4d>Enable an inactive MCVE user account </p4d>
</PHPModuleRef><PHPModuleRef>
<t>m_force</t>
<mn>mcve</mn>
<ft>F</ft>
<ver>4_3_10,4_3_11,4_3_9,4_4_0,4_4_1,4_4_2,4_4_3,4_4_4,4_4_5,4_4_6,4_cvs,5_0_0,5_0_1,5_0_2,5_0_3</ver>
<p4>int m_force(resiurce conn, string username, string password, string trackdata, string account, strin</p4>
<p4d>Send a FORCE to MCVE.  (typically, a phone-authorization) </p4d>
</PHPModuleRef><PHPModuleRef>
<t>m_getcell</t>
<mn>mcve</mn>
<ft>F</ft>
<ver>4_3_10,4_3_11,4_3_9,4_4_0,4_4_1,4_4_2,4_4_3,4_4_4,4_4_5,4_4_6,4_cvs,5_0_0,5_0_1,5_0_2,5_0_3</ver>
<p4>string m_getcell(resource conn, int identifier, string column, int row)</p4>
<p4d>Get a specific cell from a comma delimited response by column name </p4d>
<texts><text><lng>en</lng>
<d>Get a specific cell from a comma delimited response by column name</d>
</text></texts></PHPModuleRef><PHPModuleRef>
<t>m_getcellbynum</t>
<mn>mcve</mn>
<ft>F</ft>
<ver>4_3_10,4_3_11,4_3_9,4_4_0,4_4_1,4_4_2,4_4_3,4_4_4,4_4_5,4_4_6,4_cvs,5_0_0,5_0_1,5_0_2,5_0_3</ver>
<p4>string m_getcellbynum(resource conn, int identifier, int column, int row)</p4>
<p4d>Get a specific cell from a comma delimited response by column number </p4d>
<texts><text><lng>en</lng>
<d>Get a specific cell from a comma delimited response by column number</d>
</text></texts></PHPModuleRef><PHPModuleRef>
<t>m_getcommadelimited</t>
<mn>mcve</mn>
<ft>F</ft>
<ver>4_3_10,4_3_11,4_3_9,4_4_0,4_4_1,4_4_2,4_4_3,4_4_4,4_4_5,4_4_6,4_cvs,5_0_0,5_0_1,5_0_2,5_0_3</ver>
<p4>string m_getcommadelimited(resource conn, int identifier)</p4>
<p4d>Get the RAW comma delimited data returned from MCVE </p4d>
<texts><text><lng>en</lng>
<d>Get the RAW comma delimited data returned from MCVE</d>
</text></texts></PHPModuleRef><PHPModuleRef>
<t>m_getheader</t>
<mn>mcve</mn>
<ft>F</ft>
<ver>4_3_10,4_3_11,4_3_9,4_4_0,4_4_1,4_4_2,4_4_3,4_4_4,4_4_5,4_4_6,4_cvs,5_0_0,5_0_1,5_0_2,5_0_3</ver>
<p4>string m_getheader(resource conn, int identifier, int column_num)</p4>
<p4d>Get the name of the column in a comma-delimited response </p4d>
<texts><text><lng>en</lng>
<d>Get the name of the column in a comma-delimited response</d>
</text></texts></PHPModuleRef><PHPModuleRef>
<t>m_getuserarg</t>
<mn>mcve</mn>
<ft>F</ft>
<ver>4_3_10,4_3_11,4_3_9,4_4_0,4_4_1,4_4_2,4_4_3,4_4_4,4_4_5,4_4_6,4_cvs,5_0_0,5_0_1,5_0_2,5_0_3</ver>
<p4>string m_getuserarg(resource usersetup, int argtype)</p4>
<p4d>Grab a value from usersetup structure </p4d>
</PHPModuleRef><PHPModuleRef>
<t>m_getuserparam</t>
<mn>mcve</mn>
<ft>F</ft>
<ver>4_3_10,4_3_11,4_3_9,4_4_0,4_4_1,4_4_2,4_4_3,4_4_4,4_4_5,4_4_6,4_cvs,5_0_0,5_0_1,5_0_2,5_0_3</ver>
<p4>string m_getuserparam(resource conn, long identifier, int key)</p4>
<p4d>Get a user response parameter </p4d>
</PHPModuleRef><PHPModuleRef>
<t>m_gft</t>
<mn>mcve</mn>
<ft>F</ft>
<ver>4_3_10,4_3_11,4_3_9,4_4_0,4_4_1,4_4_2,4_4_3,4_4_4,4_4_5,4_4_6,4_cvs,5_0_0,5_0_1,5_0_2,5_0_3</ver>
<p4>int m_gft(resource conn, string username, string password, int type, string account, string clerkid,</p4>
<p4d>Audit MCVE for Failed transactions </p4d>
</PHPModuleRef><PHPModuleRef>
<t>m_gl</t>
<mn>mcve</mn>
<ft>F</ft>
<ver>4_3_10,4_3_11,4_3_9,4_4_0,4_4_1,4_4_2,4_4_3,4_4_4,4_4_5,4_4_6,4_cvs,5_0_0,5_0_1,5_0_2,5_0_3</ver>
<p4>int m_gl(int conn, string username, string password, int type, string account, string batch, string</p4>
<p4d>Audit MCVE for settled transactions </p4d>
</PHPModuleRef><PHPModuleRef>
<t>m_gut</t>
<mn>mcve</mn>
<ft>F</ft>
<ver>4_3_10,4_3_11,4_3_9,4_4_0,4_4_1,4_4_2,4_4_3,4_4_4,4_4_5,4_4_6,4_cvs,5_0_0,5_0_1,5_0_2,5_0_3</ver>
<p4>int m_gut(resource conn, string username, string password, int type, string account, string clerkid,</p4>
<p4d>Audit MCVE for Unsettled Transactions </p4d>
</PHPModuleRef><PHPModuleRef>
<t>m_initconn</t>
<mn>mcve</mn>
<ft>F</ft>
<ver>4_3_10,4_3_11,4_3_9,4_4_0,4_4_1,4_4_2,4_4_3,4_4_4,4_4_5,4_4_6,4_cvs,5_0_0,5_0_1,5_0_2,5_0_3</ver>
<p4>resource m_initconn(void)</p4>
<p4d>Create and initialize an MCVE_CONN structure </p4d>
<texts><text><lng>en</lng>
<d>Create and initialize an MCVE_CONN structure</d>
</text></texts></PHPModuleRef><PHPModuleRef>
<t>m_initengine</t>
<mn>mcve</mn>
<ft>F</ft>
<ver>4_3_10,4_3_11,4_3_9,4_4_0,4_4_1,4_4_2,4_4_3,4_4_4,4_4_5,4_4_6,4_cvs,5_0_0,5_0_1,5_0_2,5_0_3</ver>
<p4>int m_initengine(string location)</p4>
<p4d>Ready the client for IP/SSL Communication </p4d>
<texts><text><lng>en</lng>
<d>Ready the client for IP/SSL Communication</d>
</text></texts></PHPModuleRef><PHPModuleRef>
<t>m_initusersetup</t>
<mn>mcve</mn>
<ft>F</ft>
<ver>4_3_10,4_3_11,4_3_9,4_4_0,4_4_1,4_4_2,4_4_3,4_4_4,4_4_5,4_4_6,4_cvs,5_0_0,5_0_1,5_0_2,5_0_3</ver>
<p4>resource m_initusersetup(void)</p4>
<p4d>Initialize structure to store user data </p4d>
</PHPModuleRef><PHPModuleRef>
<t>m_iscommadelimited</t>
<mn>mcve</mn>
<ft>F</ft>
<ver>4_3_10,4_3_11,4_3_9,4_4_0,4_4_1,4_4_2,4_4_3,4_4_4,4_4_5,4_4_6,4_cvs,5_0_0,5_0_1,5_0_2,5_0_3</ver>
<p4>int m_iscommadelimited(resource conn, int identifier)</p4>
<p4d>Checks to see if response is comma delimited </p4d>
<texts><text><lng>en</lng>
<d>Checks to see if response is comma delimited</d>
</text></texts></PHPModuleRef><PHPModuleRef>
<t>m_liststats</t>
<mn>mcve</mn>
<ft>F</ft>
<ver>4_3_10,4_3_11,4_3_9,4_4_0,4_4_1,4_4_2,4_4_3,4_4_4,4_4_5,4_4_6,4_cvs,5_0_0,5_0_1,5_0_2,5_0_3</ver>
<p4>int m_liststats(resource conn, string admin_password)</p4>
<p4d>List statistics for all users on MCVE system </p4d>
</PHPModuleRef><PHPModuleRef>
<t>m_listusers</t>
<mn>mcve</mn>
<ft>F</ft>
<ver>4_3_10,4_3_11,4_3_9,4_4_0,4_4_1,4_4_2,4_4_3,4_4_4,4_4_5,4_4_6,4_cvs,5_0_0,5_0_1,5_0_2,5_0_3</ver>
<p4>int m_listusers(resource conn, string admin_password)</p4>
<p4d>List all users on MCVE system </p4d>
</PHPModuleRef><PHPModuleRef>
<t>m_maxconntimeout</t>
<mn>mcve</mn>
<ft>F</ft>
<ver>4_3_10,4_3_11,4_3_9,4_4_0,4_4_1,4_4_2,4_4_3,4_4_4,4_4_5,4_4_6,4_cvs,5_0_0,5_0_1,5_0_2,5_0_3</ver>
<p4>bool m_maxconntimeout(resource conn, int secs)</p4>
<p4d>The maximum amount of time the API will attempt a connection to MCVE </p4d>
<texts><text><lng>en</lng>
<d>The maximum amount of time the API will attempt a connection to MCVE</d>
</text></texts></PHPModuleRef><PHPModuleRef>
<t>m_monitor</t>
<mn>mcve</mn>
<ft>F</ft>
<ver>4_3_10,4_3_11,4_3_9,4_4_0,4_4_1,4_4_2,4_4_3,4_4_4,4_4_5,4_4_6,4_cvs,5_0_0,5_0_1,5_0_2,5_0_3</ver>
<p4>int m_monitor(resource conn)</p4>
<p4d>Perform communication with MCVE (send/receive data)   Non-blocking </p4d>
<texts><text><lng>en</lng>
<d>Perform communication with MCVE (send/receive data) Non-blocking</d>
</text></texts></PHPModuleRef><PHPModuleRef>
<t>m_numcolumns</t>
<mn>mcve</mn>
<ft>F</ft>
<ver>4_3_10,4_3_11,4_3_9,4_4_0,4_4_1,4_4_2,4_4_3,4_4_4,4_4_5,4_4_6,4_cvs,5_0_0,5_0_1,5_0_2,5_0_3</ver>
<p4>int m_numcolumns(resource conn, int identifier)</p4>
<p4d>Number of columns returned in a comma delimited response </p4d>
<texts><text><lng>en</lng>
<d>Number of columns returned in a comma delimited response</d>
</text></texts></PHPModuleRef><PHPModuleRef>
<t>m_numrows</t>
<mn>mcve</mn>
<ft>F</ft>
<ver>4_3_10,4_3_11,4_3_9,4_4_0,4_4_1,4_4_2,4_4_3,4_4_4,4_4_5,4_4_6,4_cvs,5_0_0,5_0_1,5_0_2,5_0_3</ver>
<p4>int m_numrows(resource conn, int identifier)</p4>
<p4d>Number of rows returned in a comma delimited response </p4d>
<texts><text><lng>en</lng>
<d>Number of rows returned in a comma delimited response</d>
</text></texts></PHPModuleRef><PHPModuleRef>
<t>m_override</t>
<mn>mcve</mn>
<ft>F</ft>
<ver>4_3_10,4_3_11,4_3_9,4_4_0,4_4_1,4_4_2,4_4_3,4_4_4,4_4_5,4_4_6,4_cvs,5_0_0,5_0_1,5_0_2,5_0_3</ver>
<p4>int m_override(resource conn, string username, string password, string trackdata, string account, st</p4>
<p4d>Send an OVERRIDE to MCVE </p4d>
</PHPModuleRef><PHPModuleRef>
<t>m_parsecommadelimited</t>
<mn>mcve</mn>
<ft>F</ft>
<ver>4_3_10,4_3_11,4_3_9,4_4_0,4_4_1,4_4_2,4_4_3,4_4_4,4_4_5,4_4_6,4_cvs,5_0_0,5_0_1,5_0_2,5_0_3</ver>
<p4>int m_parsecommadelimited(resource conn, int identifier)</p4>
<p4d>Parse the comma delimited response so m_getcell, etc will work </p4d>
<texts><text><lng>en</lng>
<d>Parse the comma delimited response so m_getcell, etc will work</d>
</text></texts></PHPModuleRef><PHPModuleRef>
<t>m_ping</t>
<mn>mcve</mn>
<ft>F</ft>
<ver>4_3_10,4_3_11,4_3_9,4_4_0,4_4_1,4_4_2,4_4_3,4_4_4,4_4_5,4_4_6,4_cvs,5_0_0,5_0_1,5_0_2,5_0_3</ver>
<p4>int m_ping(resource conn)</p4>
<p4d>Send a ping request to MCVE </p4d>
</PHPModuleRef><PHPModuleRef>
<t>m_preauth</t>
<mn>mcve</mn>
<ft>F</ft>
<ver>4_3_10,4_3_11,4_3_9,4_4_0,4_4_1,4_4_2,4_4_3,4_4_4,4_4_5,4_4_6,4_cvs,5_0_0,5_0_1,5_0_2,5_0_3</ver>
<p4>int m_preauth(resource conn, string username, string password, string trackdata, string account, str</p4>
<p4d>Send a PREAUTHORIZATION to MCVE </p4d>
</PHPModuleRef><PHPModuleRef>
<t>m_preauthcompletion</t>
<mn>mcve</mn>
<ft>F</ft>
<ver>4_3_10,4_3_11,4_3_9,4_4_0,4_4_1,4_4_2,4_4_3,4_4_4,4_4_5,4_4_6,4_cvs,5_0_0,5_0_1,5_0_2,5_0_3</ver>
<p4>int m_preauthcompletion(resource conn, string username, string password, float finalamount, int sid,</p4>
<p4d>Complete a PREAUTHORIZATION... Ready it for settlement </p4d>
</PHPModuleRef><PHPModuleRef>
<t>m_qc</t>
<mn>mcve</mn>
<ft>F</ft>
<ver>4_3_10,4_3_11,4_3_9,4_4_0,4_4_1,4_4_2,4_4_3,4_4_4,4_4_5,4_4_6,4_cvs,5_0_0,5_0_1,5_0_2,5_0_3</ver>
<p4>int m_qc(resource conn, string username, string password, string clerkid, string stationid, string c</p4>
<p4d>Audit MCVE for a list of transactions in the outgoing queue </p4d>
</PHPModuleRef><PHPModuleRef>
<t>m_responseparam</t>
<mn>mcve</mn>
<ft>F</ft>
<ver>4_3_10,4_3_11,4_3_9,4_4_0,4_4_1,4_4_2,4_4_3,4_4_4,4_4_5,4_4_6,4_cvs,5_0_0,5_0_1,5_0_2,5_0_3</ver>
<p4>string m_responseparam(resource conn, long identifier, string key)</p4>
<p4d>Get a custom response parameter </p4d>
<texts><text><lng>en</lng>
<d>Get a custom response parameter</d>
</text></texts></PHPModuleRef><PHPModuleRef>
<t>m_return</t>
<mn>mcve</mn>
<ft>F</ft>
<ver>4_3_10,4_3_11,4_3_9,4_4_0,4_4_1,4_4_2,4_4_3,4_4_4,4_4_5,4_4_6,4_cvs,5_0_0,5_0_1,5_0_2,5_0_3</ver>
<p4>int m_return(int conn, string username, string password, string trackdata, string account, string ex</p4>
<p4d>Issue a RETURN or CREDIT to MCVE </p4d>
</PHPModuleRef><PHPModuleRef>
<t>m_returncode</t>
<mn>mcve</mn>
<ft>F</ft>
<ver>4_3_10,4_3_11,4_3_9,4_4_0,4_4_1,4_4_2,4_4_3,4_4_4,4_4_5,4_4_6,4_cvs,5_0_0,5_0_1,5_0_2,5_0_3</ver>
<p4>int m_returncode(resource conn, int identifier)</p4>
<p4d>Grab the exact return code from the transaction </p4d>
</PHPModuleRef><PHPModuleRef>
<t>m_returnstatus</t>
<mn>mcve</mn>
<ft>F</ft>
<ver>4_3_10,4_3_11,4_3_9,4_4_0,4_4_1,4_4_2,4_4_3,4_4_4,4_4_5,4_4_6,4_cvs,5_0_0,5_0_1,5_0_2,5_0_3</ver>
<p4>int m_returnstatus(resource conn, int identifier)</p4>
<p4d>Check to see if the transaction was successful </p4d>
<texts><text><lng>en</lng>
<d>Check to see if the transaction was successful</d>
</text></texts></PHPModuleRef><PHPModuleRef>
<t>m_sale</t>
<mn>mcve</mn>
<ft>F</ft>
<ver>4_3_10,4_3_11,4_3_9,4_4_0,4_4_1,4_4_2,4_4_3,4_4_4,4_4_5,4_4_6,4_cvs,5_0_0,5_0_1,5_0_2,5_0_3</ver>
<p4>int m_sale(resource conn, string username, string password, string trackdata, string account, string</p4>
<p4d>Send a SALE to MCVE </p4d>
</PHPModuleRef><PHPModuleRef>
<t>m_setblocking</t>
<mn>mcve</mn>
<ft>F</ft>
<ver>4_3_10,4_3_11,4_3_9,4_4_0,4_4_1,4_4_2,4_4_3,4_4_4,4_4_5,4_4_6,4_cvs,5_0_0,5_0_1,5_0_2,5_0_3</ver>
<p4>int m_setblocking(resource conn, int tf)</p4>
<p4d>Set blocking/non-blocking mode for connection </p4d>
<texts><text><lng>en</lng>
<d>Set blocking/non-blocking mode for connection</d>
</text></texts></PHPModuleRef><PHPModuleRef>
<t>m_setdropfile</t>
<mn>mcve</mn>
<ft>F</ft>
<ver>4_3_10,4_3_11,4_3_9,4_4_0,4_4_1,4_4_2,4_4_3,4_4_4,4_4_5,4_4_6,4_cvs,5_0_0,5_0_1,5_0_2,5_0_3</ver>
<p4>int m_setdropfile(resource conn, string directory)</p4>
<p4d>Set the connection method to Drop-File </p4d>
<texts><text><lng>en</lng>
<d>Set the connection method to Drop-File</d>
</text></texts></PHPModuleRef><PHPModuleRef>
<t>m_setip</t>
<mn>mcve</mn>
<ft>F</ft>
<ver>4_3_10,4_3_11,4_3_9,4_4_0,4_4_1,4_4_2,4_4_3,4_4_4,4_4_5,4_4_6,4_cvs,5_0_0,5_0_1,5_0_2,5_0_3</ver>
<p4>int m_setip(resource conn, string host, int port)</p4>
<p4d>Set the connection method to IP </p4d>
<texts><text><lng>en</lng>
<d>Set the connection method to IP</d>
</text></texts></PHPModuleRef><PHPModuleRef>
<t>m_setssl</t>
<mn>mcve</mn>
<ft>F</ft>
<ver>4_3_10,4_3_11,4_3_9,4_4_0,4_4_1,4_4_2,4_4_3,4_4_4,4_4_5,4_4_6,4_cvs,5_0_0,5_0_1,5_0_2,5_0_3</ver>
<p4>int m_setssl(resource conn, string host, int port)</p4>
<p4d>Set the connection method to SSL </p4d>
<texts><text><lng>en</lng>
<d>Set the connection method to SSL</d>
</text></texts></PHPModuleRef><PHPModuleRef>
<t>m_setssl_files</t>
<mn>mcve</mn>
<ft>F</ft>
<ver>4_3_10,4_3_11,4_3_9,4_4_0,4_4_1,4_4_2,4_4_3,4_4_4,4_4_5,4_4_6,4_cvs,5_0_0,5_0_1,5_0_2,5_0_3</ver>
<p4>int m_setssl_files(resource conn, string sslkeyfile, string sslcertfile)</p4>
<p4d>Set certificate key files and certificates if server requires client certificate verification </p4d>
<texts><text><lng>en</lng>
<d>Set certificate key files and certificates if server requires client certificateverification</d>
</text></texts></PHPModuleRef><PHPModuleRef>
<t>m_settimeout</t>
<mn>mcve</mn>
<ft>F</ft>
<ver>4_3_10,4_3_11,4_3_9,4_4_0,4_4_1,4_4_2,4_4_3,4_4_4,4_4_5,4_4_6,4_cvs,5_0_0,5_0_1,5_0_2,5_0_3</ver>
<p4>int m_settimeout(resource conn, int seconds)</p4>
<p4d>Set maximum transaction time (per trans) </p4d>
<texts><text><lng>en</lng>
<d>Set maximum transaction time (per trans)</d>
</text></texts></PHPModuleRef><PHPModuleRef>
<t>m_settle</t>
<mn>mcve</mn>
<ft>F</ft>
<ver>4_3_10,4_3_11,4_3_9,4_4_0,4_4_1,4_4_2,4_4_3,4_4_4,4_4_5,4_4_6,4_cvs,5_0_0,5_0_1,5_0_2,5_0_3</ver>
<p4>int m_settle(resource conn, string username, string password, string batch)</p4>
<p4d>Issue a settlement command to do a batch deposit </p4d>
</PHPModuleRef><PHPModuleRef>
<t>m_text_avs</t>
<mn>mcve</mn>
<ft>F</ft>
<ver>4_3_10,4_3_11,4_3_9,4_4_0,4_4_1,4_4_2,4_4_3,4_4_4,4_4_5,4_4_6,4_cvs,5_0_0,5_0_1,5_0_2,5_0_3</ver>
<p4>string m_text_avs(string code)</p4>
<p4d>Get a textual representation of the return_avs </p4d>
</PHPModuleRef><PHPModuleRef>
<t>m_text_code</t>
<mn>mcve</mn>
<ft>F</ft>
<ver>4_3_10,4_3_11,4_3_9,4_4_0,4_4_1,4_4_2,4_4_3,4_4_4,4_4_5,4_4_6,4_cvs,5_0_0,5_0_1,5_0_2,5_0_3</ver>
<p4>string m_text_code(string code)</p4>
<p4d>Get a textual representation of the return_code </p4d>
</PHPModuleRef><PHPModuleRef>
<t>m_text_cv</t>
<mn>mcve</mn>
<ft>F</ft>
<ver>4_3_10,4_3_11,4_3_9,4_4_0,4_4_1,4_4_2,4_4_3,4_4_4,4_4_5,4_4_6,4_cvs,5_0_0,5_0_1,5_0_2,5_0_3</ver>
<p4>string m_text_cv(int code)</p4>
<p4d>Get a textual representation of the return_cv </p4d>
</PHPModuleRef><PHPModuleRef>
<t>m_transactionauth</t>
<mn>mcve</mn>
<ft>F</ft>
<ver>4_3_10,4_3_11,4_3_9,4_4_0,4_4_1,4_4_2,4_4_3,4_4_4,4_4_5,4_4_6,4_cvs,5_0_0,5_0_1,5_0_2,5_0_3</ver>
<p4>string m_transactionauth(resource conn, int identifier)</p4>
<p4d>Get the authorization number returned for the transaction (alpha-numeric) </p4d>
</PHPModuleRef><PHPModuleRef>
<t>m_transactionavs</t>
<mn>mcve</mn>
<ft>F</ft>
<ver>4_3_10,4_3_11,4_3_9,4_4_0,4_4_1,4_4_2,4_4_3,4_4_4,4_4_5,4_4_6,4_cvs,5_0_0,5_0_1,5_0_2,5_0_3</ver>
<p4>int m_transactionavs(resource conn, int identifier)</p4>
<p4d>Get the Address Verification return status </p4d>
</PHPModuleRef><PHPModuleRef>
<t>m_transactionbatch</t>
<mn>mcve</mn>
<ft>F</ft>
<ver>4_3_10,4_3_11,4_3_9,4_4_0,4_4_1,4_4_2,4_4_3,4_4_4,4_4_5,4_4_6,4_cvs,5_0_0,5_0_1,5_0_2,5_0_3</ver>
<p4>int m_transactionbatch(resource conn, int identifier)</p4>
<p4d>Get the batch number associated with the transaction </p4d>
</PHPModuleRef><PHPModuleRef>
<t>m_transactioncv</t>
<mn>mcve</mn>
<ft>F</ft>
<ver>4_3_10,4_3_11,4_3_9,4_4_0,4_4_1,4_4_2,4_4_3,4_4_4,4_4_5,4_4_6,4_cvs,5_0_0,5_0_1,5_0_2,5_0_3</ver>
<p4>int m_transactioncv(resource conn, int identifier)</p4>
<p4d>Get the CVC2/CVV2/CID return status </p4d>
</PHPModuleRef><PHPModuleRef>
<t>m_transactionid</t>
<mn>mcve</mn>
<ft>F</ft>
<ver>4_3_10,4_3_11,4_3_9,4_4_0,4_4_1,4_4_2,4_4_3,4_4_4,4_4_5,4_4_6,4_cvs,5_0_0,5_0_1,5_0_2,5_0_3</ver>
<p4>int m_transactionid(resource conn, int identifier)</p4>
<p4d>Get the unique system id for the transaction </p4d>
</PHPModuleRef><PHPModuleRef>
<t>m_transactionitem</t>
<mn>mcve</mn>
<ft>F</ft>
<ver>4_3_10,4_3_11,4_3_9,4_4_0,4_4_1,4_4_2,4_4_3,4_4_4,4_4_5,4_4_6,4_cvs,5_0_0,5_0_1,5_0_2,5_0_3</ver>
<p4>int m_transactionitem(resource conn, int identifier)</p4>
<p4d>Get the ITEM number in the associated batch for this transaction </p4d>
</PHPModuleRef><PHPModuleRef>
<t>m_transactionssent</t>
<mn>mcve</mn>
<ft>F</ft>
<ver>4_3_10,4_3_11,4_3_9,4_4_0,4_4_1,4_4_2,4_4_3,4_4_4,4_4_5,4_4_6,4_cvs,5_0_0,5_0_1,5_0_2,5_0_3</ver>
<p4>int m_transactionssent(resource conn)</p4>
<p4d>Check to see if outgoing buffer is clear </p4d>
<texts><text><lng>en</lng>
<d>Check to see if outgoing buffer is clear</d>
</text></texts></PHPModuleRef><PHPModuleRef>
<t>m_transactiontext</t>
<mn>mcve</mn>
<ft>F</ft>
<ver>4_3_10,4_3_11,4_3_9,4_4_0,4_4_1,4_4_2,4_4_3,4_4_4,4_4_5,4_4_6,4_cvs,5_0_0,5_0_1,5_0_2,5_0_3</ver>
<p4>string m_transactiontext(resource conn, int identifier)</p4>
<p4d>Get verbiage (text) return from MCVE or processing institution </p4d>
</PHPModuleRef><PHPModuleRef>
<t>m_transinqueue</t>
<mn>mcve</mn>
<ft>F</ft>
<ver>4_3_10,4_3_11,4_3_9,4_4_0,4_4_1,4_4_2,4_4_3,4_4_4,4_4_5,4_4_6,4_cvs,5_0_0,5_0_1,5_0_2,5_0_3</ver>
<p4>int m_transinqueue(resource conn)</p4>
<p4d>Number of transactions in client-queue </p4d>
<texts><text><lng>en</lng>
<d>Number of transactions in client-queue</d>
</text></texts></PHPModuleRef><PHPModuleRef>
<t>m_transnew</t>
<mn>mcve</mn>
<ft>F</ft>
<ver>4_3_10,4_3_11,4_3_9,4_4_0,4_4_1,4_4_2,4_4_3,4_4_4,4_4_5,4_4_6,4_cvs,5_0_0,5_0_1,5_0_2,5_0_3</ver>
<p4>int m_transnew(resource conn)</p4>
<p4d>Start a new transaction </p4d>
<texts><text><lng>en</lng>
<d>Start a new transaction</d>
</text></texts></PHPModuleRef><PHPModuleRef>
<t>m_transparam</t>
<mn>mcve</mn>
<ft>F</ft>
<ver>4_3_10,4_3_11,4_3_9,4_4_0,4_4_1,4_4_2,4_4_3,4_4_4,4_4_5,4_4_6,4_cvs,5_0_0,5_0_1,5_0_2,5_0_3</ver>
<p4>int m_transparam(resource conn, long identifier, int key, ...)</p4>
<p4d>Add a parameter to a transaction </p4d>
</PHPModuleRef><PHPModuleRef>
<t>m_transsend</t>
<mn>mcve</mn>
<ft>F</ft>
<ver>4_3_10,4_3_11,4_3_9,4_4_0,4_4_1,4_4_2,4_4_3,4_4_4,4_4_5,4_4_6,4_cvs,5_0_0,5_0_1,5_0_2,5_0_3</ver>
<p4>int m_transsend(resource conn, long identifier)</p4>
<p4d>Finalize and send the transaction </p4d>
<texts><text><lng>en</lng>
<d>Finalize and send the transaction</d>
</text></texts></PHPModuleRef><PHPModuleRef>
<t>m_ub</t>
<mn>mcve</mn>
<ft>F</ft>
<ver>4_3_10,4_3_11,4_3_9,4_4_0,4_4_1,4_4_2,4_4_3,4_4_4,4_4_5,4_4_6,4_cvs,5_0_0,5_0_1,5_0_2,5_0_3</ver>
<p4>int m_ub(resource conn, string username, string password)</p4>
<p4d>Get a list of all Unsettled batches </p4d>
</PHPModuleRef><PHPModuleRef>
<t>m_uwait</t>
<mn>mcve</mn>
<ft>F</ft>
<ver>4_3_10,4_3_11,4_3_9,4_4_0,4_4_1,4_4_2,4_4_3,4_4_4,4_4_5,4_4_6,4_cvs,5_0_0,5_0_1,5_0_2,5_0_3</ver>
<p4>int m_uwait(long microsecs)</p4>
<p4d>Wait x microsecs </p4d>
<texts><text><lng>en</lng>
<d>Wait x microsecs</d>
</text></texts></PHPModuleRef><PHPModuleRef>
<t>m_verifyconnection</t>
<mn>mcve</mn>
<ft>F</ft>
<ver>4_3_10,4_3_11,4_3_9,4_4_0,4_4_1,4_4_2,4_4_3,4_4_4,4_4_5,4_4_6,4_cvs,5_0_0,5_0_1,5_0_2,5_0_3</ver>
<p4>bool m_verifyconnection(resource conn, int tf)</p4>
<p4d>Set whether or not to PING upon connect to verify connection </p4d>
<texts><text><lng>en</lng>
<d>Set whether or not to PING upon connect to verify connection</d>
</text></texts></PHPModuleRef><PHPModuleRef>
<t>m_verifysslcert</t>
<mn>mcve</mn>
<ft>F</ft>
<ver>4_3_10,4_3_11,4_3_9,4_4_0,4_4_1,4_4_2,4_4_3,4_4_4,4_4_5,4_4_6,4_cvs,5_0_0,5_0_1,5_0_2,5_0_3</ver>
<p4>bool m_verifysslcert(resource conn, int tf)</p4>
<p4d>Set whether or not to verify the server ssl certificate </p4d>
<texts><text><lng>en</lng>
<d>Set whether or not to verify the server ssl certificate</d>
</text></texts></PHPModuleRef><PHPModuleRef>
<t>m_void</t>
<mn>mcve</mn>
<ft>F</ft>
<ver>4_3_10,4_3_11,4_3_9,4_4_0,4_4_1,4_4_2,4_4_3,4_4_4,4_4_5,4_4_6,4_cvs,5_0_0,5_0_1,5_0_2,5_0_3</ver>
<p4>int m_void(resource conn, string username, string password, int sid, int ptrannum)</p4>
<p4d>VOID a transaction in the settlement queue </p4d>
</PHPModuleRef><PHPModuleRef>
<t>M_DONE</t>
<mn>mcve</mn>
<ft>C</ft>
<p4>integer M_DONE</p4>
<p5>integer M_DONE</p5>
</PHPModuleRef><PHPModuleRef>
<t>M_ERROR</t>
<mn>mcve</mn>
<ft>C</ft>
<p4>integer M_ERROR</p4>
<p5>integer M_ERROR</p5>
</PHPModuleRef><PHPModuleRef>
<t>M_FAIL</t>
<mn>mcve</mn>
<ft>C</ft>
<p4>integer M_FAIL</p4>
<p5>integer M_FAIL</p5>
</PHPModuleRef><PHPModuleRef>
<t>M_PENDING</t>
<mn>mcve</mn>
<ft>C</ft>
<p4>integer M_PENDING</p4>
<p5>integer M_PENDING</p5>
</PHPModuleRef><PHPModuleRef>
<t>M_SUCCESS</t>
<mn>mcve</mn>
<ft>C</ft>
<p4>integer M_SUCCESS</p4>
<p5>integer M_SUCCESS</p5>
</PHPModuleRef></PHPModuleRef-List>
