<?xml version="1.0" encoding="utf-8"?>
<PHPModuleRef-List>
<PHPModuleRef>
<t>mhash</t>
<mn>mhash</mn>
<ft>F</ft>
<ver>4_0_0,4_0_1,4_0_2,4_0_3,4_0_4,4_0_5,4_0_6,4_1_0,4_1_1,4_1_2,4_2_0,4_2_1,4_2_2,4_2_3,4_3_0,4_3_1,4_3_10,4_3_11,4_3_2,4_3_3,4_3_4,4_3_5,4_3_6,4_3_7,4_3_8,4_3_9,4_4_0,4_4_1,4_4_2,4_4_3,4_4_4,4_4_5,4_4_6,4_cvs,5_0_0,5_0_1,5_0_2,5_0_3,5_1_0,5_1_1,5_1_2,5_1_3,5_1_4,5_1_5,5_1_6,5_2_0,5_2_1,5_cvs</ver>
<p4>string mhash(int hash, string data [, string key])</p4>
<p4d>Hash data with hash </p4d>
<p5>binary mhash(int hash, binary data [, binary key]) U</p5>
<p5d>Hash data with hash </p5d>
<texts><text><lng>cs</lng>
<d>Spočítat hash</d>
</text><text><lng>de</lng>
<d>Hash berechnen</d>
</text><text><lng>en</lng>
<d>Compute hash</d>
</text><text><lng>es</lng>
<d>Calcular el hash</d>
</text></texts></PHPModuleRef><PHPModuleRef>
<t>mhash_count</t>
<mn>mhash</mn>
<ft>F</ft>
<ver>4_0_0,4_0_1,4_0_2,4_0_3,4_0_4,4_0_5,4_0_6,4_1_0,4_1_1,4_1_2,4_2_0,4_2_1,4_2_2,4_2_3,4_3_0,4_3_1,4_3_10,4_3_11,4_3_2,4_3_3,4_3_4,4_3_5,4_3_6,4_3_7,4_3_8,4_3_9,4_4_0,4_4_1,4_4_2,4_4_3,4_4_4,4_4_5,4_4_6,4_cvs,5_0_0,5_0_1,5_0_2,5_0_3,5_1_0,5_1_1,5_1_2,5_1_3,5_1_4,5_1_5,5_1_6,5_2_0,5_2_1,5_cvs</ver>
<p4>int mhash_count(void)</p4>
<p4d>Gets the number of available hashes </p4d>
<p5>int mhash_count(void) U</p5>
<p5d>Gets the number of available hashes </p5d>
<texts><text><lng>cs</lng>
<d>Získat nejvyšší dostupné hash id</d>
</text><text><lng>de</lng>
<d>Gibt den höchstmöglichen Hash zurück</d>
</text><text><lng>en</lng>
<d>Get the highest available hash id</d>
</text><text><lng>es</lng>
<d>Obtener el valor mayor del id hash disponible</d>
</text></texts></PHPModuleRef><PHPModuleRef>
<t>mhash_get_block_size</t>
<mn>mhash</mn>
<ft>F</ft>
<ver>4_0_0,4_0_1,4_0_2,4_0_3,4_0_4,4_0_5,4_0_6,4_1_0,4_1_1,4_1_2,4_2_0,4_2_1,4_2_2,4_2_3,4_3_0,4_3_1,4_3_10,4_3_11,4_3_2,4_3_3,4_3_4,4_3_5,4_3_6,4_3_7,4_3_8,4_3_9,4_4_0,4_4_1,4_4_2,4_4_3,4_4_4,4_4_5,4_4_6,4_cvs,5_0_0,5_0_1,5_0_2,5_0_3,5_1_0,5_1_1,5_1_2,5_1_3,5_1_4,5_1_5,5_1_6,5_2_0,5_2_1,5_cvs</ver>
<p4>int mhash_get_block_size(int hash)</p4>
<p4d>Gets the block size of hash </p4d>
<p5>int mhash_get_block_size(int hash) U</p5>
<p5d>Gets the block size of hash </p5d>
<texts><text><lng>cs</lng>
<d>Získat velikost bloku určeného hashe</d>
</text><text><lng>de</lng>
<d>Gibt die Blockgroesse von demübergebenem Hash zurück</d>
</text><text><lng>en</lng>
<d>Get the block size of the specified hash</d>
</text><text><lng>es</lng>
<d>Conseguir el tamaño de bloque de el hash especificado</d>
</text></texts></PHPModuleRef><PHPModuleRef>
<t>mhash_get_hash_name</t>
<mn>mhash</mn>
<ft>F</ft>
<ver>4_0_0,4_0_1,4_0_2,4_0_3,4_0_4,4_0_5,4_0_6,4_1_0,4_1_1,4_1_2,4_2_0,4_2_1,4_2_2,4_2_3,4_3_0,4_3_1,4_3_10,4_3_11,4_3_2,4_3_3,4_3_4,4_3_5,4_3_6,4_3_7,4_3_8,4_3_9,4_4_0,4_4_1,4_4_2,4_4_3,4_4_4,4_4_5,4_4_6,4_cvs,5_0_0,5_0_1,5_0_2,5_0_3,5_1_0,5_1_1,5_1_2,5_1_3,5_1_4,5_1_5,5_1_6,5_2_0,5_2_1,5_cvs</ver>
<p4>string mhash_get_hash_name(int hash)</p4>
<p4d>Gets the name of hash </p4d>
<p5>string mhash_get_hash_name(int hash) U</p5>
<p5d>Gets the name of hash </p5d>
<texts><text><lng>cs</lng>
<d>Získat název zadaného hashe</d>
</text><text><lng>de</lng>
<d>Gibt den Namen eines Hashs zurück</d>
</text><text><lng>en</lng>
<d>Get the name of the specified hash</d>
</text><text><lng>es</lng>
<d>Conseguir el nombre de un hash especifico</d>
</text></texts></PHPModuleRef><PHPModuleRef>
<t>mhash_get_keygen_name</t>
<mn>mhash</mn>
<ft>F</ft>
<ver>5_cvs</ver>
<p5>string mhash_get_keygen_name(int keygen) U</p5>
<p5d>Get the name of the keygen algorithm </p5d>
</PHPModuleRef><PHPModuleRef>
<t>mhash_get_keygen_salt_size</t>
<mn>mhash</mn>
<ft>F</ft>
<ver>5_cvs</ver>
<p5>bool mhash_get_keygen_salt_size(int keygen) U</p5>
<p5d>Get the required size of the salt for the keygen algorithm </p5d>
</PHPModuleRef><PHPModuleRef>
<t>mhash_keygen</t>
<mn>mhash</mn>
<ft>F</ft>
<ver>5_cvs</ver>
<p5>binary mhash_keygen(int type, int hash1, int hash2, binary password[, binary salt[, int max_key_size</p5>
<p5d>Generate a key </p5d>
</PHPModuleRef><PHPModuleRef>
<t>mhash_keygen_count</t>
<mn>mhash</mn>
<ft>F</ft>
<ver>5_cvs</ver>
<p5>int mhash_keygen_count() U</p5>
<p5d>Get the number of available keygen algorithms </p5d>
</PHPModuleRef><PHPModuleRef>
<t>mhash_keygen_s2k</t>
<mn>mhash</mn>
<ft>F</ft>
<ver>4_0_4,4_0_5,4_0_6,4_1_0,4_1_1,4_1_2,4_2_0,4_2_1,4_2_2,4_2_3,4_3_0,4_3_1,4_3_10,4_3_11,4_3_2,4_3_3,4_3_4,4_3_5,4_3_6,4_3_7,4_3_8,4_3_9,4_4_0,4_4_1,4_4_2,4_4_3,4_4_4,4_4_5,4_4_6,4_cvs,5_0_0,5_0_1,5_0_2,5_0_3,5_1_0,5_1_1,5_1_2,5_1_3,5_1_4,5_1_5,5_1_6,5_2_0,5_2_1,5_cvs</ver>
<p4>string mhash_keygen_s2k(int hash, string input_password, string salt, int bytes)</p4>
<p4d>Generates a key using hash functions </p4d>
<p5>binary mhash_keygen_s2k(int hash, binary input_password, binary salt, int bytes)</p5>
<p5d>Generates a key using hash functions </p5d>
<texts><text><lng>cs</lng>
<d>Vygenerovat klíč</d>
</text><text><lng>en</lng>
<d>Generates a key</d>
</text><text><lng>es</lng>
<d>Genera una llave</d>
</text></texts></PHPModuleRef><PHPModuleRef>
<t>mhash_keygen_uses_count</t>
<mn>mhash</mn>
<ft>F</ft>
<ver>5_cvs</ver>
<p5>bool mhash_keygen_uses_count(int keygen) U</p5>
<p5d>Whether the keygen algorithm uses the bytes_count parameter </p5d>
</PHPModuleRef><PHPModuleRef>
<t>mhash_keygen_uses_hash</t>
<mn>mhash</mn>
<ft>F</ft>
<ver>5_cvs</ver>
<p5>bool mhash_keygen_uses_hash(int keygen) U</p5>
<p5d>Whether the keygen algorithm uses a hash algorithm </p5d>
</PHPModuleRef><PHPModuleRef>
<t>mhash_keygen_uses_salt</t>
<mn>mhash</mn>
<ft>F</ft>
<ver>5_cvs</ver>
<p5>bool mhash_keygen_uses_salt(int keygen) U</p5>
<p5d>Whether the keygen algorithm requires a salt </p5d>
</PHPModuleRef><PHPModuleRef>
<t>MHASH_ADLER32</t>
<mn>mhash</mn>
<ft>C</ft>
</PHPModuleRef><PHPModuleRef>
<t>MHASH_CRC32</t>
<mn>mhash</mn>
<ft>C</ft>
</PHPModuleRef><PHPModuleRef>
<t>MHASH_CRC32B</t>
<mn>mhash</mn>
<ft>C</ft>
</PHPModuleRef><PHPModuleRef>
<t>MHASH_GOST</t>
<mn>mhash</mn>
<ft>C</ft>
</PHPModuleRef><PHPModuleRef>
<t>MHASH_HAVAL128</t>
<mn>mhash</mn>
<ft>C</ft>
</PHPModuleRef><PHPModuleRef>
<t>MHASH_HAVAL160</t>
<mn>mhash</mn>
<ft>C</ft>
</PHPModuleRef><PHPModuleRef>
<t>MHASH_HAVAL192</t>
<mn>mhash</mn>
<ft>C</ft>
</PHPModuleRef><PHPModuleRef>
<t>MHASH_HAVAL256</t>
<mn>mhash</mn>
<ft>C</ft>
</PHPModuleRef><PHPModuleRef>
<t>MHASH_MD4</t>
<mn>mhash</mn>
<ft>C</ft>
</PHPModuleRef><PHPModuleRef>
<t>MHASH_MD5</t>
<mn>mhash</mn>
<ft>C</ft>
</PHPModuleRef><PHPModuleRef>
<t>MHASH_RIPEMD160</t>
<mn>mhash</mn>
<ft>C</ft>
</PHPModuleRef><PHPModuleRef>
<t>MHASH_SHA1</t>
<mn>mhash</mn>
<ft>C</ft>
</PHPModuleRef><PHPModuleRef>
<t>MHASH_SHA256</t>
<mn>mhash</mn>
<ft>C</ft>
</PHPModuleRef><PHPModuleRef>
<t>MHASH_TIGER</t>
<mn>mhash</mn>
<ft>C</ft>
</PHPModuleRef><PHPModuleRef>
<t>MHASH_TIGER128</t>
<mn>mhash</mn>
<ft>C</ft>
</PHPModuleRef><PHPModuleRef>
<t>MHASH_TIGER160</t>
<mn>mhash</mn>
<ft>C</ft>
</PHPModuleRef></PHPModuleRef-List>
