<?xml version="1.0" encoding="utf-8"?>
<PHPModuleRef-List>
<PHPModuleRef>
<t>smfi_addheader</t>
<mn>milter</mn>
<ft>F</ft>
<ver>5_0_0,5_0_1,5_0_2,5_0_3,5_1_0,5_1_1,5_1_2,5_1_3,5_1_4,5_1_5,5_1_6,5_2_0,5_2_1</ver>
</PHPModuleRef><PHPModuleRef>
<t>smfi_addrcpt</t>
<mn>milter</mn>
<ft>F</ft>
<ver>5_0_0,5_0_1,5_0_2,5_0_3,5_1_0,5_1_1,5_1_2,5_1_3,5_1_4,5_1_5,5_1_6,5_2_0,5_2_1</ver>
</PHPModuleRef><PHPModuleRef>
<t>smfi_chgheader</t>
<mn>milter</mn>
<ft>F</ft>
<ver>5_0_0,5_0_1,5_0_2,5_0_3,5_1_0,5_1_1,5_1_2,5_1_3,5_1_4,5_1_5,5_1_6,5_2_0,5_2_1</ver>
</PHPModuleRef><PHPModuleRef>
<t>smfi_delrcpt</t>
<mn>milter</mn>
<ft>F</ft>
<ver>5_0_0,5_0_1,5_0_2,5_0_3,5_1_0,5_1_1,5_1_2,5_1_3,5_1_4,5_1_5,5_1_6,5_2_0,5_2_1</ver>
</PHPModuleRef><PHPModuleRef>
<t>smfi_getsymval</t>
<mn>milter</mn>
<ft>F</ft>
<ver>5_0_0,5_0_1,5_0_2,5_0_3,5_1_0,5_1_1,5_1_2,5_1_3,5_1_4,5_1_5,5_1_6,5_2_0,5_2_1</ver>
</PHPModuleRef><PHPModuleRef>
<t>smfi_replacebody</t>
<mn>milter</mn>
<ft>F</ft>
<ver>5_0_0,5_0_1,5_0_2,5_0_3,5_1_0,5_1_1,5_1_2,5_1_3,5_1_4,5_1_5,5_1_6,5_2_0,5_2_1</ver>
</PHPModuleRef><PHPModuleRef>
<t>smfi_setflags</t>
<mn>milter</mn>
<ft>F</ft>
<ver>5_0_0,5_0_1,5_0_2,5_0_3,5_1_0,5_1_1,5_1_2,5_1_3,5_1_4,5_1_5,5_1_6,5_2_0,5_2_1</ver>
</PHPModuleRef><PHPModuleRef>
<t>smfi_setreply</t>
<mn>milter</mn>
<ft>F</ft>
<ver>5_0_0,5_0_1,5_0_2,5_0_3,5_1_0,5_1_1,5_1_2,5_1_3,5_1_4,5_1_5,5_1_6,5_2_0,5_2_1</ver>
</PHPModuleRef><PHPModuleRef>
<t>smfi_settimeout</t>
<mn>milter</mn>
<ft>F</ft>
<ver>5_0_0,5_0_1,5_0_2,5_0_3,5_1_0,5_1_1,5_1_2,5_1_3,5_1_4,5_1_5,5_1_6,5_2_0,5_2_1</ver>
</PHPModuleRef></PHPModuleRef-List>
