<?xml version="1.0" encoding="utf-8"?>
<PHPModuleRef-List>
<PHPModuleRef>
<t>mime_content_type</t>
<mn>mime_magic</mn>
<ft>F</ft>
<ver>4_3_0,4_3_1,4_3_10,4_3_11,4_3_2,4_3_3,4_3_4,4_3_5,4_3_6,4_3_7,4_3_8,4_3_9,4_4_0,4_4_1,4_4_2,4_4_3,4_4_4,4_4_5,4_4_6,4_cvs,5_0_0,5_0_1,5_0_2,5_0_3,5_1_0,5_1_1,5_1_2,5_1_3,5_1_4,5_1_5,5_1_6,5_2_0,5_2_1,5_cvs</ver>
<p4>string mime_content_type(string filename)</p4>
<p4d>Return content-type for file </p4d>
<p5>string mime_content_type(string filename|resource stream)</p5>
<p5d>Return content-type for file </p5d>
<texts><text><lng>en</lng>
<d>Detect MIME Content-type for a file (deprecated)</d>
</text><text><lng>es</lng>
<d>Detectar el tipo de contenido MIME de un archivo(deprecada)</d>
</text></texts></PHPModuleRef></PHPModuleRef-List>
