<?xml version="1.0" encoding="utf-8"?>
<PHPModuleRef-List>
<PHPModuleRef>
<t>ming_keypress</t>
<mn>ming</mn>
<ft>F</ft>
<ver>5_0_0,5_0_1,5_0_2,5_0_3,5_1_0,5_1_1,5_1_2,5_1_3,5_1_4,5_1_5,5_1_6,5_2_0,5_2_1,5_cvs</ver>
<p5>int ming_keypress(string str)</p5>
<p5d>Returns the action flag for keyPress(char) </p5d>
<texts><text><lng>en</lng>
<d>Returns the action flag for keyPress(char)</d>
</text></texts></PHPModuleRef><PHPModuleRef>
<t>ming_setcubicthreshold</t>
<mn>ming</mn>
<ft>F</ft>
<ver>4_0_5,4_0_6,4_1_0,4_1_1,4_1_2,4_2_0,4_2_1,4_2_2,4_2_3,4_3_0,4_3_1,4_3_10,4_3_11,4_3_2,4_3_3,4_3_4,4_3_5,4_3_6,4_3_7,4_3_8,4_3_9,4_4_0,4_4_1,4_4_2,4_4_3,4_4_4,4_4_5,4_4_6,4_cvs,5_0_0,5_0_1,5_0_2,5_0_3,5_1_0,5_1_1,5_1_2,5_1_3,5_1_4,5_1_5,5_1_6,5_2_0,5_2_1,5_cvs</ver>
<p4>void ming_setcubicthreshold (int threshold)</p4>
<p4d>Set cubic threshold (?) </p4d>
<p5>void ming_setcubicthreshold (int threshold)</p5>
<p5d>Set cubic threshold (?) </p5d>
<texts><text><lng>en</lng>
<d>Set cubic threshold</d>
</text></texts></PHPModuleRef><PHPModuleRef>
<t>ming_setscale</t>
<mn>ming</mn>
<ft>F</ft>
<ver>4_0_5,4_0_6,4_1_0,4_1_1,4_1_2,4_2_0,4_2_1,4_2_2,4_2_3,4_3_0,4_3_1,4_3_10,4_3_11,4_3_2,4_3_3,4_3_4,4_3_5,4_3_6,4_3_7,4_3_8,4_3_9,4_4_0,4_4_1,4_4_2,4_4_3,4_4_4,4_4_5,4_4_6,4_cvs,5_0_0,5_0_1,5_0_2,5_0_3,5_1_0,5_1_1,5_1_2,5_1_3,5_1_4,5_1_5,5_1_6,5_2_0,5_2_1,5_cvs</ver>
<p4>void ming_setscale(int scale)</p4>
<p4d>Set scale (?) </p4d>
<p5>void ming_setscale(int scale)</p5>
<p5d>Set scale (?) </p5d>
<texts><text><lng>en</lng>
<d>Set scale</d>
</text></texts></PHPModuleRef><PHPModuleRef>
<t>ming_setswfcompression</t>
<mn>ming</mn>
<ft>F</ft>
<ver>5_2_1,5_cvs</ver>
<texts><text><lng>en</lng>
<d>Sets the SWF output compression</d>
</text></texts></PHPModuleRef><PHPModuleRef>
<t>ming_useconstants</t>
<mn>ming</mn>
<ft>F</ft>
<ver>5_0_0,5_0_1,5_0_2,5_0_3,5_1_0,5_1_1,5_1_2,5_1_3,5_1_4,5_1_5,5_1_6,5_2_0,5_2_1,5_cvs</ver>
<p5>void ming_useconstants(int use)</p5>
<p5d>Use constant pool (?) </p5d>
<texts><text><lng>en</lng>
<d>Use constant pool</d>
</text></texts></PHPModuleRef><PHPModuleRef>
<t>ming_useswfversion</t>
<mn>ming</mn>
<ft>F</ft>
<ver>4_2_0,4_2_1,4_2_2,4_2_3,4_3_0,4_3_1,4_3_10,4_3_11,4_3_2,4_3_3,4_3_4,4_3_5,4_3_6,4_3_7,4_3_8,4_3_9,4_4_0,4_4_1,4_4_2,4_4_3,4_4_4,4_4_5,4_4_6,4_cvs,5_0_0,5_0_1,5_0_2,5_0_3,5_1_0,5_1_1,5_1_2,5_1_3,5_1_4,5_1_5,5_1_6,5_2_0,5_2_1,5_cvs</ver>
<p4>void ming_useswfversion(int version)</p4>
<p4d>Use SWF version (?) </p4d>
<p5>void ming_useswfversion(int version)</p5>
<p5d>Use SWF version (?) </p5d>
<texts><text><lng>en</lng>
<d>Sets the SWF version</d>
</text></texts></PHPModuleRef><PHPModuleRef>
<t>MING_NEW</t>
<mn>ming</mn>
<ft>C</ft>
<p4>integer MING_NEW</p4>
<p5>integer MING_NEW</p5>
</PHPModuleRef><PHPModuleRef>
<t>MING_ZLIB</t>
<mn>ming</mn>
<ft>C</ft>
<p4>integer MING_ZLIB</p4>
<p5>integer MING_ZLIB</p5>
</PHPModuleRef><PHPModuleRef>
<t>SWFACTION_DATA</t>
<mn>ming</mn>
<ft>C</ft>
<p4>integer SWFACTION_DATA</p4>
<p5>integer SWFACTION_DATA</p5>
</PHPModuleRef><PHPModuleRef>
<t>SWFACTION_ENTERFRAME</t>
<mn>ming</mn>
<ft>C</ft>
<p4>integer SWFACTION_ENTERFRAME</p4>
<p5>integer SWFACTION_ENTERFRAME</p5>
</PHPModuleRef><PHPModuleRef>
<t>SWFACTION_KEYDOWN</t>
<mn>ming</mn>
<ft>C</ft>
<p4>integer SWFACTION_KEYDOWN</p4>
<p5>integer SWFACTION_KEYDOWN</p5>
</PHPModuleRef><PHPModuleRef>
<t>SWFACTION_KEYUP</t>
<mn>ming</mn>
<ft>C</ft>
<p4>integer SWFACTION_KEYUP</p4>
<p5>integer SWFACTION_KEYUP</p5>
</PHPModuleRef><PHPModuleRef>
<t>SWFACTION_MOUSEDOWN</t>
<mn>ming</mn>
<ft>C</ft>
<p4>integer SWFACTION_MOUSEDOWN</p4>
<p5>integer SWFACTION_MOUSEDOWN</p5>
</PHPModuleRef><PHPModuleRef>
<t>SWFACTION_MOUSEMOVE</t>
<mn>ming</mn>
<ft>C</ft>
<p4>integer SWFACTION_MOUSEMOVE</p4>
<p5>integer SWFACTION_MOUSEMOVE</p5>
</PHPModuleRef><PHPModuleRef>
<t>SWFACTION_MOUSEUP</t>
<mn>ming</mn>
<ft>C</ft>
<p4>integer SWFACTION_MOUSEUP</p4>
<p5>integer SWFACTION_MOUSEUP</p5>
</PHPModuleRef><PHPModuleRef>
<t>SWFACTION_ONLOAD</t>
<mn>ming</mn>
<ft>C</ft>
<p4>integer SWFACTION_ONLOAD</p4>
<p5>integer SWFACTION_ONLOAD</p5>
</PHPModuleRef><PHPModuleRef>
<t>SWFACTION_UNLOAD</t>
<mn>ming</mn>
<ft>C</ft>
<p4>integer SWFACTION_UNLOAD</p4>
<p5>integer SWFACTION_UNLOAD</p5>
</PHPModuleRef><PHPModuleRef>
<t>SWFBUTTON_DOWN</t>
<mn>ming</mn>
<ft>C</ft>
<p4>integer SWFBUTTON_DOWN</p4>
<p5>integer SWFBUTTON_DOWN</p5>
</PHPModuleRef><PHPModuleRef>
<t>SWFBUTTON_DRAGOUT</t>
<mn>ming</mn>
<ft>C</ft>
<p4>integer SWFBUTTON_DRAGOUT</p4>
<p5>integer SWFBUTTON_DRAGOUT</p5>
</PHPModuleRef><PHPModuleRef>
<t>SWFBUTTON_DRAGOVER</t>
<mn>ming</mn>
<ft>C</ft>
<p4>integer SWFBUTTON_DRAGOVER</p4>
<p5>integer SWFBUTTON_DRAGOVER</p5>
</PHPModuleRef><PHPModuleRef>
<t>SWFBUTTON_HIT</t>
<mn>ming</mn>
<ft>C</ft>
<p4>integer SWFBUTTON_HIT</p4>
<p5>integer SWFBUTTON_HIT</p5>
</PHPModuleRef><PHPModuleRef>
<t>SWFBUTTON_MOUSEDOWN</t>
<mn>ming</mn>
<ft>C</ft>
<p4>integer SWFBUTTON_MOUSEDOWN</p4>
<p5>integer SWFBUTTON_MOUSEDOWN</p5>
</PHPModuleRef><PHPModuleRef>
<t>SWFBUTTON_MOUSEOUT</t>
<mn>ming</mn>
<ft>C</ft>
<p4>integer SWFBUTTON_MOUSEOUT</p4>
<p5>integer SWFBUTTON_MOUSEOUT</p5>
</PHPModuleRef><PHPModuleRef>
<t>SWFBUTTON_MOUSEOVER</t>
<mn>ming</mn>
<ft>C</ft>
<p4>integer SWFBUTTON_MOUSEOVER</p4>
<p5>integer SWFBUTTON_MOUSEOVER</p5>
</PHPModuleRef><PHPModuleRef>
<t>SWFBUTTON_MOUSEUP</t>
<mn>ming</mn>
<ft>C</ft>
<p4>integer SWFBUTTON_MOUSEUP</p4>
<p5>integer SWFBUTTON_MOUSEUP</p5>
</PHPModuleRef><PHPModuleRef>
<t>SWFBUTTON_MOUSEUPOUTSIDE</t>
<mn>ming</mn>
<ft>C</ft>
<p4>integer SWFBUTTON_MOUSEUPOUTSIDE</p4>
<p5>integer SWFBUTTON_MOUSEUPOUTSIDE</p5>
</PHPModuleRef><PHPModuleRef>
<t>SWFBUTTON_OVER</t>
<mn>ming</mn>
<ft>C</ft>
<p4>integer SWFBUTTON_OVER</p4>
<p5>integer SWFBUTTON_OVER</p5>
</PHPModuleRef><PHPModuleRef>
<t>SWFBUTTON_UP</t>
<mn>ming</mn>
<ft>C</ft>
<p4>integer SWFBUTTON_UP</p4>
<p5>integer SWFBUTTON_UP</p5>
</PHPModuleRef><PHPModuleRef>
<t>SWFFILL_CLIPPED_BITMAP</t>
<mn>ming</mn>
<ft>C</ft>
<p4>integer SWFFILL_CLIPPED_BITMAP</p4>
<p5>integer SWFFILL_CLIPPED_BITMAP</p5>
</PHPModuleRef><PHPModuleRef>
<t>SWFFILL_LINEAR_GRADIENT</t>
<mn>ming</mn>
<ft>C</ft>
<p4>integer SWFFILL_LINEAR_GRADIENT</p4>
<p5>integer SWFFILL_LINEAR_GRADIENT</p5>
</PHPModuleRef><PHPModuleRef>
<t>SWFFILL_RADIAL_GRADIENT</t>
<mn>ming</mn>
<ft>C</ft>
<p4>integer SWFFILL_RADIAL_GRADIENT</p4>
<p5>integer SWFFILL_RADIAL_GRADIENT</p5>
</PHPModuleRef><PHPModuleRef>
<t>SWFFILL_TILED_BITMAP</t>
<mn>ming</mn>
<ft>C</ft>
<p4>integer SWFFILL_TILED_BITMAP</p4>
<p5>integer SWFFILL_TILED_BITMAP</p5>
</PHPModuleRef><PHPModuleRef>
<t>SWFTEXTFIELD_ALIGN_CENTER</t>
<mn>ming</mn>
<ft>C</ft>
<p4>integer SWFTEXTFIELD_ALIGN_CENTER</p4>
<p5>integer SWFTEXTFIELD_ALIGN_CENTER</p5>
</PHPModuleRef><PHPModuleRef>
<t>SWFTEXTFIELD_ALIGN_JUSTIFY</t>
<mn>ming</mn>
<ft>C</ft>
<p4>integer SWFTEXTFIELD_ALIGN_JUSTIFY</p4>
<p5>integer SWFTEXTFIELD_ALIGN_JUSTIFY</p5>
</PHPModuleRef><PHPModuleRef>
<t>SWFTEXTFIELD_ALIGN_LEFT</t>
<mn>ming</mn>
<ft>C</ft>
<p4>integer SWFTEXTFIELD_ALIGN_LEFT</p4>
<p5>integer SWFTEXTFIELD_ALIGN_LEFT</p5>
</PHPModuleRef><PHPModuleRef>
<t>SWFTEXTFIELD_ALIGN_RIGHT</t>
<mn>ming</mn>
<ft>C</ft>
<p4>integer SWFTEXTFIELD_ALIGN_RIGHT</p4>
<p5>integer SWFTEXTFIELD_ALIGN_RIGHT</p5>
</PHPModuleRef><PHPModuleRef>
<t>SWFTEXTFIELD_DRAWBOX</t>
<mn>ming</mn>
<ft>C</ft>
<p4>integer SWFTEXTFIELD_DRAWBOX</p4>
<p5>integer SWFTEXTFIELD_DRAWBOX</p5>
</PHPModuleRef><PHPModuleRef>
<t>SWFTEXTFIELD_HASLENGTH</t>
<mn>ming</mn>
<ft>C</ft>
<p4>integer SWFTEXTFIELD_HASLENGTH</p4>
<p5>integer SWFTEXTFIELD_HASLENGTH</p5>
</PHPModuleRef><PHPModuleRef>
<t>SWFTEXTFIELD_HTML</t>
<mn>ming</mn>
<ft>C</ft>
<p4>integer SWFTEXTFIELD_HTML</p4>
<p5>integer SWFTEXTFIELD_HTML</p5>
</PHPModuleRef><PHPModuleRef>
<t>SWFTEXTFIELD_MULTILINE</t>
<mn>ming</mn>
<ft>C</ft>
<p4>integer SWFTEXTFIELD_MULTILINE</p4>
<p5>integer SWFTEXTFIELD_MULTILINE</p5>
</PHPModuleRef><PHPModuleRef>
<t>SWFTEXTFIELD_NOEDIT</t>
<mn>ming</mn>
<ft>C</ft>
<p4>integer SWFTEXTFIELD_NOEDIT</p4>
<p5>integer SWFTEXTFIELD_NOEDIT</p5>
</PHPModuleRef><PHPModuleRef>
<t>SWFTEXTFIELD_NOSELECT</t>
<mn>ming</mn>
<ft>C</ft>
<p4>integer SWFTEXTFIELD_NOSELECT</p4>
<p5>integer SWFTEXTFIELD_NOSELECT</p5>
</PHPModuleRef><PHPModuleRef>
<t>SWFTEXTFIELD_PASSWORD</t>
<mn>ming</mn>
<ft>C</ft>
<p4>integer SWFTEXTFIELD_PASSWORD</p4>
<p5>integer SWFTEXTFIELD_PASSWORD</p5>
</PHPModuleRef><PHPModuleRef>
<t>SWFTEXTFIELD_WORDWRAP</t>
<mn>ming</mn>
<ft>C</ft>
<p4>integer SWFTEXTFIELD_WORDWRAP</p4>
<p5>integer SWFTEXTFIELD_WORDWRAP</p5>
</PHPModuleRef></PHPModuleRef-List>
