<?xml version="1.0" encoding="utf-8"?>
<PHPModuleRef-List>
<PHPModuleRef>
<t>udm_add_search_limit</t>
<mn>mnogosearch</mn>
<ft>F</ft>
<ver>4_0_5,4_0_6,4_1_0,4_1_1,4_1_2,4_2_0,4_2_1,4_2_2,4_2_3,4_3_0,4_3_1,4_3_10,4_3_11,4_3_2,4_3_3,4_3_4,4_3_5,4_3_6,4_3_7,4_3_8,4_3_9,4_4_0,4_4_1,4_4_2,4_4_3,4_4_4,4_4_5,4_4_6,4_cvs,5_0_0,5_0_1,5_0_2,5_0_3</ver>
<p4>int udm_add_search_limit(int agent, int var, string val)</p4>
<p4d>Add mnoGoSearch search restrictions </p4d>
<texts><text><lng>de</lng>
<d>Verschiedene Beschränkungen bei der Suche anwenden</d>
</text><text><lng>en</lng>
<d>Add various search limits</d>
</text></texts></PHPModuleRef><PHPModuleRef>
<t>udm_alloc_agent</t>
<mn>mnogosearch</mn>
<ft>F</ft>
<ver>4_0_5,4_0_6,4_1_0,4_1_1,4_1_2,4_2_0,4_2_1,4_2_2,4_2_3,4_3_0,4_3_1,4_3_10,4_3_11,4_3_2,4_3_3,4_3_4,4_3_5,4_3_6,4_3_7,4_3_8,4_3_9,4_4_0,4_4_1,4_4_2,4_4_3,4_4_4,4_4_5,4_4_6,4_cvs,5_0_0,5_0_1,5_0_2,5_0_3</ver>
<p4>int udm_alloc_agent(string dbaddr [, string dbmode])</p4>
<p4d>Allocate mnoGoSearch session </p4d>
<texts><text><lng>de</lng>
<d>Allocate mnoGoSearch session</d>
</text><text><lng>en</lng>
<d>Allocate mnoGoSearch session</d>
</text></texts></PHPModuleRef><PHPModuleRef>
<t>udm_alloc_agent_array</t>
<mn>mnogosearch</mn>
<ft>F</ft>
<ver>4_3_10,4_3_11,4_3_3,4_3_4,4_3_5,4_3_6,4_3_7,4_3_8,4_3_9,4_4_0,4_4_1,4_4_2,4_4_3,4_4_4,4_4_5,4_4_6,4_cvs,5_0_0,5_0_1,5_0_2,5_0_3</ver>
<p4>int udm_alloc_agent_array(array dbaddr)</p4>
<p4d>Allocate mnoGoSearch session </p4d>
<texts><text><lng>en</lng>
<d>Allocate mnoGoSearch session</d>
</text></texts></PHPModuleRef><PHPModuleRef>
<t>udm_api_version</t>
<mn>mnogosearch</mn>
<ft>F</ft>
<ver>4_0_5,4_0_6,4_1_0,4_1_1,4_1_2,4_2_0,4_2_1,4_2_2,4_2_3,4_3_0,4_3_1,4_3_10,4_3_11,4_3_2,4_3_3,4_3_4,4_3_5,4_3_6,4_3_7,4_3_8,4_3_9,4_4_0,4_4_1,4_4_2,4_4_3,4_4_4,4_4_5,4_4_6,4_cvs,5_0_0,5_0_1,5_0_2,5_0_3</ver>
<p4>int udm_api_version()</p4>
<p4d>Get mnoGoSearch API version </p4d>
<texts><text><lng>de</lng>
<d>Gibt die Version der mnoGoSearch API zurück.</d>
</text><text><lng>en</lng>
<d>Get mnoGoSearch API version</d>
</text></texts></PHPModuleRef><PHPModuleRef>
<t>udm_cat_list</t>
<mn>mnogosearch</mn>
<ft>F</ft>
<ver>4_0_6,4_1_0,4_1_1,4_1_2,4_2_0,4_2_1,4_2_2,4_2_3,4_3_0,4_3_1,4_3_10,4_3_11,4_3_2,4_3_3,4_3_4,4_3_5,4_3_6,4_3_7,4_3_8,4_3_9,4_4_0,4_4_1,4_4_2,4_4_3,4_4_4,4_4_5,4_4_6,4_cvs,5_0_0,5_0_1,5_0_2,5_0_3</ver>
<p4>array udm_cat_list(int agent, string category)</p4>
<p4d>Get mnoGoSearch categories list with the same root </p4d>
<texts><text><lng>de</lng>
<d>Liefert alle Kategorien auf der selben Ebene wie der aktuellenzurück.</d>
</text><text><lng>en</lng>
<d>Get all the categories on the same level with the current one</d>
</text></texts></PHPModuleRef><PHPModuleRef>
<t>udm_cat_path</t>
<mn>mnogosearch</mn>
<ft>F</ft>
<ver>4_0_6,4_1_0,4_1_1,4_1_2,4_2_0,4_2_1,4_2_2,4_2_3,4_3_0,4_3_1,4_3_10,4_3_11,4_3_2,4_3_3,4_3_4,4_3_5,4_3_6,4_3_7,4_3_8,4_3_9,4_4_0,4_4_1,4_4_2,4_4_3,4_4_4,4_4_5,4_4_6,4_cvs,5_0_0,5_0_1,5_0_2,5_0_3</ver>
<p4>array udm_cat_path(int agent, string category)</p4>
<p4d>Get mnoGoSearch categories path from the root to the given catgory </p4d>
<texts><text><lng>de</lng>
<d>Liefert den Pfad zur aktuellen Kategorie zurück.</d>
</text><text><lng>en</lng>
<d>Get the path to the current category</d>
</text></texts></PHPModuleRef><PHPModuleRef>
<t>udm_check_charset</t>
<mn>mnogosearch</mn>
<ft>F</ft>
<ver>4_2_0,4_2_1,4_2_2,4_2_3,4_3_0,4_3_1,4_3_10,4_3_11,4_3_2,4_3_3,4_3_4,4_3_5,4_3_6,4_3_7,4_3_8,4_3_9,4_4_0,4_4_1,4_4_2,4_4_3,4_4_4,4_4_5,4_4_6,4_cvs,5_0_0,5_0_1,5_0_2,5_0_3</ver>
<p4>int udm_check_charset(int agent, string charset)</p4>
<p4d>Check if the given charset is known to mnogosearch </p4d>
<texts><text><lng>de</lng>
<d>Überprüft, ob mnoGoSearch der übergebene Zeichensatz bekannt ist</d>
</text><text><lng>en</lng>
<d>Check if the given charset is known to mnogosearch</d>
</text></texts></PHPModuleRef><PHPModuleRef>
<t>udm_check_stored</t>
<mn>mnogosearch</mn>
<ft>F</ft>
<ver>4_2_0,4_2_1,4_2_2,4_2_3,4_3_0,4_3_1,4_3_10,4_3_11,4_3_2,4_3_3,4_3_4,4_3_5,4_3_6,4_3_7,4_3_8,4_3_9,4_4_0,4_4_1,4_4_2,4_4_3,4_4_4,4_4_5,4_4_6,4_cvs</ver>
<p4>int udm_check_stored(int agent, int link, string doc_id)</p4>
<p4d>Open connection to stored  </p4d>
<texts><text><lng>de</lng>
<d>Check connection to stored</d>
</text><text><lng>en</lng>
<d>Check connection to stored</d>
</text></texts></PHPModuleRef><PHPModuleRef>
<t>udm_clear_search_limits</t>
<mn>mnogosearch</mn>
<ft>F</ft>
<ver>4_0_5,4_0_6,4_1_0,4_1_1,4_1_2,4_2_0,4_2_1,4_2_2,4_2_3,4_3_0,4_3_1,4_3_10,4_3_11,4_3_2,4_3_3,4_3_4,4_3_5,4_3_6,4_3_7,4_3_8,4_3_9,4_4_0,4_4_1,4_4_2,4_4_3,4_4_4,4_4_5,4_4_6,4_cvs,5_0_0,5_0_1,5_0_2,5_0_3</ver>
<p4>int udm_clear_search_limits(int agent)</p4>
<p4d>Clear all mnoGoSearch search restrictions </p4d>
<texts><text><lng>de</lng>
<d>Löscht alle mnoGoSearch Suchrestriktionen</d>
</text><text><lng>en</lng>
<d>Clear all mnoGoSearch search restrictions</d>
</text></texts></PHPModuleRef><PHPModuleRef>
<t>udm_close_stored</t>
<mn>mnogosearch</mn>
<ft>F</ft>
<ver>4_2_0,4_2_1,4_2_2,4_2_3,4_3_0,4_3_1,4_3_10,4_3_11,4_3_2,4_3_3,4_3_4,4_3_5,4_3_6,4_3_7,4_3_8,4_3_9,4_4_0,4_4_1,4_4_2,4_4_3,4_4_4,4_4_5,4_4_6,4_cvs</ver>
<p4>int udm_close_stored(int agent, int link)</p4>
<p4d>Open connection to stored  </p4d>
<texts><text><lng>de</lng>
<d>Open connection to stored</d>
</text><text><lng>en</lng>
<d>Close connection to stored</d>
</text></texts></PHPModuleRef><PHPModuleRef>
<t>udm_crc32</t>
<mn>mnogosearch</mn>
<ft>F</ft>
<ver>4_2_0,4_2_1,4_2_2,4_2_3,4_3_0,4_3_1,4_3_10,4_3_11,4_3_2,4_3_3,4_3_4,4_3_5,4_3_6,4_3_7,4_3_8,4_3_9,4_4_0,4_4_1,4_4_2,4_4_3,4_4_4,4_4_5,4_4_6,4_cvs,5_0_0,5_0_1,5_0_2,5_0_3</ver>
<p4>int udm_crc32(int agent, string str)</p4>
<p4d>Return CRC32 checksum of gived string </p4d>
<texts><text><lng>de</lng>
<d>Gibt eine CRC32-Prüfsumme des übergebenen Strings zurück.</d>
</text><text><lng>en</lng>
<d>Return CRC32 checksum of given string</d>
</text></texts></PHPModuleRef><PHPModuleRef>
<t>udm_errno</t>
<mn>mnogosearch</mn>
<ft>F</ft>
<ver>4_0_5,4_0_6,4_1_0,4_1_1,4_1_2,4_2_0,4_2_1,4_2_2,4_2_3,4_3_0,4_3_1,4_3_10,4_3_11,4_3_2,4_3_3,4_3_4,4_3_5,4_3_6,4_3_7,4_3_8,4_3_9,4_4_0,4_4_1,4_4_2,4_4_3,4_4_4,4_4_5,4_4_6,4_cvs,5_0_0,5_0_1,5_0_2,5_0_3</ver>
<p4>int udm_errno(int agent)</p4>
<p4d>Get mnoGoSearch error number </p4d>
<texts><text><lng>de</lng>
<d>Liefert den mnoGoSearch Fehlercode zurück.</d>
</text><text><lng>en</lng>
<d>Get mnoGoSearch error number</d>
</text></texts></PHPModuleRef><PHPModuleRef>
<t>udm_error</t>
<mn>mnogosearch</mn>
<ft>F</ft>
<ver>4_0_5,4_0_6,4_1_0,4_1_1,4_1_2,4_2_0,4_2_1,4_2_2,4_2_3,4_3_0,4_3_1,4_3_10,4_3_11,4_3_2,4_3_3,4_3_4,4_3_5,4_3_6,4_3_7,4_3_8,4_3_9,4_4_0,4_4_1,4_4_2,4_4_3,4_4_4,4_4_5,4_4_6,4_cvs,5_0_0,5_0_1,5_0_2,5_0_3</ver>
<p4>string udm_error(int agent)</p4>
<p4d>Get mnoGoSearch error message </p4d>
<texts><text><lng>de</lng>
<d>Liefert eine mnoGoSearch Fehlermeldung zurück.</d>
</text><text><lng>en</lng>
<d>Get mnoGoSearch error message</d>
</text></texts></PHPModuleRef><PHPModuleRef>
<t>udm_find</t>
<mn>mnogosearch</mn>
<ft>F</ft>
<ver>4_0_5,4_0_6,4_1_0,4_1_1,4_1_2,4_2_0,4_2_1,4_2_2,4_2_3,4_3_0,4_3_1,4_3_10,4_3_11,4_3_2,4_3_3,4_3_4,4_3_5,4_3_6,4_3_7,4_3_8,4_3_9,4_4_0,4_4_1,4_4_2,4_4_3,4_4_4,4_4_5,4_4_6,4_cvs,5_0_0,5_0_1,5_0_2,5_0_3</ver>
<p4>int udm_find(int agent, string query)</p4>
<p4d>Perform search </p4d>
<texts><text><lng>de</lng>
<d>Führe eine Suche durch.</d>
</text><text><lng>en</lng>
<d>Perform search</d>
</text></texts></PHPModuleRef><PHPModuleRef>
<t>udm_free_agent</t>
<mn>mnogosearch</mn>
<ft>F</ft>
<ver>4_0_5,4_0_6,4_1_0,4_1_1,4_1_2,4_2_0,4_2_1,4_2_2,4_2_3,4_3_0,4_3_1,4_3_10,4_3_11,4_3_2,4_3_3,4_3_4,4_3_5,4_3_6,4_3_7,4_3_8,4_3_9,4_4_0,4_4_1,4_4_2,4_4_3,4_4_4,4_4_5,4_4_6,4_cvs,5_0_0,5_0_1,5_0_2,5_0_3</ver>
<p4>int udm_free_agent(int agent)</p4>
<p4d>Free mnoGoSearch session </p4d>
<texts><text><lng>de</lng>
<d>Löscht eine mnoGoSearch Session</d>
</text><text><lng>en</lng>
<d>Free mnoGoSearch session</d>
</text></texts></PHPModuleRef><PHPModuleRef>
<t>udm_free_ispell_data</t>
<mn>mnogosearch</mn>
<ft>F</ft>
<ver>4_0_5,4_0_6,4_1_0,4_1_1,4_1_2,4_2_0,4_2_1,4_2_2,4_2_3,4_3_0,4_3_1,4_3_10,4_3_11,4_3_2,4_3_3,4_3_4,4_3_5,4_3_6,4_3_7,4_3_8,4_3_9,4_4_0,4_4_1,4_4_2,4_4_3,4_4_4,4_4_5,4_4_6,4_cvs,5_0_0,5_0_1,5_0_2,5_0_3</ver>
<p4>int udm_free_ispell_data(int agent)</p4>
<p4d>Free memory allocated for ispell data </p4d>
<texts><text><lng>de</lng>
<d>Gibt den Speicher frei, der für ISpell alloziiert
   wurde.</d>
</text><text><lng>en</lng>
<d>Free memory allocated for ispell data</d>
</text></texts></PHPModuleRef><PHPModuleRef>
<t>udm_free_res</t>
<mn>mnogosearch</mn>
<ft>F</ft>
<ver>4_0_5,4_0_6,4_1_0,4_1_1,4_1_2,4_2_0,4_2_1,4_2_2,4_2_3,4_3_0,4_3_1,4_3_10,4_3_11,4_3_2,4_3_3,4_3_4,4_3_5,4_3_6,4_3_7,4_3_8,4_3_9,4_4_0,4_4_1,4_4_2,4_4_3,4_4_4,4_4_5,4_4_6,4_cvs,5_0_0,5_0_1,5_0_2,5_0_3</ver>
<p4>int udm_free_res(int res)</p4>
<p4d>mnoGoSearch free result </p4d>
<texts><text><lng>de</lng>
<d>Löscht ein mnoGoSearch-Ergebis.</d>
</text><text><lng>en</lng>
<d>Free mnoGoSearch result</d>
</text></texts></PHPModuleRef><PHPModuleRef>
<t>udm_get_agent_param_ex</t>
<mn>mnogosearch</mn>
<ft>F</ft>
<ver>5_0_0,5_0_1,5_0_2,5_0_3</ver>
</PHPModuleRef><PHPModuleRef>
<t>udm_get_doc_count</t>
<mn>mnogosearch</mn>
<ft>F</ft>
<ver>4_0_5,4_0_6,4_1_0,4_1_1,4_1_2,4_2_0,4_2_1,4_2_2,4_2_3,4_3_0,4_3_1,4_3_10,4_3_11,4_3_2,4_3_3,4_3_4,4_3_5,4_3_6,4_3_7,4_3_8,4_3_9,4_4_0,4_4_1,4_4_2,4_4_3,4_4_4,4_4_5,4_4_6,4_cvs,5_0_0,5_0_1,5_0_2,5_0_3</ver>
<p4>int udm_get_doc_count(int agent)</p4>
<p4d>Get total number of documents in database </p4d>
<texts><text><lng>de</lng>
<d>Liefert die Anzahl aller Dokumente in der Datenbankzurück.</d>
</text><text><lng>en</lng>
<d>Get total number of documents in database</d>
</text></texts></PHPModuleRef><PHPModuleRef>
<t>udm_get_res_field</t>
<mn>mnogosearch</mn>
<ft>F</ft>
<ver>4_0_5,4_0_6,4_1_0,4_1_1,4_1_2,4_2_0,4_2_1,4_2_2,4_2_3,4_3_0,4_3_1,4_3_10,4_3_11,4_3_2,4_3_3,4_3_4,4_3_5,4_3_6,4_3_7,4_3_8,4_3_9,4_4_0,4_4_1,4_4_2,4_4_3,4_4_4,4_4_5,4_4_6,4_cvs,5_0_0,5_0_1,5_0_2,5_0_3</ver>
<p4>string udm_get_res_field(int res, int row, int field)</p4>
<p4d>Fetch mnoGoSearch result field </p4d>
<texts><text><lng>de</lng>
<d>Erhalte ein mnoGoSearch Ergebenisfeld</d>
</text><text><lng>en</lng>
<d>Fetch mnoGoSearch result field</d>
</text></texts></PHPModuleRef><PHPModuleRef>
<t>udm_get_res_field_ex</t>
<mn>mnogosearch</mn>
<ft>F</ft>
<ver>4_3_10,4_3_11,4_3_3,4_3_4,4_3_5,4_3_6,4_3_7,4_3_8,4_3_9,4_4_0,4_4_1,4_4_2,4_4_3,4_4_4,4_4_5,4_4_6,4_cvs,5_0_0,5_0_1,5_0_2,5_0_3</ver>
<p4>string udm_get_res_field_ex(int res, int row, string field)</p4>
<p4d>Fetch mnoGoSearch result field </p4d>
</PHPModuleRef><PHPModuleRef>
<t>udm_get_res_param</t>
<mn>mnogosearch</mn>
<ft>F</ft>
<ver>4_0_5,4_0_6,4_1_0,4_1_1,4_1_2,4_2_0,4_2_1,4_2_2,4_2_3,4_3_0,4_3_1,4_3_10,4_3_11,4_3_2,4_3_3,4_3_4,4_3_5,4_3_6,4_3_7,4_3_8,4_3_9,4_4_0,4_4_1,4_4_2,4_4_3,4_4_4,4_4_5,4_4_6,4_cvs,5_0_0,5_0_1,5_0_2,5_0_3</ver>
<p4>string udm_get_res_param(int res, int param)</p4>
<p4d>Get mnoGoSearch result parameters </p4d>
<texts><text><lng>de</lng>
<d>Liefert die mnoGoSearch Ergbnisparameter zurück.</d>
</text><text><lng>en</lng>
<d>Get mnoGoSearch result parameters</d>
</text></texts></PHPModuleRef><PHPModuleRef>
<t>udm_hash32</t>
<mn>mnogosearch</mn>
<ft>F</ft>
<ver>4_3_10,4_3_11,4_3_3,4_3_4,4_3_5,4_3_6,4_3_7,4_3_8,4_3_9,4_4_0,4_4_1,4_4_2,4_4_3,4_4_4,4_4_5,4_4_6,4_cvs,5_0_0,5_0_1,5_0_2,5_0_3</ver>
<p4>int udm_hash32(int agent, string str)</p4>
<p4d>Return Hash32 checksum of gived string </p4d>
<texts><text><lng>en</lng>
<d>Return Hash32 checksum of gived string</d>
</text></texts></PHPModuleRef><PHPModuleRef>
<t>udm_load_ispell_data</t>
<mn>mnogosearch</mn>
<ft>F</ft>
<ver>4_0_5,4_0_6,4_1_0,4_1_1,4_1_2,4_2_0,4_2_1,4_2_2,4_2_3,4_3_0,4_3_1,4_3_10,4_3_11,4_3_2,4_3_3,4_3_4,4_3_5,4_3_6,4_3_7,4_3_8,4_3_9,4_4_0,4_4_1,4_4_2,4_4_3,4_4_4,4_4_5,4_4_6,4_cvs,5_0_0,5_0_1,5_0_2,5_0_3</ver>
<p4>int udm_load_ispell_data(int agent, int var, string val1, [string charset], string val2, int flag)</p4>
<p4d>Load ispell data </p4d>
<texts><text><lng>de</lng>
<d>Lade ISpell-Daten</d>
</text><text><lng>en</lng>
<d>Load ispell data</d>
</text></texts></PHPModuleRef><PHPModuleRef>
<t>udm_make_excerpt</t>
<mn>mnogosearch</mn>
<ft>F</ft>
<ver>4_3_0,4_3_1,4_3_10,4_3_11,4_3_2,4_3_3,4_3_4,4_3_5,4_3_6,4_3_7,4_3_8,4_3_9,4_4_0,4_4_1,4_4_2,4_4_3,4_4_4,4_4_5,4_4_6,4_cvs,5_0_0,5_0_1,5_0_2,5_0_3</ver>
<p4>int udm_make_excerpt(int agent, int res, int row)</p4>
<p4d>Perform search </p4d>
</PHPModuleRef><PHPModuleRef>
<t>udm_open_stored</t>
<mn>mnogosearch</mn>
<ft>F</ft>
<ver>4_2_0,4_2_1,4_2_2,4_2_3,4_3_0,4_3_1,4_3_10,4_3_11,4_3_2,4_3_3,4_3_4,4_3_5,4_3_6,4_3_7,4_3_8,4_3_9,4_4_0,4_4_1,4_4_2,4_4_3,4_4_4,4_4_5,4_4_6,4_cvs</ver>
<p4>int udm_open_stored(int agent, string storedaddr)</p4>
<p4d>Open connection to stored  </p4d>
<texts><text><lng>de</lng>
<d>Open connection to stored</d>
</text><text><lng>en</lng>
<d>Open connection to stored</d>
</text></texts></PHPModuleRef><PHPModuleRef>
<t>udm_parse_query_string</t>
<mn>mnogosearch</mn>
<ft>F</ft>
<ver>4_3_0,4_3_1,4_3_10,4_3_11,4_3_2,4_3_3,4_3_4,4_3_5,4_3_6,4_3_7,4_3_8,4_3_9,4_4_0,4_4_1,4_4_2,4_4_3,4_4_4,4_4_5,4_4_6,4_cvs,5_0_0,5_0_1,5_0_2,5_0_3</ver>
<p4>int udm_parse_query_string(int agent, string str)</p4>
<p4d>Parses query string, initialises variables and search limits taken from it </p4d>
</PHPModuleRef><PHPModuleRef>
<t>udm_set_agent_param</t>
<mn>mnogosearch</mn>
<ft>F</ft>
<ver>4_0_5,4_0_6,4_1_0,4_1_1,4_1_2,4_2_0,4_2_1,4_2_2,4_2_3,4_3_0,4_3_1,4_3_10,4_3_11,4_3_2,4_3_3,4_3_4,4_3_5,4_3_6,4_3_7,4_3_8,4_3_9,4_4_0,4_4_1,4_4_2,4_4_3,4_4_4,4_4_5,4_4_6,4_cvs,5_0_0,5_0_1,5_0_2,5_0_3</ver>
<p4>int udm_set_agent_param(int agent, int var, string val)</p4>
<p4d>Set mnoGoSearch agent session parameters </p4d>
<texts><text><lng>de</lng>
<d>Setzt die Parameter der aktuellen mnoGoSearch Session</d>
</text><text><lng>en</lng>
<d>Set mnoGoSearch agent session parameters</d>
</text></texts></PHPModuleRef><PHPModuleRef>
<t>udm_set_agent_param_ex</t>
<mn>mnogosearch</mn>
<ft>F</ft>
<ver>4_3_10,4_3_11,4_3_3,4_3_4,4_3_5,4_3_6,4_3_7,4_3_8,4_3_9,4_4_0,4_4_1,4_4_2,4_4_3,4_4_4,4_4_5,4_4_6,4_cvs,5_0_0,5_0_1,5_0_2,5_0_3</ver>
<p4>int udm_set_agent_param_ex(int agent, string var, string val)</p4>
<p4d>Set mnoGoSearch agent session parameters extended </p4d>
</PHPModuleRef><PHPModuleRef>
<t>udm_store_doc_cgi</t>
<mn>mnogosearch</mn>
<ft>F</ft>
<ver>5_0_0,5_0_1,5_0_2,5_0_3</ver>
</PHPModuleRef><PHPModuleRef>
<t>UDM_CACHE_DISABLED</t>
<mn>mnogosearch</mn>
<ft>C</ft>
<p4>integer UDM_CACHE_DISABLED</p4>
<p5>integer UDM_CACHE_DISABLED</p5>
</PHPModuleRef><PHPModuleRef>
<t>UDM_CACHE_ENABLED</t>
<mn>mnogosearch</mn>
<ft>C</ft>
<p4>integer UDM_CACHE_ENABLED</p4>
<p5>integer UDM_CACHE_ENABLED</p5>
</PHPModuleRef><PHPModuleRef>
<t>UDM_CROSSWORDS_DISABLED</t>
<mn>mnogosearch</mn>
<ft>C</ft>
<p4>integer UDM_CROSSWORDS_DISABLED</p4>
<p5>integer UDM_CROSSWORDS_DISABLED</p5>
</PHPModuleRef><PHPModuleRef>
<t>UDM_CROSSWORDS_ENABLED</t>
<mn>mnogosearch</mn>
<ft>C</ft>
<p4>integer UDM_CROSSWORDS_ENABLED</p4>
<p5>integer UDM_CROSSWORDS_ENABLED</p5>
</PHPModuleRef><PHPModuleRef>
<t>UDM_CROSS_WORDS_DISABLED</t>
<mn>mnogosearch</mn>
<ft>C</ft>
<p4>integer UDM_CROSS_WORDS_DISABLED</p4>
<p5>integer UDM_CROSS_WORDS_DISABLED</p5>
</PHPModuleRef><PHPModuleRef>
<t>UDM_CROSS_WORDS_ENABLED</t>
<mn>mnogosearch</mn>
<ft>C</ft>
<p4>integer UDM_CROSS_WORDS_ENABLED</p4>
<p5>integer UDM_CROSS_WORDS_ENABLED</p5>
</PHPModuleRef><PHPModuleRef>
<t>UDM_FIELD_CATEGORY</t>
<mn>mnogosearch</mn>
<ft>C</ft>
<p4>integer UDM_FIELD_CATEGORY</p4>
<p5>integer UDM_FIELD_CATEGORY</p5>
</PHPModuleRef><PHPModuleRef>
<t>UDM_FIELD_CHARSET</t>
<mn>mnogosearch</mn>
<ft>C</ft>
<p4>integer UDM_FIELD_CHARSET</p4>
<p5>integer UDM_FIELD_CHARSET</p5>
</PHPModuleRef><PHPModuleRef>
<t>UDM_FIELD_CONTENT</t>
<mn>mnogosearch</mn>
<ft>C</ft>
<p4>integer UDM_FIELD_CONTENT</p4>
<p5>integer UDM_FIELD_CONTENT</p5>
</PHPModuleRef><PHPModuleRef>
<t>UDM_FIELD_CRC</t>
<mn>mnogosearch</mn>
<ft>C</ft>
<p4>integer UDM_FIELD_CRC</p4>
<p5>integer UDM_FIELD_CRC</p5>
</PHPModuleRef><PHPModuleRef>
<t>UDM_FIELD_DESC</t>
<mn>mnogosearch</mn>
<ft>C</ft>
<p4>integer UDM_FIELD_DESC</p4>
<p5>integer UDM_FIELD_DESC</p5>
</PHPModuleRef><PHPModuleRef>
<t>UDM_FIELD_DESCRIPTION</t>
<mn>mnogosearch</mn>
<ft>C</ft>
<p4>integer UDM_FIELD_DESCRIPTION</p4>
<p5>integer UDM_FIELD_DESCRIPTION</p5>
</PHPModuleRef><PHPModuleRef>
<t>UDM_FIELD_KEYWORDS</t>
<mn>mnogosearch</mn>
<ft>C</ft>
<p4>integer UDM_FIELD_KEYWORDS</p4>
<p5>integer UDM_FIELD_KEYWORDS</p5>
</PHPModuleRef><PHPModuleRef>
<t>UDM_FIELD_LANG</t>
<mn>mnogosearch</mn>
<ft>C</ft>
<p4>integer UDM_FIELD_LANG</p4>
<p5>integer UDM_FIELD_LANG</p5>
</PHPModuleRef><PHPModuleRef>
<t>UDM_FIELD_MODIFIED</t>
<mn>mnogosearch</mn>
<ft>C</ft>
<p4>integer UDM_FIELD_MODIFIED</p4>
<p5>integer UDM_FIELD_MODIFIED</p5>
</PHPModuleRef><PHPModuleRef>
<t>UDM_FIELD_ORDER</t>
<mn>mnogosearch</mn>
<ft>C</ft>
<p4>integer UDM_FIELD_ORDER</p4>
<p5>integer UDM_FIELD_ORDER</p5>
</PHPModuleRef><PHPModuleRef>
<t>UDM_FIELD_RATING</t>
<mn>mnogosearch</mn>
<ft>C</ft>
<p4>integer UDM_FIELD_RATING</p4>
<p5>integer UDM_FIELD_RATING</p5>
</PHPModuleRef><PHPModuleRef>
<t>UDM_FIELD_SCORE</t>
<mn>mnogosearch</mn>
<ft>C</ft>
<p4>integer UDM_FIELD_SCORE</p4>
<p5>integer UDM_FIELD_SCORE</p5>
</PHPModuleRef><PHPModuleRef>
<t>UDM_FIELD_SIZE</t>
<mn>mnogosearch</mn>
<ft>C</ft>
<p4>integer UDM_FIELD_SIZE</p4>
<p5>integer UDM_FIELD_SIZE</p5>
</PHPModuleRef><PHPModuleRef>
<t>UDM_FIELD_TEXT</t>
<mn>mnogosearch</mn>
<ft>C</ft>
<p4>integer UDM_FIELD_TEXT</p4>
<p5>integer UDM_FIELD_TEXT</p5>
</PHPModuleRef><PHPModuleRef>
<t>UDM_FIELD_TITLE</t>
<mn>mnogosearch</mn>
<ft>C</ft>
<p4>integer UDM_FIELD_TITLE</p4>
<p5>integer UDM_FIELD_TITLE</p5>
</PHPModuleRef><PHPModuleRef>
<t>UDM_FIELD_URL</t>
<mn>mnogosearch</mn>
<ft>C</ft>
<p4>integer UDM_FIELD_URL</p4>
<p5>integer UDM_FIELD_URL</p5>
</PHPModuleRef><PHPModuleRef>
<t>UDM_FIELD_URLID</t>
<mn>mnogosearch</mn>
<ft>C</ft>
<p4>integer UDM_FIELD_URLID</p4>
<p5>integer UDM_FIELD_URLID</p5>
</PHPModuleRef><PHPModuleRef>
<t>UDM_ISPELL_PREFIXES_DISABLED</t>
<mn>mnogosearch</mn>
<ft>C</ft>
<p4>integer UDM_ISPELL_PREFIXES_DISABLED</p4>
<p5>integer UDM_ISPELL_PREFIXES_DISABLED</p5>
</PHPModuleRef><PHPModuleRef>
<t>UDM_ISPELL_PREFIXES_ENABLED</t>
<mn>mnogosearch</mn>
<ft>C</ft>
<p4>integer UDM_ISPELL_PREFIXES_ENABLED</p4>
<p5>integer UDM_ISPELL_PREFIXES_ENABLED</p5>
</PHPModuleRef><PHPModuleRef>
<t>UDM_ISPELL_PREFIX_DISABLED</t>
<mn>mnogosearch</mn>
<ft>C</ft>
<p4>integer UDM_ISPELL_PREFIX_DISABLED</p4>
<p5>integer UDM_ISPELL_PREFIX_DISABLED</p5>
</PHPModuleRef><PHPModuleRef>
<t>UDM_ISPELL_PREFIX_ENABLED</t>
<mn>mnogosearch</mn>
<ft>C</ft>
<p4>integer UDM_ISPELL_PREFIX_ENABLED</p4>
<p5>integer UDM_ISPELL_PREFIX_ENABLED</p5>
</PHPModuleRef><PHPModuleRef>
<t>UDM_ISPELL_TYPE_AFFIX</t>
<mn>mnogosearch</mn>
<ft>C</ft>
<p4>integer UDM_ISPELL_TYPE_AFFIX</p4>
<p5>integer UDM_ISPELL_TYPE_AFFIX</p5>
</PHPModuleRef><PHPModuleRef>
<t>UDM_ISPELL_TYPE_DB</t>
<mn>mnogosearch</mn>
<ft>C</ft>
<p4>integer UDM_ISPELL_TYPE_DB</p4>
<p5>integer UDM_ISPELL_TYPE_DB</p5>
</PHPModuleRef><PHPModuleRef>
<t>UDM_ISPELL_TYPE_SERVER</t>
<mn>mnogosearch</mn>
<ft>C</ft>
<p4>integer UDM_ISPELL_TYPE_SERVER</p4>
<p5>integer UDM_ISPELL_TYPE_SERVER</p5>
</PHPModuleRef><PHPModuleRef>
<t>UDM_ISPELL_TYPE_SPELL</t>
<mn>mnogosearch</mn>
<ft>C</ft>
<p4>integer UDM_ISPELL_TYPE_SPELL</p4>
<p5>integer UDM_ISPELL_TYPE_SPELL</p5>
</PHPModuleRef><PHPModuleRef>
<t>UDM_LIMIT_CAT</t>
<mn>mnogosearch</mn>
<ft>C</ft>
<p4>integer UDM_LIMIT_CAT</p4>
<p5>integer UDM_LIMIT_CAT</p5>
</PHPModuleRef><PHPModuleRef>
<t>UDM_LIMIT_DATE</t>
<mn>mnogosearch</mn>
<ft>C</ft>
<p4>integer UDM_LIMIT_DATE</p4>
<p5>integer UDM_LIMIT_DATE</p5>
</PHPModuleRef><PHPModuleRef>
<t>UDM_LIMIT_LANG</t>
<mn>mnogosearch</mn>
<ft>C</ft>
<p4>integer UDM_LIMIT_LANG</p4>
<p5>integer UDM_LIMIT_LANG</p5>
</PHPModuleRef><PHPModuleRef>
<t>UDM_LIMIT_TAG</t>
<mn>mnogosearch</mn>
<ft>C</ft>
<p4>integer UDM_LIMIT_TAG</p4>
<p5>integer UDM_LIMIT_TAG</p5>
</PHPModuleRef><PHPModuleRef>
<t>UDM_LIMIT_URL</t>
<mn>mnogosearch</mn>
<ft>C</ft>
<p4>integer UDM_LIMIT_URL</p4>
<p5>integer UDM_LIMIT_URL</p5>
</PHPModuleRef><PHPModuleRef>
<t>UDM_MATCH_BEGIN</t>
<mn>mnogosearch</mn>
<ft>C</ft>
<p4>integer UDM_MATCH_BEGIN</p4>
<p5>integer UDM_MATCH_BEGIN</p5>
</PHPModuleRef><PHPModuleRef>
<t>UDM_MATCH_END</t>
<mn>mnogosearch</mn>
<ft>C</ft>
<p4>integer UDM_MATCH_END</p4>
<p5>integer UDM_MATCH_END</p5>
</PHPModuleRef><PHPModuleRef>
<t>UDM_MATCH_SUBSTR</t>
<mn>mnogosearch</mn>
<ft>C</ft>
<p4>integer UDM_MATCH_SUBSTR</p4>
<p5>integer UDM_MATCH_SUBSTR</p5>
</PHPModuleRef><PHPModuleRef>
<t>UDM_MATCH_WORD</t>
<mn>mnogosearch</mn>
<ft>C</ft>
<p4>integer UDM_MATCH_WORD</p4>
<p5>integer UDM_MATCH_WORD</p5>
</PHPModuleRef><PHPModuleRef>
<t>UDM_MODE_ALL</t>
<mn>mnogosearch</mn>
<ft>C</ft>
<p4>integer UDM_MODE_ALL</p4>
<p5>integer UDM_MODE_ALL</p5>
</PHPModuleRef><PHPModuleRef>
<t>UDM_MODE_ANY</t>
<mn>mnogosearch</mn>
<ft>C</ft>
<p4>integer UDM_MODE_ANY</p4>
<p5>integer UDM_MODE_ANY</p5>
</PHPModuleRef><PHPModuleRef>
<t>UDM_MODE_BOOL</t>
<mn>mnogosearch</mn>
<ft>C</ft>
<p4>integer UDM_MODE_BOOL</p4>
<p5>integer UDM_MODE_BOOL</p5>
</PHPModuleRef><PHPModuleRef>
<t>UDM_MODE_PHRASE</t>
<mn>mnogosearch</mn>
<ft>C</ft>
<p4>integer UDM_MODE_PHRASE</p4>
<p5>integer UDM_MODE_PHRASE</p5>
</PHPModuleRef><PHPModuleRef>
<t>UDM_PARAM_BROWSER_CHARSET</t>
<mn>mnogosearch</mn>
<ft>C</ft>
<p4>integer UDM_PARAM_BROWSER_CHARSET</p4>
<p5>integer UDM_PARAM_BROWSER_CHARSET</p5>
</PHPModuleRef><PHPModuleRef>
<t>UDM_PARAM_CACHE_MODE</t>
<mn>mnogosearch</mn>
<ft>C</ft>
<p4>integer UDM_PARAM_CACHE_MODE</p4>
<p5>integer UDM_PARAM_CACHE_MODE</p5>
</PHPModuleRef><PHPModuleRef>
<t>UDM_PARAM_CHARSET</t>
<mn>mnogosearch</mn>
<ft>C</ft>
<p4>integer UDM_PARAM_CHARSET</p4>
<p5>integer UDM_PARAM_CHARSET</p5>
</PHPModuleRef><PHPModuleRef>
<t>UDM_PARAM_CROSSWORDS</t>
<mn>mnogosearch</mn>
<ft>C</ft>
<p4>integer UDM_PARAM_CROSSWORDS</p4>
<p5>integer UDM_PARAM_CROSSWORDS</p5>
</PHPModuleRef><PHPModuleRef>
<t>UDM_PARAM_CROSS_WORDS</t>
<mn>mnogosearch</mn>
<ft>C</ft>
<p4>integer UDM_PARAM_CROSS_WORDS</p4>
<p5>integer UDM_PARAM_CROSS_WORDS</p5>
</PHPModuleRef><PHPModuleRef>
<t>UDM_PARAM_DATADIR</t>
<mn>mnogosearch</mn>
<ft>C</ft>
<p4>integer UDM_PARAM_DATADIR</p4>
<p5>integer UDM_PARAM_DATADIR</p5>
</PHPModuleRef><PHPModuleRef>
<t>UDM_PARAM_FIRST_DOC</t>
<mn>mnogosearch</mn>
<ft>C</ft>
<p4>integer UDM_PARAM_FIRST_DOC</p4>
<p5>integer UDM_PARAM_FIRST_DOC</p5>
</PHPModuleRef><PHPModuleRef>
<t>UDM_PARAM_FOUND</t>
<mn>mnogosearch</mn>
<ft>C</ft>
<p4>integer UDM_PARAM_FOUND</p4>
<p5>integer UDM_PARAM_FOUND</p5>
</PHPModuleRef><PHPModuleRef>
<t>UDM_PARAM_HLBEG</t>
<mn>mnogosearch</mn>
<ft>C</ft>
<p4>integer UDM_PARAM_HLBEG</p4>
<p5>integer UDM_PARAM_HLBEG</p5>
</PHPModuleRef><PHPModuleRef>
<t>UDM_PARAM_HLEND</t>
<mn>mnogosearch</mn>
<ft>C</ft>
<p4>integer UDM_PARAM_HLEND</p4>
<p5>integer UDM_PARAM_HLEND</p5>
</PHPModuleRef><PHPModuleRef>
<t>UDM_PARAM_ISPELL_PREFIX</t>
<mn>mnogosearch</mn>
<ft>C</ft>
<p4>integer UDM_PARAM_ISPELL_PREFIX</p4>
<p5>integer UDM_PARAM_ISPELL_PREFIX</p5>
</PHPModuleRef><PHPModuleRef>
<t>UDM_PARAM_ISPELL_PREFIXES</t>
<mn>mnogosearch</mn>
<ft>C</ft>
<p4>integer UDM_PARAM_ISPELL_PREFIXES</p4>
<p5>integer UDM_PARAM_ISPELL_PREFIXES</p5>
</PHPModuleRef><PHPModuleRef>
<t>UDM_PARAM_LAST_DOC</t>
<mn>mnogosearch</mn>
<ft>C</ft>
<p4>integer UDM_PARAM_LAST_DOC</p4>
<p5>integer UDM_PARAM_LAST_DOC</p5>
</PHPModuleRef><PHPModuleRef>
<t>UDM_PARAM_LOCAL_CHARSET</t>
<mn>mnogosearch</mn>
<ft>C</ft>
<p4>integer UDM_PARAM_LOCAL_CHARSET</p4>
<p5>integer UDM_PARAM_LOCAL_CHARSET</p5>
</PHPModuleRef><PHPModuleRef>
<t>UDM_PARAM_MAX_WORDLEN</t>
<mn>mnogosearch</mn>
<ft>C</ft>
<p4>integer UDM_PARAM_MAX_WORDLEN</p4>
<p5>integer UDM_PARAM_MAX_WORDLEN</p5>
</PHPModuleRef><PHPModuleRef>
<t>UDM_PARAM_MAX_WORD_LEN</t>
<mn>mnogosearch</mn>
<ft>C</ft>
<p4>integer UDM_PARAM_MAX_WORD_LEN</p4>
<p5>integer UDM_PARAM_MAX_WORD_LEN</p5>
</PHPModuleRef><PHPModuleRef>
<t>UDM_PARAM_MIN_WORDLEN</t>
<mn>mnogosearch</mn>
<ft>C</ft>
<p4>integer UDM_PARAM_MIN_WORDLEN</p4>
<p5>integer UDM_PARAM_MIN_WORDLEN</p5>
</PHPModuleRef><PHPModuleRef>
<t>UDM_PARAM_MIN_WORD_LEN</t>
<mn>mnogosearch</mn>
<ft>C</ft>
<p4>integer UDM_PARAM_MIN_WORD_LEN</p4>
<p5>integer UDM_PARAM_MIN_WORD_LEN</p5>
</PHPModuleRef><PHPModuleRef>
<t>UDM_PARAM_NUM_ROWS</t>
<mn>mnogosearch</mn>
<ft>C</ft>
<p4>integer UDM_PARAM_NUM_ROWS</p4>
<p5>integer UDM_PARAM_NUM_ROWS</p5>
</PHPModuleRef><PHPModuleRef>
<t>UDM_PARAM_PAGE_NUM</t>
<mn>mnogosearch</mn>
<ft>C</ft>
<p4>integer UDM_PARAM_PAGE_NUM</p4>
<p5>integer UDM_PARAM_PAGE_NUM</p5>
</PHPModuleRef><PHPModuleRef>
<t>UDM_PARAM_PAGE_SIZE</t>
<mn>mnogosearch</mn>
<ft>C</ft>
<p4>integer UDM_PARAM_PAGE_SIZE</p4>
<p5>integer UDM_PARAM_PAGE_SIZE</p5>
</PHPModuleRef><PHPModuleRef>
<t>UDM_PARAM_PHRASE_MODE</t>
<mn>mnogosearch</mn>
<ft>C</ft>
<p4>integer UDM_PARAM_PHRASE_MODE</p4>
<p5>integer UDM_PARAM_PHRASE_MODE</p5>
</PHPModuleRef><PHPModuleRef>
<t>UDM_PARAM_PREFIX</t>
<mn>mnogosearch</mn>
<ft>C</ft>
<p4>integer UDM_PARAM_PREFIX</p4>
<p5>integer UDM_PARAM_PREFIX</p5>
</PHPModuleRef><PHPModuleRef>
<t>UDM_PARAM_PREFIXES</t>
<mn>mnogosearch</mn>
<ft>C</ft>
<p4>integer UDM_PARAM_PREFIXES</p4>
<p5>integer UDM_PARAM_PREFIXES</p5>
</PHPModuleRef><PHPModuleRef>
<t>UDM_PARAM_QSTRING</t>
<mn>mnogosearch</mn>
<ft>C</ft>
<p4>integer UDM_PARAM_QSTRING</p4>
<p5>integer UDM_PARAM_QSTRING</p5>
</PHPModuleRef><PHPModuleRef>
<t>UDM_PARAM_REMOTE_ADDR</t>
<mn>mnogosearch</mn>
<ft>C</ft>
<p4>integer UDM_PARAM_REMOTE_ADDR</p4>
<p5>integer UDM_PARAM_REMOTE_ADDR</p5>
</PHPModuleRef><PHPModuleRef>
<t>UDM_PARAM_SEARCHD</t>
<mn>mnogosearch</mn>
<ft>C</ft>
<p4>integer UDM_PARAM_SEARCHD</p4>
<p5>integer UDM_PARAM_SEARCHD</p5>
</PHPModuleRef><PHPModuleRef>
<t>UDM_PARAM_SEARCHTIME</t>
<mn>mnogosearch</mn>
<ft>C</ft>
<p4>integer UDM_PARAM_SEARCHTIME</p4>
<p5>integer UDM_PARAM_SEARCHTIME</p5>
</PHPModuleRef><PHPModuleRef>
<t>UDM_PARAM_SEARCH_MODE</t>
<mn>mnogosearch</mn>
<ft>C</ft>
<p4>integer UDM_PARAM_SEARCH_MODE</p4>
<p5>integer UDM_PARAM_SEARCH_MODE</p5>
</PHPModuleRef><PHPModuleRef>
<t>UDM_PARAM_SEARCH_TIME</t>
<mn>mnogosearch</mn>
<ft>C</ft>
<p4>integer UDM_PARAM_SEARCH_TIME</p4>
<p5>integer UDM_PARAM_SEARCH_TIME</p5>
</PHPModuleRef><PHPModuleRef>
<t>UDM_PARAM_STOPFILE</t>
<mn>mnogosearch</mn>
<ft>C</ft>
<p4>integer UDM_PARAM_STOPFILE</p4>
<p5>integer UDM_PARAM_STOPFILE</p5>
</PHPModuleRef><PHPModuleRef>
<t>UDM_PARAM_STOPTABLE</t>
<mn>mnogosearch</mn>
<ft>C</ft>
<p4>integer UDM_PARAM_STOPTABLE</p4>
<p5>integer UDM_PARAM_STOPTABLE</p5>
</PHPModuleRef><PHPModuleRef>
<t>UDM_PARAM_STOP_FILE</t>
<mn>mnogosearch</mn>
<ft>C</ft>
<p4>integer UDM_PARAM_STOP_FILE</p4>
<p5>integer UDM_PARAM_STOP_FILE</p5>
</PHPModuleRef><PHPModuleRef>
<t>UDM_PARAM_STOP_TABLE</t>
<mn>mnogosearch</mn>
<ft>C</ft>
<p4>integer UDM_PARAM_STOP_TABLE</p4>
<p5>integer UDM_PARAM_STOP_TABLE</p5>
</PHPModuleRef><PHPModuleRef>
<t>UDM_PARAM_SYNONYM</t>
<mn>mnogosearch</mn>
<ft>C</ft>
<p4>integer UDM_PARAM_SYNONYM</p4>
<p5>integer UDM_PARAM_SYNONYM</p5>
</PHPModuleRef><PHPModuleRef>
<t>UDM_PARAM_TRACK_MODE</t>
<mn>mnogosearch</mn>
<ft>C</ft>
<p4>integer UDM_PARAM_TRACK_MODE</p4>
<p5>integer UDM_PARAM_TRACK_MODE</p5>
</PHPModuleRef><PHPModuleRef>
<t>UDM_PARAM_VARDIR</t>
<mn>mnogosearch</mn>
<ft>C</ft>
<p4>integer UDM_PARAM_VARDIR</p4>
<p5>integer UDM_PARAM_VARDIR</p5>
</PHPModuleRef><PHPModuleRef>
<t>UDM_PARAM_WEIGHT_FACTOR</t>
<mn>mnogosearch</mn>
<ft>C</ft>
<p4>integer UDM_PARAM_WEIGHT_FACTOR</p4>
<p5>integer UDM_PARAM_WEIGHT_FACTOR</p5>
</PHPModuleRef><PHPModuleRef>
<t>UDM_PARAM_WORDINFO</t>
<mn>mnogosearch</mn>
<ft>C</ft>
<p4>integer UDM_PARAM_WORDINFO</p4>
<p5>integer UDM_PARAM_WORDINFO</p5>
</PHPModuleRef><PHPModuleRef>
<t>UDM_PARAM_WORD_INFO</t>
<mn>mnogosearch</mn>
<ft>C</ft>
<p4>integer UDM_PARAM_WORD_INFO</p4>
<p5>integer UDM_PARAM_WORD_INFO</p5>
</PHPModuleRef><PHPModuleRef>
<t>UDM_PARAM_WORD_MATCH</t>
<mn>mnogosearch</mn>
<ft>C</ft>
<p4>integer UDM_PARAM_WORD_MATCH</p4>
<p5>integer UDM_PARAM_WORD_MATCH</p5>
</PHPModuleRef><PHPModuleRef>
<t>UDM_PHRASE_DISABLED</t>
<mn>mnogosearch</mn>
<ft>C</ft>
<p4>integer UDM_PHRASE_DISABLED</p4>
<p5>integer UDM_PHRASE_DISABLED</p5>
</PHPModuleRef><PHPModuleRef>
<t>UDM_PHRASE_ENABLED</t>
<mn>mnogosearch</mn>
<ft>C</ft>
<p4>integer UDM_PHRASE_ENABLED</p4>
<p5>integer UDM_PHRASE_ENABLED</p5>
</PHPModuleRef><PHPModuleRef>
<t>UDM_PREFIXES_DISABLED</t>
<mn>mnogosearch</mn>
<ft>C</ft>
<p4>integer UDM_PREFIXES_DISABLED</p4>
<p5>integer UDM_PREFIXES_DISABLED</p5>
</PHPModuleRef><PHPModuleRef>
<t>UDM_PREFIXES_ENABLED</t>
<mn>mnogosearch</mn>
<ft>C</ft>
<p4>integer UDM_PREFIXES_ENABLED</p4>
<p5>integer UDM_PREFIXES_ENABLED</p5>
</PHPModuleRef><PHPModuleRef>
<t>UDM_PREFIX_DISABLED</t>
<mn>mnogosearch</mn>
<ft>C</ft>
<p4>integer UDM_PREFIX_DISABLED</p4>
<p5>integer UDM_PREFIX_DISABLED</p5>
</PHPModuleRef><PHPModuleRef>
<t>UDM_PREFIX_ENABLED</t>
<mn>mnogosearch</mn>
<ft>C</ft>
<p4>integer UDM_PREFIX_ENABLED</p4>
<p5>integer UDM_PREFIX_ENABLED</p5>
</PHPModuleRef><PHPModuleRef>
<t>UDM_TRACK_DISABLED</t>
<mn>mnogosearch</mn>
<ft>C</ft>
<p4>integer UDM_TRACK_DISABLED</p4>
<p5>integer UDM_TRACK_DISABLED</p5>
</PHPModuleRef><PHPModuleRef>
<t>UDM_TRACK_ENABLED</t>
<mn>mnogosearch</mn>
<ft>C</ft>
<p4>integer UDM_TRACK_ENABLED</p4>
<p5>integer UDM_TRACK_ENABLED</p5>
</PHPModuleRef></PHPModuleRef-List>
