<?xml version="1.0" encoding="utf-8"?>
<PHPModuleRef-List>
<PHPModuleRef>
<t>msession_call</t>
<mn>msession</mn>
<ft>F</ft>
<ver>4_2_0,4_2_1,4_2_2,4_2_3,4_3_0,4_3_1,4_3_10,4_3_11,4_3_2,4_3_3,4_3_4,4_3_5,4_3_6,4_3_7,4_3_8,4_3_9,4_4_0,4_4_1,4_4_2,4_4_3,4_4_4,4_4_5,4_4_6,4_cvs,5_0_0,5_0_1,5_0_2,5_0_3,5_1_0,5_1_1,5_1_2</ver>
<p4>string msession_call(string fn_name, [, string param1 ], ... [,string param4])</p4>
<p4d>Call the plugin function named fn_name </p4d>
</PHPModuleRef><PHPModuleRef>
<t>msession_connect</t>
<mn>msession</mn>
<ft>F</ft>
<ver>4_2_0,4_2_1,4_2_2,4_2_3,4_3_0,4_3_1,4_3_10,4_3_11,4_3_2,4_3_3,4_3_4,4_3_5,4_3_6,4_3_7,4_3_8,4_3_9,4_4_0,4_4_1,4_4_2,4_4_3,4_4_4,4_4_5,4_4_6,4_cvs,5_0_0,5_0_1,5_0_2,5_0_3,5_1_0,5_1_1,5_1_2</ver>
<p4>bool msession_connect(string host, string port)</p4>
<p4d>Connect to msession sever </p4d>
<texts><text><lng>de</lng>
<d>Baut eine Verbindung zum msession-Server auf</d>
</text><text><lng>en</lng>
<d>Connect to msession server</d>
</text></texts></PHPModuleRef><PHPModuleRef>
<t>msession_count</t>
<mn>msession</mn>
<ft>F</ft>
<ver>4_2_0,4_2_1,4_2_2,4_2_3,4_3_0,4_3_1,4_3_10,4_3_11,4_3_2,4_3_3,4_3_4,4_3_5,4_3_6,4_3_7,4_3_8,4_3_9,4_4_0,4_4_1,4_4_2,4_4_3,4_4_4,4_4_5,4_4_6,4_cvs,5_0_0,5_0_1,5_0_2,5_0_3,5_1_0,5_1_1,5_1_2</ver>
<p4>int msession_count(void)</p4>
<p4d>Get session count </p4d>
<texts><text><lng>de</lng>
<d>Get session count</d>
</text><text><lng>en</lng>
<d>Get session count</d>
</text></texts></PHPModuleRef><PHPModuleRef>
<t>msession_create</t>
<mn>msession</mn>
<ft>F</ft>
<ver>4_2_0,4_2_1,4_2_2,4_2_3,4_3_0,4_3_1,4_3_10,4_3_11,4_3_2,4_3_3,4_3_4,4_3_5,4_3_6,4_3_7,4_3_8,4_3_9,4_4_0,4_4_1,4_4_2,4_4_3,4_4_4,4_4_5,4_4_6,4_cvs,5_0_0,5_0_1,5_0_2,5_0_3,5_1_0,5_1_1,5_1_2</ver>
<p4>bool msession_create(string session)</p4>
<p4d>Create a session </p4d>
<texts><text><lng>de</lng>
<d>Erstellt eine Session</d>
</text><text><lng>en</lng>
<d>Create a session</d>
</text></texts></PHPModuleRef><PHPModuleRef>
<t>msession_ctl</t>
<mn>msession</mn>
<ft>F</ft>
<ver>4_3_0,4_3_1,4_3_10,4_3_11,4_3_2,4_3_3,4_3_4,4_3_5,4_3_6,4_3_7,4_3_8,4_3_9,4_4_0,4_4_1,4_4_2,4_4_3,4_4_4,4_4_5,4_4_6,4_cvs,5_0_0,5_0_1,5_0_2,5_0_3,5_1_0,5_1_1,5_1_2</ver>
</PHPModuleRef><PHPModuleRef>
<t>msession_destroy</t>
<mn>msession</mn>
<ft>F</ft>
<ver>4_2_0,4_2_1,4_2_2,4_2_3,4_3_0,4_3_1,4_3_10,4_3_11,4_3_2,4_3_3,4_3_4,4_3_5,4_3_6,4_3_7,4_3_8,4_3_9,4_4_0,4_4_1,4_4_2,4_4_3,4_4_4,4_4_5,4_4_6,4_cvs,5_0_0,5_0_1,5_0_2,5_0_3,5_1_0,5_1_1,5_1_2</ver>
<p4>bool msession_destroy(string name)</p4>
<p4d>Destroy a session </p4d>
<texts><text><lng>de</lng>
<d>Zerstört eine Session</d>
</text><text><lng>en</lng>
<d>Destroy a session</d>
</text></texts></PHPModuleRef><PHPModuleRef>
<t>msession_disconnect</t>
<mn>msession</mn>
<ft>F</ft>
<ver>4_2_0,4_2_1,4_2_2,4_2_3,4_3_0,4_3_1,4_3_10,4_3_11,4_3_2,4_3_3,4_3_4,4_3_5,4_3_6,4_3_7,4_3_8,4_3_9,4_4_0,4_4_1,4_4_2,4_4_3,4_4_4,4_4_5,4_4_6,4_cvs,5_0_0,5_0_1,5_0_2,5_0_3,5_1_0,5_1_1,5_1_2</ver>
<p4>void msession_disconnect(void)</p4>
<p4d>Disconnect from msession server </p4d>
<texts><text><lng>de</lng>
<d>Schließt eine Verbindung zum msession-Server</d>
</text><text><lng>en</lng>
<d>Close connection to msession server</d>
</text></texts></PHPModuleRef><PHPModuleRef>
<t>msession_exec</t>
<mn>msession</mn>
<ft>F</ft>
<ver>5_0_0,5_0_1,5_0_2,5_0_3,5_1_0,5_1_1,5_1_2</ver>
</PHPModuleRef><PHPModuleRef>
<t>msession_find</t>
<mn>msession</mn>
<ft>F</ft>
<ver>4_2_0,4_2_1,4_2_2,4_2_3,4_3_0,4_3_1,4_3_10,4_3_11,4_3_2,4_3_3,4_3_4,4_3_5,4_3_6,4_3_7,4_3_8,4_3_9,4_4_0,4_4_1,4_4_2,4_4_3,4_4_4,4_4_5,4_4_6,4_cvs,5_0_0,5_0_1,5_0_2,5_0_3,5_1_0,5_1_1,5_1_2</ver>
<p4>array msession_find(string name, string value)</p4>
<p4d>Find all sessions with name and value </p4d>
<texts><text><lng>de</lng>
<d>Sucht nach Sessions mit Name und Wert</d>
</text><text><lng>en</lng>
<d>Find all sessions with name and value</d>
</text></texts></PHPModuleRef><PHPModuleRef>
<t>msession_get</t>
<mn>msession</mn>
<ft>F</ft>
<ver>4_2_0,4_2_1,4_2_2,4_2_3,4_3_0,4_3_1,4_3_10,4_3_11,4_3_2,4_3_3,4_3_4,4_3_5,4_3_6,4_3_7,4_3_8,4_3_9,4_4_0,4_4_1,4_4_2,4_4_3,4_4_4,4_4_5,4_4_6,4_cvs,5_0_0,5_0_1,5_0_2,5_0_3,5_1_0,5_1_1,5_1_2</ver>
<p4>string msession_get(string session, string name, string default_value)</p4>
<p4d>Get value from session </p4d>
<texts><text><lng>de</lng>
<d>Gibt einen Wert aus der Session zurück</d>
</text><text><lng>en</lng>
<d>Get value from session</d>
</text></texts></PHPModuleRef><PHPModuleRef>
<t>msession_get_array</t>
<mn>msession</mn>
<ft>F</ft>
<ver>4_2_0,4_2_1,4_2_2,4_2_3,4_3_0,4_3_1,4_3_10,4_3_11,4_3_2,4_3_3,4_3_4,4_3_5,4_3_6,4_3_7,4_3_8,4_3_9,4_4_0,4_4_1,4_4_2,4_4_3,4_4_4,4_4_5,4_4_6,4_cvs,5_0_0,5_0_1,5_0_2,5_0_3,5_1_0,5_1_1,5_1_2</ver>
<p4>array msession_get_array(string session)</p4>
<p4d>Get array of msession variables  </p4d>
<texts><text><lng>de</lng>
<d>Gibt ein Array mit msession Variablen zurück</d>
</text><text><lng>en</lng>
<d>Get array of msession variables</d>
</text></texts></PHPModuleRef><PHPModuleRef>
<t>msession_get_data</t>
<mn>msession</mn>
<ft>F</ft>
<ver>4_2_0,4_2_1,4_2_2,4_2_3,4_3_0,4_3_1,4_3_10,4_3_11,4_3_2,4_3_3,4_3_4,4_3_5,4_3_6,4_3_7,4_3_8,4_3_9,4_4_0,4_4_1,4_4_2,4_4_3,4_4_4,4_4_5,4_4_6,4_cvs,5_0_0,5_0_1,5_0_2,5_0_3,5_1_0,5_1_1,5_1_2</ver>
<p4>string msession_get_data(string session)</p4>
<p4d>Get data session unstructured data. (PHP sessions use this)  </p4d>
<texts><text><lng>en</lng>
<d>Get data session unstructured data</d>
</text></texts></PHPModuleRef><PHPModuleRef>
<t>msession_inc</t>
<mn>msession</mn>
<ft>F</ft>
<ver>4_2_0,4_2_1,4_2_2,4_2_3,4_3_0,4_3_1,4_3_10,4_3_11,4_3_2,4_3_3,4_3_4,4_3_5,4_3_6,4_3_7,4_3_8,4_3_9,4_4_0,4_4_1,4_4_2,4_4_3,4_4_4,4_4_5,4_4_6,4_cvs,5_0_0,5_0_1,5_0_2,5_0_3,5_1_0,5_1_1,5_1_2</ver>
<p4>string msession_inc(string session, string name) </p4>
<p4d>Increment value in session </p4d>
<texts><text><lng>de</lng>
<d>Erhöht einen Wert innerhalb einer Session</d>
</text><text><lng>en</lng>
<d>Increment value in session</d>
</text></texts></PHPModuleRef><PHPModuleRef>
<t>msession_list</t>
<mn>msession</mn>
<ft>F</ft>
<ver>4_2_0,4_2_1,4_2_2,4_2_3,4_3_0,4_3_1,4_3_10,4_3_11,4_3_2,4_3_3,4_3_4,4_3_5,4_3_6,4_3_7,4_3_8,4_3_9,4_4_0,4_4_1,4_4_2,4_4_3,4_4_4,4_4_5,4_4_6,4_cvs,5_0_0,5_0_1,5_0_2,5_0_3,5_1_0,5_1_1,5_1_2</ver>
<p4>array msession_list(void)</p4>
<p4d>List all sessions  </p4d>
<texts><text><lng>de</lng>
<d>Liste aller Sessions</d>
</text><text><lng>en</lng>
<d>List all sessions</d>
</text></texts></PHPModuleRef><PHPModuleRef>
<t>msession_listvar</t>
<mn>msession</mn>
<ft>F</ft>
<ver>4_2_0,4_2_1,4_2_2,4_2_3,4_3_0,4_3_1,4_3_10,4_3_11,4_3_2,4_3_3,4_3_4,4_3_5,4_3_6,4_3_7,4_3_8,4_3_9,4_4_0,4_4_1,4_4_2,4_4_3,4_4_4,4_4_5,4_4_6,4_cvs,5_0_0,5_0_1,5_0_2,5_0_3,5_1_0,5_1_1,5_1_2</ver>
<p4>array msession_listvar(string name)</p4>
<p4d>return associative array of value:session for all sessions with a variable named 'name' </p4d>
<texts><text><lng>de</lng>
<d>Liste aller Sessions die eine bestimmte Variable enthalten</d>
</text><text><lng>en</lng>
<d>List sessions with variable</d>
</text></texts></PHPModuleRef><PHPModuleRef>
<t>msession_lock</t>
<mn>msession</mn>
<ft>F</ft>
<ver>4_2_0,4_2_1,4_2_2,4_2_3,4_3_0,4_3_1,4_3_10,4_3_11,4_3_2,4_3_3,4_3_4,4_3_5,4_3_6,4_3_7,4_3_8,4_3_9,4_4_0,4_4_1,4_4_2,4_4_3,4_4_4,4_4_5,4_4_6,4_cvs,5_0_0,5_0_1,5_0_2,5_0_3,5_1_0,5_1_1,5_1_2</ver>
<p4>int msession_lock(string name)</p4>
<p4d>Lock a session </p4d>
<texts><text><lng>de</lng>
<d>Sperrt eine Session</d>
</text><text><lng>en</lng>
<d>Lock a session</d>
</text></texts></PHPModuleRef><PHPModuleRef>
<t>msession_ping</t>
<mn>msession</mn>
<ft>F</ft>
<ver>5_0_0,5_0_1,5_0_2,5_0_3,5_1_0,5_1_1,5_1_2</ver>
</PHPModuleRef><PHPModuleRef>
<t>msession_plugin</t>
<mn>msession</mn>
<ft>F</ft>
<ver>4_2_0,4_2_1,4_2_2,4_2_3,4_3_0,4_3_1,4_3_10,4_3_11,4_3_2,4_3_3,4_3_4,4_3_5,4_3_6,4_3_7,4_3_8,4_3_9,4_4_0,4_4_1,4_4_2,4_4_3,4_4_4,4_4_5,4_4_6,4_cvs,5_0_0,5_0_1,5_0_2,5_0_3,5_1_0,5_1_1,5_1_2</ver>
<p4>string msession_plugin(string session, string val [, string param ])</p4>
<p4d>Call the personality plugin escape function </p4d>
<texts><text><lng>de</lng>
<d>Ruft eine Escape-Funktion innerhalb des msession peronality plugins auf.</d>
</text><text><lng>en</lng>
<d>Call an escape function within the msession personality plugin</d>
</text></texts></PHPModuleRef><PHPModuleRef>
<t>msession_randstr</t>
<mn>msession</mn>
<ft>F</ft>
<ver>4_2_0,4_2_1,4_2_2,4_2_3,4_3_0,4_3_1,4_3_10,4_3_11,4_3_2,4_3_3,4_3_4,4_3_5,4_3_6,4_3_7,4_3_8,4_3_9,4_4_0,4_4_1,4_4_2,4_4_3,4_4_4,4_4_5,4_4_6,4_cvs,5_0_0,5_0_1,5_0_2,5_0_3,5_1_0,5_1_1,5_1_2</ver>
<p4>string msession_randstr(int num_chars)</p4>
<p4d>Get random string </p4d>
<texts><text><lng>de</lng>
<d>Gibt eine Zufallszeichenkette zurück</d>
</text><text><lng>en</lng>
<d>Get random string</d>
</text></texts></PHPModuleRef><PHPModuleRef>
<t>msession_set</t>
<mn>msession</mn>
<ft>F</ft>
<ver>4_2_0,4_2_1,4_2_2,4_2_3,4_3_0,4_3_1,4_3_10,4_3_11,4_3_2,4_3_3,4_3_4,4_3_5,4_3_6,4_3_7,4_3_8,4_3_9,4_4_0,4_4_1,4_4_2,4_4_3,4_4_4,4_4_5,4_4_6,4_cvs,5_0_0,5_0_1,5_0_2,5_0_3,5_1_0,5_1_1,5_1_2</ver>
<p4>bool msession_set(string session, string name, string value)</p4>
<p4d>Set value in session </p4d>
<texts><text><lng>de</lng>
<d>Setzt einen Wert in der Session</d>
</text><text><lng>en</lng>
<d>Set value in session</d>
</text></texts></PHPModuleRef><PHPModuleRef>
<t>msession_set_array</t>
<mn>msession</mn>
<ft>F</ft>
<ver>4_2_0,4_2_1,4_2_2,4_2_3,4_3_0,4_3_1,4_3_10,4_3_11,4_3_2,4_3_3,4_3_4,4_3_5,4_3_6,4_3_7,4_3_8,4_3_9,4_4_0,4_4_1,4_4_2,4_4_3,4_4_4,4_4_5,4_4_6,4_cvs,5_0_0,5_0_1,5_0_2,5_0_3,5_1_0,5_1_1,5_1_2</ver>
<p4>bool msession_set_array(string session, array tuples)</p4>
<p4d>Set msession variables from an array</p4d>
<texts><text><lng>de</lng>
<d>Setzt ein Array mit ...?</d>
</text><text><lng>en</lng>
<d>Set msession variables from an array</d>
</text></texts></PHPModuleRef><PHPModuleRef>
<t>msession_set_data</t>
<mn>msession</mn>
<ft>F</ft>
<ver>4_2_0,4_2_1,4_2_2,4_2_3,4_3_0,4_3_1,4_3_10,4_3_11,4_3_2,4_3_3,4_3_4,4_3_5,4_3_6,4_3_7,4_3_8,4_3_9,4_4_0,4_4_1,4_4_2,4_4_3,4_4_4,4_4_5,4_4_6,4_cvs,5_0_0,5_0_1,5_0_2,5_0_3,5_1_0,5_1_1,5_1_2</ver>
<p4>bool msession_set_data(string session, string value)</p4>
<p4d>Set data session unstructured data. (PHP sessions use this)  </p4d>
<texts><text><lng>en</lng>
<d>Set data session unstructured data</d>
</text></texts></PHPModuleRef><PHPModuleRef>
<t>msession_timeout</t>
<mn>msession</mn>
<ft>F</ft>
<ver>4_2_0,4_2_1,4_2_2,4_2_3,4_3_0,4_3_1,4_3_10,4_3_11,4_3_2,4_3_3,4_3_4,4_3_5,4_3_6,4_3_7,4_3_8,4_3_9,4_4_0,4_4_1,4_4_2,4_4_3,4_4_4,4_4_5,4_4_6,4_cvs,5_0_0,5_0_1,5_0_2,5_0_3,5_1_0,5_1_1,5_1_2</ver>
<p4>int msession_timeout(string session [, int param ])</p4>
<p4d>Set/get session timeout </p4d>
<texts><text><lng>de</lng>
<d>Setzt/liefert Session Timeout</d>
</text><text><lng>en</lng>
<d>Set/get session timeout</d>
</text></texts></PHPModuleRef><PHPModuleRef>
<t>msession_uniq</t>
<mn>msession</mn>
<ft>F</ft>
<ver>4_2_0,4_2_1,4_2_2,4_2_3,4_3_0,4_3_1,4_3_10,4_3_11,4_3_2,4_3_3,4_3_4,4_3_5,4_3_6,4_3_7,4_3_8,4_3_9,4_4_0,4_4_1,4_4_2,4_4_3,4_4_4,4_4_5,4_4_6,4_cvs,5_0_0,5_0_1,5_0_2,5_0_3,5_1_0,5_1_1,5_1_2</ver>
<p4>string msession_uniq(int num_chars)</p4>
<p4d>Get uniq id </p4d>
<texts><text><lng>de</lng>
<d>Gibt eine eindeutige ID zurück</d>
</text><text><lng>en</lng>
<d>Get unique id</d>
</text></texts></PHPModuleRef><PHPModuleRef>
<t>msession_unlock</t>
<mn>msession</mn>
<ft>F</ft>
<ver>4_2_0,4_2_1,4_2_2,4_2_3,4_3_0,4_3_1,4_3_10,4_3_11,4_3_2,4_3_3,4_3_4,4_3_5,4_3_6,4_3_7,4_3_8,4_3_9,4_4_0,4_4_1,4_4_2,4_4_3,4_4_4,4_4_5,4_4_6,4_cvs,5_0_0,5_0_1,5_0_2,5_0_3,5_1_0,5_1_1,5_1_2</ver>
<p4>int msession_unlock(string session, int key)</p4>
<p4d>Unlock a session </p4d>
<texts><text><lng>de</lng>
<d>Entsperrt eine Session</d>
</text><text><lng>en</lng>
<d>Unlock a session</d>
</text></texts></PHPModuleRef></PHPModuleRef-List>
