<?xml version="1.0" encoding="utf-8"?>
<PHPModuleRef-List>
<PHPModuleRef>
<t>msql</t>
<mn>msql</mn>
<ft>A</ft>
<af>msql_db_query</af>
<ver>4_0_0,4_0_1,4_0_2,4_0_3,4_0_4,4_0_5,4_0_6,4_1_0,4_1_1,4_1_2,4_2_0,4_2_1,4_2_2,4_2_3,4_3_0,4_3_1,4_3_10,4_3_11,4_3_2,4_3_3,4_3_4,4_3_5,4_3_6,4_3_7,4_3_8,4_3_9,4_4_0,4_4_1,4_4_2,4_4_3,4_4_4,4_4_5,4_4_6,4_cvs,5_0_0,5_0_1,5_0_2,5_0_3,5_1_0,5_1_1,5_1_2,5_1_3,5_1_4,5_1_5,5_1_6,5_2_0,5_2_1,5_cvs</ver>
</PHPModuleRef><PHPModuleRef>
<t>msql_affected_rows</t>
<mn>msql</mn>
<ft>F</ft>
<ver>4_0_0,4_0_1,4_0_2,4_0_3,4_0_4,4_0_5,4_0_6,4_1_0,4_1_1,4_1_2,4_2_0,4_2_1,4_2_2,4_2_3,4_3_0,4_3_1,4_3_10,4_3_11,4_3_2,4_3_3,4_3_4,4_3_5,4_3_6,4_3_7,4_3_8,4_3_9,4_4_0,4_4_1,4_4_2,4_4_3,4_4_4,4_4_5,4_4_6,4_cvs,5_0_0,5_0_1,5_0_2,5_0_3,5_1_0,5_1_1,5_1_2,5_1_3,5_1_4,5_1_5,5_1_6,5_2_0,5_2_1,5_cvs</ver>
<p4>int msql_affected_rows(int query)</p4>
<p4d>Return number of affected rows </p4d>
<p5>int msql_affected_rows(resource query)</p5>
<p5d>Return number of affected rows </p5d>
<texts><text><lng>de</lng>
<d>Gibt die Anzahl der betroffenen Datensätze zurück</d>
</text><text><lng>en</lng>
<d>Returns number of affected rows</d>
</text><text><lng>es</lng>
<d>devuelve el número de filas involucradas</d>
</text></texts></PHPModuleRef><PHPModuleRef>
<t>msql_close</t>
<mn>msql</mn>
<ft>F</ft>
<ver>4_0_0,4_0_1,4_0_2,4_0_3,4_0_4,4_0_5,4_0_6,4_1_0,4_1_1,4_1_2,4_2_0,4_2_1,4_2_2,4_2_3,4_3_0,4_3_1,4_3_10,4_3_11,4_3_2,4_3_3,4_3_4,4_3_5,4_3_6,4_3_7,4_3_8,4_3_9,4_4_0,4_4_1,4_4_2,4_4_3,4_4_4,4_4_5,4_4_6,4_cvs,5_0_0,5_0_1,5_0_2,5_0_3,5_1_0,5_1_1,5_1_2,5_1_3,5_1_4,5_1_5,5_1_6,5_2_0,5_2_1,5_cvs</ver>
<p4>int msql_close([int link_identifier])</p4>
<p4d>Close an mSQL connection </p4d>
<p5>bool msql_close([resource link_identifier])</p5>
<p5d>Close an mSQL connection </p5d>
<texts><text><lng>de</lng>
<d>Schliesst eine mSQL-Verbindung</d>
</text><text><lng>en</lng>
<d>Close mSQL connection</d>
</text><text><lng>es</lng>
<d>cierra una conexión mSQL</d>
</text></texts></PHPModuleRef><PHPModuleRef>
<t>msql_connect</t>
<mn>msql</mn>
<ft>F</ft>
<ver>4_0_0,4_0_1,4_0_2,4_0_3,4_0_4,4_0_5,4_0_6,4_1_0,4_1_1,4_1_2,4_2_0,4_2_1,4_2_2,4_2_3,4_3_0,4_3_1,4_3_10,4_3_11,4_3_2,4_3_3,4_3_4,4_3_5,4_3_6,4_3_7,4_3_8,4_3_9,4_4_0,4_4_1,4_4_2,4_4_3,4_4_4,4_4_5,4_4_6,4_cvs,5_0_0,5_0_1,5_0_2,5_0_3,5_1_0,5_1_1,5_1_2,5_1_3,5_1_4,5_1_5,5_1_6,5_2_0,5_2_1,5_cvs</ver>
<p4>int msql_connect([string hostname[:port]] [, string username] [, string password])</p4>
<p4d>Open a connection to an mSQL Server </p4d>
<p5>int msql_connect([string hostname[:port]] [, string username] [, string password])</p5>
<p5d>Open a connection to an mSQL Server </p5d>
<texts><text><lng>de</lng>
<d>Öffnet eine mSQL Verbindung</d>
</text><text><lng>en</lng>
<d>Open mSQL connection</d>
</text><text><lng>es</lng>
<d>abre una conexión mSQL</d>
</text></texts></PHPModuleRef><PHPModuleRef>
<t>msql_createdb</t>
<mn>msql</mn>
<ft>A</ft>
<af>msql_create_db</af>
<ver>4_0_0,4_0_1,4_0_2,4_0_3,4_0_4,4_0_5,4_0_6,4_1_0,4_1_1,4_1_2,4_2_0,4_2_1,4_2_2,4_2_3,4_3_0,4_3_1,4_3_10,4_3_11,4_3_2,4_3_3,4_3_4,4_3_5,4_3_6,4_3_7,4_3_8,4_3_9,4_4_0,4_4_1,4_4_2,4_4_3,4_4_4,4_4_5,4_4_6,4_cvs,5_0_0,5_0_1,5_0_2,5_0_3,5_1_0,5_1_1,5_1_2,5_1_3,5_1_4,5_1_5,5_1_6,5_2_0,5_2_1,5_cvs</ver>
</PHPModuleRef><PHPModuleRef>
<t>msql_create_db</t>
<mn>msql</mn>
<ft>F</ft>
<ver>4_0_0,4_0_1,4_0_2,4_0_3,4_0_4,4_0_5,4_0_6,4_1_0,4_1_1,4_1_2,4_2_0,4_2_1,4_2_2,4_2_3,4_3_0,4_3_1,4_3_10,4_3_11,4_3_2,4_3_3,4_3_4,4_3_5,4_3_6,4_3_7,4_3_8,4_3_9,4_4_0,4_4_1,4_4_2,4_4_3,4_4_4,4_4_5,4_4_6,4_cvs,5_0_0,5_0_1,5_0_2,5_0_3,5_1_0,5_1_1,5_1_2,5_1_3,5_1_4,5_1_5,5_1_6,5_2_0,5_2_1,5_cvs</ver>
<p4>int msql_create_db(string database_name [, int link_identifier])</p4>
<p4d>Create an mSQL database </p4d>
<p5>bool msql_create_db(string database_name [, resource link_identifier])</p5>
<p5d>Create an mSQL database </p5d>
<texts><text><lng>de</lng>
<d>Erzeugt eine mSQL Datenbank</d>
</text><text><lng>en</lng>
<d>Create mSQL database</d>
</text><text><lng>es</lng>
<d>crea una base de datos mSQL</d>
</text></texts></PHPModuleRef><PHPModuleRef>
<t>msql_data_seek</t>
<mn>msql</mn>
<ft>F</ft>
<ver>4_0_0,4_0_1,4_0_2,4_0_3,4_0_4,4_0_5,4_0_6,4_1_0,4_1_1,4_1_2,4_2_0,4_2_1,4_2_2,4_2_3,4_3_0,4_3_1,4_3_10,4_3_11,4_3_2,4_3_3,4_3_4,4_3_5,4_3_6,4_3_7,4_3_8,4_3_9,4_4_0,4_4_1,4_4_2,4_4_3,4_4_4,4_4_5,4_4_6,4_cvs,5_0_0,5_0_1,5_0_2,5_0_3,5_1_0,5_1_1,5_1_2,5_1_3,5_1_4,5_1_5,5_1_6,5_2_0,5_2_1,5_cvs</ver>
<p4>int msql_data_seek(int query, int row_number)</p4>
<p4d>Move internal result pointer </p4d>
<p5>bool msql_data_seek(resource query, int row_number)</p5>
<p5d>Move internal result pointer </p5d>
<texts><text><lng>de</lng>
<d>Bewegt den internen Datensatzzeiger</d>
</text><text><lng>en</lng>
<d>Move internal row pointer</d>
</text><text><lng>es</lng>
<d>desplaza el puntero interno de fila</d>
</text></texts></PHPModuleRef><PHPModuleRef>
<t>msql_dbname</t>
<mn>msql</mn>
<ft>A</ft>
<af>msql_result</af>
<ver>4_0_0,4_0_1,4_0_2,4_0_3,4_0_4,4_0_5,4_0_6,4_1_0,4_1_1,4_1_2,4_2_0,4_2_1,4_2_2,4_2_3,4_3_0,4_3_1,4_3_10,4_3_11,4_3_2,4_3_3,4_3_4,4_3_5,4_3_6,4_3_7,4_3_8,4_3_9,4_4_0,4_4_1,4_4_2,4_4_3,4_4_4,4_4_5,4_4_6,4_cvs,5_0_0,5_0_1,5_0_2,5_0_3,5_1_0,5_1_1,5_1_2,5_1_3,5_1_4,5_1_5,5_1_6,5_2_0,5_2_1,5_cvs</ver>
</PHPModuleRef><PHPModuleRef>
<t>msql_db_query</t>
<mn>msql</mn>
<ft>F</ft>
<ver>4_0_0,4_0_1,4_0_2,4_0_3,4_0_4,4_0_5,4_0_6,4_1_0,4_1_1,4_1_2,4_2_0,4_2_1,4_2_2,4_2_3,4_3_0,4_3_1,4_3_10,4_3_11,4_3_2,4_3_3,4_3_4,4_3_5,4_3_6,4_3_7,4_3_8,4_3_9,4_4_0,4_4_1,4_4_2,4_4_3,4_4_4,4_4_5,4_4_6,4_cvs,5_0_0,5_0_1,5_0_2,5_0_3,5_1_0,5_1_1,5_1_2,5_1_3,5_1_4,5_1_5,5_1_6,5_2_0,5_2_1,5_cvs</ver>
<p4>int msql_db_query(string database_name, string query [, int link_identifier])</p4>
<p4d>Send an SQL query to mSQL </p4d>
<p5>resource msql_db_query(string database_name, string query [, resource link_identifier])</p5>
<p5d>Send an SQL query to mSQL </p5d>
<texts><text><lng>de</lng>
<d>Sendet eine mSQL Abfrage an den Server</d>
</text><text><lng>en</lng>
<d>Send mSQL query</d>
</text></texts></PHPModuleRef><PHPModuleRef>
<t>msql_dropdb</t>
<mn>msql</mn>
<ft>A</ft>
<af>msql_drop_db</af>
<ver>4_0_0,4_0_1,4_0_2,4_0_3,4_0_4,4_0_5,4_0_6,4_1_0,4_1_1,4_1_2,4_2_0,4_2_1,4_2_2,4_2_3,4_3_0,4_3_1,4_3_10,4_3_11,4_3_2,4_3_3,4_3_4,4_3_5,4_3_6,4_3_7,4_3_8,4_3_9,4_4_0,4_4_1,4_4_2,4_4_3,4_4_4,4_4_5,4_4_6,4_cvs,5_0_0,5_0_1,5_0_2,5_0_3,5_1_0,5_1_1,5_1_2,5_1_3,5_1_4,5_1_5,5_1_6,5_2_0,5_2_1,5_cvs</ver>
</PHPModuleRef><PHPModuleRef>
<t>msql_drop_db</t>
<mn>msql</mn>
<ft>F</ft>
<ver>4_0_0,4_0_1,4_0_2,4_0_3,4_0_4,4_0_5,4_0_6,4_1_0,4_1_1,4_1_2,4_2_0,4_2_1,4_2_2,4_2_3,4_3_0,4_3_1,4_3_10,4_3_11,4_3_2,4_3_3,4_3_4,4_3_5,4_3_6,4_3_7,4_3_8,4_3_9,4_4_0,4_4_1,4_4_2,4_4_3,4_4_4,4_4_5,4_4_6,4_cvs,5_0_0,5_0_1,5_0_2,5_0_3,5_1_0,5_1_1,5_1_2,5_1_3,5_1_4,5_1_5,5_1_6,5_2_0,5_2_1,5_cvs</ver>
<p4>int msql_drop_db(string database_name [, int link_identifier])</p4>
<p4d>Drop (delete) an mSQL database </p4d>
<p5>bool msql_drop_db(string database_name [, resource link_identifier])</p5>
<p5d>Drop (delete) an mSQL database </p5d>
<texts><text><lng>de</lng>
<d>Löscht eine mSQL Datenbank</d>
</text><text><lng>en</lng>
<d>Drop (delete) mSQL database</d>
</text><text><lng>es</lng>
<d>elimina (suprime) una base de datos mSQL</d>
</text></texts></PHPModuleRef><PHPModuleRef>
<t>msql_error</t>
<mn>msql</mn>
<ft>F</ft>
<ver>4_0_0,4_0_1,4_0_2,4_0_3,4_0_4,4_0_5,4_0_6,4_1_0,4_1_1,4_1_2,4_2_0,4_2_1,4_2_2,4_2_3,4_3_0,4_3_1,4_3_10,4_3_11,4_3_2,4_3_3,4_3_4,4_3_5,4_3_6,4_3_7,4_3_8,4_3_9,4_4_0,4_4_1,4_4_2,4_4_3,4_4_4,4_4_5,4_4_6,4_cvs,5_0_0,5_0_1,5_0_2,5_0_3,5_1_0,5_1_1,5_1_2,5_1_3,5_1_4,5_1_5,5_1_6,5_2_0,5_2_1,5_cvs</ver>
<p4>string msql_error([int link_identifier])</p4>
<p4d>Returns the text of the error message from previous mSQL operation </p4d>
<p5>string msql_error(void)</p5>
<p5d>Returns the text of the error message from previous mSQL operation </p5d>
<texts><text><lng>de</lng>
<d>Gibt die letzte mSQL-Fehlermeldung zurück</d>
</text><text><lng>en</lng>
<d>Returns error message of last msql call</d>
</text><text><lng>es</lng>
<d>devuelve el mensaje de error de laúltima llamada msql</d>
</text></texts></PHPModuleRef><PHPModuleRef>
<t>msql_fetch_array</t>
<mn>msql</mn>
<ft>F</ft>
<ver>4_0_0,4_0_1,4_0_2,4_0_3,4_0_4,4_0_5,4_0_6,4_1_0,4_1_1,4_1_2,4_2_0,4_2_1,4_2_2,4_2_3,4_3_0,4_3_1,4_3_10,4_3_11,4_3_2,4_3_3,4_3_4,4_3_5,4_3_6,4_3_7,4_3_8,4_3_9,4_4_0,4_4_1,4_4_2,4_4_3,4_4_4,4_4_5,4_4_6,4_cvs,5_0_0,5_0_1,5_0_2,5_0_3,5_1_0,5_1_1,5_1_2,5_1_3,5_1_4,5_1_5,5_1_6,5_2_0,5_2_1,5_cvs</ver>
<p4>array msql_fetch_array(int query [, int result_type])</p4>
<p4d>Fetch a result row as an associative array </p4d>
<p5>array msql_fetch_array(resource query [, int result_type])</p5>
<p5d>Fetch a result row as an associative array </p5d>
<texts><text><lng>de</lng>
<d>Holt eine Zeile als Array</d>
</text><text><lng>en</lng>
<d>Fetch row as array</d>
</text><text><lng>es</lng>
<d>recupera una fila como un array</d>
</text></texts></PHPModuleRef><PHPModuleRef>
<t>msql_fetch_field</t>
<mn>msql</mn>
<ft>F</ft>
<ver>4_0_0,4_0_1,4_0_2,4_0_3,4_0_4,4_0_5,4_0_6,4_1_0,4_1_1,4_1_2,4_2_0,4_2_1,4_2_2,4_2_3,4_3_0,4_3_1,4_3_10,4_3_11,4_3_2,4_3_3,4_3_4,4_3_5,4_3_6,4_3_7,4_3_8,4_3_9,4_4_0,4_4_1,4_4_2,4_4_3,4_4_4,4_4_5,4_4_6,4_cvs,5_0_0,5_0_1,5_0_2,5_0_3,5_1_0,5_1_1,5_1_2,5_1_3,5_1_4,5_1_5,5_1_6,5_2_0,5_2_1,5_cvs</ver>
<p4>object msql_fetch_field(int query [, int field_offset])</p4>
<p4d>Get column information from a result and return as an object </p4d>
<p5>object msql_fetch_field(resource query [, int field_offset])</p5>
<p5d>Get column information from a result and return as an object </p5d>
<texts><text><lng>de</lng>
<d>Gibt Feldinformationen in einem Objekt zurück</d>
</text><text><lng>en</lng>
<d>Get field information</d>
</text><text><lng>es</lng>
<d>obtiene información de campo</d>
</text></texts></PHPModuleRef><PHPModuleRef>
<t>msql_fetch_object</t>
<mn>msql</mn>
<ft>F</ft>
<ver>4_0_0,4_0_1,4_0_2,4_0_3,4_0_4,4_0_5,4_0_6,4_1_0,4_1_1,4_1_2,4_2_0,4_2_1,4_2_2,4_2_3,4_3_0,4_3_1,4_3_10,4_3_11,4_3_2,4_3_3,4_3_4,4_3_5,4_3_6,4_3_7,4_3_8,4_3_9,4_4_0,4_4_1,4_4_2,4_4_3,4_4_4,4_4_5,4_4_6,4_cvs,5_0_0,5_0_1,5_0_2,5_0_3,5_1_0,5_1_1,5_1_2,5_1_3,5_1_4,5_1_5,5_1_6,5_2_0,5_2_1,5_cvs</ver>
<p4>object msql_fetch_object(int query [, int result_type])</p4>
<p4d>Fetch a result row as an object </p4d>
<p5>object msql_fetch_object(resource query [, resource result_type])</p5>
<p5d>Fetch a result row as an object </p5d>
<texts><text><lng>de</lng>
<d>Holt eine Zeile als Objekt</d>
</text><text><lng>en</lng>
<d>Fetch row as object</d>
</text><text><lng>es</lng>
<d>recupera una fila como un objeto</d>
</text></texts></PHPModuleRef><PHPModuleRef>
<t>msql_fetch_row</t>
<mn>msql</mn>
<ft>F</ft>
<ver>4_0_0,4_0_1,4_0_2,4_0_3,4_0_4,4_0_5,4_0_6,4_1_0,4_1_1,4_1_2,4_2_0,4_2_1,4_2_2,4_2_3,4_3_0,4_3_1,4_3_10,4_3_11,4_3_2,4_3_3,4_3_4,4_3_5,4_3_6,4_3_7,4_3_8,4_3_9,4_4_0,4_4_1,4_4_2,4_4_3,4_4_4,4_4_5,4_4_6,4_cvs,5_0_0,5_0_1,5_0_2,5_0_3,5_1_0,5_1_1,5_1_2,5_1_3,5_1_4,5_1_5,5_1_6,5_2_0,5_2_1,5_cvs</ver>
<p4>array msql_fetch_row(int query)</p4>
<p4d>Get a result row as an enumerated array </p4d>
<p5>array msql_fetch_row(resource query)</p5>
<p5d>Get a result row as an enumerated array </p5d>
<texts><text><lng>de</lng>
<d>Holt eine Zeile als numerisches Array</d>
</text><text><lng>en</lng>
<d>Get row as enumerated array</d>
</text><text><lng>es</lng>
<d>obtiene una fila como un array enumerado</d>
</text></texts></PHPModuleRef><PHPModuleRef>
<t>msql_fieldflags</t>
<mn>msql</mn>
<ft>A</ft>
<af>msql_field_flags</af>
<ver>4_0_0,4_0_1,4_0_2,4_0_3,4_0_4,4_0_5,4_0_6,4_1_0,4_1_1,4_1_2,4_2_0,4_2_1,4_2_2,4_2_3,4_3_0,4_3_1,4_3_10,4_3_11,4_3_2,4_3_3,4_3_4,4_3_5,4_3_6,4_3_7,4_3_8,4_3_9,4_4_0,4_4_1,4_4_2,4_4_3,4_4_4,4_4_5,4_4_6,4_cvs,5_0_0,5_0_1,5_0_2,5_0_3,5_1_0,5_1_1,5_1_2,5_1_3,5_1_4,5_1_5,5_1_6,5_2_0,5_2_1,5_cvs</ver>
</PHPModuleRef><PHPModuleRef>
<t>msql_fieldlen</t>
<mn>msql</mn>
<ft>A</ft>
<af>msql_field_len</af>
<ver>4_0_0,4_0_1,4_0_2,4_0_3,4_0_4,4_0_5,4_0_6,4_1_0,4_1_1,4_1_2,4_2_0,4_2_1,4_2_2,4_2_3,4_3_0,4_3_1,4_3_10,4_3_11,4_3_2,4_3_3,4_3_4,4_3_5,4_3_6,4_3_7,4_3_8,4_3_9,4_4_0,4_4_1,4_4_2,4_4_3,4_4_4,4_4_5,4_4_6,4_cvs,5_0_0,5_0_1,5_0_2,5_0_3,5_1_0,5_1_1,5_1_2,5_1_3,5_1_4,5_1_5,5_1_6,5_2_0,5_2_1,5_cvs</ver>
</PHPModuleRef><PHPModuleRef>
<t>msql_fieldname</t>
<mn>msql</mn>
<ft>A</ft>
<af>msql_field_name</af>
<ver>4_0_0,4_0_1,4_0_2,4_0_3,4_0_4,4_0_5,4_0_6,4_1_0,4_1_1,4_1_2,4_2_0,4_2_1,4_2_2,4_2_3,4_3_0,4_3_1,4_3_10,4_3_11,4_3_2,4_3_3,4_3_4,4_3_5,4_3_6,4_3_7,4_3_8,4_3_9,4_4_0,4_4_1,4_4_2,4_4_3,4_4_4,4_4_5,4_4_6,4_cvs,5_0_0,5_0_1,5_0_2,5_0_3,5_1_0,5_1_1,5_1_2,5_1_3,5_1_4,5_1_5,5_1_6,5_2_0,5_2_1,5_cvs</ver>
</PHPModuleRef><PHPModuleRef>
<t>msql_fieldtable</t>
<mn>msql</mn>
<ft>A</ft>
<af>msql_field_table</af>
<ver>4_0_0,4_0_1,4_0_2,4_0_3,4_0_4,4_0_5,4_0_6,4_1_0,4_1_1,4_1_2,4_2_0,4_2_1,4_2_2,4_2_3,4_3_0,4_3_1,4_3_10,4_3_11,4_3_2,4_3_3,4_3_4,4_3_5,4_3_6,4_3_7,4_3_8,4_3_9,4_4_0,4_4_1,4_4_2,4_4_3,4_4_4,4_4_5,4_4_6,4_cvs,5_0_0,5_0_1,5_0_2,5_0_3,5_1_0,5_1_1,5_1_2,5_1_3,5_1_4,5_1_5,5_1_6,5_2_0,5_2_1,5_cvs</ver>
</PHPModuleRef><PHPModuleRef>
<t>msql_fieldtype</t>
<mn>msql</mn>
<ft>A</ft>
<af>msql_field_type</af>
<ver>4_0_0,4_0_1,4_0_2,4_0_3,4_0_4,4_0_5,4_0_6,4_1_0,4_1_1,4_1_2,4_2_0,4_2_1,4_2_2,4_2_3,4_3_0,4_3_1,4_3_10,4_3_11,4_3_2,4_3_3,4_3_4,4_3_5,4_3_6,4_3_7,4_3_8,4_3_9,4_4_0,4_4_1,4_4_2,4_4_3,4_4_4,4_4_5,4_4_6,4_cvs,5_0_0,5_0_1,5_0_2,5_0_3,5_1_0,5_1_1,5_1_2,5_1_3,5_1_4,5_1_5,5_1_6,5_2_0,5_2_1,5_cvs</ver>
</PHPModuleRef><PHPModuleRef>
<t>msql_field_flags</t>
<mn>msql</mn>
<ft>F</ft>
<ver>4_0_0,4_0_1,4_0_2,4_0_3,4_0_4,4_0_5,4_0_6,4_1_0,4_1_1,4_1_2,4_2_0,4_2_1,4_2_2,4_2_3,4_3_0,4_3_1,4_3_10,4_3_11,4_3_2,4_3_3,4_3_4,4_3_5,4_3_6,4_3_7,4_3_8,4_3_9,4_4_0,4_4_1,4_4_2,4_4_3,4_4_4,4_4_5,4_4_6,4_cvs,5_0_0,5_0_1,5_0_2,5_0_3,5_1_0,5_1_1,5_1_2,5_1_3,5_1_4,5_1_5,5_1_6,5_2_0,5_2_1,5_cvs</ver>
<p4>string msql_field_flags(int query, int field_offset)</p4>
<p4d>Get the flags associated with the specified field in a result </p4d>
<p5>string msql_field_flags(resource query, int field_offset)</p5>
<p5d>Get the flags associated with the specified field in a result </p5d>
<texts><text><lng>de</lng>
<d>Gibt alle Flags für das angegebene Feld zurück</d>
</text><text><lng>en</lng>
<d>Get field flags</d>
</text></texts></PHPModuleRef><PHPModuleRef>
<t>msql_field_len</t>
<mn>msql</mn>
<ft>F</ft>
<ver>4_0_0,4_0_1,4_0_2,4_0_3,4_0_4,4_0_5,4_0_6,4_1_0,4_1_1,4_1_2,4_2_0,4_2_1,4_2_2,4_2_3,4_3_0,4_3_1,4_3_10,4_3_11,4_3_2,4_3_3,4_3_4,4_3_5,4_3_6,4_3_7,4_3_8,4_3_9,4_4_0,4_4_1,4_4_2,4_4_3,4_4_4,4_4_5,4_4_6,4_cvs,5_0_0,5_0_1,5_0_2,5_0_3,5_1_0,5_1_1,5_1_2,5_1_3,5_1_4,5_1_5,5_1_6,5_2_0,5_2_1,5_cvs</ver>
<p4>int msql_field_len(int query, int field_offet)</p4>
<p4d>Returns the length of the specified field </p4d>
<p5>int msql_field_len(int query, int field_offet)</p5>
<p5d>Returns the length of the specified field </p5d>
<texts><text><lng>de</lng>
<d>Gibt die Länge des angegebenen Feldes zurück</d>
</text><text><lng>en</lng>
<d>Get field length</d>
</text></texts></PHPModuleRef><PHPModuleRef>
<t>msql_field_name</t>
<mn>msql</mn>
<ft>F</ft>
<ver>4_0_0,4_0_1,4_0_2,4_0_3,4_0_4,4_0_5,4_0_6,4_1_0,4_1_1,4_1_2,4_2_0,4_2_1,4_2_2,4_2_3,4_3_0,4_3_1,4_3_10,4_3_11,4_3_2,4_3_3,4_3_4,4_3_5,4_3_6,4_3_7,4_3_8,4_3_9,4_4_0,4_4_1,4_4_2,4_4_3,4_4_4,4_4_5,4_4_6,4_cvs,5_0_0,5_0_1,5_0_2,5_0_3,5_1_0,5_1_1,5_1_2,5_1_3,5_1_4,5_1_5,5_1_6,5_2_0,5_2_1,5_cvs</ver>
<p4>string msql_field_name(int query, int field_index)</p4>
<p4d>Get the name of the specified field in a result </p4d>
<p5>string msql_field_name(resource query, int field_index)</p5>
<p5d>Get the name of the specified field in a result </p5d>
<texts><text><lng>de</lng>
<d>Gibt den Feldnamen des bezeichneten Feldes zurück</d>
</text><text><lng>en</lng>
<d>Get the name of the specified field in a result</d>
</text></texts></PHPModuleRef><PHPModuleRef>
<t>msql_field_seek</t>
<mn>msql</mn>
<ft>F</ft>
<ver>4_0_0,4_0_1,4_0_2,4_0_3,4_0_4,4_0_5,4_0_6,4_1_0,4_1_1,4_1_2,4_2_0,4_2_1,4_2_2,4_2_3,4_3_0,4_3_1,4_3_10,4_3_11,4_3_2,4_3_3,4_3_4,4_3_5,4_3_6,4_3_7,4_3_8,4_3_9,4_4_0,4_4_1,4_4_2,4_4_3,4_4_4,4_4_5,4_4_6,4_cvs,5_0_0,5_0_1,5_0_2,5_0_3,5_1_0,5_1_1,5_1_2,5_1_3,5_1_4,5_1_5,5_1_6,5_2_0,5_2_1,5_cvs</ver>
<p4>int msql_field_seek(int query, int field_offset)</p4>
<p4d>Set result pointer to a specific field offset </p4d>
<p5>bool msql_field_seek(resource query, int field_offset)</p5>
<p5d>Set result pointer to a specific field offset </p5d>
<texts><text><lng>de</lng>
<d>Setzt den internen Feld-Zeiger auf den angegebenen Feldindex</d>
</text><text><lng>en</lng>
<d>Set field offset</d>
</text><text><lng>es</lng>
<d>establece el desplazamiento del campo</d>
</text></texts></PHPModuleRef><PHPModuleRef>
<t>msql_field_table</t>
<mn>msql</mn>
<ft>F</ft>
<ver>4_0_0,4_0_1,4_0_2,4_0_3,4_0_4,4_0_5,4_0_6,4_1_0,4_1_1,4_1_2,4_2_0,4_2_1,4_2_2,4_2_3,4_3_0,4_3_1,4_3_10,4_3_11,4_3_2,4_3_3,4_3_4,4_3_5,4_3_6,4_3_7,4_3_8,4_3_9,4_4_0,4_4_1,4_4_2,4_4_3,4_4_4,4_4_5,4_4_6,4_cvs,5_0_0,5_0_1,5_0_2,5_0_3,5_1_0,5_1_1,5_1_2,5_1_3,5_1_4,5_1_5,5_1_6,5_2_0,5_2_1,5_cvs</ver>
<p4>string msql_field_table(int query, int field_offset)</p4>
<p4d>Get name of the table the specified field is in </p4d>
<p5>string msql_field_table(resource query, int field_offset)</p5>
<p5d>Get name of the table the specified field is in </p5d>
<texts><text><lng>de</lng>
<d>Gibt den Tabellennamen für ein Feld zurück</d>
</text><text><lng>en</lng>
<d>Get table name for field</d>
</text></texts></PHPModuleRef><PHPModuleRef>
<t>msql_field_type</t>
<mn>msql</mn>
<ft>F</ft>
<ver>4_0_0,4_0_1,4_0_2,4_0_3,4_0_4,4_0_5,4_0_6,4_1_0,4_1_1,4_1_2,4_2_0,4_2_1,4_2_2,4_2_3,4_3_0,4_3_1,4_3_10,4_3_11,4_3_2,4_3_3,4_3_4,4_3_5,4_3_6,4_3_7,4_3_8,4_3_9,4_4_0,4_4_1,4_4_2,4_4_3,4_4_4,4_4_5,4_4_6,4_cvs,5_0_0,5_0_1,5_0_2,5_0_3,5_1_0,5_1_1,5_1_2,5_1_3,5_1_4,5_1_5,5_1_6,5_2_0,5_2_1,5_cvs</ver>
<p4>string msql_field_type(int query, int field_offset)</p4>
<p4d>Get the type of the specified field in a result </p4d>
<p5>string msql_field_type(resource query, int field_offset)</p5>
<p5d>Get the type of the specified field in a result </p5d>
<texts><text><lng>de</lng>
<d>Gibt den Datentyp des angegebenen Feldes zurück</d>
</text><text><lng>en</lng>
<d>Get field type</d>
</text></texts></PHPModuleRef><PHPModuleRef>
<t>msql_freeresult</t>
<mn>msql</mn>
<ft>A</ft>
<af>msql_free_result</af>
<ver>4_0_0,4_0_1,4_0_2,4_0_3,4_0_4,4_0_5,4_0_6,4_1_0,4_1_1,4_1_2,4_2_0,4_2_1,4_2_2,4_2_3,4_3_0,4_3_1,4_3_10,4_3_11,4_3_2,4_3_3,4_3_4,4_3_5,4_3_6,4_3_7,4_3_8,4_3_9,4_4_0,4_4_1,4_4_2,4_4_3,4_4_4,4_4_5,4_4_6,4_cvs,5_0_0,5_0_1,5_0_2,5_0_3,5_1_0,5_1_1,5_1_2,5_1_3,5_1_4,5_1_5,5_1_6,5_2_0,5_2_1,5_cvs</ver>
</PHPModuleRef><PHPModuleRef>
<t>msql_free_result</t>
<mn>msql</mn>
<ft>F</ft>
<ver>4_0_0,4_0_1,4_0_2,4_0_3,4_0_4,4_0_5,4_0_6,4_1_0,4_1_1,4_1_2,4_2_0,4_2_1,4_2_2,4_2_3,4_3_0,4_3_1,4_3_10,4_3_11,4_3_2,4_3_3,4_3_4,4_3_5,4_3_6,4_3_7,4_3_8,4_3_9,4_4_0,4_4_1,4_4_2,4_4_3,4_4_4,4_4_5,4_4_6,4_cvs,5_0_0,5_0_1,5_0_2,5_0_3,5_1_0,5_1_1,5_1_2,5_1_3,5_1_4,5_1_5,5_1_6,5_2_0,5_2_1,5_cvs</ver>
<p4>int msql_free_result(int query)</p4>
<p4d>Free result memory </p4d>
<p5>bool msql_free_result(resource query)</p5>
<p5d>Free result memory </p5d>
<texts><text><lng>de</lng>
<d>Gibt den durch Ergebnisse belegten Speicher fre</d>
</text><text><lng>en</lng>
<d>Free result memory</d>
</text><text><lng>es</lng>
<d>libera la memoria del resultado</d>
</text></texts></PHPModuleRef><PHPModuleRef>
<t>msql_listdbs</t>
<mn>msql</mn>
<ft>A</ft>
<af>msql_list_dbs</af>
<ver>4_0_0,4_0_1,4_0_2,4_0_3,4_0_4,4_0_5,4_0_6,4_1_0,4_1_1,4_1_2,4_2_0,4_2_1,4_2_2,4_2_3,4_3_0,4_3_1,4_3_10,4_3_11,4_3_2,4_3_3,4_3_4,4_3_5,4_3_6,4_3_7,4_3_8,4_3_9,4_4_0,4_4_1,4_4_2,4_4_3,4_4_4,4_4_5,4_4_6,4_cvs,5_0_0,5_0_1,5_0_2,5_0_3,5_1_0,5_1_1,5_1_2,5_1_3,5_1_4,5_1_5,5_1_6,5_2_0,5_2_1,5_cvs</ver>
</PHPModuleRef><PHPModuleRef>
<t>msql_listfields</t>
<mn>msql</mn>
<ft>A</ft>
<af>msql_list_fields</af>
<ver>4_0_0,4_0_1,4_0_2,4_0_3,4_0_4,4_0_5,4_0_6,4_1_0,4_1_1,4_1_2,4_2_0,4_2_1,4_2_2,4_2_3,4_3_0,4_3_1,4_3_10,4_3_11,4_3_2,4_3_3,4_3_4,4_3_5,4_3_6,4_3_7,4_3_8,4_3_9,4_4_0,4_4_1,4_4_2,4_4_3,4_4_4,4_4_5,4_4_6,4_cvs,5_0_0,5_0_1,5_0_2,5_0_3,5_1_0,5_1_1,5_1_2,5_1_3,5_1_4,5_1_5,5_1_6,5_2_0,5_2_1,5_cvs</ver>
</PHPModuleRef><PHPModuleRef>
<t>msql_listtables</t>
<mn>msql</mn>
<ft>A</ft>
<af>msql_list_tables</af>
<ver>4_0_0,4_0_1,4_0_2,4_0_3,4_0_4,4_0_5,4_0_6,4_1_0,4_1_1,4_1_2,4_2_0,4_2_1,4_2_2,4_2_3,4_3_0,4_3_1,4_3_10,4_3_11,4_3_2,4_3_3,4_3_4,4_3_5,4_3_6,4_3_7,4_3_8,4_3_9,4_4_0,4_4_1,4_4_2,4_4_3,4_4_4,4_4_5,4_4_6,4_cvs,5_0_0,5_0_1,5_0_2,5_0_3,5_1_0,5_1_1,5_1_2,5_1_3,5_1_4,5_1_5,5_1_6,5_2_0,5_2_1,5_cvs</ver>
</PHPModuleRef><PHPModuleRef>
<t>msql_list_dbs</t>
<mn>msql</mn>
<ft>F</ft>
<ver>4_0_0,4_0_1,4_0_2,4_0_3,4_0_4,4_0_5,4_0_6,4_1_0,4_1_1,4_1_2,4_2_0,4_2_1,4_2_2,4_2_3,4_3_0,4_3_1,4_3_10,4_3_11,4_3_2,4_3_3,4_3_4,4_3_5,4_3_6,4_3_7,4_3_8,4_3_9,4_4_0,4_4_1,4_4_2,4_4_3,4_4_4,4_4_5,4_4_6,4_cvs,5_0_0,5_0_1,5_0_2,5_0_3,5_1_0,5_1_1,5_1_2,5_1_3,5_1_4,5_1_5,5_1_6,5_2_0,5_2_1,5_cvs</ver>
<p4>int msql_list_dbs([int link_identifier])</p4>
<p4d>List databases available on an mSQL server </p4d>
<p5>resource msql_list_dbs([resource link_identifier])</p5>
<p5d>List databases available on an mSQL server </p5d>
<texts><text><lng>de</lng>
<d>Listet alle mSQL Datenbanken auf dem Server auf</d>
</text><text><lng>en</lng>
<d>List mSQL databases on server</d>
</text><text><lng>es</lng>
<d>lista las bases de datos mSQL en el servidor</d>
</text></texts></PHPModuleRef><PHPModuleRef>
<t>msql_list_fields</t>
<mn>msql</mn>
<ft>F</ft>
<ver>4_0_0,4_0_1,4_0_2,4_0_3,4_0_4,4_0_5,4_0_6,4_1_0,4_1_1,4_1_2,4_2_0,4_2_1,4_2_2,4_2_3,4_3_0,4_3_1,4_3_10,4_3_11,4_3_2,4_3_3,4_3_4,4_3_5,4_3_6,4_3_7,4_3_8,4_3_9,4_4_0,4_4_1,4_4_2,4_4_3,4_4_4,4_4_5,4_4_6,4_cvs,5_0_0,5_0_1,5_0_2,5_0_3,5_1_0,5_1_1,5_1_2,5_1_3,5_1_4,5_1_5,5_1_6,5_2_0,5_2_1,5_cvs</ver>
<p4>int msql_list_fields(string database_name, string table_name [, int link_identifier])</p4>
<p4d>List mSQL result fields </p4d>
<p5>resource msql_list_fields(string database_name, string table_name [, resource link_identifier])</p5>
<p5d>List mSQL result fields </p5d>
<texts><text><lng>de</lng>
<d>Listet alle Felder einer Tabelle auf</d>
</text><text><lng>en</lng>
<d>List result fields</d>
</text><text><lng>es</lng>
<d>lista los campos del resultado</d>
</text></texts></PHPModuleRef><PHPModuleRef>
<t>msql_list_tables</t>
<mn>msql</mn>
<ft>F</ft>
<ver>4_0_0,4_0_1,4_0_2,4_0_3,4_0_4,4_0_5,4_0_6,4_1_0,4_1_1,4_1_2,4_2_0,4_2_1,4_2_2,4_2_3,4_3_0,4_3_1,4_3_10,4_3_11,4_3_2,4_3_3,4_3_4,4_3_5,4_3_6,4_3_7,4_3_8,4_3_9,4_4_0,4_4_1,4_4_2,4_4_3,4_4_4,4_4_5,4_4_6,4_cvs,5_0_0,5_0_1,5_0_2,5_0_3,5_1_0,5_1_1,5_1_2,5_1_3,5_1_4,5_1_5,5_1_6,5_2_0,5_2_1,5_cvs</ver>
<p4>int msql_list_tables(string database_name [, int link_identifier])</p4>
<p4d>List tables in an mSQL database </p4d>
<p5>resource msql_list_tables(string database_name [, resource link_identifier])</p5>
<p5d>List tables in an mSQL database </p5d>
<texts><text><lng>de</lng>
<d>Listet alle Tabellen einer mSQL-Datenbank auf</d>
</text><text><lng>en</lng>
<d>List tables in an mSQL database</d>
</text><text><lng>es</lng>
<d>lista las tablas de una base de datos mSQL</d>
</text></texts></PHPModuleRef><PHPModuleRef>
<t>msql_numfields</t>
<mn>msql</mn>
<ft>A</ft>
<af>msql_num_fields</af>
<ver>4_0_0,4_0_1,4_0_2,4_0_3,4_0_4,4_0_5,4_0_6,4_1_0,4_1_1,4_1_2,4_2_0,4_2_1,4_2_2,4_2_3,4_3_0,4_3_1,4_3_10,4_3_11,4_3_2,4_3_3,4_3_4,4_3_5,4_3_6,4_3_7,4_3_8,4_3_9,4_4_0,4_4_1,4_4_2,4_4_3,4_4_4,4_4_5,4_4_6,4_cvs,5_0_0,5_0_1,5_0_2,5_0_3,5_1_0,5_1_1,5_1_2,5_1_3,5_1_4,5_1_5,5_1_6,5_2_0,5_2_1,5_cvs</ver>
</PHPModuleRef><PHPModuleRef>
<t>msql_numrows</t>
<mn>msql</mn>
<ft>A</ft>
<af>msql_num_rows</af>
<ver>4_0_0,4_0_1,4_0_2,4_0_3,4_0_4,4_0_5,4_0_6,4_1_0,4_1_1,4_1_2,4_2_0,4_2_1,4_2_2,4_2_3,4_3_0,4_3_1,4_3_10,4_3_11,4_3_2,4_3_3,4_3_4,4_3_5,4_3_6,4_3_7,4_3_8,4_3_9,4_4_0,4_4_1,4_4_2,4_4_3,4_4_4,4_4_5,4_4_6,4_cvs,5_0_0,5_0_1,5_0_2,5_0_3,5_1_0,5_1_1,5_1_2,5_1_3,5_1_4,5_1_5,5_1_6,5_2_0,5_2_1,5_cvs</ver>
</PHPModuleRef><PHPModuleRef>
<t>msql_num_fields</t>
<mn>msql</mn>
<ft>F</ft>
<ver>4_0_0,4_0_1,4_0_2,4_0_3,4_0_4,4_0_5,4_0_6,4_1_0,4_1_1,4_1_2,4_2_0,4_2_1,4_2_2,4_2_3,4_3_0,4_3_1,4_3_10,4_3_11,4_3_2,4_3_3,4_3_4,4_3_5,4_3_6,4_3_7,4_3_8,4_3_9,4_4_0,4_4_1,4_4_2,4_4_3,4_4_4,4_4_5,4_4_6,4_cvs,5_0_0,5_0_1,5_0_2,5_0_3,5_1_0,5_1_1,5_1_2,5_1_3,5_1_4,5_1_5,5_1_6,5_2_0,5_2_1,5_cvs</ver>
<p4>int msql_num_fields(int query)</p4>
<p4d>Get number of fields in a result </p4d>
<p5>int msql_num_fields(resource query)</p5>
<p5d>Get number of fields in a result </p5d>
<texts><text><lng>de</lng>
<d>Gibt die Anzahl der Felder in einem Abfrageergebnis zurück</d>
</text><text><lng>en</lng>
<d>Get number of fields in result</d>
</text><text><lng>es</lng>
<d>obtiene el número de campos de un resultado</d>
</text></texts></PHPModuleRef><PHPModuleRef>
<t>msql_num_rows</t>
<mn>msql</mn>
<ft>F</ft>
<ver>4_0_0,4_0_1,4_0_2,4_0_3,4_0_4,4_0_5,4_0_6,4_1_0,4_1_1,4_1_2,4_2_0,4_2_1,4_2_2,4_2_3,4_3_0,4_3_1,4_3_10,4_3_11,4_3_2,4_3_3,4_3_4,4_3_5,4_3_6,4_3_7,4_3_8,4_3_9,4_4_0,4_4_1,4_4_2,4_4_3,4_4_4,4_4_5,4_4_6,4_cvs,5_0_0,5_0_1,5_0_2,5_0_3,5_1_0,5_1_1,5_1_2,5_1_3,5_1_4,5_1_5,5_1_6,5_2_0,5_2_1,5_cvs</ver>
<p4>int msql_num_rows(int query)</p4>
<p4d>Get number of rows in a result </p4d>
<p5>int msql_num_rows(resource query)</p5>
<p5d>Get number of rows in a result </p5d>
<texts><text><lng>de</lng>
<d>Gibt die Anzahl der Zeilen in einem Abfrageergebnis zurück</d>
</text><text><lng>en</lng>
<d>Get number of rows in result</d>
</text><text><lng>es</lng>
<d>obtiene el número de filas de un resultado</d>
</text></texts></PHPModuleRef><PHPModuleRef>
<t>msql_pconnect</t>
<mn>msql</mn>
<ft>F</ft>
<ver>4_0_0,4_0_1,4_0_2,4_0_3,4_0_4,4_0_5,4_0_6,4_1_0,4_1_1,4_1_2,4_2_0,4_2_1,4_2_2,4_2_3,4_3_0,4_3_1,4_3_10,4_3_11,4_3_2,4_3_3,4_3_4,4_3_5,4_3_6,4_3_7,4_3_8,4_3_9,4_4_0,4_4_1,4_4_2,4_4_3,4_4_4,4_4_5,4_4_6,4_cvs,5_0_0,5_0_1,5_0_2,5_0_3,5_1_0,5_1_1,5_1_2,5_1_3,5_1_4,5_1_5,5_1_6,5_2_0,5_2_1,5_cvs</ver>
<p4>int msql_pconnect([string hostname[:port]] [, string username] [, string password])</p4>
<p4d>Open a persistent connection to an mSQL Server </p4d>
<p5>int msql_pconnect([string hostname[:port]] [, string username] [, string password])</p5>
<p5d>Open a persistent connection to an mSQL Server </p5d>
<texts><text><lng>de</lng>
<d>Öffnet eine persistente mSQL Verbindung</d>
</text><text><lng>en</lng>
<d>Open persistent mSQL connection</d>
</text><text><lng>es</lng>
<d>abre una conexión mSQL persistente</d>
</text></texts></PHPModuleRef><PHPModuleRef>
<t>msql_query</t>
<mn>msql</mn>
<ft>F</ft>
<ver>4_0_0,4_0_1,4_0_2,4_0_3,4_0_4,4_0_5,4_0_6,4_1_0,4_1_1,4_1_2,4_2_0,4_2_1,4_2_2,4_2_3,4_3_0,4_3_1,4_3_10,4_3_11,4_3_2,4_3_3,4_3_4,4_3_5,4_3_6,4_3_7,4_3_8,4_3_9,4_4_0,4_4_1,4_4_2,4_4_3,4_4_4,4_4_5,4_4_6,4_cvs,5_0_0,5_0_1,5_0_2,5_0_3,5_1_0,5_1_1,5_1_2,5_1_3,5_1_4,5_1_5,5_1_6,5_2_0,5_2_1,5_cvs</ver>
<p4>int msql_query(string query [, int link_identifier])</p4>
<p4d>Send an SQL query to mSQL </p4d>
<p5>resource msql_query(string query [, resource link_identifier])</p5>
<p5d>Send an SQL query to mSQL </p5d>
<texts><text><lng>de</lng>
<d>Schickt eine mSQL-Abfrage zum Server</d>
</text><text><lng>en</lng>
<d>Send mSQL query</d>
</text><text><lng>es</lng>
<d>envía una consulta mSQL</d>
</text></texts></PHPModuleRef><PHPModuleRef>
<t>msql_regcase</t>
<mn>msql</mn>
<ft>A</ft>
<af>sql_regcase</af>
<ver>4_0_0,4_0_1,4_0_2,4_0_3,4_0_4,4_0_5,4_0_6,4_1_0,4_1_1,4_1_2,4_2_0,4_2_1,4_2_2,4_2_3,4_3_0,4_3_1,4_3_10,4_3_11,4_3_2,4_3_3,4_3_4,4_3_5,4_3_6,4_3_7,4_3_8,4_3_9,4_4_0,4_4_1,4_4_2,4_4_3,4_4_4,4_4_5,4_4_6,4_cvs,5_0_0,5_0_1,5_0_2,5_0_3,5_1_0,5_1_1,5_1_2,5_1_3,5_1_4,5_1_5,5_1_6,5_2_0,5_2_1,5_cvs</ver>
</PHPModuleRef><PHPModuleRef>
<t>msql_result</t>
<mn>msql</mn>
<ft>F</ft>
<ver>4_0_0,4_0_1,4_0_2,4_0_3,4_0_4,4_0_5,4_0_6,4_1_0,4_1_1,4_1_2,4_2_0,4_2_1,4_2_2,4_2_3,4_3_0,4_3_1,4_3_10,4_3_11,4_3_2,4_3_3,4_3_4,4_3_5,4_3_6,4_3_7,4_3_8,4_3_9,4_4_0,4_4_1,4_4_2,4_4_3,4_4_4,4_4_5,4_4_6,4_cvs,5_0_0,5_0_1,5_0_2,5_0_3,5_1_0,5_1_1,5_1_2,5_1_3,5_1_4,5_1_5,5_1_6,5_2_0,5_2_1,5_cvs</ver>
<p4>int msql_result(int query, int row [, mixed field])</p4>
<p4d>Get result data </p4d>
<p5>string msql_result(int query, int row [, mixed field])</p5>
<p5d>Get result data </p5d>
<texts><text><lng>de</lng>
<d>Holt den Wert eines einzelnen Feldes</d>
</text><text><lng>en</lng>
<d>Get result data</d>
</text><text><lng>es</lng>
<d>obtiene datos resultado</d>
</text></texts></PHPModuleRef><PHPModuleRef>
<t>msql_selectdb</t>
<mn>msql</mn>
<ft>A</ft>
<af>msql_select_db</af>
<ver>4_0_0,4_0_1,4_0_2,4_0_3,4_0_4,4_0_5,4_0_6,4_1_0,4_1_1,4_1_2,4_2_0,4_2_1,4_2_2,4_2_3,4_3_0,4_3_1,4_3_10,4_3_11,4_3_2,4_3_3,4_3_4,4_3_5,4_3_6,4_3_7,4_3_8,4_3_9,4_4_0,4_4_1,4_4_2,4_4_3,4_4_4,4_4_5,4_4_6,4_cvs,5_0_0,5_0_1,5_0_2,5_0_3,5_1_0,5_1_1,5_1_2,5_1_3,5_1_4,5_1_5,5_1_6,5_2_0,5_2_1,5_cvs</ver>
</PHPModuleRef><PHPModuleRef>
<t>msql_select_db</t>
<mn>msql</mn>
<ft>F</ft>
<ver>4_0_0,4_0_1,4_0_2,4_0_3,4_0_4,4_0_5,4_0_6,4_1_0,4_1_1,4_1_2,4_2_0,4_2_1,4_2_2,4_2_3,4_3_0,4_3_1,4_3_10,4_3_11,4_3_2,4_3_3,4_3_4,4_3_5,4_3_6,4_3_7,4_3_8,4_3_9,4_4_0,4_4_1,4_4_2,4_4_3,4_4_4,4_4_5,4_4_6,4_cvs,5_0_0,5_0_1,5_0_2,5_0_3,5_1_0,5_1_1,5_1_2,5_1_3,5_1_4,5_1_5,5_1_6,5_2_0,5_2_1,5_cvs</ver>
<p4>int msql_select_db(string database_name [, int link_identifier])</p4>
<p4d>Select an mSQL database </p4d>
<p5>bool msql_select_db(string database_name [, resource link_identifier])</p5>
<p5d>Select an mSQL database </p5d>
<texts><text><lng>de</lng>
<d>Wählt eine mSQL Datenbank aus</d>
</text><text><lng>en</lng>
<d>Select mSQL database</d>
</text><text><lng>es</lng>
<d>selecciona una base de datos mSQL</d>
</text></texts></PHPModuleRef><PHPModuleRef>
<t>msql_tablename</t>
<mn>msql</mn>
<ft>A</ft>
<af>msql_result</af>
<ver>4_0_0,4_0_1,4_0_2,4_0_3,4_0_4,4_0_5,4_0_6,4_1_0,4_1_1,4_1_2,4_2_0,4_2_1,4_2_2,4_2_3,4_3_0,4_3_1,4_3_10,4_3_11,4_3_2,4_3_3,4_3_4,4_3_5,4_3_6,4_3_7,4_3_8,4_3_9,4_4_0,4_4_1,4_4_2,4_4_3,4_4_4,4_4_5,4_4_6,4_cvs,5_0_0,5_0_1,5_0_2,5_0_3,5_1_0,5_1_1,5_1_2,5_1_3,5_1_4,5_1_5,5_1_6,5_2_0,5_2_1,5_cvs</ver>
</PHPModuleRef><PHPModuleRef>
<t>MSQL_ASSOC</t>
<mn>msql</mn>
<ft>C</ft>
<p4>integer MSQL_ASSOC</p4>
<p5>integer MSQL_ASSOC</p5>
</PHPModuleRef><PHPModuleRef>
<t>MSQL_BOTH</t>
<mn>msql</mn>
<ft>C</ft>
<p4>integer MSQL_BOTH</p4>
<p5>integer MSQL_BOTH</p5>
</PHPModuleRef><PHPModuleRef>
<t>MSQL_NUM</t>
<mn>msql</mn>
<ft>C</ft>
<p4>integer MSQL_NUM</p4>
<p5>integer MSQL_NUM</p5>
</PHPModuleRef></PHPModuleRef-List>
