<?xml version="1.0" encoding="utf-8"?>
<PHPModuleRef-List>
<PHPModuleRef>
<t>mssql_bind</t>
<mn>mssql</mn>
<ft>F</ft>
<ver>4_1_0,4_1_1,4_1_2,4_2_0,4_2_1,4_2_2,4_2_3,4_3_0,4_3_1,4_3_10,4_3_11,4_3_2,4_3_3,4_3_4,4_3_5,4_3_6,4_3_7,4_3_8,4_3_9,4_4_0,4_4_1,4_4_2,4_4_3,4_4_4,4_4_5,4_4_6,4_cvs,5_0_0,5_0_1,5_0_2,5_0_3,5_1_0,5_1_1,5_1_2,5_1_3,5_1_4,5_1_5,5_1_6,5_2_0,5_2_1,5_cvs</ver>
<p4>bool mssql_bind(resource stmt, string param_name, mixed var, int type </p4>
<p4d>[, int is_output[, int is_null[, int maxlen]]]) Adds a parameter to a stored procedure or a remote stored procedure  </p4d>
<p5>bool mssql_bind(resource stmt, string param_name, mixed var, int type [, int is_output [, int is_nul</p5>
<p5d>Adds a parameter to a stored procedure or a remote stored procedure  </p5d>
<texts><text><lng>de</lng>
<d>Fügt einer Stored Procedure oder einer Remote Stored Procedure einen Parameter hinzu</d>
</text><text><lng>en</lng>
<d>Adds a parameter to a stored procedure or a remote stored procedure</d>
</text></texts></PHPModuleRef><PHPModuleRef>
<t>mssql_close</t>
<mn>mssql</mn>
<ft>F</ft>
<ver>4_0_0,4_0_1,4_0_2,4_0_3,4_0_4,4_0_5,4_0_6,4_1_0,4_1_1,4_1_2,4_2_0,4_2_1,4_2_2,4_2_3,4_3_0,4_3_1,4_3_10,4_3_11,4_3_2,4_3_3,4_3_4,4_3_5,4_3_6,4_3_7,4_3_8,4_3_9,4_4_0,4_4_1,4_4_2,4_4_3,4_4_4,4_4_5,4_4_6,4_cvs,5_0_0,5_0_1,5_0_2,5_0_3,5_1_0,5_1_1,5_1_2,5_1_3,5_1_4,5_1_5,5_1_6,5_2_0,5_2_1,5_cvs</ver>
<p4>bool mssql_close([resource conn_id])</p4>
<p4d>Closes a connection to a MS-SQL server </p4d>
<p5>bool mssql_close([resource conn_id])</p5>
<p5d>Closes a connection to a MS-SQL server </p5d>
<texts><text><lng>de</lng>
<d>Schließt die Verbindung zum MS SQL Server</d>
</text><text><lng>en</lng>
<d>Close MS SQL Server connection</d>
</text><text><lng>es</lng>
<d>cierra una conexión con MS SQL Server</d>
</text></texts></PHPModuleRef><PHPModuleRef>
<t>mssql_connect</t>
<mn>mssql</mn>
<ft>F</ft>
<ver>4_0_0,4_0_1,4_0_2,4_0_3,4_0_4,4_0_5,4_0_6,4_1_0,4_1_1,4_1_2,4_2_0,4_2_1,4_2_2,4_2_3,4_3_0,4_3_1,4_3_10,4_3_11,4_3_2,4_3_3,4_3_4,4_3_5,4_3_6,4_3_7,4_3_8,4_3_9,4_4_0,4_4_1,4_4_2,4_4_3,4_4_4,4_4_5,4_4_6,4_cvs,5_0_0,5_0_1,5_0_2,5_0_3,5_1_0,5_1_1,5_1_2,5_1_3,5_1_4,5_1_5,5_1_6,5_2_0,5_2_1,5_cvs</ver>
<p4>int mssql_connect([string servername [, string username [, string password [, bool new_link]]]])</p4>
<p4d>Establishes a connection to a MS-SQL server </p4d>
<p5>int mssql_connect([string servername [, string username [, string password [, bool new_link]]]])</p5>
<p5d>Establishes a connection to a MS-SQL server </p5d>
<texts><text><lng>de</lng>
<d>Baut eine Verbindung zum MS SQL Server auf</d>
</text><text><lng>en</lng>
<d>Open MS SQL server connection</d>
</text><text><lng>es</lng>
<d>Abrir una conexión con MS SQL server</d>
</text></texts></PHPModuleRef><PHPModuleRef>
<t>mssql_data_seek</t>
<mn>mssql</mn>
<ft>F</ft>
<ver>4_0_0,4_0_1,4_0_2,4_0_3,4_0_4,4_0_5,4_0_6,4_1_0,4_1_1,4_1_2,4_2_0,4_2_1,4_2_2,4_2_3,4_3_0,4_3_1,4_3_10,4_3_11,4_3_2,4_3_3,4_3_4,4_3_5,4_3_6,4_3_7,4_3_8,4_3_9,4_4_0,4_4_1,4_4_2,4_4_3,4_4_4,4_4_5,4_4_6,4_cvs,5_0_0,5_0_1,5_0_2,5_0_3,5_1_0,5_1_1,5_1_2,5_1_3,5_1_4,5_1_5,5_1_6,5_2_0,5_2_1,5_cvs</ver>
<p4>bool mssql_data_seek(resource result_id, int offset)</p4>
<p4d>Moves the internal row pointer of the MS-SQL result associated with the specified result identifier to pointer to the specified row number </p4d>
<p5>bool mssql_data_seek(resource result_id, int offset)</p5>
<p5d>Moves the internal row pointer of the MS-SQL result associated with the specified result identifier to pointer to the specified row number </p5d>
<texts><text><lng>de</lng>
<d>Bewegt den internen Datensatzzeiger</d>
</text><text><lng>en</lng>
<d>Moves internal row pointer</d>
</text><text><lng>es</lng>
<d>mueve el puntero interno de las filas</d>
</text></texts></PHPModuleRef><PHPModuleRef>
<t>mssql_execute</t>
<mn>mssql</mn>
<ft>F</ft>
<ver>4_1_0,4_1_1,4_1_2,4_2_0,4_2_1,4_2_2,4_2_3,4_3_0,4_3_1,4_3_10,4_3_11,4_3_2,4_3_3,4_3_4,4_3_5,4_3_6,4_3_7,4_3_8,4_3_9,4_4_0,4_4_1,4_4_2,4_4_3,4_4_4,4_4_5,4_4_6,4_cvs,5_0_0,5_0_1,5_0_2,5_0_3,5_1_0,5_1_1,5_1_2,5_1_3,5_1_4,5_1_5,5_1_6,5_2_0,5_2_1,5_cvs</ver>
<p4>mixed mssql_execute(resource stmt [, bool skip_results = false])</p4>
<p4d>Executes a stored procedure on a MS-SQL server database </p4d>
<p5>mixed mssql_execute(resource stmt [, bool skip_results = false])</p5>
<p5d>Executes a stored procedure on a MS-SQL server database </p5d>
<texts><text><lng>de</lng>
<d>Führt eine Stored Procedure in einer MS SQL-Datenbank aus</d>
</text><text><lng>en</lng>
<d>Executes a stored procedure on a MS SQL server database</d>
</text></texts></PHPModuleRef><PHPModuleRef>
<t>mssql_fetch_array</t>
<mn>mssql</mn>
<ft>F</ft>
<ver>4_0_0,4_0_1,4_0_2,4_0_3,4_0_4,4_0_5,4_0_6,4_1_0,4_1_1,4_1_2,4_2_0,4_2_1,4_2_2,4_2_3,4_3_0,4_3_1,4_3_10,4_3_11,4_3_2,4_3_3,4_3_4,4_3_5,4_3_6,4_3_7,4_3_8,4_3_9,4_4_0,4_4_1,4_4_2,4_4_3,4_4_4,4_4_5,4_4_6,4_cvs,5_0_0,5_0_1,5_0_2,5_0_3,5_1_0,5_1_1,5_1_2,5_1_3,5_1_4,5_1_5,5_1_6,5_2_0,5_2_1,5_cvs</ver>
<p4>array mssql_fetch_array(resource result_id [, int result_type])</p4>
<p4d>Returns an associative array of the current row in the result set specified by result_id </p4d>
<p5>array mssql_fetch_array(resource result_id [, int result_type])</p5>
<p5d>Returns an associative array of the current row in the result set specified by result_id </p5d>
<texts><text><lng>de</lng>
<d>Liefert einen Ergebnis-Datensatz als assoziatives Array, als numerisches Array oder beides</d>
</text><text><lng>en</lng>
<d>Fetch a result row as an associative array, a numeric array, or both</d>
</text><text><lng>es</lng>
<d>Captura la fila en un array</d>
</text></texts></PHPModuleRef><PHPModuleRef>
<t>mssql_fetch_assoc</t>
<mn>mssql</mn>
<ft>F</ft>
<ver>4_2_0,4_2_1,4_2_2,4_2_3,4_3_0,4_3_1,4_3_10,4_3_11,4_3_2,4_3_3,4_3_4,4_3_5,4_3_6,4_3_7,4_3_8,4_3_9,4_4_0,4_4_1,4_4_2,4_4_3,4_4_4,4_4_5,4_4_6,4_cvs,5_0_0,5_0_1,5_0_2,5_0_3,5_1_0,5_1_1,5_1_2,5_1_3,5_1_4,5_1_5,5_1_6,5_2_0,5_2_1,5_cvs</ver>
<p4>array mssql_fetch_assoc(resource result_id)</p4>
<p4d>Returns an associative array of the current row in the result set specified by result_id </p4d>
<p5>array mssql_fetch_assoc(resource result_id)</p5>
<p5d>Returns an associative array of the current row in the result set specified by result_id </p5d>
<texts><text><lng>de</lng>
<d>Liefert ein assoziatives Array des aktuellen Datensatzes aus dem Ergebnis, das durch die Ergebniskennung bestimmt ist</d>
</text><text><lng>en</lng>
<d>Returns an associative array of the current row in the result</d>
</text></texts></PHPModuleRef><PHPModuleRef>
<t>mssql_fetch_batch</t>
<mn>mssql</mn>
<ft>F</ft>
<ver>4_0_4,4_0_5,4_0_6,4_1_0,4_1_1,4_1_2,4_2_0,4_2_1,4_2_2,4_2_3,4_3_0,4_3_1,4_3_10,4_3_11,4_3_2,4_3_3,4_3_4,4_3_5,4_3_6,4_3_7,4_3_8,4_3_9,4_4_0,4_4_1,4_4_2,4_4_3,4_4_4,4_4_5,4_4_6,4_cvs,5_0_0,5_0_1,5_0_2,5_0_3,5_1_0,5_1_1,5_1_2,5_1_3,5_1_4,5_1_5,5_1_6,5_2_0,5_2_1,5_cvs</ver>
<p4>int mssql_fetch_batch(resource result_index)</p4>
<p4d>Returns the next batch of records </p4d>
<p5>int mssql_fetch_batch(resource result_index)</p5>
<p5d>Returns the next batch of records </p5d>
<texts><text><lng>de</lng>
<d>Liefert den nächsten Stapel von Datensätzen</d>
</text><text><lng>en</lng>
<d>Returns the next batch of records</d>
</text></texts></PHPModuleRef><PHPModuleRef>
<t>mssql_fetch_field</t>
<mn>mssql</mn>
<ft>F</ft>
<ver>4_0_0,4_0_1,4_0_2,4_0_3,4_0_4,4_0_5,4_0_6,4_1_0,4_1_1,4_1_2,4_2_0,4_2_1,4_2_2,4_2_3,4_3_0,4_3_1,4_3_10,4_3_11,4_3_2,4_3_3,4_3_4,4_3_5,4_3_6,4_3_7,4_3_8,4_3_9,4_4_0,4_4_1,4_4_2,4_4_3,4_4_4,4_4_5,4_4_6,4_cvs,5_0_0,5_0_1,5_0_2,5_0_3,5_1_0,5_1_1,5_1_2,5_1_3,5_1_4,5_1_5,5_1_6,5_2_0,5_2_1,5_cvs</ver>
<p4>object mssql_fetch_field(resource result_id [, int offset])</p4>
<p4d>Gets information about certain fields in a query result </p4d>
<p5>object mssql_fetch_field(resource result_id [, int offset])</p5>
<p5d>Gets information about certain fields in a query result </p5d>
<texts><text><lng>de</lng>
<d>Liefert Informationenüber ein Feld</d>
</text><text><lng>en</lng>
<d>Get field information</d>
</text><text><lng>es</lng>
<d>obtiene la información de los campos</d>
</text></texts></PHPModuleRef><PHPModuleRef>
<t>mssql_fetch_object</t>
<mn>mssql</mn>
<ft>F</ft>
<ver>4_0_0,4_0_1,4_0_2,4_0_3,4_0_4,4_0_5,4_0_6,4_1_0,4_1_1,4_1_2,4_2_0,4_2_1,4_2_2,4_2_3,4_3_0,4_3_1,4_3_10,4_3_11,4_3_2,4_3_3,4_3_4,4_3_5,4_3_6,4_3_7,4_3_8,4_3_9,4_4_0,4_4_1,4_4_2,4_4_3,4_4_4,4_4_5,4_4_6,4_cvs,5_0_0,5_0_1,5_0_2,5_0_3,5_1_0,5_1_1,5_1_2,5_1_3,5_1_4,5_1_5,5_1_6,5_2_0,5_2_1,5_cvs</ver>
<p4>object mssql_fetch_object(resource result_id [, int result_type])</p4>
<p4d>Returns a psuedo-object of the current row in the result set specified by result_id </p4d>
<p5>object mssql_fetch_object(resource result_id [, int result_type])</p5>
<p5d>Returns a psuedo-object of the current row in the result set specified by result_id </p5d>
<texts><text><lng>de</lng>
<d>Liefert einen Datensatz als Objekt</d>
</text><text><lng>en</lng>
<d>Fetch row as object</d>
</text><text><lng>es</lng>
<d>captura la fila como un objeto</d>
</text></texts></PHPModuleRef><PHPModuleRef>
<t>mssql_fetch_row</t>
<mn>mssql</mn>
<ft>F</ft>
<ver>4_0_0,4_0_1,4_0_2,4_0_3,4_0_4,4_0_5,4_0_6,4_1_0,4_1_1,4_1_2,4_2_0,4_2_1,4_2_2,4_2_3,4_3_0,4_3_1,4_3_10,4_3_11,4_3_2,4_3_3,4_3_4,4_3_5,4_3_6,4_3_7,4_3_8,4_3_9,4_4_0,4_4_1,4_4_2,4_4_3,4_4_4,4_4_5,4_4_6,4_cvs,5_0_0,5_0_1,5_0_2,5_0_3,5_1_0,5_1_1,5_1_2,5_1_3,5_1_4,5_1_5,5_1_6,5_2_0,5_2_1,5_cvs</ver>
<p4>array mssql_fetch_row(resource result_id)</p4>
<p4d>Returns an array of the current row in the result set specified by result_id </p4d>
<p5>array mssql_fetch_row(resource result_id)</p5>
<p5d>Returns an array of the current row in the result set specified by result_id </p5d>
<texts><text><lng>de</lng>
<d>Liefert einen Datensatz als indiziertes Array</d>
</text><text><lng>en</lng>
<d>Get row as enumerated array</d>
</text><text><lng>es</lng>
<d>obtiene la fila como un array numerado</d>
</text></texts></PHPModuleRef><PHPModuleRef>
<t>mssql_field_length</t>
<mn>mssql</mn>
<ft>F</ft>
<ver>4_0_0,4_0_1,4_0_2,4_0_3,4_0_4,4_0_5,4_0_6,4_1_0,4_1_1,4_1_2,4_2_0,4_2_1,4_2_2,4_2_3,4_3_0,4_3_1,4_3_10,4_3_11,4_3_2,4_3_3,4_3_4,4_3_5,4_3_6,4_3_7,4_3_8,4_3_9,4_4_0,4_4_1,4_4_2,4_4_3,4_4_4,4_4_5,4_4_6,4_cvs,5_0_0,5_0_1,5_0_2,5_0_3,5_1_0,5_1_1,5_1_2,5_1_3,5_1_4,5_1_5,5_1_6,5_2_0,5_2_1,5_cvs</ver>
<p4>int mssql_field_length(resource result_id [, int offset])</p4>
<p4d>Get the length of a MS-SQL field </p4d>
<p5>int mssql_field_length(resource result_id [, int offset])</p5>
<p5d>Get the length of a MS-SQL field </p5d>
<texts><text><lng>de</lng>
<d>Liefert die Länge eines Feldes</d>
</text><text><lng>en</lng>
<d>Get the length of a field</d>
</text></texts></PHPModuleRef><PHPModuleRef>
<t>mssql_field_name</t>
<mn>mssql</mn>
<ft>F</ft>
<ver>4_0_0,4_0_1,4_0_2,4_0_3,4_0_4,4_0_5,4_0_6,4_1_0,4_1_1,4_1_2,4_2_0,4_2_1,4_2_2,4_2_3,4_3_0,4_3_1,4_3_10,4_3_11,4_3_2,4_3_3,4_3_4,4_3_5,4_3_6,4_3_7,4_3_8,4_3_9,4_4_0,4_4_1,4_4_2,4_4_3,4_4_4,4_4_5,4_4_6,4_cvs,5_0_0,5_0_1,5_0_2,5_0_3,5_1_0,5_1_1,5_1_2,5_1_3,5_1_4,5_1_5,5_1_6,5_2_0,5_2_1,5_cvs</ver>
<p4>string mssql_field_name(resource result_id [, int offset])</p4>
<p4d>Returns the name of the field given by offset in the result set given by result_id </p4d>
<p5>string mssql_field_name(resource result_id [, int offset])</p5>
<p5d>Returns the name of the field given by offset in the result set given by result_id </p5d>
<texts><text><lng>de</lng>
<d>Liefert den Namen eines Feldes</d>
</text><text><lng>en</lng>
<d>Get the name of a field</d>
</text></texts></PHPModuleRef><PHPModuleRef>
<t>mssql_field_seek</t>
<mn>mssql</mn>
<ft>F</ft>
<ver>4_0_0,4_0_1,4_0_2,4_0_3,4_0_4,4_0_5,4_0_6,4_1_0,4_1_1,4_1_2,4_2_0,4_2_1,4_2_2,4_2_3,4_3_0,4_3_1,4_3_10,4_3_11,4_3_2,4_3_3,4_3_4,4_3_5,4_3_6,4_3_7,4_3_8,4_3_9,4_4_0,4_4_1,4_4_2,4_4_3,4_4_4,4_4_5,4_4_6,4_cvs,5_0_0,5_0_1,5_0_2,5_0_3,5_1_0,5_1_1,5_1_2,5_1_3,5_1_4,5_1_5,5_1_6,5_2_0,5_2_1,5_cvs</ver>
<p4>bool mssql_field_seek(int result_id, int offset)</p4>
<p4d>Seeks to the specified field offset </p4d>
<p5>bool mssql_field_seek(int result_id, int offset)</p5>
<p5d>Seeks to the specified field offset </p5d>
<texts><text><lng>de</lng>
<d>Setzt einen Feld-Offset</d>
</text><text><lng>en</lng>
<d>Seeks to the specified field offset</d>
</text><text><lng>es</lng>
<d>set field offset</d>
</text></texts></PHPModuleRef><PHPModuleRef>
<t>mssql_field_type</t>
<mn>mssql</mn>
<ft>F</ft>
<ver>4_0_0,4_0_1,4_0_2,4_0_3,4_0_4,4_0_5,4_0_6,4_1_0,4_1_1,4_1_2,4_2_0,4_2_1,4_2_2,4_2_3,4_3_0,4_3_1,4_3_10,4_3_11,4_3_2,4_3_3,4_3_4,4_3_5,4_3_6,4_3_7,4_3_8,4_3_9,4_4_0,4_4_1,4_4_2,4_4_3,4_4_4,4_4_5,4_4_6,4_cvs,5_0_0,5_0_1,5_0_2,5_0_3,5_1_0,5_1_1,5_1_2,5_1_3,5_1_4,5_1_5,5_1_6,5_2_0,5_2_1,5_cvs</ver>
<p4>string mssql_field_type(resource result_id [, int offset])</p4>
<p4d>Returns the type of a field </p4d>
<p5>string mssql_field_type(resource result_id [, int offset])</p5>
<p5d>Returns the type of a field </p5d>
<texts><text><lng>de</lng>
<d>Liefert den Typ eines Feldes</d>
</text><text><lng>en</lng>
<d>Gets the type of a field</d>
</text></texts></PHPModuleRef><PHPModuleRef>
<t>mssql_free_result</t>
<mn>mssql</mn>
<ft>F</ft>
<ver>4_0_0,4_0_1,4_0_2,4_0_3,4_0_4,4_0_5,4_0_6,4_1_0,4_1_1,4_1_2,4_2_0,4_2_1,4_2_2,4_2_3,4_3_0,4_3_1,4_3_10,4_3_11,4_3_2,4_3_3,4_3_4,4_3_5,4_3_6,4_3_7,4_3_8,4_3_9,4_4_0,4_4_1,4_4_2,4_4_3,4_4_4,4_4_5,4_4_6,4_cvs,5_0_0,5_0_1,5_0_2,5_0_3,5_1_0,5_1_1,5_1_2,5_1_3,5_1_4,5_1_5,5_1_6,5_2_0,5_2_1,5_cvs</ver>
<p4>bool mssql_free_result(resource result_index)</p4>
<p4d>Free a MS-SQL result index </p4d>
<p5>bool mssql_free_result(resource result_index)</p5>
<p5d>Free a MS-SQL result index </p5d>
<texts><text><lng>de</lng>
<d>Gibt den Ergebnisspeicher frei</d>
</text><text><lng>en</lng>
<d>Free result memory</d>
</text><text><lng>es</lng>
<d>libera de la memoria el resultado de una consulta</d>
</text></texts></PHPModuleRef><PHPModuleRef>
<t>mssql_free_statement</t>
<mn>mssql</mn>
<ft>F</ft>
<ver>4_3_10,4_3_11,4_3_2,4_3_3,4_3_4,4_3_5,4_3_6,4_3_7,4_3_8,4_3_9,4_4_0,4_4_1,4_4_2,4_4_3,4_4_4,4_4_5,4_4_6,4_cvs,5_0_0,5_0_1,5_0_2,5_0_3,5_1_0,5_1_1,5_1_2,5_1_3,5_1_4,5_1_5,5_1_6,5_2_0,5_2_1,5_cvs</ver>
<p4>bool mssql_free_statement(resource result_index)</p4>
<p4d>Free a MS-SQL statement index </p4d>
<p5>bool mssql_free_statement(resource result_index)</p5>
<p5d>Free a MS-SQL statement index </p5d>
<texts><text><lng>de</lng>
<d>Gibt den Anweisungsspeicher frei</d>
</text><text><lng>en</lng>
<d>Free statement memory</d>
</text></texts></PHPModuleRef><PHPModuleRef>
<t>mssql_get_last_message</t>
<mn>mssql</mn>
<ft>F</ft>
<ver>4_0_0,4_0_1,4_0_2,4_0_3,4_0_4,4_0_5,4_0_6,4_1_0,4_1_1,4_1_2,4_2_0,4_2_1,4_2_2,4_2_3,4_3_0,4_3_1,4_3_10,4_3_11,4_3_2,4_3_3,4_3_4,4_3_5,4_3_6,4_3_7,4_3_8,4_3_9,4_4_0,4_4_1,4_4_2,4_4_3,4_4_4,4_4_5,4_4_6,4_cvs,5_0_0,5_0_1,5_0_2,5_0_3,5_1_0,5_1_1,5_1_2,5_1_3,5_1_4,5_1_5,5_1_6,5_2_0,5_2_1,5_cvs</ver>
<p4>string mssql_get_last_message(void)</p4>
<p4d>Gets the last message from the MS-SQL server </p4d>
<p5>string mssql_get_last_message(void)</p5>
<p5d>Gets the last message from the MS-SQL server </p5d>
<texts><text><lng>de</lng>
<d>Gibt die letzte Meldung des Servers zurück</d>
</text><text><lng>en</lng>
<d>Returns the last message from the server</d>
</text></texts></PHPModuleRef><PHPModuleRef>
<t>mssql_guid_string</t>
<mn>mssql</mn>
<ft>F</ft>
<ver>4_1_0,4_1_1,4_1_2,4_2_0,4_2_1,4_2_2,4_2_3,4_3_0,4_3_1,4_3_10,4_3_11,4_3_2,4_3_3,4_3_4,4_3_5,4_3_6,4_3_7,4_3_8,4_3_9,4_4_0,4_4_1,4_4_2,4_4_3,4_4_4,4_4_5,4_4_6,4_cvs,5_0_0,5_0_1,5_0_2,5_0_3,5_1_0,5_1_1,5_1_2,5_1_3,5_1_4,5_1_5,5_1_6,5_2_0,5_2_1,5_cvs</ver>
<p4>string mssql_guid_string(string binary [,int short_format])</p4>
<p4d>Converts a 16 byte binary GUID to a string  </p4d>
<p5>string mssql_guid_string(string binary [,int short_format])</p5>
<p5d>Converts a 16 byte binary GUID to a string  </p5d>
<texts><text><lng>de</lng>
<d>Wandelt eine 16 byte binary GUID in eine Zeichenkette um</d>
</text><text><lng>en</lng>
<d>Converts a 16 byte binary GUID to a string</d>
</text></texts></PHPModuleRef><PHPModuleRef>
<t>mssql_init</t>
<mn>mssql</mn>
<ft>F</ft>
<ver>4_1_0,4_1_1,4_1_2,4_2_0,4_2_1,4_2_2,4_2_3,4_3_0,4_3_1,4_3_10,4_3_11,4_3_2,4_3_3,4_3_4,4_3_5,4_3_6,4_3_7,4_3_8,4_3_9,4_4_0,4_4_1,4_4_2,4_4_3,4_4_4,4_4_5,4_4_6,4_cvs,5_0_0,5_0_1,5_0_2,5_0_3,5_1_0,5_1_1,5_1_2,5_1_3,5_1_4,5_1_5,5_1_6,5_2_0,5_2_1,5_cvs</ver>
<p4>int mssql_init(string sp_name [, resource conn_id])</p4>
<p4d>Initializes a stored procedure or a remote stored procedure  </p4d>
<p5>int mssql_init(string sp_name [, resource conn_id])</p5>
<p5d>Initializes a stored procedure or a remote stored procedure  </p5d>
<texts><text><lng>de</lng>
<d>Initialisiert eine Stored Procedure oder eine Remote Stored Procedure</d>
</text><text><lng>en</lng>
<d>Initializes a stored procedure or a remote stored procedure</d>
</text></texts></PHPModuleRef><PHPModuleRef>
<t>mssql_min_error_severity</t>
<mn>mssql</mn>
<ft>F</ft>
<ver>4_0_0,4_0_1,4_0_2,4_0_3,4_0_4,4_0_5,4_0_6,4_1_0,4_1_1,4_1_2,4_2_0,4_2_1,4_2_2,4_2_3,4_3_0,4_3_1,4_3_10,4_3_11,4_3_2,4_3_3,4_3_4,4_3_5,4_3_6,4_3_7,4_3_8,4_3_9,4_4_0,4_4_1,4_4_2,4_4_3,4_4_4,4_4_5,4_4_6,4_cvs,5_0_0,5_0_1,5_0_2,5_0_3,5_1_0,5_1_1,5_1_2,5_1_3,5_1_4,5_1_5,5_1_6,5_2_0,5_2_1,5_cvs</ver>
<p4>void mssql_min_error_severity(int severity)</p4>
<p4d>Sets the lower error severity </p4d>
<p5>void mssql_min_error_severity(int severity)</p5>
<p5d>Sets the lower error severity </p5d>
<texts><text><lng>de</lng>
<d>Setzt die untere Fehlerschwelle</d>
</text><text><lng>en</lng>
<d>Sets the lower error severity</d>
</text></texts></PHPModuleRef><PHPModuleRef>
<t>mssql_min_message_severity</t>
<mn>mssql</mn>
<ft>F</ft>
<ver>4_0_0,4_0_1,4_0_2,4_0_3,4_0_4,4_0_5,4_0_6,4_1_0,4_1_1,4_1_2,4_2_0,4_2_1,4_2_2,4_2_3,4_3_0,4_3_1,4_3_10,4_3_11,4_3_2,4_3_3,4_3_4,4_3_5,4_3_6,4_3_7,4_3_8,4_3_9,4_4_0,4_4_1,4_4_2,4_4_3,4_4_4,4_4_5,4_4_6,4_cvs,5_0_0,5_0_1,5_0_2,5_0_3,5_1_0,5_1_1,5_1_2,5_1_3,5_1_4,5_1_5,5_1_6,5_2_0,5_2_1,5_cvs</ver>
<p4>void mssql_min_message_severity(int severity)</p4>
<p4d>Sets the lower message severity </p4d>
<p5>void mssql_min_message_severity(int severity)</p5>
<p5d>Sets the lower message severity </p5d>
<texts><text><lng>de</lng>
<d>Setzt die untere Schwelle für Meldungen</d>
</text><text><lng>en</lng>
<d>Sets the lower message severity</d>
</text></texts></PHPModuleRef><PHPModuleRef>
<t>mssql_next_result</t>
<mn>mssql</mn>
<ft>F</ft>
<ver>4_0_5,4_0_6,4_1_0,4_1_1,4_1_2,4_2_0,4_2_1,4_2_2,4_2_3,4_3_0,4_3_1,4_3_10,4_3_11,4_3_2,4_3_3,4_3_4,4_3_5,4_3_6,4_3_7,4_3_8,4_3_9,4_4_0,4_4_1,4_4_2,4_4_3,4_4_4,4_4_5,4_4_6,4_cvs,5_0_0,5_0_1,5_0_2,5_0_3,5_1_0,5_1_1,5_1_2,5_1_3,5_1_4,5_1_5,5_1_6,5_2_0,5_2_1,5_cvs</ver>
<p4>bool mssql_next_result(resource result_id)</p4>
<p4d>Move the internal result pointer to the next result </p4d>
<p5>bool mssql_next_result(resource result_id)</p5>
<p5d>Move the internal result pointer to the next result </p5d>
<texts><text><lng>de</lng>
<d>Bewegt den internen Ergebnis-Zeiger zum nächsten Ergebnis</d>
</text><text><lng>en</lng>
<d>Move the internal result pointer to the next result</d>
</text></texts></PHPModuleRef><PHPModuleRef>
<t>mssql_num_fields</t>
<mn>mssql</mn>
<ft>F</ft>
<ver>4_0_0,4_0_1,4_0_2,4_0_3,4_0_4,4_0_5,4_0_6,4_1_0,4_1_1,4_1_2,4_2_0,4_2_1,4_2_2,4_2_3,4_3_0,4_3_1,4_3_10,4_3_11,4_3_2,4_3_3,4_3_4,4_3_5,4_3_6,4_3_7,4_3_8,4_3_9,4_4_0,4_4_1,4_4_2,4_4_3,4_4_4,4_4_5,4_4_6,4_cvs,5_0_0,5_0_1,5_0_2,5_0_3,5_1_0,5_1_1,5_1_2,5_1_3,5_1_4,5_1_5,5_1_6,5_2_0,5_2_1,5_cvs</ver>
<p4>int mssql_num_fields(resource mssql_result_index)</p4>
<p4d>Returns the number of fields fetched in from the result id specified </p4d>
<p5>int mssql_num_fields(resource mssql_result_index)</p5>
<p5d>Returns the number of fields fetched in from the result id specified </p5d>
<texts><text><lng>de</lng>
<d>Liefert die Anzahl der Felder eines Ergebnisses</d>
</text><text><lng>en</lng>
<d>Gets the number of fields in result</d>
</text><text><lng>es</lng>
<d>obtiene el número de campos de la consulta</d>
</text></texts></PHPModuleRef><PHPModuleRef>
<t>mssql_num_rows</t>
<mn>mssql</mn>
<ft>F</ft>
<ver>4_0_0,4_0_1,4_0_2,4_0_3,4_0_4,4_0_5,4_0_6,4_1_0,4_1_1,4_1_2,4_2_0,4_2_1,4_2_2,4_2_3,4_3_0,4_3_1,4_3_10,4_3_11,4_3_2,4_3_3,4_3_4,4_3_5,4_3_6,4_3_7,4_3_8,4_3_9,4_4_0,4_4_1,4_4_2,4_4_3,4_4_4,4_4_5,4_4_6,4_cvs,5_0_0,5_0_1,5_0_2,5_0_3,5_1_0,5_1_1,5_1_2,5_1_3,5_1_4,5_1_5,5_1_6,5_2_0,5_2_1,5_cvs</ver>
<p4>int mssql_num_rows(resource mssql_result_index)</p4>
<p4d>Returns the number of rows fetched in from the result id specified </p4d>
<p5>int mssql_num_rows(resource mssql_result_index)</p5>
<p5d>Returns the number of rows fetched in from the result id specified </p5d>
<texts><text><lng>de</lng>
<d>Liefert die Anzahl der Datensätze eines Ergebnisses</d>
</text><text><lng>en</lng>
<d>Gets the number of rows in result</d>
</text><text><lng>es</lng>
<d>obtiene el número de filas de la consulta</d>
</text></texts></PHPModuleRef><PHPModuleRef>
<t>mssql_pconnect</t>
<mn>mssql</mn>
<ft>F</ft>
<ver>4_0_0,4_0_1,4_0_2,4_0_3,4_0_4,4_0_5,4_0_6,4_1_0,4_1_1,4_1_2,4_2_0,4_2_1,4_2_2,4_2_3,4_3_0,4_3_1,4_3_10,4_3_11,4_3_2,4_3_3,4_3_4,4_3_5,4_3_6,4_3_7,4_3_8,4_3_9,4_4_0,4_4_1,4_4_2,4_4_3,4_4_4,4_4_5,4_4_6,4_cvs,5_0_0,5_0_1,5_0_2,5_0_3,5_1_0,5_1_1,5_1_2,5_1_3,5_1_4,5_1_5,5_1_6,5_2_0,5_2_1,5_cvs</ver>
<p4>int mssql_pconnect([string servername [, string username [, string password [, bool new_link]]]])</p4>
<p4d>Establishes a persistent connection to a MS-SQL server </p4d>
<p5>int mssql_pconnect([string servername [, string username [, string password [, bool new_link]]]])</p5>
<p5d>Establishes a persistent connection to a MS-SQL server </p5d>
<texts><text><lng>de</lng>
<d>Baut eine persistente MS SQL Verbindung auf</d>
</text><text><lng>en</lng>
<d>Open persistent MS SQL connection</d>
</text><text><lng>es</lng>
<d>abre una conexión persistenete con MS SQL</d>
</text></texts></PHPModuleRef><PHPModuleRef>
<t>mssql_query</t>
<mn>mssql</mn>
<ft>F</ft>
<ver>4_0_0,4_0_1,4_0_2,4_0_3,4_0_4,4_0_5,4_0_6,4_1_0,4_1_1,4_1_2,4_2_0,4_2_1,4_2_2,4_2_3,4_3_0,4_3_1,4_3_10,4_3_11,4_3_2,4_3_3,4_3_4,4_3_5,4_3_6,4_3_7,4_3_8,4_3_9,4_4_0,4_4_1,4_4_2,4_4_3,4_4_4,4_4_5,4_4_6,4_cvs,5_0_0,5_0_1,5_0_2,5_0_3,5_1_0,5_1_1,5_1_2,5_1_3,5_1_4,5_1_5,5_1_6,5_2_0,5_2_1,5_cvs</ver>
<p4>resource mssql_query(string query [, resource conn_id [, int batch_size]])</p4>
<p4d>Perform an SQL query on a MS-SQL server database </p4d>
<p5>resource mssql_query(string query [, resource conn_id [, int batch_size]])</p5>
<p5d>Perform an SQL query on a MS-SQL server database </p5d>
<texts><text><lng>de</lng>
<d>Sendet eine MS SQL Anfrage</d>
</text><text><lng>en</lng>
<d>Send MS SQL query</d>
</text><text><lng>es</lng>
<d>envia una consulta MS SQL</d>
</text></texts></PHPModuleRef><PHPModuleRef>
<t>mssql_result</t>
<mn>mssql</mn>
<ft>F</ft>
<ver>4_0_0,4_0_1,4_0_2,4_0_3,4_0_4,4_0_5,4_0_6,4_1_0,4_1_1,4_1_2,4_2_0,4_2_1,4_2_2,4_2_3,4_3_0,4_3_1,4_3_10,4_3_11,4_3_2,4_3_3,4_3_4,4_3_5,4_3_6,4_3_7,4_3_8,4_3_9,4_4_0,4_4_1,4_4_2,4_4_3,4_4_4,4_4_5,4_4_6,4_cvs,5_0_0,5_0_1,5_0_2,5_0_3,5_1_0,5_1_1,5_1_2,5_1_3,5_1_4,5_1_5,5_1_6,5_2_0,5_2_1,5_cvs</ver>
<p4>string mssql_result(resource result_id, int row, mixed field)</p4>
<p4d>Returns the contents of one cell from a MS-SQL result set </p4d>
<p5>string mssql_result(resource result_id, int row, mixed field)</p5>
<p5d>Returns the contents of one cell from a MS-SQL result set </p5d>
<texts><text><lng>de</lng>
<d>Liefert die bei einer Abfrage gefundenen Daten</d>
</text><text><lng>en</lng>
<d>Get result data</d>
</text><text><lng>es</lng>
<d>get result data</d>
</text></texts></PHPModuleRef><PHPModuleRef>
<t>mssql_rows_affected</t>
<mn>mssql</mn>
<ft>F</ft>
<ver>4_0_4,4_0_5,4_0_6,4_1_0,4_1_1,4_1_2,4_2_0,4_2_1,4_2_2,4_2_3,4_3_0,4_3_1,4_3_10,4_3_11,4_3_2,4_3_3,4_3_4,4_3_5,4_3_6,4_3_7,4_3_8,4_3_9,4_4_0,4_4_1,4_4_2,4_4_3,4_4_4,4_4_5,4_4_6,4_cvs,5_0_0,5_0_1,5_0_2,5_0_3,5_1_0,5_1_1,5_1_2,5_1_3,5_1_4,5_1_5,5_1_6,5_2_0,5_2_1,5_cvs</ver>
<p4>int mssql_rows_affected(resource conn_id)</p4>
<p4d>Returns the number of records affected by the query </p4d>
<p5>int mssql_rows_affected(resource conn_id)</p5>
<p5d>Returns the number of records affected by the query </p5d>
<texts><text><lng>de</lng>
<d>Liefert die Anzahl der von einer Anfrage betroffenen Datensätze</d>
</text><text><lng>en</lng>
<d>Returns the number of records affected by the query</d>
</text></texts></PHPModuleRef><PHPModuleRef>
<t>mssql_select_db</t>
<mn>mssql</mn>
<ft>F</ft>
<ver>4_0_0,4_0_1,4_0_2,4_0_3,4_0_4,4_0_5,4_0_6,4_1_0,4_1_1,4_1_2,4_2_0,4_2_1,4_2_2,4_2_3,4_3_0,4_3_1,4_3_10,4_3_11,4_3_2,4_3_3,4_3_4,4_3_5,4_3_6,4_3_7,4_3_8,4_3_9,4_4_0,4_4_1,4_4_2,4_4_3,4_4_4,4_4_5,4_4_6,4_cvs,5_0_0,5_0_1,5_0_2,5_0_3,5_1_0,5_1_1,5_1_2,5_1_3,5_1_4,5_1_5,5_1_6,5_2_0,5_2_1,5_cvs</ver>
<p4>bool mssql_select_db(string database_name [, resource conn_id])</p4>
<p4d>Select a MS-SQL database </p4d>
<p5>bool mssql_select_db(string database_name [, resource conn_id])</p5>
<p5d>Select a MS-SQL database </p5d>
<texts><text><lng>de</lng>
<d>Wählt eine MS SQL Datenbank aus</d>
</text><text><lng>en</lng>
<d>Select MS SQL database</d>
</text><text><lng>es</lng>
<d>selecciona una base de datos MS SQL</d>
</text></texts></PHPModuleRef><PHPModuleRef>
<t>MSSQL_ASSOC</t>
<mn>mssql</mn>
<ft>C</ft>
<p4>integer MSSQL_ASSOC</p4>
<p5>integer MSSQL_ASSOC</p5>
</PHPModuleRef><PHPModuleRef>
<t>MSSQL_BOTH</t>
<mn>mssql</mn>
<ft>C</ft>
<p4>integer MSSQL_BOTH</p4>
<p5>integer MSSQL_BOTH</p5>
</PHPModuleRef><PHPModuleRef>
<t>MSSQL_NUM</t>
<mn>mssql</mn>
<ft>C</ft>
<p4>integer MSSQL_NUM</p4>
<p5>integer MSSQL_NUM</p5>
</PHPModuleRef><PHPModuleRef>
<t>SQLBIT</t>
<mn>mssql</mn>
<ft>C</ft>
<p4>integer SQLBIT</p4>
<p5>integer SQLBIT</p5>
</PHPModuleRef><PHPModuleRef>
<t>SQLCHAR</t>
<mn>mssql</mn>
<ft>C</ft>
<p4>integer SQLCHAR</p4>
<p5>integer SQLCHAR</p5>
</PHPModuleRef><PHPModuleRef>
<t>SQLFLT8</t>
<mn>mssql</mn>
<ft>C</ft>
<p4>integer SQLFLT8</p4>
<p5>integer SQLFLT8</p5>
</PHPModuleRef><PHPModuleRef>
<t>SQLINT1</t>
<mn>mssql</mn>
<ft>C</ft>
<p4>integer SQLINT1</p4>
<p5>integer SQLINT1</p5>
</PHPModuleRef><PHPModuleRef>
<t>SQLINT2</t>
<mn>mssql</mn>
<ft>C</ft>
<p4>integer SQLINT2</p4>
<p5>integer SQLINT2</p5>
</PHPModuleRef><PHPModuleRef>
<t>SQLINT4</t>
<mn>mssql</mn>
<ft>C</ft>
<p4>integer SQLINT4</p4>
<p5>integer SQLINT4</p5>
</PHPModuleRef><PHPModuleRef>
<t>SQLTEXT</t>
<mn>mssql</mn>
<ft>C</ft>
<p4>integer SQLTEXT</p4>
<p5>integer SQLTEXT</p5>
</PHPModuleRef><PHPModuleRef>
<t>SQLVARCHAR</t>
<mn>mssql</mn>
<ft>C</ft>
<p4>integer SQLVARCHAR</p4>
<p5>integer SQLVARCHAR</p5>
</PHPModuleRef></PHPModuleRef-List>
