<?xml version="1.0" encoding="utf-8"?>
<PHPModuleRef-List>
<PHPModuleRef>
<t>muscat_close</t>
<mn>muscat</mn>
<ft>F</ft>
<ver>4_0_5,4_0_6,4_1_0,4_1_1,4_1_2,4_2_0,4_2_1,4_2_2,4_2_3</ver>
<texts><text><lng>en</lng>
<d>Shuts down the muscat session</d>
</text></texts></PHPModuleRef><PHPModuleRef>
<t>muscat_get</t>
<mn>muscat</mn>
<ft>F</ft>
<ver>4_0_5,4_0_6,4_1_0,4_1_1,4_1_2,4_2_0,4_2_1,4_2_2,4_2_3</ver>
<texts><text><lng>en</lng>
<d>Gets a line back from the core muscat API</d>
</text></texts></PHPModuleRef><PHPModuleRef>
<t>muscat_give</t>
<mn>muscat</mn>
<ft>F</ft>
<ver>4_0_5,4_0_6,4_1_0,4_1_1,4_1_2,4_2_0,4_2_1,4_2_2,4_2_3</ver>
<texts><text><lng>en</lng>
<d>Sends string to the core muscat API</d>
</text></texts></PHPModuleRef><PHPModuleRef>
<t>muscat_setup</t>
<mn>muscat</mn>
<ft>F</ft>
<ver>4_0_5,4_0_6,4_1_0,4_1_1,4_1_2,4_2_0,4_2_1,4_2_2,4_2_3</ver>
<texts><text><lng>en</lng>
<d>Creates a new local muscat session</d>
</text></texts></PHPModuleRef><PHPModuleRef>
<t>muscat_setup_net</t>
<mn>muscat</mn>
<ft>F</ft>
<ver>4_0_5,4_0_6,4_1_0,4_1_1,4_1_2,4_2_0,4_2_1,4_2_2,4_2_3</ver>
<texts><text><lng>en</lng>
<d>Creates a new muscat session</d>
</text></texts></PHPModuleRef></PHPModuleRef-List>
