<?xml version="1.0" encoding="utf-8"?>
<PHPModuleRef-List>
<PHPModuleRef>
<t>mysql</t>
<mn>mysql</mn>
<ft>A</ft>
<af>mysql_db_query</af>
<ver>4_0_0,4_0_1,4_0_2,4_0_3,4_0_4,4_0_5,4_0_6,4_1_0,4_1_1,4_1_2,4_2_0,4_2_1,4_2_2,4_2_3,4_3_0,4_3_1,4_3_10,4_3_11,4_3_2,4_3_3,4_3_4,4_3_5,4_3_6,4_3_7,4_3_8,4_3_9,4_4_0,4_4_1,4_4_2,4_4_3,4_4_4,4_4_5,4_4_6,4_cvs,5_0_0,5_0_1,5_0_2,5_0_3,5_1_0,5_1_1,5_1_2,5_1_3,5_1_4,5_1_5,5_1_6,5_2_0,5_2_1,5_cvs</ver>
</PHPModuleRef><PHPModuleRef>
<t>mysql_affected_rows</t>
<mn>mysql</mn>
<ft>F</ft>
<ver>4_0_0,4_0_1,4_0_2,4_0_3,4_0_4,4_0_5,4_0_6,4_1_0,4_1_1,4_1_2,4_2_0,4_2_1,4_2_2,4_2_3,4_3_0,4_3_1,4_3_10,4_3_11,4_3_2,4_3_3,4_3_4,4_3_5,4_3_6,4_3_7,4_3_8,4_3_9,4_4_0,4_4_1,4_4_2,4_4_3,4_4_4,4_4_5,4_4_6,4_cvs,5_0_0,5_0_1,5_0_2,5_0_3,5_1_0,5_1_1,5_1_2,5_1_3,5_1_4,5_1_5,5_1_6,5_2_0,5_2_1,5_cvs</ver>
<p4>int mysql_affected_rows([int link_identifier])</p4>
<p4d>Gets number of affected rows in previous MySQL operation </p4d>
<p5>int mysql_affected_rows([int link_identifier])</p5>
<p5d>Gets number of affected rows in previous MySQL operation </p5d>
<texts><text><lng>cs</lng>
<d>Vrátí počet ovlivněných (změněných) záznamů v MySQL
    po posledním dotazu</d>
</text><text><lng>da</lng>
<d>Find ud af hvor mange rækker der blev berørt af sidste MySQL kald</d>
</text><text><lng>de</lng>
<d>Liefert die Anzahl betroffener Datensätze einer vorhergehenden
     MySQL Operation</d>
</text><text><lng>en</lng>
<d>Get number of affected rows in previous MySQL operation</d>
</text><text><lng>es</lng>
<d>Devuelve el número de filas afectadas de la última
     operación MySQL</d>
</text></texts></PHPModuleRef><PHPModuleRef>
<t>mysql_client_encoding</t>
<mn>mysql</mn>
<ft>F</ft>
<ver>4_3_0,4_3_1,4_3_10,4_3_11,4_3_2,4_3_3,4_3_4,4_3_5,4_3_6,4_3_7,4_3_8,4_3_9,4_4_0,4_4_1,4_4_2,4_4_3,4_4_4,4_4_5,4_4_6,4_cvs,5_0_0,5_0_1,5_0_2,5_0_3,5_1_0,5_1_1,5_1_2,5_1_3,5_1_4,5_1_5,5_1_6,5_2_0,5_2_1,5_cvs</ver>
<p4>string mysql_client_encoding([int link_identifier])</p4>
<p4d>Returns the default character set for the current connection </p4d>
<p5>string mysql_client_encoding([int link_identifier]) U</p5>
<p5d>Returns the default character set for the current connection </p5d>
<texts><text><lng>cs</lng>
<d>Vrátí název znakové sady</d>
</text><text><lng>da</lng>
<d>Returnerer det nuværende tegnsæt</d>
</text><text><lng>de</lng>
<d>Liefert den Namen des Zeichensatzes</d>
</text><text><lng>en</lng>
<d>Returns the name of the character set</d>
</text><text><lng>es</lng>
<d>Devuelve el nombre del juego de caracteres</d>
</text></texts></PHPModuleRef><PHPModuleRef>
<t>mysql_close</t>
<mn>mysql</mn>
<ft>F</ft>
<ver>4_0_0,4_0_1,4_0_2,4_0_3,4_0_4,4_0_5,4_0_6,4_1_0,4_1_1,4_1_2,4_2_0,4_2_1,4_2_2,4_2_3,4_3_0,4_3_1,4_3_10,4_3_11,4_3_2,4_3_3,4_3_4,4_3_5,4_3_6,4_3_7,4_3_8,4_3_9,4_4_0,4_4_1,4_4_2,4_4_3,4_4_4,4_4_5,4_4_6,4_cvs,5_0_0,5_0_1,5_0_2,5_0_3,5_1_0,5_1_1,5_1_2,5_1_3,5_1_4,5_1_5,5_1_6,5_2_0,5_2_1,5_cvs</ver>
<p4>bool mysql_close([int link_identifier])</p4>
<p4d>Close a MySQL connection </p4d>
<p5>bool mysql_close([int link_identifier]) U</p5>
<p5d>Close a MySQL connection </p5d>
<texts><text><lng>cs</lng>
<d>Ukončí (zavře) MySQL spojení</d>
</text><text><lng>da</lng>
<d>Lukker MySQL forbindelsen</d>
</text><text><lng>de</lng>
<d>Schließt eine Verbindung zu MySQL</d>
</text><text><lng>en</lng>
<d>Close MySQL connection</d>
</text><text><lng>es</lng>
<d>cierra el enlace con MySQL</d>
</text></texts></PHPModuleRef><PHPModuleRef>
<t>mysql_connect</t>
<mn>mysql</mn>
<ft>F</ft>
<ver>4_0_0,4_0_1,4_0_2,4_0_3,4_0_4,4_0_5,4_0_6,4_1_0,4_1_1,4_1_2,4_2_0,4_2_1,4_2_2,4_2_3,4_3_0,4_3_1,4_3_10,4_3_11,4_3_2,4_3_3,4_3_4,4_3_5,4_3_6,4_3_7,4_3_8,4_3_9,4_4_0,4_4_1,4_4_2,4_4_3,4_4_4,4_4_5,4_4_6,4_cvs,5_0_0,5_0_1,5_0_2,5_0_3,5_1_0,5_1_1,5_1_2,5_1_3,5_1_4,5_1_5,5_1_6,5_2_0,5_2_1,5_cvs</ver>
<p4>resource mysql_connect([string hostname[:port][:/path/to/socket] [, string username [, string passwo</p4>
<p4d>Opens a connection to a MySQL Server </p4d>
<p5>resource mysql_connect([string hostname[:port][:/path/to/socket] [, string username [, string passwo</p5>
<p5d>Opens a connection to a MySQL Server </p5d>
<texts><text><lng>cs</lng>
<d>Vytvoří spojení s MySQL Serverem</d>
</text><text><lng>da</lng>
<d>Åbner forbindelsen til en MySQL server</d>
</text><text><lng>de</lng>
<d>Öffnet eine Verbindung zu einem MySQL-Server</d>
</text><text><lng>en</lng>
<d>Open a connection to a MySQL Server</d>
</text><text><lng>es</lng>
<d>Abre una conexión a un servidor MySQL</d>
</text></texts></PHPModuleRef><PHPModuleRef>
<t>mysql_createdb</t>
<mn>mysql</mn>
<ft>A</ft>
<af>mysql_create_db</af>
<ver>4_0_0,4_0_1,4_0_2,4_0_3,4_0_4,4_0_5,4_0_6,4_1_0,4_1_1,4_1_2,4_2_0,4_2_1,4_2_2,4_2_3,4_3_0,4_3_1,4_3_10,4_3_11,4_3_2,4_3_3,4_3_4,4_3_5,4_3_6,4_3_7,4_3_8,4_3_9,4_4_0,4_4_1,4_4_2,4_4_3,4_4_4,4_4_5,4_4_6,4_cvs,5_0_0,5_0_1,5_0_2,5_0_3,5_1_0,5_1_1,5_1_2,5_1_3,5_1_4,5_1_5,5_1_6</ver>
</PHPModuleRef><PHPModuleRef>
<t>mysql_create_db</t>
<mn>mysql</mn>
<ft>F</ft>
<ver>4_0_0,4_0_1,4_0_2,4_0_3,4_0_4,4_0_5,4_0_6,4_1_0,4_1_1,4_1_2,4_2_0,4_2_1,4_2_2,4_2_3,4_3_0,4_3_1,4_3_10,4_3_11,4_3_2,4_3_3,4_3_4,4_3_5,4_3_6,4_3_7,4_3_8,4_3_9,4_4_0,4_4_1,4_4_2,4_4_3,4_4_4,4_4_5,4_4_6,4_cvs,5_0_0,5_0_1,5_0_2,5_0_3,5_1_0,5_1_1,5_1_2,5_1_3,5_1_4,5_1_5,5_1_6</ver>
<p4>bool mysql_create_db(string database_name [, int link_identifier])</p4>
<p4d>Create a MySQL database </p4d>
<p5>bool mysql_create_db(string database_name [, int link_identifier]) U</p5>
<p5d>Create a MySQL database </p5d>
<texts><text><lng>cs</lng>
<d>Vytvoří MySQL databázi</d>
</text><text><lng>da</lng>
<d>Opretter en MySQL database</d>
</text><text><lng>de</lng>
<d>Anlegen einer MySQL-Datenbank</d>
</text><text><lng>en</lng>
<d>Create a MySQL database</d>
</text><text><lng>es</lng>
<d>Crea una base MySQL</d>
</text></texts></PHPModuleRef><PHPModuleRef>
<t>mysql_data_seek</t>
<mn>mysql</mn>
<ft>F</ft>
<ver>4_0_0,4_0_1,4_0_2,4_0_3,4_0_4,4_0_5,4_0_6,4_1_0,4_1_1,4_1_2,4_2_0,4_2_1,4_2_2,4_2_3,4_3_0,4_3_1,4_3_10,4_3_11,4_3_2,4_3_3,4_3_4,4_3_5,4_3_6,4_3_7,4_3_8,4_3_9,4_4_0,4_4_1,4_4_2,4_4_3,4_4_4,4_4_5,4_4_6,4_cvs,5_0_0,5_0_1,5_0_2,5_0_3,5_1_0,5_1_1,5_1_2,5_1_3,5_1_4,5_1_5,5_1_6,5_2_0,5_2_1,5_cvs</ver>
<p4>bool mysql_data_seek(resource result, int row_number)</p4>
<p4d>Move internal result pointer </p4d>
<p5>bool mysql_data_seek(resource result, int row_number) U</p5>
<p5d>Move internal result pointer </p5d>
<texts><text><lng>cs</lng>
<d>Přesune ukazatel na aktuální záznam</d>
</text><text><lng>da</lng>
<d>Flyt intern resultat reference</d>
</text><text><lng>de</lng>
<d>Bewegt den internen Ergebnis-Zeiger</d>
</text><text><lng>en</lng>
<d>Move internal result pointer</d>
</text><text><lng>es</lng>
<d>Mueve el puntero interno</d>
</text></texts></PHPModuleRef><PHPModuleRef>
<t>mysql_dbname</t>
<mn>mysql</mn>
<ft>A</ft>
<af>mysql_result</af>
<ver>4_0_0,4_0_1,4_0_2,4_0_3,4_0_4,4_0_5,4_0_6,4_1_0,4_1_1,4_1_2,4_2_0,4_2_1,4_2_2,4_2_3,4_3_0,4_3_1,4_3_10,4_3_11,4_3_2,4_3_3,4_3_4,4_3_5,4_3_6,4_3_7,4_3_8,4_3_9,4_4_0,4_4_1,4_4_2,4_4_3,4_4_4,4_4_5,4_4_6,4_cvs,5_0_0,5_0_1,5_0_2,5_0_3,5_1_0,5_1_1,5_1_2,5_1_3,5_1_4,5_1_5,5_1_6,5_2_0,5_2_1,5_cvs</ver>
</PHPModuleRef><PHPModuleRef>
<t>mysql_db_name</t>
<mn>mysql</mn>
<ft>A</ft>
<af>mysql_result</af>
<ver>4_0_0,4_0_1,4_0_2,4_0_3,4_0_4,4_0_5,4_0_6,4_1_0,4_1_1,4_1_2,4_2_0,4_2_1,4_2_2,4_2_3,4_3_0,4_3_1,4_3_10,4_3_11,4_3_2,4_3_3,4_3_4,4_3_5,4_3_6,4_3_7,4_3_8,4_3_9,4_4_0,4_4_1,4_4_2,4_4_3,4_4_4,4_4_5,4_4_6,4_cvs,5_0_0,5_0_1,5_0_2,5_0_3,5_1_0,5_1_1,5_1_2,5_1_3,5_1_4,5_1_5,5_1_6,5_2_0,5_2_1,5_cvs</ver>
</PHPModuleRef><PHPModuleRef>
<t>mysql_db_query</t>
<mn>mysql</mn>
<ft>F</ft>
<ver>4_0_0,4_0_1,4_0_2,4_0_3,4_0_4,4_0_5,4_0_6,4_1_0,4_1_1,4_1_2,4_2_0,4_2_1,4_2_2,4_2_3,4_3_0,4_3_1,4_3_10,4_3_11,4_3_2,4_3_3,4_3_4,4_3_5,4_3_6,4_3_7,4_3_8,4_3_9,4_4_0,4_4_1,4_4_2,4_4_3,4_4_4,4_4_5,4_4_6,4_cvs,5_0_0,5_0_1,5_0_2,5_0_3,5_1_0,5_1_1,5_1_2,5_1_3,5_1_4,5_1_5,5_1_6,5_2_0,5_2_1,5_cvs</ver>
<p4>resource mysql_db_query(string database_name, string query [, int link_identifier])</p4>
<p4d>Sends an SQL query to MySQL </p4d>
<p5>resource mysql_db_query(string database_name, string query [, int link_identifier]) U</p5>
<p5d>Sends an SQL query to MySQL </p5d>
<texts><text><lng>cs</lng>
<d>Pošle MySQL dotaz</d>
</text><text><lng>da</lng>
<d>Sender en MySQL forespørgsel</d>
</text><text><lng>de</lng>
<d>Absetzen einer Anfrage an die Datenbank</d>
</text><text><lng>en</lng>
<d>Send a MySQL query</d>
</text><text><lng>es</lng>
<d>Envia una sentencia MySQL al servidor</d>
</text></texts></PHPModuleRef><PHPModuleRef>
<t>mysql_dropdb</t>
<mn>mysql</mn>
<ft>A</ft>
<af>mysql_drop_db</af>
<ver>4_0_0,4_0_1,4_0_2,4_0_3,4_0_4,4_0_5,4_0_6,4_1_0,4_1_1,4_1_2,4_2_0,4_2_1,4_2_2,4_2_3,4_3_0,4_3_1,4_3_10,4_3_11,4_3_2,4_3_3,4_3_4,4_3_5,4_3_6,4_3_7,4_3_8,4_3_9,4_4_0,4_4_1,4_4_2,4_4_3,4_4_4,4_4_5,4_4_6,4_cvs,5_0_0,5_0_1,5_0_2,5_0_3,5_1_0,5_1_1,5_1_2,5_1_3,5_1_4,5_1_5,5_1_6</ver>
</PHPModuleRef><PHPModuleRef>
<t>mysql_drop_db</t>
<mn>mysql</mn>
<ft>F</ft>
<ver>4_0_0,4_0_1,4_0_2,4_0_3,4_0_4,4_0_5,4_0_6,4_1_0,4_1_1,4_1_2,4_2_0,4_2_1,4_2_2,4_2_3,4_3_0,4_3_1,4_3_10,4_3_11,4_3_2,4_3_3,4_3_4,4_3_5,4_3_6,4_3_7,4_3_8,4_3_9,4_4_0,4_4_1,4_4_2,4_4_3,4_4_4,4_4_5,4_4_6,4_cvs,5_0_0,5_0_1,5_0_2,5_0_3,5_1_0,5_1_1,5_1_2,5_1_3,5_1_4,5_1_5,5_1_6</ver>
<p4>bool mysql_drop_db(string database_name [, int link_identifier])</p4>
<p4d>Drops (delete) a MySQL database </p4d>
<p5>bool mysql_drop_db(string database_name [, int link_identifier]) U</p5>
<p5d>Drops (delete) a MySQL database </p5d>
<texts><text><lng>cs</lng>
<d>Vymaže (odstraní) MySQL databázi</d>
</text><text><lng>da</lng>
<d>Sletter en MySQL database</d>
</text><text><lng>de</lng>
<d>Löschen einer Datenbank</d>
</text><text><lng>en</lng>
<d>Drop (delete) a MySQL database</d>
</text><text><lng>es</lng>
<d>Borra una base de datos MySQL</d>
</text></texts></PHPModuleRef><PHPModuleRef>
<t>mysql_errno</t>
<mn>mysql</mn>
<ft>F</ft>
<ver>4_0_0,4_0_1,4_0_2,4_0_3,4_0_4,4_0_5,4_0_6,4_1_0,4_1_1,4_1_2,4_2_0,4_2_1,4_2_2,4_2_3,4_3_0,4_3_1,4_3_10,4_3_11,4_3_2,4_3_3,4_3_4,4_3_5,4_3_6,4_3_7,4_3_8,4_3_9,4_4_0,4_4_1,4_4_2,4_4_3,4_4_4,4_4_5,4_4_6,4_cvs,5_0_0,5_0_1,5_0_2,5_0_3,5_1_0,5_1_1,5_1_2,5_1_3,5_1_4,5_1_5,5_1_6,5_2_0,5_2_1,5_cvs</ver>
<p4>int mysql_errno([int link_identifier])</p4>
<p4d>Returns the number of the error message from previous MySQL operation </p4d>
<p5>int mysql_errno([int link_identifier])</p5>
<p5d>Returns the number of the error message from previous MySQL operation </p5d>
<texts><text><lng>cs</lng>
<d>Vrátí číslenou hodnotu chybové hlášky předchozího MySQL příkazu.</d>
</text><text><lng>da</lng>
<d>Returnerer den nummeriske værdi, af fejlbesked fra forrige MySQL operation</d>
</text><text><lng>de</lng>
<d>Liefert die Nummer einer Fehlermeldung einer zuvor ausgeführten MySQL Operation</d>
</text><text><lng>en</lng>
<d>Returns the numerical value of the error message from previous MySQL operation</d>
</text><text><lng>es</lng>
<d>Deuelve el número del mensaje de error de la 
     última operación MySQL</d>
</text></texts></PHPModuleRef><PHPModuleRef>
<t>mysql_error</t>
<mn>mysql</mn>
<ft>F</ft>
<ver>4_0_0,4_0_1,4_0_2,4_0_3,4_0_4,4_0_5,4_0_6,4_1_0,4_1_1,4_1_2,4_2_0,4_2_1,4_2_2,4_2_3,4_3_0,4_3_1,4_3_10,4_3_11,4_3_2,4_3_3,4_3_4,4_3_5,4_3_6,4_3_7,4_3_8,4_3_9,4_4_0,4_4_1,4_4_2,4_4_3,4_4_4,4_4_5,4_4_6,4_cvs,5_0_0,5_0_1,5_0_2,5_0_3,5_1_0,5_1_1,5_1_2,5_1_3,5_1_4,5_1_5,5_1_6,5_2_0,5_2_1,5_cvs</ver>
<p4>string mysql_error([int link_identifier])</p4>
<p4d>Returns the text of the error message from previous MySQL operation </p4d>
<p5>string mysql_error([int link_identifier]) U</p5>
<p5d>Returns the text of the error message from previous MySQL operation </p5d>
<texts><text><lng>cs</lng>
<d>Vrátí text chybové zprávy předchozího MySQL příkazu.</d>
</text><text><lng>da</lng>
<d>Returnerer fejl beskrivelsen fra den seneste MySQL operation</d>
</text><text><lng>de</lng>
<d>Liefert den Fehlertext der zuvor ausgeführten MySQL Operation</d>
</text><text><lng>en</lng>
<d>Returns the text of the error message from previous MySQL operation</d>
</text><text><lng>es</lng>
<d>Devuelve el texto del mensaje de error de laúltima
     operación MySQL</d>
</text></texts></PHPModuleRef><PHPModuleRef>
<t>mysql_escape_string</t>
<mn>mysql</mn>
<ft>F</ft>
<ver>4_0_3,4_0_4,4_0_5,4_0_6,4_1_0,4_1_1,4_1_2,4_2_0,4_2_1,4_2_2,4_2_3,4_3_0,4_3_1,4_3_10,4_3_11,4_3_2,4_3_3,4_3_4,4_3_5,4_3_6,4_3_7,4_3_8,4_3_9,4_4_0,4_4_1,4_4_2,4_4_3,4_4_4,4_4_5,4_4_6,4_cvs,5_0_0,5_0_1,5_0_2,5_0_3,5_1_0,5_1_1,5_1_2,5_1_3,5_1_4,5_1_5,5_1_6,5_2_0,5_2_1,5_cvs</ver>
<p4>string mysql_escape_string(string to_be_escaped)</p4>
<p4d>Escape string for mysql query </p4d>
<p5>string mysql_escape_string(string to_be_escaped) U</p5>
<p5d>Escape string for mysql query </p5d>
<texts><text><lng>cs</lng>
<d>Upraví řetězec pro bezpečné použití v mysql_query.</d>
</text><text><lng>da</lng>
<d>Sikrer en stren til brug i mysql_query</d>
</text><text><lng>de</lng>
<d>Maskiert einen String zur Benutzung in mysql_query.</d>
</text><text><lng>en</lng>
<d>Escapes a string for use in a mysql_query</d>
</text><text><lng>es</lng>
<d>Escapa una cadena para su uso enmysql_query</d>
</text></texts></PHPModuleRef><PHPModuleRef>
<t>mysql_fetch_array</t>
<mn>mysql</mn>
<ft>F</ft>
<ver>4_0_0,4_0_1,4_0_2,4_0_3,4_0_4,4_0_5,4_0_6,4_1_0,4_1_1,4_1_2,4_2_0,4_2_1,4_2_2,4_2_3,4_3_0,4_3_1,4_3_10,4_3_11,4_3_2,4_3_3,4_3_4,4_3_5,4_3_6,4_3_7,4_3_8,4_3_9,4_4_0,4_4_1,4_4_2,4_4_3,4_4_4,4_4_5,4_4_6,4_cvs,5_0_0,5_0_1,5_0_2,5_0_3,5_1_0,5_1_1,5_1_2,5_1_3,5_1_4,5_1_5,5_1_6,5_2_0,5_2_1,5_cvs</ver>
<p4>array mysql_fetch_array(resource result [, int result_type])</p4>
<p4d>Fetch a result row as an array (associative, numeric or both) </p4d>
<p5>array mysql_fetch_array(resource result [, int result_type]) U</p5>
<p5d>Fetch a result row as an array (associative, numeric or both) </p5d>
<texts><text><lng>cs</lng>
<d>Načte výsledný řádek do asociativního, čísleného pole nebo obojího.</d>
</text><text><lng>da</lng>
<d>Skaber et resultat som et associeret array, et numerisk, eller begge dele.</d>
</text><text><lng>de</lng>
<d>Liefert einen Datensatz als assoziatives Array, als numerisches Array oder beides</d>
</text><text><lng>en</lng>
<d>Fetch a result row as an associative array, a numeric array, or both</d>
</text><text><lng>es</lng>
<d>Extrae la fila de resultado como una matriz asociativa, una matriznumérica o ambas</d>
</text></texts></PHPModuleRef><PHPModuleRef>
<t>mysql_fetch_assoc</t>
<mn>mysql</mn>
<ft>F</ft>
<ver>4_0_3,4_0_4,4_0_5,4_0_6,4_1_0,4_1_1,4_1_2,4_2_0,4_2_1,4_2_2,4_2_3,4_3_0,4_3_1,4_3_10,4_3_11,4_3_2,4_3_3,4_3_4,4_3_5,4_3_6,4_3_7,4_3_8,4_3_9,4_4_0,4_4_1,4_4_2,4_4_3,4_4_4,4_4_5,4_4_6,4_cvs,5_0_0,5_0_1,5_0_2,5_0_3,5_1_0,5_1_1,5_1_2,5_1_3,5_1_4,5_1_5,5_1_6,5_2_0,5_2_1,5_cvs</ver>
<p4>array mysql_fetch_assoc(resource result)</p4>
<p4d>Fetch a result row as an associative array </p4d>
<p5>array mysql_fetch_assoc(resource result) U</p5>
<p5d>Fetch a result row as an associative array </p5d>
<texts><text><lng>cs</lng>
<d>Načte výsledný řádek do asociativního pole</d>
</text><text><lng>da</lng>
<d>Hent et resultat som et associeret array</d>
</text><text><lng>de</lng>
<d>Liefert einen Datensatz als assoziatives Array</d>
</text><text><lng>en</lng>
<d>Fetch a result row as an associative array</d>
</text><text><lng>es</lng>
<d>Recupera una fila de resultado como una matrizasociativa</d>
</text></texts></PHPModuleRef><PHPModuleRef>
<t>mysql_fetch_field</t>
<mn>mysql</mn>
<ft>F</ft>
<ver>4_0_0,4_0_1,4_0_2,4_0_3,4_0_4,4_0_5,4_0_6,4_1_0,4_1_1,4_1_2,4_2_0,4_2_1,4_2_2,4_2_3,4_3_0,4_3_1,4_3_10,4_3_11,4_3_2,4_3_3,4_3_4,4_3_5,4_3_6,4_3_7,4_3_8,4_3_9,4_4_0,4_4_1,4_4_2,4_4_3,4_4_4,4_4_5,4_4_6,4_cvs,5_0_0,5_0_1,5_0_2,5_0_3,5_1_0,5_1_1,5_1_2,5_1_3,5_1_4,5_1_5,5_1_6,5_2_0,5_2_1,5_cvs</ver>
<p4>object mysql_fetch_field(resource result [, int field_offset])</p4>
<p4d>Gets column information from a result and return as an object </p4d>
<p5>object mysql_fetch_field(resource result [, int field_offset]) U</p5>
<p5d>Gets column information from a result and return as an object </p5d>
<texts><text><lng>cs</lng>
<d>Načte informace o sloupci z výsledku do proměnné objektu</d>
</text><text><lng>da</lng>
<d>Modtag kolonne information fra et resultat, og returner det som et objekt.</d>
</text><text><lng>de</lng>
<d>Liefert ein Objekt mit Feldinformationen aus einem Anfrageergebnis</d>
</text><text><lng>en</lng>
<d>Get column information from a result and return as an object</d>
</text><text><lng>es</lng>
<d>Extrae la información de una columna y la devuelve como un objeto.</d>
</text></texts></PHPModuleRef><PHPModuleRef>
<t>mysql_fetch_lengths</t>
<mn>mysql</mn>
<ft>F</ft>
<ver>4_0_0,4_0_1,4_0_2,4_0_3,4_0_4,4_0_5,4_0_6,4_1_0,4_1_1,4_1_2,4_2_0,4_2_1,4_2_2,4_2_3,4_3_0,4_3_1,4_3_10,4_3_11,4_3_2,4_3_3,4_3_4,4_3_5,4_3_6,4_3_7,4_3_8,4_3_9,4_4_0,4_4_1,4_4_2,4_4_3,4_4_4,4_4_5,4_4_6,4_cvs,5_0_0,5_0_1,5_0_2,5_0_3,5_1_0,5_1_1,5_1_2,5_1_3,5_1_4,5_1_5,5_1_6,5_2_0,5_2_1,5_cvs</ver>
<p4>array mysql_fetch_lengths(resource result)</p4>
<p4d>Gets max data size of each column in a result </p4d>
<p5>array mysql_fetch_lengths(resource result) U</p5>
<p5d>Gets max data size of each column in a result </p5d>
<texts><text><lng>cs</lng>
<d>Zjistí délku všech položek aktuálního výstupu</d>
</text><text><lng>da</lng>
<d>Tilgå længden af hvert output i et resultat</d>
</text><text><lng>de</lng>
<d>Liefert die Länge eines jeden Feldes in einem Ergebnis</d>
</text><text><lng>en</lng>
<d>Get the length of each output in a result</d>
</text><text><lng>es</lng>
<d>Devuelve la longitud de cada salida en un resultado</d>
</text></texts></PHPModuleRef><PHPModuleRef>
<t>mysql_fetch_object</t>
<mn>mysql</mn>
<ft>F</ft>
<ver>4_0_0,4_0_1,4_0_2,4_0_3,4_0_4,4_0_5,4_0_6,4_1_0,4_1_1,4_1_2,4_2_0,4_2_1,4_2_2,4_2_3,4_3_0,4_3_1,4_3_10,4_3_11,4_3_2,4_3_3,4_3_4,4_3_5,4_3_6,4_3_7,4_3_8,4_3_9,4_4_0,4_4_1,4_4_2,4_4_3,4_4_4,4_4_5,4_4_6,4_cvs,5_0_0,5_0_1,5_0_2,5_0_3,5_1_0,5_1_1,5_1_2,5_1_3,5_1_4,5_1_5,5_1_6,5_2_0,5_2_1,5_cvs</ver>
<p4>object mysql_fetch_object(resource result [, int result_type])</p4>
<p4d>Fetch a result row as an object </p4d>
<p5>object mysql_fetch_object(resource result [, string class_name [, NULL|array ctor_params]])</p5>
<p5d>Fetch a result row as an object </p5d>
<texts><text><lng>cs</lng>
<d>Načte výsledný záznam do proměnné objektu</d>
</text><text><lng>da</lng>
<d>Tilgå en resulterende række som et objekt</d>
</text><text><lng>de</lng>
<d>Liefert eine Ergebniszeile als Objekt</d>
</text><text><lng>en</lng>
<d>Fetch a result row as an object</d>
</text><text><lng>es</lng>
<d>Extrae una fila de resultado como un objeto</d>
</text></texts></PHPModuleRef><PHPModuleRef>
<t>mysql_fetch_row</t>
<mn>mysql</mn>
<ft>F</ft>
<ver>4_0_0,4_0_1,4_0_2,4_0_3,4_0_4,4_0_5,4_0_6,4_1_0,4_1_1,4_1_2,4_2_0,4_2_1,4_2_2,4_2_3,4_3_0,4_3_1,4_3_10,4_3_11,4_3_2,4_3_3,4_3_4,4_3_5,4_3_6,4_3_7,4_3_8,4_3_9,4_4_0,4_4_1,4_4_2,4_4_3,4_4_4,4_4_5,4_4_6,4_cvs,5_0_0,5_0_1,5_0_2,5_0_3,5_1_0,5_1_1,5_1_2,5_1_3,5_1_4,5_1_5,5_1_6,5_2_0,5_2_1,5_cvs</ver>
<p4>array mysql_fetch_row(resource result)</p4>
<p4d>Gets a result row as an enumerated array </p4d>
<p5>array mysql_fetch_row(resource result) U</p5>
<p5d>Gets a result row as an enumerated array </p5d>
<texts><text><lng>cs</lng>
<d>Načte výsledný záznam do pole</d>
</text><text><lng>da</lng>
<d>Returner en række, som et optalt array</d>
</text><text><lng>de</lng>
<d>Liefert einen Datensatz als indiziertes Array</d>
</text><text><lng>en</lng>
<d>Get a result row as an enumerated array</d>
</text><text><lng>es</lng>
<d>Devuelve una fila de resultado como matriz</d>
</text></texts></PHPModuleRef><PHPModuleRef>
<t>mysql_fieldflags</t>
<mn>mysql</mn>
<ft>A</ft>
<af>mysql_field_flags</af>
<ver>4_0_0,4_0_1,4_0_2,4_0_3,4_0_4,4_0_5,4_0_6,4_1_0,4_1_1,4_1_2,4_2_0,4_2_1,4_2_2,4_2_3,4_3_0,4_3_1,4_3_10,4_3_11,4_3_2,4_3_3,4_3_4,4_3_5,4_3_6,4_3_7,4_3_8,4_3_9,4_4_0,4_4_1,4_4_2,4_4_3,4_4_4,4_4_5,4_4_6,4_cvs,5_0_0,5_0_1,5_0_2,5_0_3,5_1_0,5_1_1,5_1_2,5_1_3,5_1_4,5_1_5,5_1_6,5_2_0,5_2_1,5_cvs</ver>
</PHPModuleRef><PHPModuleRef>
<t>mysql_fieldlen</t>
<mn>mysql</mn>
<ft>A</ft>
<af>mysql_field_len</af>
<ver>4_0_0,4_0_1,4_0_2,4_0_3,4_0_4,4_0_5,4_0_6,4_1_0,4_1_1,4_1_2,4_2_0,4_2_1,4_2_2,4_2_3,4_3_0,4_3_1,4_3_10,4_3_11,4_3_2,4_3_3,4_3_4,4_3_5,4_3_6,4_3_7,4_3_8,4_3_9,4_4_0,4_4_1,4_4_2,4_4_3,4_4_4,4_4_5,4_4_6,4_cvs,5_0_0,5_0_1,5_0_2,5_0_3,5_1_0,5_1_1,5_1_2,5_1_3,5_1_4,5_1_5,5_1_6,5_2_0,5_2_1,5_cvs</ver>
</PHPModuleRef><PHPModuleRef>
<t>mysql_fieldname</t>
<mn>mysql</mn>
<ft>A</ft>
<af>mysql_field_name</af>
<ver>4_0_0,4_0_1,4_0_2,4_0_3,4_0_4,4_0_5,4_0_6,4_1_0,4_1_1,4_1_2,4_2_0,4_2_1,4_2_2,4_2_3,4_3_0,4_3_1,4_3_10,4_3_11,4_3_2,4_3_3,4_3_4,4_3_5,4_3_6,4_3_7,4_3_8,4_3_9,4_4_0,4_4_1,4_4_2,4_4_3,4_4_4,4_4_5,4_4_6,4_cvs,5_0_0,5_0_1,5_0_2,5_0_3,5_1_0,5_1_1,5_1_2,5_1_3,5_1_4,5_1_5,5_1_6,5_2_0,5_2_1,5_cvs</ver>
</PHPModuleRef><PHPModuleRef>
<t>mysql_fieldtable</t>
<mn>mysql</mn>
<ft>A</ft>
<af>mysql_field_table</af>
<ver>4_0_0,4_0_1,4_0_2,4_0_3,4_0_4,4_0_5,4_0_6,4_1_0,4_1_1,4_1_2,4_2_0,4_2_1,4_2_2,4_2_3,4_3_0,4_3_1,4_3_10,4_3_11,4_3_2,4_3_3,4_3_4,4_3_5,4_3_6,4_3_7,4_3_8,4_3_9,4_4_0,4_4_1,4_4_2,4_4_3,4_4_4,4_4_5,4_4_6,4_cvs,5_0_0,5_0_1,5_0_2,5_0_3,5_1_0,5_1_1,5_1_2,5_1_3,5_1_4,5_1_5,5_1_6,5_2_0,5_2_1,5_cvs</ver>
</PHPModuleRef><PHPModuleRef>
<t>mysql_fieldtype</t>
<mn>mysql</mn>
<ft>A</ft>
<af>mysql_field_type</af>
<ver>4_0_0,4_0_1,4_0_2,4_0_3,4_0_4,4_0_5,4_0_6,4_1_0,4_1_1,4_1_2,4_2_0,4_2_1,4_2_2,4_2_3,4_3_0,4_3_1,4_3_10,4_3_11,4_3_2,4_3_3,4_3_4,4_3_5,4_3_6,4_3_7,4_3_8,4_3_9,4_4_0,4_4_1,4_4_2,4_4_3,4_4_4,4_4_5,4_4_6,4_cvs,5_0_0,5_0_1,5_0_2,5_0_3,5_1_0,5_1_1,5_1_2,5_1_3,5_1_4,5_1_5,5_1_6,5_2_0,5_2_1,5_cvs</ver>
</PHPModuleRef><PHPModuleRef>
<t>mysql_field_flags</t>
<mn>mysql</mn>
<ft>F</ft>
<ver>4_0_0,4_0_1,4_0_2,4_0_3,4_0_4,4_0_5,4_0_6,4_1_0,4_1_1,4_1_2,4_2_0,4_2_1,4_2_2,4_2_3,4_3_0,4_3_1,4_3_10,4_3_11,4_3_2,4_3_3,4_3_4,4_3_5,4_3_6,4_3_7,4_3_8,4_3_9,4_4_0,4_4_1,4_4_2,4_4_3,4_4_4,4_4_5,4_4_6,4_cvs,5_0_0,5_0_1,5_0_2,5_0_3,5_1_0,5_1_1,5_1_2,5_1_3,5_1_4,5_1_5,5_1_6,5_2_0,5_2_1,5_cvs</ver>
<p4>string mysql_field_flags(resource result, int field_offset)</p4>
<p4d>Gets the flags associated with the specified field in a result </p4d>
<p5>string mysql_field_flags(resource result, int field_offset) U</p5>
<p5d>Gets the flags associated with the specified field in a result </p5d>
<texts><text><lng>cs</lng>
<d>Načte příznaky sloupce tabulky</d>
</text><text><lng>da</lng>
<d>Modtag de flag der er associeret med det specifikke felt i et resultat</d>
</text><text><lng>de</lng>
<d>Liefert die Flags eines Feldes in einem Anfrageergebnis</d>
</text><text><lng>en</lng>
<d>Get the flags associated with the specified field in a result</d>
</text><text><lng>es</lng>
<d>Devuelve las banderas asociados con el campo específicado en un resultado</d>
</text></texts></PHPModuleRef><PHPModuleRef>
<t>mysql_field_len</t>
<mn>mysql</mn>
<ft>F</ft>
<ver>4_0_0,4_0_1,4_0_2,4_0_3,4_0_4,4_0_5,4_0_6,4_1_0,4_1_1,4_1_2,4_2_0,4_2_1,4_2_2,4_2_3,4_3_0,4_3_1,4_3_10,4_3_11,4_3_2,4_3_3,4_3_4,4_3_5,4_3_6,4_3_7,4_3_8,4_3_9,4_4_0,4_4_1,4_4_2,4_4_3,4_4_4,4_4_5,4_4_6,4_cvs,5_0_0,5_0_1,5_0_2,5_0_3,5_1_0,5_1_1,5_1_2,5_1_3,5_1_4,5_1_5,5_1_6,5_2_0,5_2_1,5_cvs</ver>
<p4>int mysql_field_len(resource result, int field_offset)</p4>
<p4d>Returns the length of the specified field </p4d>
<p5>int mysql_field_len(resource result, int field_offset) U</p5>
<p5d>Returns the length of the specified field </p5d>
<texts><text><lng>cs</lng>
<d>Vrací délku sloupce tabulky</d>
</text><text><lng>da</lng>
<d>Returnerer længden af det specificerede felt</d>
</text><text><lng>de</lng>
<d>Liefert die Länge des angegebenen Feldes</d>
</text><text><lng>en</lng>
<d>Returns the length of the specified field</d>
</text><text><lng>es</lng>
<d>Devuelve la longitud del campo específicado</d>
</text></texts></PHPModuleRef><PHPModuleRef>
<t>mysql_field_name</t>
<mn>mysql</mn>
<ft>F</ft>
<ver>4_0_0,4_0_1,4_0_2,4_0_3,4_0_4,4_0_5,4_0_6,4_1_0,4_1_1,4_1_2,4_2_0,4_2_1,4_2_2,4_2_3,4_3_0,4_3_1,4_3_10,4_3_11,4_3_2,4_3_3,4_3_4,4_3_5,4_3_6,4_3_7,4_3_8,4_3_9,4_4_0,4_4_1,4_4_2,4_4_3,4_4_4,4_4_5,4_4_6,4_cvs,5_0_0,5_0_1,5_0_2,5_0_3,5_1_0,5_1_1,5_1_2,5_1_3,5_1_4,5_1_5,5_1_6,5_2_0,5_2_1,5_cvs</ver>
<p4>string mysql_field_name(resource result, int field_index)</p4>
<p4d>Gets the name of the specified field in a result </p4d>
<p5>string mysql_field_name(resource result, int field_index)</p5>
<p5d>Gets the name of the specified field in a result </p5d>
<texts><text><lng>cs</lng>
<d>Načte název sloupce tabulky</d>
</text><text><lng>da</lng>
<d>Modtag navnet på det specifikke felt i et resultat</d>
</text><text><lng>de</lng>
<d>Liefert den Namen eines Feldes in einem Ergebnis</d>
</text><text><lng>en</lng>
<d>Get the name of the specified field in a result</d>
</text><text><lng>es</lng>
<d>Devuelve el nombre del campo específicado en un resultado</d>
</text></texts></PHPModuleRef><PHPModuleRef>
<t>mysql_field_seek</t>
<mn>mysql</mn>
<ft>F</ft>
<ver>4_0_0,4_0_1,4_0_2,4_0_3,4_0_4,4_0_5,4_0_6,4_1_0,4_1_1,4_1_2,4_2_0,4_2_1,4_2_2,4_2_3,4_3_0,4_3_1,4_3_10,4_3_11,4_3_2,4_3_3,4_3_4,4_3_5,4_3_6,4_3_7,4_3_8,4_3_9,4_4_0,4_4_1,4_4_2,4_4_3,4_4_4,4_4_5,4_4_6,4_cvs,5_0_0,5_0_1,5_0_2,5_0_3,5_1_0,5_1_1,5_1_2,5_1_3,5_1_4,5_1_5,5_1_6,5_2_0,5_2_1,5_cvs</ver>
<p4>bool mysql_field_seek(resource result, int field_offset)</p4>
<p4d>Sets result pointer to a specific field offset </p4d>
<p5>bool mysql_field_seek(resource result, int field_offset) U</p5>
<p5d>Sets result pointer to a specific field offset </p5d>
<texts><text><lng>cs</lng>
<d>Nastaví ukazatel na zadaný sloupec</d>
</text><text><lng>da</lng>
<d>Sæt resultat beskriveren, til en specifik reference, til et felt</d>
</text><text><lng>de</lng>
<d>Setzt den Ergebniszeiger auf ein bestimmtes Feldoffset</d>
</text><text><lng>en</lng>
<d>Set result pointer to a specified field offset</d>
</text><text><lng>es</lng>
<d>Asigna el puntero del resultado al offset del campo específicado</d>
</text></texts></PHPModuleRef><PHPModuleRef>
<t>mysql_field_table</t>
<mn>mysql</mn>
<ft>F</ft>
<ver>4_0_0,4_0_1,4_0_2,4_0_3,4_0_4,4_0_5,4_0_6,4_1_0,4_1_1,4_1_2,4_2_0,4_2_1,4_2_2,4_2_3,4_3_0,4_3_1,4_3_10,4_3_11,4_3_2,4_3_3,4_3_4,4_3_5,4_3_6,4_3_7,4_3_8,4_3_9,4_4_0,4_4_1,4_4_2,4_4_3,4_4_4,4_4_5,4_4_6,4_cvs,5_0_0,5_0_1,5_0_2,5_0_3,5_1_0,5_1_1,5_1_2,5_1_3,5_1_4,5_1_5,5_1_6,5_2_0,5_2_1,5_cvs</ver>
<p4>string mysql_field_table(resource result, int field_offset)</p4>
<p4d>Gets name of the table the specified field is in </p4d>
<p5>string mysql_field_table(resource result, int field_offset) U</p5>
<p5d>Gets name of the table the specified field is in </p5d>
<texts><text><lng>cs</lng>
<d>Zjistí jméno tabulky, v níž se nachází uvedený sloupec</d>
</text><text><lng>da</lng>
<d>Modtag navnet på tabbellen, det specifikke felt er i</d>
</text><text><lng>de</lng>
<d>Liefert den Namen der Tabelle, die das genannte Feld enthält</d>
</text><text><lng>en</lng>
<d>Get name of the table the specified field is in</d>
</text><text><lng>es</lng>
<d>Devuelve el nombre de la tabla donde está el campo específicado</d>
</text></texts></PHPModuleRef><PHPModuleRef>
<t>mysql_field_type</t>
<mn>mysql</mn>
<ft>F</ft>
<ver>4_0_0,4_0_1,4_0_2,4_0_3,4_0_4,4_0_5,4_0_6,4_1_0,4_1_1,4_1_2,4_2_0,4_2_1,4_2_2,4_2_3,4_3_0,4_3_1,4_3_10,4_3_11,4_3_2,4_3_3,4_3_4,4_3_5,4_3_6,4_3_7,4_3_8,4_3_9,4_4_0,4_4_1,4_4_2,4_4_3,4_4_4,4_4_5,4_4_6,4_cvs,5_0_0,5_0_1,5_0_2,5_0_3,5_1_0,5_1_1,5_1_2,5_1_3,5_1_4,5_1_5,5_1_6,5_2_0,5_2_1,5_cvs</ver>
<p4>string mysql_field_type(resource result, int field_offset)</p4>
<p4d>Gets the type of the specified field in a result </p4d>
<p5>string mysql_field_type(resource result, int field_offset) U</p5>
<p5d>Gets the type of the specified field in a result </p5d>
<texts><text><lng>cs</lng>
<d>Vrací typ specifikovaného sloupce.</d>
</text><text><lng>da</lng>
<d>Returnerer typen af det specifikke felt</d>
</text><text><lng>de</lng>
<d>Liefert den Typ eines Feldes in einem Ergebnis</d>
</text><text><lng>en</lng>
<d>Get the type of the specified field in a result</d>
</text><text><lng>es</lng>
<d>Devuelve el tipo del campo específicado en un resultado</d>
</text></texts></PHPModuleRef><PHPModuleRef>
<t>mysql_freeresult</t>
<mn>mysql</mn>
<ft>A</ft>
<af>mysql_free_result</af>
<ver>4_0_0,4_0_1,4_0_2,4_0_3,4_0_4,4_0_5,4_0_6,4_1_0,4_1_1,4_1_2,4_2_0,4_2_1,4_2_2,4_2_3,4_3_0,4_3_1,4_3_10,4_3_11,4_3_2,4_3_3,4_3_4,4_3_5,4_3_6,4_3_7,4_3_8,4_3_9,4_4_0,4_4_1,4_4_2,4_4_3,4_4_4,4_4_5,4_4_6,4_cvs,5_0_0,5_0_1,5_0_2,5_0_3,5_1_0,5_1_1,5_1_2,5_1_3,5_1_4,5_1_5,5_1_6,5_2_0,5_2_1,5_cvs</ver>
</PHPModuleRef><PHPModuleRef>
<t>mysql_free_result</t>
<mn>mysql</mn>
<ft>F</ft>
<ver>4_0_0,4_0_1,4_0_2,4_0_3,4_0_4,4_0_5,4_0_6,4_1_0,4_1_1,4_1_2,4_2_0,4_2_1,4_2_2,4_2_3,4_3_0,4_3_1,4_3_10,4_3_11,4_3_2,4_3_3,4_3_4,4_3_5,4_3_6,4_3_7,4_3_8,4_3_9,4_4_0,4_4_1,4_4_2,4_4_3,4_4_4,4_4_5,4_4_6,4_cvs,5_0_0,5_0_1,5_0_2,5_0_3,5_1_0,5_1_1,5_1_2,5_1_3,5_1_4,5_1_5,5_1_6,5_2_0,5_2_1,5_cvs</ver>
<p4>bool mysql_free_result(resource result)</p4>
<p4d>Free result memory </p4d>
<p5>bool mysql_free_result(resource result) U</p5>
<p5d>Free result memory </p5d>
<texts><text><lng>cs</lng>
<d>Uvolní výsledek z paměti</d>
</text><text><lng>da</lng>
<d>Befri den resulterende hukommelse</d>
</text><text><lng>de</lng>
<d>Gibt belegten Speicher wieder frei</d>
</text><text><lng>en</lng>
<d>Free result memory</d>
</text><text><lng>es</lng>
<d>Libera la memoria del resultado</d>
</text></texts></PHPModuleRef><PHPModuleRef>
<t>mysql_get_client_info</t>
<mn>mysql</mn>
<ft>F</ft>
<ver>4_0_5,4_0_6,4_1_0,4_1_1,4_1_2,4_2_0,4_2_1,4_2_2,4_2_3,4_3_0,4_3_1,4_3_10,4_3_11,4_3_2,4_3_3,4_3_4,4_3_5,4_3_6,4_3_7,4_3_8,4_3_9,4_4_0,4_4_1,4_4_2,4_4_3,4_4_4,4_4_5,4_4_6,4_cvs,5_0_0,5_0_1,5_0_2,5_0_3,5_1_0,5_1_1,5_1_2,5_1_3,5_1_4,5_1_5,5_1_6,5_2_0,5_2_1,5_cvs</ver>
<p4>string mysql_get_client_info(void)</p4>
<p4d>Returns a string that represents the client library version </p4d>
<p5>string mysql_get_client_info(void) U</p5>
<p5d>Returns a string that represents the client library version </p5d>
<texts><text><lng>cs</lng>
<d>Načte verzi klientské knihovny MySQL</d>
</text><text><lng>da</lng>
<d>Modtag MySQL klient information</d>
</text><text><lng>de</lng>
<d>Liefert MySQL Clientinformationen</d>
</text><text><lng>en</lng>
<d>Get MySQL client info</d>
</text><text><lng>es</lng>
<d>Obtener información del cliente MySQL</d>
</text></texts></PHPModuleRef><PHPModuleRef>
<t>mysql_get_host_info</t>
<mn>mysql</mn>
<ft>F</ft>
<ver>4_0_5,4_0_6,4_1_0,4_1_1,4_1_2,4_2_0,4_2_1,4_2_2,4_2_3,4_3_0,4_3_1,4_3_10,4_3_11,4_3_2,4_3_3,4_3_4,4_3_5,4_3_6,4_3_7,4_3_8,4_3_9,4_4_0,4_4_1,4_4_2,4_4_3,4_4_4,4_4_5,4_4_6,4_cvs,5_0_0,5_0_1,5_0_2,5_0_3,5_1_0,5_1_1,5_1_2,5_1_3,5_1_4,5_1_5,5_1_6,5_2_0,5_2_1,5_cvs</ver>
<p4>string mysql_get_host_info([int link_identifier])</p4>
<p4d>Returns a string describing the type of connection in use, including the server host name </p4d>
<p5>string mysql_get_host_info([int link_identifier]) U</p5>
<p5d>Returns a string describing the type of connection in use, including the server host name </p5d>
<texts><text><lng>cs</lng>
<d>Načte informaci o hostu</d>
</text><text><lng>da</lng>
<d>Modtag MySQL host information</d>
</text><text><lng>de</lng>
<d>Liefert MySQL Host Informationen</d>
</text><text><lng>en</lng>
<d>Get MySQL host info</d>
</text><text><lng>es</lng>
<d>Obtener información de la máquina
  anfitriona MySQL</d>
</text></texts></PHPModuleRef><PHPModuleRef>
<t>mysql_get_proto_info</t>
<mn>mysql</mn>
<ft>F</ft>
<ver>4_0_5,4_0_6,4_1_0,4_1_1,4_1_2,4_2_0,4_2_1,4_2_2,4_2_3,4_3_0,4_3_1,4_3_10,4_3_11,4_3_2,4_3_3,4_3_4,4_3_5,4_3_6,4_3_7,4_3_8,4_3_9,4_4_0,4_4_1,4_4_2,4_4_3,4_4_4,4_4_5,4_4_6,4_cvs,5_0_0,5_0_1,5_0_2,5_0_3,5_1_0,5_1_1,5_1_2,5_1_3,5_1_4,5_1_5,5_1_6,5_2_0,5_2_1,5_cvs</ver>
<p4>int mysql_get_proto_info([int link_identifier])</p4>
<p4d>Returns the protocol version used by current connection </p4d>
<p5>int mysql_get_proto_info([int link_identifier]) U</p5>
<p5d>Returns the protocol version used by current connection </p5d>
<texts><text><lng>cs</lng>
<d>Načte informaci o protokolu MySQL</d>
</text><text><lng>da</lng>
<d>Modtag MySQL-protokolinformation</d>
</text><text><lng>de</lng>
<d>Liefert MySQL Protokollinformationen</d>
</text><text><lng>en</lng>
<d>Get MySQL protocol info</d>
</text><text><lng>es</lng>
<d>Obtener información del protocolo
  MySQL</d>
</text></texts></PHPModuleRef><PHPModuleRef>
<t>mysql_get_server_info</t>
<mn>mysql</mn>
<ft>F</ft>
<ver>4_0_5,4_0_6,4_1_0,4_1_1,4_1_2,4_2_0,4_2_1,4_2_2,4_2_3,4_3_0,4_3_1,4_3_10,4_3_11,4_3_2,4_3_3,4_3_4,4_3_5,4_3_6,4_3_7,4_3_8,4_3_9,4_4_0,4_4_1,4_4_2,4_4_3,4_4_4,4_4_5,4_4_6,4_cvs,5_0_0,5_0_1,5_0_2,5_0_3,5_1_0,5_1_1,5_1_2,5_1_3,5_1_4,5_1_5,5_1_6,5_2_0,5_2_1,5_cvs</ver>
<p4>string mysql_get_server_info([int link_identifier])</p4>
<p4d>Returns a string that represents the server version number </p4d>
<p5>string mysql_get_server_info([int link_identifier]) U</p5>
<p5d>Returns a string that represents the server version number </p5d>
<texts><text><lng>cs</lng>
<d>Načte informace o serveru MySQL</d>
</text><text><lng>da</lng>
<d>Modtag MySQL server information</d>
</text><text><lng>de</lng>
<d>Liefert MySQL Server Informationen</d>
</text><text><lng>en</lng>
<d>Get MySQL server info</d>
</text><text><lng>es</lng>
<d>Obtener información del servidor
  MySQL</d>
</text></texts></PHPModuleRef><PHPModuleRef>
<t>mysql_info</t>
<mn>mysql</mn>
<ft>F</ft>
<ver>4_3_0,4_3_1,4_3_10,4_3_11,4_3_2,4_3_3,4_3_4,4_3_5,4_3_6,4_3_7,4_3_8,4_3_9,4_4_0,4_4_1,4_4_2,4_4_3,4_4_4,4_4_5,4_4_6,4_cvs,5_0_0,5_0_1,5_0_2,5_0_3,5_1_0,5_1_1,5_1_2,5_1_3,5_1_4,5_1_5,5_1_6,5_2_0,5_2_1,5_cvs</ver>
<p4>string mysql_info([int link_identifier])</p4>
<p4d>Returns a string containing information about the most recent query </p4d>
<p5>string mysql_info([int link_identifier]) U</p5>
<p5d>Returns a string containing information about the most recent query </p5d>
<texts><text><lng>cs</lng>
<d>Vrací informace o posledním dotazu</d>
</text><text><lng>da</lng>
<d>Modtag information om den seneste forespørgsel</d>
</text><text><lng>de</lng>
<d>liefert Informationenüber die zuletzt ausgeführte Anfrage zurück</d>
</text><text><lng>en</lng>
<d>Get information about the most recent query</d>
</text><text><lng>es</lng>
<d>Obtiene información sobre la consulta más
  reciente</d>
</text></texts></PHPModuleRef><PHPModuleRef>
<t>mysql_insert_id</t>
<mn>mysql</mn>
<ft>F</ft>
<ver>4_0_0,4_0_1,4_0_2,4_0_3,4_0_4,4_0_5,4_0_6,4_1_0,4_1_1,4_1_2,4_2_0,4_2_1,4_2_2,4_2_3,4_3_0,4_3_1,4_3_10,4_3_11,4_3_2,4_3_3,4_3_4,4_3_5,4_3_6,4_3_7,4_3_8,4_3_9,4_4_0,4_4_1,4_4_2,4_4_3,4_4_4,4_4_5,4_4_6,4_cvs,5_0_0,5_0_1,5_0_2,5_0_3,5_1_0,5_1_1,5_1_2,5_1_3,5_1_4,5_1_5,5_1_6,5_2_0,5_2_1,5_cvs</ver>
<p4>int mysql_insert_id([int link_identifier])</p4>
<p4d>Gets the ID generated from the previous INSERT operation </p4d>
<p5>int mysql_insert_id([int link_identifier]) U</p5>
<p5d>Gets the ID generated from the previous INSERT operation </p5d>
<texts><text><lng>cs</lng>
<d>Vrací generovanou hodnotu id posledního příkazu INSERT</d>
</text><text><lng>da</lng>
<d>Modtag det ID, der sidst blev genereret af en INSERT forespørgsel</d>
</text><text><lng>de</lng>
<d>Liefert die ID einer vorherigen INSERT-Operation</d>
</text><text><lng>en</lng>
<d>Get the ID generated from the previous INSERT operation</d>
</text><text><lng>es</lng>
<d>Devuelve el identificador generado en laúltima llamada a INSERT</d>
</text></texts></PHPModuleRef><PHPModuleRef>
<t>mysql_listdbs</t>
<mn>mysql</mn>
<ft>A</ft>
<af>mysql_list_dbs</af>
<ver>4_0_0,4_0_1,4_0_2,4_0_3,4_0_4,4_0_5,4_0_6,4_1_0,4_1_1,4_1_2,4_2_0,4_2_1,4_2_2,4_2_3,4_3_0,4_3_1,4_3_10,4_3_11,4_3_2,4_3_3,4_3_4,4_3_5,4_3_6,4_3_7,4_3_8,4_3_9,4_4_0,4_4_1,4_4_2,4_4_3,4_4_4,4_4_5,4_4_6,4_cvs,5_0_0,5_0_1,5_0_2,5_0_3,5_1_0,5_1_1,5_1_2,5_1_3,5_1_4,5_1_5,5_1_6,5_2_0,5_2_1,5_cvs</ver>
</PHPModuleRef><PHPModuleRef>
<t>mysql_listfields</t>
<mn>mysql</mn>
<ft>A</ft>
<af>mysql_list_fields</af>
<ver>4_0_0,4_0_1,4_0_2,4_0_3,4_0_4,4_0_5,4_0_6,4_1_0,4_1_1,4_1_2,4_2_0,4_2_1,4_2_2,4_2_3,4_3_0,4_3_1,4_3_10,4_3_11,4_3_2,4_3_3,4_3_4,4_3_5,4_3_6,4_3_7,4_3_8,4_3_9,4_4_0,4_4_1,4_4_2,4_4_3,4_4_4,4_4_5,4_4_6,4_cvs,5_0_0,5_0_1,5_0_2,5_0_3,5_1_0,5_1_1,5_1_2,5_1_3,5_1_4,5_1_5,5_1_6,5_2_0,5_2_1,5_cvs</ver>
</PHPModuleRef><PHPModuleRef>
<t>mysql_listtables</t>
<mn>mysql</mn>
<ft>A</ft>
<af>mysql_list_tables</af>
<ver>4_0_0,4_0_1,4_0_2,4_0_3,4_0_4,4_0_5,4_0_6,4_1_0,4_1_1,4_1_2,4_2_0,4_2_1,4_2_2,4_2_3,4_3_0,4_3_1,4_3_10,4_3_11,4_3_2,4_3_3,4_3_4,4_3_5,4_3_6,4_3_7,4_3_8,4_3_9,4_4_0,4_4_1,4_4_2,4_4_3,4_4_4,4_4_5,4_4_6,4_cvs,5_0_0,5_0_1,5_0_2,5_0_3,5_1_0,5_1_1,5_1_2,5_1_3,5_1_4,5_1_5,5_1_6</ver>
</PHPModuleRef><PHPModuleRef>
<t>mysql_list_dbs</t>
<mn>mysql</mn>
<ft>F</ft>
<ver>4_0_0,4_0_1,4_0_2,4_0_3,4_0_4,4_0_5,4_0_6,4_1_0,4_1_1,4_1_2,4_2_0,4_2_1,4_2_2,4_2_3,4_3_0,4_3_1,4_3_10,4_3_11,4_3_2,4_3_3,4_3_4,4_3_5,4_3_6,4_3_7,4_3_8,4_3_9,4_4_0,4_4_1,4_4_2,4_4_3,4_4_4,4_4_5,4_4_6,4_cvs,5_0_0,5_0_1,5_0_2,5_0_3,5_1_0,5_1_1,5_1_2,5_1_3,5_1_4,5_1_5,5_1_6,5_2_0,5_2_1,5_cvs</ver>
<p4>resource mysql_list_dbs([int link_identifier])</p4>
<p4d>List databases available on a MySQL server </p4d>
<p5>resource mysql_list_dbs([int link_identifier]) U</p5>
<p5d>List databases available on a MySQL server </p5d>
<texts><text><lng>cs</lng>
<d>Načte všechny dostupné databáze na MySQL serveru</d>
</text><text><lng>da</lng>
<d>List tilgængelige databaser på MySQL serveren</d>
</text><text><lng>de</lng>
<d>Auflistung der verfügbaren Datenbanken auf einem MySQL Server</d>
</text><text><lng>en</lng>
<d>List databases available on a MySQL server</d>
</text><text><lng>es</lng>
<d>Lista las bases de datos disponibles en el servidor MySQL</d>
</text></texts></PHPModuleRef><PHPModuleRef>
<t>mysql_list_fields</t>
<mn>mysql</mn>
<ft>F</ft>
<ver>4_0_0,4_0_1,4_0_2,4_0_3,4_0_4,4_0_5,4_0_6,4_1_0,4_1_1,4_1_2,4_2_0,4_2_1,4_2_2,4_2_3,4_3_0,4_3_1,4_3_10,4_3_11,4_3_2,4_3_3,4_3_4,4_3_5,4_3_6,4_3_7,4_3_8,4_3_9,4_4_0,4_4_1,4_4_2,4_4_3,4_4_4,4_4_5,4_4_6,4_cvs,5_0_0,5_0_1,5_0_2,5_0_3,5_1_0,5_1_1,5_1_2,5_1_3,5_1_4,5_1_5,5_1_6,5_2_0,5_2_1,5_cvs</ver>
<p4>resource mysql_list_fields(string database_name, string table_name [, int link_identifier])</p4>
<p4d>List MySQL result fields </p4d>
<p5>resource mysql_list_fields(string database_name, string table_name [, int link_identifier]) U</p5>
<p5d>List MySQL result fields </p5d>
<texts><text><lng>cs</lng>
<d>Načte výsledek s obsahem sloupce</d>
</text><text><lng>da</lng>
<d>List felterne i en MySQL tabel</d>
</text><text><lng>de</lng>
<d>Listet MySQL Ergebnisfelder auf</d>
</text><text><lng>en</lng>
<d>List MySQL table fields</d>
</text><text><lng>es</lng>
<d>Lista los campos del resultado de MySQL</d>
</text></texts></PHPModuleRef><PHPModuleRef>
<t>mysql_list_processes</t>
<mn>mysql</mn>
<ft>F</ft>
<ver>4_3_0,4_3_1,4_3_10,4_3_11,4_3_2,4_3_3,4_3_4,4_3_5,4_3_6,4_3_7,4_3_8,4_3_9,4_4_0,4_4_1,4_4_2,4_4_3,4_4_4,4_4_5,4_4_6,4_cvs,5_0_0,5_0_1,5_0_2,5_0_3,5_1_0,5_1_1,5_1_2,5_1_3,5_1_4,5_1_5,5_1_6,5_2_0,5_2_1,5_cvs</ver>
<p4>resource mysql_list_processes([int link_identifier])</p4>
<p4d>Returns a result set describing the current server threads </p4d>
<p5>resource mysql_list_processes([int link_identifier]) U</p5>
<p5d>Returns a result set describing the current server threads </p5d>
<texts><text><lng>cs</lng>
<d>List MySQL processes</d>
</text><text><lng>da</lng>
<d>Udskriv MySQL processer</d>
</text><text><lng>de</lng>
<d>Zeigt die MySQL Prozesse an</d>
</text><text><lng>en</lng>
<d>List MySQL processes</d>
</text><text><lng>es</lng>
<d>Lista los procesos MySQL</d>
</text></texts></PHPModuleRef><PHPModuleRef>
<t>mysql_list_tables</t>
<mn>mysql</mn>
<ft>F</ft>
<ver>4_0_0,4_0_1,4_0_2,4_0_3,4_0_4,4_0_5,4_0_6,4_1_0,4_1_1,4_1_2,4_2_0,4_2_1,4_2_2,4_2_3,4_3_0,4_3_1,4_3_10,4_3_11,4_3_2,4_3_3,4_3_4,4_3_5,4_3_6,4_3_7,4_3_8,4_3_9,4_4_0,4_4_1,4_4_2,4_4_3,4_4_4,4_4_5,4_4_6,4_cvs,5_0_0,5_0_1,5_0_2,5_0_3,5_1_0,5_1_1,5_1_2,5_1_3,5_1_4,5_1_5,5_1_6</ver>
<p4>resource mysql_list_tables(string database_name [, int link_identifier])</p4>
<p4d>List tables in a MySQL database </p4d>
<p5>resource mysql_list_tables(string database_name [, int link_identifier]) U</p5>
<p5d>List tables in a MySQL database </p5d>
<texts><text><lng>cs</lng>
<d>Načte všechny tabulky v MySQL databázi</d>
</text><text><lng>da</lng>
<d>Udskriv tabellerne i en MySQL database</d>
</text><text><lng>de</lng>
<d>Listet Tabellen in einer MySQL Datenbank auf</d>
</text><text><lng>en</lng>
<d>List tables in a MySQL database</d>
</text><text><lng>es</lng>
<d>Lista las tablas en una base de datos MySQL</d>
</text></texts></PHPModuleRef><PHPModuleRef>
<t>mysql_numfields</t>
<mn>mysql</mn>
<ft>A</ft>
<af>mysql_num_fields</af>
<ver>4_0_0,4_0_1,4_0_2,4_0_3,4_0_4,4_0_5,4_0_6,4_1_0,4_1_1,4_1_2,4_2_0,4_2_1,4_2_2,4_2_3,4_3_0,4_3_1,4_3_10,4_3_11,4_3_2,4_3_3,4_3_4,4_3_5,4_3_6,4_3_7,4_3_8,4_3_9,4_4_0,4_4_1,4_4_2,4_4_3,4_4_4,4_4_5,4_4_6,4_cvs,5_0_0,5_0_1,5_0_2,5_0_3,5_1_0,5_1_1,5_1_2,5_1_3,5_1_4,5_1_5,5_1_6,5_2_0,5_2_1,5_cvs</ver>
</PHPModuleRef><PHPModuleRef>
<t>mysql_numrows</t>
<mn>mysql</mn>
<ft>A</ft>
<af>mysql_num_rows</af>
<ver>4_0_0,4_0_1,4_0_2,4_0_3,4_0_4,4_0_5,4_0_6,4_1_0,4_1_1,4_1_2,4_2_0,4_2_1,4_2_2,4_2_3,4_3_0,4_3_1,4_3_10,4_3_11,4_3_2,4_3_3,4_3_4,4_3_5,4_3_6,4_3_7,4_3_8,4_3_9,4_4_0,4_4_1,4_4_2,4_4_3,4_4_4,4_4_5,4_4_6,4_cvs,5_0_0,5_0_1,5_0_2,5_0_3,5_1_0,5_1_1,5_1_2,5_1_3,5_1_4,5_1_5,5_1_6,5_2_0,5_2_1,5_cvs</ver>
</PHPModuleRef><PHPModuleRef>
<t>mysql_num_fields</t>
<mn>mysql</mn>
<ft>F</ft>
<ver>4_0_0,4_0_1,4_0_2,4_0_3,4_0_4,4_0_5,4_0_6,4_1_0,4_1_1,4_1_2,4_2_0,4_2_1,4_2_2,4_2_3,4_3_0,4_3_1,4_3_10,4_3_11,4_3_2,4_3_3,4_3_4,4_3_5,4_3_6,4_3_7,4_3_8,4_3_9,4_4_0,4_4_1,4_4_2,4_4_3,4_4_4,4_4_5,4_4_6,4_cvs,5_0_0,5_0_1,5_0_2,5_0_3,5_1_0,5_1_1,5_1_2,5_1_3,5_1_4,5_1_5,5_1_6,5_2_0,5_2_1,5_cvs</ver>
<p4>int mysql_num_fields(resource result)</p4>
<p4d>Gets number of fields in a result </p4d>
<p5>int mysql_num_fields(resource result) U</p5>
<p5d>Gets number of fields in a result </p5d>
<texts><text><lng>cs</lng>
<d>Vrací počet sloupců ve výsledku</d>
</text><text><lng>da</lng>
<d>Returnerer nummeret af felter i et resultat</d>
</text><text><lng>de</lng>
<d>Liefert die Anzahl der Felder in einem Ergebnis</d>
</text><text><lng>en</lng>
<d>Get number of fields in result</d>
</text><text><lng>es</lng>
<d>devuelve el número de campos de un resultado</d>
</text></texts></PHPModuleRef><PHPModuleRef>
<t>mysql_num_rows</t>
<mn>mysql</mn>
<ft>F</ft>
<ver>4_0_0,4_0_1,4_0_2,4_0_3,4_0_4,4_0_5,4_0_6,4_1_0,4_1_1,4_1_2,4_2_0,4_2_1,4_2_2,4_2_3,4_3_0,4_3_1,4_3_10,4_3_11,4_3_2,4_3_3,4_3_4,4_3_5,4_3_6,4_3_7,4_3_8,4_3_9,4_4_0,4_4_1,4_4_2,4_4_3,4_4_4,4_4_5,4_4_6,4_cvs,5_0_0,5_0_1,5_0_2,5_0_3,5_1_0,5_1_1,5_1_2,5_1_3,5_1_4,5_1_5,5_1_6,5_2_0,5_2_1,5_cvs</ver>
<p4>int mysql_num_rows(resource result)</p4>
<p4d>Gets number of rows in a result </p4d>
<p5>int mysql_num_rows(resource result) U</p5>
<p5d>Gets number of rows in a result </p5d>
<texts><text><lng>cs</lng>
<d>Vrací počet záznamů ve výsledku</d>
</text><text><lng>da</lng>
<d>Returneret nummeret af rækker i et resultat</d>
</text><text><lng>de</lng>
<d>Liefert die Anzahl der Datensätze im Ergebnis</d>
</text><text><lng>en</lng>
<d>Get number of rows in result</d>
</text><text><lng>es</lng>
<d>Devuelve el número de filas de un resultado</d>
</text></texts></PHPModuleRef><PHPModuleRef>
<t>mysql_pconnect</t>
<mn>mysql</mn>
<ft>F</ft>
<ver>4_0_0,4_0_1,4_0_2,4_0_3,4_0_4,4_0_5,4_0_6,4_1_0,4_1_1,4_1_2,4_2_0,4_2_1,4_2_2,4_2_3,4_3_0,4_3_1,4_3_10,4_3_11,4_3_2,4_3_3,4_3_4,4_3_5,4_3_6,4_3_7,4_3_8,4_3_9,4_4_0,4_4_1,4_4_2,4_4_3,4_4_4,4_4_5,4_4_6,4_cvs,5_0_0,5_0_1,5_0_2,5_0_3,5_1_0,5_1_1,5_1_2,5_1_3,5_1_4,5_1_5,5_1_6,5_2_0,5_2_1,5_cvs</ver>
<p4>resource mysql_pconnect([string hostname[:port][:/path/to/socket] [, string username [, string passw</p4>
<p4d>Opens a persistent connection to a MySQL Server </p4d>
<p5>resource mysql_pconnect([string hostname[:port][:/path/to/socket] [, string username [, string passw</p5>
<p5d>Opens a persistent connection to a MySQL Server </p5d>
<texts><text><lng>cs</lng>
<d>Otevře persistentní spojení s MySQL serverem</d>
</text><text><lng>da</lng>
<d>Åben en vedvarende forbindelse til en MySQL server</d>
</text><text><lng>de</lng>
<d>Öffnet eine persistente Verbindung zum MySQL Server</d>
</text><text><lng>en</lng>
<d>Open a persistent connection to a MySQL server</d>
</text><text><lng>es</lng>
<d>Abre una conexión persistente al servidor MySQL</d>
</text></texts></PHPModuleRef><PHPModuleRef>
<t>mysql_ping</t>
<mn>mysql</mn>
<ft>F</ft>
<ver>4_3_0,4_3_1,4_3_10,4_3_11,4_3_2,4_3_3,4_3_4,4_3_5,4_3_6,4_3_7,4_3_8,4_3_9,4_4_0,4_4_1,4_4_2,4_4_3,4_4_4,4_4_5,4_4_6,4_cvs,5_0_0,5_0_1,5_0_2,5_0_3,5_1_0,5_1_1,5_1_2,5_1_3,5_1_4,5_1_5,5_1_6,5_2_0,5_2_1,5_cvs</ver>
<p4>bool mysql_ping([int link_identifier])</p4>
<p4d>Ping a server connection. If no connection then reconnect. </p4d>
<p5>bool mysql_ping([int link_identifier]) U</p5>
<p5d>Ping a server connection. If no connection then reconnect. </p5d>
<texts><text><lng>cs</lng>
<d>Ověří spojení se serverem, případně, není-li spojení dostupné,
    pokusí se připojit znovu.</d>
</text><text><lng>da</lng>
<d>Pinger en server-forbindelse eller genopretter enforbindelse, hvis der ikke er nogen</d>
</text><text><lng>de</lng>
<d>Ping a server connection or reconnect if there is no connection</d>
</text><text><lng>en</lng>
<d>Ping a server connection or reconnect if there is no connection</d>
</text><text><lng>es</lng>
<d>Efectuar un chequeo de respuesta (ping) sobre unaconexión de servidor o reconectarse si no hay
  conexión</d>
</text></texts></PHPModuleRef><PHPModuleRef>
<t>mysql_query</t>
<mn>mysql</mn>
<ft>F</ft>
<ver>4_0_0,4_0_1,4_0_2,4_0_3,4_0_4,4_0_5,4_0_6,4_1_0,4_1_1,4_1_2,4_2_0,4_2_1,4_2_2,4_2_3,4_3_0,4_3_1,4_3_10,4_3_11,4_3_2,4_3_3,4_3_4,4_3_5,4_3_6,4_3_7,4_3_8,4_3_9,4_4_0,4_4_1,4_4_2,4_4_3,4_4_4,4_4_5,4_4_6,4_cvs,5_0_0,5_0_1,5_0_2,5_0_3,5_1_0,5_1_1,5_1_2,5_1_3,5_1_4,5_1_5,5_1_6,5_2_0,5_2_1,5_cvs</ver>
<p4>resource mysql_query(string query [, int link_identifier])</p4>
<p4d>Sends an SQL query to MySQL </p4d>
<p5>resource mysql_query(string query [, int link_identifier]) U</p5>
<p5d>Sends an SQL query to MySQL </p5d>
<texts><text><lng>cs</lng>
<d>Pošle MySQL dotaz</d>
</text><text><lng>da</lng>
<d>Sender en MySQL forespørgsel</d>
</text><text><lng>de</lng>
<d>Sendet eine Anfrage an MySQL</d>
</text><text><lng>en</lng>
<d>Send a MySQL query</d>
</text><text><lng>es</lng>
<d>Envía una consulta de MySQL</d>
</text></texts></PHPModuleRef><PHPModuleRef>
<t>mysql_real_escape_string</t>
<mn>mysql</mn>
<ft>F</ft>
<ver>4_3_0,4_3_1,4_3_10,4_3_11,4_3_2,4_3_3,4_3_4,4_3_5,4_3_6,4_3_7,4_3_8,4_3_9,4_4_0,4_4_1,4_4_2,4_4_3,4_4_4,4_4_5,4_4_6,4_cvs,5_0_0,5_0_1,5_0_2,5_0_3,5_1_0,5_1_1,5_1_2,5_1_3,5_1_4,5_1_5,5_1_6,5_2_0,5_2_1,5_cvs</ver>
<p4>string mysql_real_escape_string(string to_be_escaped [, int link_identifier])</p4>
<p4d>Escape special characters in a string for use in a SQL statement, taking into account the current charset of the connection </p4d>
<p5>string mysql_real_escape_string(string to_be_escaped [, int link_identifier]) U</p5>
<p5d>Escape special characters in a string for use in a SQL statement, taking into account the current charset of the connection </p5d>
<texts><text><lng>cs</lng>
<d>Upraví řetězec pro bezpečné použití v mysql_query.</d>
</text><text><lng>da</lng>
<d>Sikrer special karakterer i en streng, til brug i en MySQL erklæring</d>
</text><text><lng>de</lng>
<d>Maskiert spezielle Zeichen innerhalb eines Strings für die
   Verwendung in einer SQL-Anweisung</d>
</text><text><lng>en</lng>
<d>Escapes special characters in a string for use in a SQL statement</d>
</text><text><lng>es</lng>
<d>Escapa caracteres especiales de una cadena para su uso en unasentencia SQL</d>
</text></texts></PHPModuleRef><PHPModuleRef>
<t>mysql_result</t>
<mn>mysql</mn>
<ft>F</ft>
<ver>4_0_0,4_0_1,4_0_2,4_0_3,4_0_4,4_0_5,4_0_6,4_1_0,4_1_1,4_1_2,4_2_0,4_2_1,4_2_2,4_2_3,4_3_0,4_3_1,4_3_10,4_3_11,4_3_2,4_3_3,4_3_4,4_3_5,4_3_6,4_3_7,4_3_8,4_3_9,4_4_0,4_4_1,4_4_2,4_4_3,4_4_4,4_4_5,4_4_6,4_cvs,5_0_0,5_0_1,5_0_2,5_0_3,5_1_0,5_1_1,5_1_2,5_1_3,5_1_4,5_1_5,5_1_6,5_2_0,5_2_1,5_cvs</ver>
<p4>mixed mysql_result(resource result, int row [, mixed field])</p4>
<p4d>Gets result data </p4d>
<p5>mixed mysql_result(resource result, int row [, mixed field]) U</p5>
<p5d>Gets result data </p5d>
<texts><text><lng>cs</lng>
<d>Načte obsah jednoho sloupce tabulky</d>
</text><text><lng>da</lng>
<d>Modtag resultat data</d>
</text><text><lng>de</lng>
<d>Liefert Ergebnis</d>
</text><text><lng>en</lng>
<d>Get result data</d>
</text><text><lng>es</lng>
<d>Devuelve datos de un resultado</d>
</text></texts></PHPModuleRef><PHPModuleRef>
<t>mysql_selectdb</t>
<mn>mysql</mn>
<ft>A</ft>
<af>mysql_select_db</af>
<ver>4_0_0,4_0_1,4_0_2,4_0_3,4_0_4,4_0_5,4_0_6,4_1_0,4_1_1,4_1_2,4_2_0,4_2_1,4_2_2,4_2_3,4_3_0,4_3_1,4_3_10,4_3_11,4_3_2,4_3_3,4_3_4,4_3_5,4_3_6,4_3_7,4_3_8,4_3_9,4_4_0,4_4_1,4_4_2,4_4_3,4_4_4,4_4_5,4_4_6,4_cvs,5_0_0,5_0_1,5_0_2,5_0_3,5_1_0,5_1_1,5_1_2,5_1_3,5_1_4,5_1_5,5_1_6,5_2_0,5_2_1,5_cvs</ver>
</PHPModuleRef><PHPModuleRef>
<t>mysql_select_db</t>
<mn>mysql</mn>
<ft>F</ft>
<ver>4_0_0,4_0_1,4_0_2,4_0_3,4_0_4,4_0_5,4_0_6,4_1_0,4_1_1,4_1_2,4_2_0,4_2_1,4_2_2,4_2_3,4_3_0,4_3_1,4_3_10,4_3_11,4_3_2,4_3_3,4_3_4,4_3_5,4_3_6,4_3_7,4_3_8,4_3_9,4_4_0,4_4_1,4_4_2,4_4_3,4_4_4,4_4_5,4_4_6,4_cvs,5_0_0,5_0_1,5_0_2,5_0_3,5_1_0,5_1_1,5_1_2,5_1_3,5_1_4,5_1_5,5_1_6,5_2_0,5_2_1,5_cvs</ver>
<p4>bool mysql_select_db(string database_name [, int link_identifier])</p4>
<p4d>Selects a MySQL database </p4d>
<p5>bool mysql_select_db(string database_name [, int link_identifier]) U</p5>
<p5d>Selects a MySQL database </p5d>
<texts><text><lng>cs</lng>
<d>Nastaví MySQL databázi</d>
</text><text><lng>da</lng>
<d>Vælg en MySQL database</d>
</text><text><lng>de</lng>
<d>Auswahl einer MySQL Datenbank</d>
</text><text><lng>en</lng>
<d>Select a MySQL database</d>
</text><text><lng>es</lng>
<d>Selecciona un base de datos MySQL</d>
</text></texts></PHPModuleRef><PHPModuleRef>
<t>mysql_stat</t>
<mn>mysql</mn>
<ft>F</ft>
<ver>4_3_0,4_3_1,4_3_10,4_3_11,4_3_2,4_3_3,4_3_4,4_3_5,4_3_6,4_3_7,4_3_8,4_3_9,4_4_0,4_4_1,4_4_2,4_4_3,4_4_4,4_4_5,4_4_6,4_cvs,5_0_0,5_0_1,5_0_2,5_0_3,5_1_0,5_1_1,5_1_2,5_1_3,5_1_4,5_1_5,5_1_6,5_2_0,5_2_1,5_cvs</ver>
<p4>string mysql_stat([int link_identifier])</p4>
<p4d>Returns a string containing status information </p4d>
<p5>string mysql_stat([int link_identifier]) U</p5>
<p5d>Returns a string containing status information </p5d>
<texts><text><lng>cs</lng>
<d>Vrací aktuální stav systému</d>
</text><text><lng>da</lng>
<d>Den nuværende system status</d>
</text><text><lng>de</lng>
<d>Zeigt den momentanen Serverstatus an</d>
</text><text><lng>en</lng>
<d>Get current system status</d>
</text><text><lng>es</lng>
<d>Obtener el status actual del sistema</d>
</text></texts></PHPModuleRef><PHPModuleRef>
<t>mysql_tablename</t>
<mn>mysql</mn>
<ft>A</ft>
<af>mysql_result</af>
<ver>4_0_0,4_0_1,4_0_2,4_0_3,4_0_4,4_0_5,4_0_6,4_1_0,4_1_1,4_1_2,4_2_0,4_2_1,4_2_2,4_2_3,4_3_0,4_3_1,4_3_10,4_3_11,4_3_2,4_3_3,4_3_4,4_3_5,4_3_6,4_3_7,4_3_8,4_3_9,4_4_0,4_4_1,4_4_2,4_4_3,4_4_4,4_4_5,4_4_6,4_cvs,5_0_0,5_0_1,5_0_2,5_0_3,5_1_0,5_1_1,5_1_2,5_1_3,5_1_4,5_1_5,5_1_6,5_2_0,5_2_1,5_cvs</ver>
</PHPModuleRef><PHPModuleRef>
<t>mysql_table_name</t>
<mn>mysql</mn>
<ft>A</ft>
<af>mysql_result</af>
<ver>4_3_0,4_3_1,4_3_10,4_3_11,4_3_2,4_3_3,4_3_4,4_3_5,4_3_6,4_3_7,4_3_8,4_3_9,4_4_0,4_4_1,4_4_2,4_4_3,4_4_4,4_4_5,4_4_6,4_cvs,5_0_0,5_0_1,5_0_2,5_0_3,5_1_0,5_1_1,5_1_2,5_1_3,5_1_4,5_1_5,5_1_6,5_2_0,5_2_1,5_cvs</ver>
</PHPModuleRef><PHPModuleRef>
<t>mysql_thread_id</t>
<mn>mysql</mn>
<ft>F</ft>
<ver>4_3_0,4_3_1,4_3_10,4_3_11,4_3_2,4_3_3,4_3_4,4_3_5,4_3_6,4_3_7,4_3_8,4_3_9,4_4_0,4_4_1,4_4_2,4_4_3,4_4_4,4_4_5,4_4_6,4_cvs,5_0_0,5_0_1,5_0_2,5_0_3,5_1_0,5_1_1,5_1_2,5_1_3,5_1_4,5_1_5,5_1_6,5_2_0,5_2_1,5_cvs</ver>
<p4>int mysql_thread_id([int link_identifier])</p4>
<p4d>Returns the thread id of current connection </p4d>
<p5>int mysql_thread_id([int link_identifier]) U</p5>
<p5d>Returns the thread id of current connection </p5d>
<texts><text><lng>cs</lng>
<d>Vrací id aktuálního vlákna</d>
</text><text><lng>da</lng>
<d>Returnerer ID'et på den nuværende tråd</d>
</text><text><lng>de</lng>
<d>Zeigt die aktuelle Thread ID an</d>
</text><text><lng>en</lng>
<d>Return the current thread ID</d>
</text><text><lng>es</lng>
<d>Devuelve el ID del hilo actual</d>
</text></texts></PHPModuleRef><PHPModuleRef>
<t>mysql_unbuffered_query</t>
<mn>mysql</mn>
<ft>F</ft>
<ver>4_0_6,4_1_0,4_1_1,4_1_2,4_2_0,4_2_1,4_2_2,4_2_3,4_3_0,4_3_1,4_3_10,4_3_11,4_3_2,4_3_3,4_3_4,4_3_5,4_3_6,4_3_7,4_3_8,4_3_9,4_4_0,4_4_1,4_4_2,4_4_3,4_4_4,4_4_5,4_4_6,4_cvs,5_0_0,5_0_1,5_0_2,5_0_3,5_1_0,5_1_1,5_1_2,5_1_3,5_1_4,5_1_5,5_1_6,5_2_0,5_2_1,5_cvs</ver>
<p4>resource mysql_unbuffered_query(string query [, int link_identifier])</p4>
<p4d>Sends an SQL query to MySQL, without fetching and buffering the result rows </p4d>
<p5>resource mysql_unbuffered_query(string query [, int link_identifier]) U</p5>
<p5d>Sends an SQL query to MySQL, without fetching and buffering the result rows </p5d>
<texts><text><lng>cs</lng>
<d>Pošle SQL dotaz bez načtení a bufferování výsledných záznamů</d>
</text><text><lng>da</lng>
<d>Send en SQL forespørgsel, til MySQL, uden at hente og lagre, rækkerne.</d>
</text><text><lng>de</lng>
<d>Sendet eine SQL Anfrage an MySQL,ohne Ergebniszeilen abzuholen und zu puffern.</d>
</text><text><lng>en</lng>
<d>Send an SQL query to MySQL, without fetching and buffering the result rows</d>
</text><text><lng>es</lng>
<d>Envía una consulta SQL a MySQL, sin recuperar ni
  colocar en búfer las filas de resultado</d>
</text></texts></PHPModuleRef></PHPModuleRef-List>
