<?xml version="1.0" encoding="utf-8"?>
<PHPModuleRef-List>
<PHPModuleRef>
<t>mysqli_affected_rows</t>
<mn>mysqli</mn>
<ft>F</ft>
<ver>5_0_0,5_0_1,5_0_2,5_0_3,5_1_0,5_1_1,5_1_2,5_1_3,5_1_4,5_1_5,5_1_6,5_2_0,5_2_1,5_cvs</ver>
<p5>mixed mysqli_affected_rows(object link) U</p5>
<p5d>Get number of affected rows in previous MySQL operation </p5d>
</PHPModuleRef><PHPModuleRef>
<t>mysqli_autocommit</t>
<mn>mysqli</mn>
<ft>F</ft>
<ver>5_0_0,5_0_1,5_0_2,5_0_3,5_1_0,5_1_1,5_1_2,5_1_3,5_1_4,5_1_5,5_1_6,5_2_0,5_2_1,5_cvs</ver>
<p5>bool mysqli_autocommit(object link, bool mode) U</p5>
<p5d>Turn auto commit on or of </p5d>
</PHPModuleRef><PHPModuleRef>
<t>mysqli_bind_param</t>
<mn>mysqli</mn>
<ft>A</ft>
<af>mysqli_stmt_bind_param</af>
<ver>5_1_2,5_1_3,5_1_4,5_1_5,5_1_6,5_2_0,5_2_1,5_cvs</ver>
</PHPModuleRef><PHPModuleRef>
<t>mysqli_bind_result</t>
<mn>mysqli</mn>
<ft>A</ft>
<af>mysqli_stmt_bind_result</af>
<ver>5_1_2,5_1_3,5_1_4,5_1_5,5_1_6,5_2_0,5_2_1,5_cvs</ver>
</PHPModuleRef><PHPModuleRef>
<t>mysqli_change_user</t>
<mn>mysqli</mn>
<ft>F</ft>
<ver>5_0_0,5_0_1,5_0_2,5_0_3,5_1_0,5_1_1,5_1_2,5_1_3,5_1_4,5_1_5,5_1_6,5_2_0,5_2_1,5_cvs</ver>
<p5>bool mysqli_change_user(object link, string user, string password, string database) U</p5>
<p5d>Change logged-in user of the active connection </p5d>
</PHPModuleRef><PHPModuleRef>
<t>mysqli_character_set_name</t>
<mn>mysqli</mn>
<ft>F</ft>
<ver>5_0_0,5_0_1,5_0_2,5_0_3,5_1_0,5_1_1,5_1_2,5_1_3,5_1_4,5_1_5,5_1_6,5_2_0,5_2_1,5_cvs</ver>
<p5>string mysqli_character_set_name(object link) U</p5>
<p5d>Returns the name of the character set used for this connection </p5d>
</PHPModuleRef><PHPModuleRef>
<t>mysqli_client_encoding</t>
<mn>mysqli</mn>
<ft>A</ft>
<af>mysqli_character_set_name</af>
<ver>5_1_2,5_1_3,5_1_4,5_1_5,5_1_6,5_2_0,5_2_1,5_cvs</ver>
</PHPModuleRef><PHPModuleRef>
<t>mysqli_close</t>
<mn>mysqli</mn>
<ft>F</ft>
<ver>5_0_0,5_0_1,5_0_2,5_0_3,5_1_0,5_1_1,5_1_2,5_1_3,5_1_4,5_1_5,5_1_6,5_2_0,5_2_1,5_cvs</ver>
<p5>bool mysqli_close(object link) U</p5>
<p5d>Close connection </p5d>
</PHPModuleRef><PHPModuleRef>
<t>mysqli_commit</t>
<mn>mysqli</mn>
<ft>F</ft>
<ver>5_0_0,5_0_1,5_0_2,5_0_3,5_1_0,5_1_1,5_1_2,5_1_3,5_1_4,5_1_5,5_1_6,5_2_0,5_2_1,5_cvs</ver>
<p5>bool mysqli_commit(object link) U</p5>
<p5d>Commit outstanding actions and close transaction </p5d>
</PHPModuleRef><PHPModuleRef>
<t>mysqli_connect</t>
<mn>mysqli</mn>
<ft>F</ft>
<ver>5_0_0,5_0_1,5_0_2,5_0_3,5_1_0,5_1_1,5_1_2,5_1_3,5_1_4,5_1_5,5_1_6,5_2_0,5_2_1,5_cvs</ver>
<p5>object mysqli_connect([string hostname [,string username [,string passwd [,string dbname [,int port</p5>
<p5d>Open a connection to a mysql server </p5d>
</PHPModuleRef><PHPModuleRef>
<t>mysqli_connect_errno</t>
<mn>mysqli</mn>
<ft>F</ft>
<ver>5_0_0,5_0_1,5_0_2,5_0_3,5_1_0,5_1_1,5_1_2,5_1_3,5_1_4,5_1_5,5_1_6,5_2_0,5_2_1,5_cvs</ver>
<p5>int mysqli_connect_errno(void) U</p5>
<p5d>Returns the numerical value of the error message from last connect command </p5d>
<texts><text><lng>en</lng>
<d>Returns the error code from last connect call</d>
</text><text><lng>es</lng>
<d>Regresa el código de error de la última llamada a la conexión</d>
</text></texts></PHPModuleRef><PHPModuleRef>
<t>mysqli_connect_error</t>
<mn>mysqli</mn>
<ft>F</ft>
<ver>5_0_0,5_0_1,5_0_2,5_0_3,5_1_0,5_1_1,5_1_2,5_1_3,5_1_4,5_1_5,5_1_6,5_2_0,5_2_1,5_cvs</ver>
<p5>string mysqli_connect_error(void) U</p5>
<p5d>Returns the text of the error message from previous MySQL operation </p5d>
<texts><text><lng>en</lng>
<d>Returns a string description of the last connect error</d>
</text><text><lng>es</lng>
<d>Regresa una descripción del último error de la 
	 conexión</d>
</text></texts></PHPModuleRef><PHPModuleRef>
<t>mysqli_data_seek</t>
<mn>mysqli</mn>
<ft>F</ft>
<ver>5_0_0,5_0_1,5_0_2,5_0_3,5_1_0,5_1_1,5_1_2,5_1_3,5_1_4,5_1_5,5_1_6,5_2_0,5_2_1,5_cvs</ver>
<p5>bool mysqli_data_seek(object result, int offset) U</p5>
<p5d>Move internal result pointer </p5d>
</PHPModuleRef><PHPModuleRef>
<t>mysqli_debug</t>
<mn>mysqli</mn>
<ft>F</ft>
<ver>5_0_0,5_0_1,5_0_2,5_0_3,5_1_0,5_1_1,5_1_2,5_1_3,5_1_4,5_1_5,5_1_6,5_2_0,5_2_1,5_cvs</ver>
<p5>void mysqli_debug(string debug) U</p5>
<p5d></p5d>
<texts><text><lng>es</lng>
<d>Realiza operaciones de rastreo de errores</d>
</text></texts></PHPModuleRef><PHPModuleRef>
<t>mysqli_disable_reads_from_master</t>
<mn>mysqli</mn>
<ft>F</ft>
<ver>5_0_0,5_0_1,5_0_2,5_0_3,5_1_0,5_1_1,5_1_2,5_1_3,5_1_4,5_1_5,5_1_6,5_2_0,5_2_1,5_cvs</ver>
<p5>void mysqli_disable_reads_from_master(object link)</p5>
<p5d></p5d>
</PHPModuleRef><PHPModuleRef>
<t>mysqli_disable_rpl_parse</t>
<mn>mysqli</mn>
<ft>F</ft>
<ver>5_0_0,5_0_1,5_0_2,5_0_3,5_1_0,5_1_1,5_1_2,5_1_3,5_1_4,5_1_5,5_1_6,5_2_0,5_2_1,5_cvs</ver>
<p5>void mysqli_disable_rpl_parse(object link)</p5>
<p5d></p5d>
<texts><text><lng>en</lng>
<d>Disable RPL parse</d>
</text><text><lng>es</lng>
<d>Deshabilita el analizador RPL</d>
</text></texts></PHPModuleRef><PHPModuleRef>
<t>mysqli_dump_debug_info</t>
<mn>mysqli</mn>
<ft>F</ft>
<ver>5_0_0,5_0_1,5_0_2,5_0_3,5_1_0,5_1_1,5_1_2,5_1_3,5_1_4,5_1_5,5_1_6,5_2_0,5_2_1,5_cvs</ver>
<p5>bool mysqli_dump_debug_info(object link) U</p5>
<p5d></p5d>
</PHPModuleRef><PHPModuleRef>
<t>mysqli_embedded_connect</t>
<mn>mysqli</mn>
<ft>F</ft>
<ver>5_0_0,5_0_1,5_0_2,5_0_3</ver>
<texts><text><lng>es</lng>
<d>Abre una conexió a un servidor MySQL embebido</d>
</text></texts></PHPModuleRef><PHPModuleRef>
<t>mysqli_embedded_server_end</t>
<mn>mysqli</mn>
<ft>F</ft>
<ver>5_1_0,5_1_1,5_1_2,5_1_3,5_1_4,5_1_5,5_1_6,5_2_0,5_2_1,5_cvs</ver>
<p5>void mysqli_embedded_server_end(void)</p5>
<p5d></p5d>
</PHPModuleRef><PHPModuleRef>
<t>mysqli_embedded_server_start</t>
<mn>mysqli</mn>
<ft>F</ft>
<ver>5_1_0,5_1_1,5_1_2,5_1_3,5_1_4,5_1_5,5_1_6,5_2_0,5_2_1,5_cvs</ver>
<p5>bool mysqli_embedded_server_start(bool start, array arguments, array groups)</p5>
<p5d>initialize and start embedded server </p5d>
</PHPModuleRef><PHPModuleRef>
<t>mysqli_enable_reads_from_master</t>
<mn>mysqli</mn>
<ft>F</ft>
<ver>5_0_0,5_0_1,5_0_2,5_0_3,5_1_0,5_1_1,5_1_2,5_1_3,5_1_4,5_1_5,5_1_6,5_2_0,5_2_1,5_cvs</ver>
<p5>void mysqli_enable_reads_from_master(object link)</p5>
<p5d></p5d>
<texts><text><lng>en</lng>
<d>Enable reads from master</d>
</text><text><lng>es</lng>
<d>Habilita la lectura del servidor Maestro</d>
</text></texts></PHPModuleRef><PHPModuleRef>
<t>mysqli_enable_rpl_parse</t>
<mn>mysqli</mn>
<ft>F</ft>
<ver>5_0_0,5_0_1,5_0_2,5_0_3,5_1_0,5_1_1,5_1_2,5_1_3,5_1_4,5_1_5,5_1_6,5_2_0,5_2_1,5_cvs</ver>
<p5>void mysqli_enable_rpl_parse(object link)</p5>
<p5d></p5d>
<texts><text><lng>en</lng>
<d>Enable RPL parse</d>
</text><text><lng>es</lng>
<d>Habilita el analizador RPL</d>
</text></texts></PHPModuleRef><PHPModuleRef>
<t>mysqli_errno</t>
<mn>mysqli</mn>
<ft>F</ft>
<ver>5_0_0,5_0_1,5_0_2,5_0_3,5_1_0,5_1_1,5_1_2,5_1_3,5_1_4,5_1_5,5_1_6,5_2_0,5_2_1,5_cvs</ver>
<p5>int mysqli_errno(object link) U</p5>
<p5d>Returns the numerical value of the error message from previous MySQL operation </p5d>
</PHPModuleRef><PHPModuleRef>
<t>mysqli_error</t>
<mn>mysqli</mn>
<ft>F</ft>
<ver>5_0_0,5_0_1,5_0_2,5_0_3,5_1_0,5_1_1,5_1_2,5_1_3,5_1_4,5_1_5,5_1_6,5_2_0,5_2_1,5_cvs</ver>
<p5>string mysqli_error(object link) U</p5>
<p5d>Returns the text of the error message from previous MySQL operation </p5d>
<texts><text><lng>en</lng>
<d>Returns a string description of the last error</d>
</text><text><lng>es</lng>
<d>Regresa una cadena con la descripció del último error</d>
</text></texts></PHPModuleRef><PHPModuleRef>
<t>mysqli_escape_string</t>
<mn>mysqli</mn>
<ft>A</ft>
<af>mysqli_real_escape_string</af>
<ver>5_1_2,5_1_3,5_1_4,5_1_5,5_1_6,5_2_0,5_2_1,5_cvs</ver>
</PHPModuleRef><PHPModuleRef>
<t>mysqli_execute</t>
<mn>mysqli</mn>
<ft>A</ft>
<af>mysqli_stmt_execute</af>
<ver>5_0_0,5_0_1,5_0_2,5_0_3,5_1_0,5_1_1,5_1_2,5_1_3,5_1_4,5_1_5,5_1_6,5_2_0,5_2_1,5_cvs</ver>
</PHPModuleRef><PHPModuleRef>
<t>mysqli_fetch</t>
<mn>mysqli</mn>
<ft>A</ft>
<af>mysqli_stmt_fetch</af>
<ver>5_0_0,5_0_1,5_0_2,5_0_3,5_1_0,5_1_1,5_1_2,5_1_3,5_1_4,5_1_5,5_1_6,5_2_0,5_2_1,5_cvs</ver>
</PHPModuleRef><PHPModuleRef>
<t>mysqli_fetch_array</t>
<mn>mysqli</mn>
<ft>F</ft>
<ver>5_0_0,5_0_1,5_0_2,5_0_3,5_1_0,5_1_1,5_1_2,5_1_3,5_1_4,5_1_5,5_1_6,5_2_0,5_2_1,5_cvs</ver>
<p5>mixed mysqli_fetch_array (object result [,int resulttype]) U</p5>
<p5d>Fetch a result row as an associative array, a numeric array, or both </p5d>
</PHPModuleRef><PHPModuleRef>
<t>mysqli_fetch_assoc</t>
<mn>mysqli</mn>
<ft>F</ft>
<ver>5_0_0,5_0_1,5_0_2,5_0_3,5_1_0,5_1_1,5_1_2,5_1_3,5_1_4,5_1_5,5_1_6,5_2_0,5_2_1,5_cvs</ver>
<p5>mixed mysqli_fetch_assoc (object result) U</p5>
<p5d>Fetch a result row as an associative array </p5d>
</PHPModuleRef><PHPModuleRef>
<t>mysqli_fetch_field</t>
<mn>mysqli</mn>
<ft>F</ft>
<ver>5_0_0,5_0_1,5_0_2,5_0_3,5_1_0,5_1_1,5_1_2,5_1_3,5_1_4,5_1_5,5_1_6,5_2_0,5_2_1,5_cvs</ver>
<p5>mixed mysqli_fetch_field (object result) U</p5>
<p5d>Get column information from a result and return as an object </p5d>
</PHPModuleRef><PHPModuleRef>
<t>mysqli_fetch_fields</t>
<mn>mysqli</mn>
<ft>F</ft>
<ver>5_0_0,5_0_1,5_0_2,5_0_3,5_1_0,5_1_1,5_1_2,5_1_3,5_1_4,5_1_5,5_1_6,5_2_0,5_2_1,5_cvs</ver>
<p5>mixed mysqli_fetch_fields (object result) U</p5>
<p5d>Return array of objects containing field meta-data </p5d>
</PHPModuleRef><PHPModuleRef>
<t>mysqli_fetch_field_direct</t>
<mn>mysqli</mn>
<ft>F</ft>
<ver>5_0_0,5_0_1,5_0_2,5_0_3,5_1_0,5_1_1,5_1_2,5_1_3,5_1_4,5_1_5,5_1_6,5_2_0,5_2_1,5_cvs</ver>
<p5>mixed mysqli_fetch_field_direct (object result, int offset) U</p5>
<p5d>Fetch meta-data for a single field </p5d>
</PHPModuleRef><PHPModuleRef>
<t>mysqli_fetch_lengths</t>
<mn>mysqli</mn>
<ft>F</ft>
<ver>5_0_0,5_0_1,5_0_2,5_0_3,5_1_0,5_1_1,5_1_2,5_1_3,5_1_4,5_1_5,5_1_6,5_2_0,5_2_1,5_cvs</ver>
<p5>mixed mysqli_fetch_lengths (object result) U</p5>
<p5d>Get the length of each output in a result </p5d>
</PHPModuleRef><PHPModuleRef>
<t>mysqli_fetch_object</t>
<mn>mysqli</mn>
<ft>F</ft>
<ver>5_0_0,5_0_1,5_0_2,5_0_3,5_1_0,5_1_1,5_1_2,5_1_3,5_1_4,5_1_5,5_1_6,5_2_0,5_2_1,5_cvs</ver>
<p5>mixed mysqli_fetch_object (object result [, string class_name [, NULL|array ctor_params]]) U</p5>
<p5d>Fetch a result row as an object </p5d>
</PHPModuleRef><PHPModuleRef>
<t>mysqli_fetch_row</t>
<mn>mysqli</mn>
<ft>F</ft>
<ver>5_0_0,5_0_1,5_0_2,5_0_3,5_1_0,5_1_1,5_1_2,5_1_3,5_1_4,5_1_5,5_1_6,5_2_0,5_2_1,5_cvs</ver>
<p5>array mysqli_fetch_row (object result) U</p5>
<p5d>Get a result row as an enumerated array </p5d>
</PHPModuleRef><PHPModuleRef>
<t>mysqli_field_count</t>
<mn>mysqli</mn>
<ft>F</ft>
<ver>5_0_0,5_0_1,5_0_2,5_0_3,5_1_0,5_1_1,5_1_2,5_1_3,5_1_4,5_1_5,5_1_6,5_2_0,5_2_1,5_cvs</ver>
<p5>int mysqli_field_count(object link) U</p5>
<p5d>Fetch the number of fields returned by the last query for the given link </p5d>
</PHPModuleRef><PHPModuleRef>
<t>mysqli_field_seek</t>
<mn>mysqli</mn>
<ft>F</ft>
<ver>5_0_0,5_0_1,5_0_2,5_0_3,5_1_0,5_1_1,5_1_2,5_1_3,5_1_4,5_1_5,5_1_6,5_2_0,5_2_1,5_cvs</ver>
<p5>int mysqli_field_seek(object result, int fieldnr) U</p5>
<p5d>Set result pointer to a specified field offset </p5d>
</PHPModuleRef><PHPModuleRef>
<t>mysqli_field_tell</t>
<mn>mysqli</mn>
<ft>F</ft>
<ver>5_0_0,5_0_1,5_0_2,5_0_3,5_1_0,5_1_1,5_1_2,5_1_3,5_1_4,5_1_5,5_1_6,5_2_0,5_2_1,5_cvs</ver>
<p5>int mysqli_field_tell(object result) U</p5>
<p5d>Get current field offset of result pointer </p5d>
</PHPModuleRef><PHPModuleRef>
<t>mysqli_free_result</t>
<mn>mysqli</mn>
<ft>F</ft>
<ver>5_0_0,5_0_1,5_0_2,5_0_3,5_1_0,5_1_1,5_1_2,5_1_3,5_1_4,5_1_5,5_1_6,5_2_0,5_2_1,5_cvs</ver>
<p5>void mysqli_free_result(object result) U</p5>
<p5d>Free query result memory for the given result handle </p5d>
</PHPModuleRef><PHPModuleRef>
<t>mysqli_get_charset</t>
<mn>mysqli</mn>
<ft>F</ft>
<ver>5_1_0,5_1_1,5_1_2,5_1_3,5_1_4,5_1_5,5_1_6,5_2_0,5_2_1,5_cvs</ver>
<p5>object mysqli_get_charset(object link) U</p5>
<p5d>returns a character set object </p5d>
<texts><text><lng>en</lng>
<d>Returns a character set object</d>
</text></texts></PHPModuleRef><PHPModuleRef>
<t>mysqli_get_client_info</t>
<mn>mysqli</mn>
<ft>F</ft>
<ver>5_0_0,5_0_1,5_0_2,5_0_3,5_1_0,5_1_1,5_1_2,5_1_3,5_1_4,5_1_5,5_1_6,5_2_0,5_2_1,5_cvs</ver>
<p5>string mysqli_get_client_info(void) U</p5>
<p5d>Get MySQL client info </p5d>
<texts><text><lng>en</lng>
<d>Returns the MySQL client version as a string</d>
</text><text><lng>es</lng>
<d>Regresa en una cadena la versión del cliente de MySQL</d>
</text></texts></PHPModuleRef><PHPModuleRef>
<t>mysqli_get_client_version</t>
<mn>mysqli</mn>
<ft>F</ft>
<ver>5_0_0,5_0_1,5_0_2,5_0_3,5_1_0,5_1_1,5_1_2,5_1_3,5_1_4,5_1_5,5_1_6,5_2_0,5_2_1,5_cvs</ver>
<p5>int mysqli_get_client_version(void) U</p5>
<p5d>Get MySQL client info </p5d>
<texts><text><lng>en</lng>
<d>Get MySQL client info</d>
</text><text><lng>es</lng>
<d>Obtiene información del cliente MySQL</d>
</text></texts></PHPModuleRef><PHPModuleRef>
<t>mysqli_get_host_info</t>
<mn>mysqli</mn>
<ft>F</ft>
<ver>5_0_0,5_0_1,5_0_2,5_0_3,5_1_0,5_1_1,5_1_2,5_1_3,5_1_4,5_1_5,5_1_6,5_2_0,5_2_1,5_cvs</ver>
<p5>string mysqli_get_host_info (object link) U</p5>
<p5d>Get MySQL host info </p5d>
</PHPModuleRef><PHPModuleRef>
<t>mysqli_get_metadata</t>
<mn>mysqli</mn>
<ft>A</ft>
<af>mysqli_stmt_result_metadata</af>
<ver>5_1_2,5_1_3,5_1_4,5_1_5,5_1_6,5_2_0,5_2_1,5_cvs</ver>
</PHPModuleRef><PHPModuleRef>
<t>mysqli_get_proto_info</t>
<mn>mysqli</mn>
<ft>F</ft>
<ver>5_0_0,5_0_1,5_0_2,5_0_3,5_1_0,5_1_1,5_1_2,5_1_3,5_1_4,5_1_5,5_1_6,5_2_0,5_2_1,5_cvs</ver>
<p5>int mysqli_get_proto_info(object link) U</p5>
<p5d>Get MySQL protocol information </p5d>
</PHPModuleRef><PHPModuleRef>
<t>mysqli_get_server_info</t>
<mn>mysqli</mn>
<ft>F</ft>
<ver>5_0_0,5_0_1,5_0_2,5_0_3,5_1_0,5_1_1,5_1_2,5_1_3,5_1_4,5_1_5,5_1_6,5_2_0,5_2_1,5_cvs</ver>
<p5>string mysqli_get_server_info(object link) U</p5>
<p5d>Get MySQL server info </p5d>
</PHPModuleRef><PHPModuleRef>
<t>mysqli_get_server_version</t>
<mn>mysqli</mn>
<ft>F</ft>
<ver>5_0_0,5_0_1,5_0_2,5_0_3,5_1_0,5_1_1,5_1_2,5_1_3,5_1_4,5_1_5,5_1_6,5_2_0,5_2_1,5_cvs</ver>
<p5>int mysqli_get_server_version(object link) U</p5>
<p5d>Return the MySQL version for the server referenced by the given link </p5d>
<texts><text><lng>es</lng>
<d>Regresa la versión del servidor MySQL como un entero</d>
</text></texts></PHPModuleRef><PHPModuleRef>
<t>mysqli_get_warnings</t>
<mn>mysqli</mn>
<ft>F</ft>
<ver>5_1_0,5_1_1,5_1_2,5_1_3,5_1_4,5_1_5,5_1_6,5_2_0,5_2_1,5_cvs</ver>
<p5>object mysqli_get_warnings(object link) U */ </p5>
<p5d>PHP_FUNCTION(mysqli_get_warnings) { MY_MYSQL			*mysql; zval				*mysql_link; MYSQLI_RESOURCE		*mysqli_resource; MYSQLI_WARNING		*w;  if (zend_parse_method_parameters(ZEND_NUM_ARGS() TSRMLS_CC, getThis(), &quot;O&quot;, &amp;mysql_link, mysqli_link_class_entry) == FAILURE) { return; } MYSQLI_FETCH_RESOURCE(mysql, MY_MYSQL*, &amp;mysql_link, &quot;mysqli_link&quot;, MYSQLI_STATUS_VALID);  if (mysql_warning_count(mysql-&gt;mysql)) { w = php_get_warnings(mysql-&gt;mysql); } else { RETURN_FALSE; } mysqli_resource = (MYSQLI_RESOURCE *)ecalloc (1, sizeof(MYSQLI_RESOURCE)); mysqli_resource-&gt;ptr = mysqli_resource-&gt;info = (void *)w; mysqli_resource-&gt;status = MYSQLI_STATUS_INITIALIZED; MYSQLI_RETURN_RESOURCE(mysqli_resource, mysqli_warning_class_entry); } /* }}} </p5d>
</PHPModuleRef><PHPModuleRef>
<t>mysqli_info</t>
<mn>mysqli</mn>
<ft>F</ft>
<ver>5_0_0,5_0_1,5_0_2,5_0_3,5_1_0,5_1_1,5_1_2,5_1_3,5_1_4,5_1_5,5_1_6,5_2_0,5_2_1,5_cvs</ver>
<p5>string mysqli_info(object link) U</p5>
<p5d>Get information about the most recent query </p5d>
</PHPModuleRef><PHPModuleRef>
<t>mysqli_init</t>
<mn>mysqli</mn>
<ft>F</ft>
<ver>5_0_0,5_0_1,5_0_2,5_0_3,5_1_0,5_1_1,5_1_2,5_1_3,5_1_4,5_1_5,5_1_6,5_2_0,5_2_1,5_cvs</ver>
<p5>resource mysqli_init(void) U</p5>
<p5d>Initialize mysqli and return a resource for use with mysql_real_connect </p5d>
<texts><text><lng>en</lng>
<d>Initializes MySQLi and returns a resource for use with mysqli_real_connect()</d>
</text><text><lng>es</lng>
<d>Inicializa MySQLi y regresa un objeto para ser usado con mysqli_rea_connect</d>
</text></texts></PHPModuleRef><PHPModuleRef>
<t>mysqli_insert_id</t>
<mn>mysqli</mn>
<ft>F</ft>
<ver>5_0_0,5_0_1,5_0_2,5_0_3,5_1_0,5_1_1,5_1_2,5_1_3,5_1_4,5_1_5,5_1_6,5_2_0,5_2_1,5_cvs</ver>
<p5>mixed mysqli_insert_id(object link) U</p5>
<p5d>Get the ID generated from the previous INSERT operation </p5d>
</PHPModuleRef><PHPModuleRef>
<t>mysqli_kill</t>
<mn>mysqli</mn>
<ft>F</ft>
<ver>5_0_0,5_0_1,5_0_2,5_0_3,5_1_0,5_1_1,5_1_2,5_1_3,5_1_4,5_1_5,5_1_6,5_2_0,5_2_1,5_cvs</ver>
<p5>bool mysqli_kill(object link, int processid) U</p5>
<p5d>Kill a mysql process on the server </p5d>
</PHPModuleRef><PHPModuleRef>
<t>mysqli_master_query</t>
<mn>mysqli</mn>
<ft>F</ft>
<ver>5_0_0,5_0_1,5_0_2,5_0_3,5_1_0,5_1_1,5_1_2,5_1_3,5_1_4,5_1_5,5_1_6,5_2_0,5_2_1,5_cvs</ver>
<p5>bool mysqli_master_query(object link, string query)</p5>
<p5d>Enforce execution of a query on the master in a master/slave setup </p5d>
<texts><text><lng>en</lng>
<d>Enforce execution of a query on the master in a master/slave setup</d>
</text><text><lng>es</lng>
<d>Hace cumplir la ejecución de una consulta en el servidor 
    en una configuración cliente/servidor</d>
</text></texts></PHPModuleRef><PHPModuleRef>
<t>mysqli_more_results</t>
<mn>mysqli</mn>
<ft>F</ft>
<ver>5_0_0,5_0_1,5_0_2,5_0_3,5_1_0,5_1_1,5_1_2,5_1_3,5_1_4,5_1_5,5_1_6,5_2_0,5_2_1,5_cvs</ver>
<p5>bool mysqli_more_results(object link) U</p5>
<p5d>check if there any more query results from a multi query </p5d>
</PHPModuleRef><PHPModuleRef>
<t>mysqli_multi_query</t>
<mn>mysqli</mn>
<ft>F</ft>
<ver>5_0_0,5_0_1,5_0_2,5_0_3,5_1_0,5_1_1,5_1_2,5_1_3,5_1_4,5_1_5,5_1_6,5_2_0,5_2_1,5_cvs</ver>
<p5>bool mysqli_multi_query(object link, string query) U</p5>
<p5d>allows to execute multiple queries  </p5d>
</PHPModuleRef><PHPModuleRef>
<t>mysqli_next_result</t>
<mn>mysqli</mn>
<ft>F</ft>
<ver>5_0_0,5_0_1,5_0_2,5_0_3,5_1_0,5_1_1,5_1_2,5_1_3,5_1_4,5_1_5,5_1_6,5_2_0,5_2_1,5_cvs</ver>
<p5>bool mysqli_next_result(object link) U</p5>
<p5d>read next result from multi_query </p5d>
</PHPModuleRef><PHPModuleRef>
<t>mysqli_num_fields</t>
<mn>mysqli</mn>
<ft>F</ft>
<ver>5_0_0,5_0_1,5_0_2,5_0_3,5_1_0,5_1_1,5_1_2,5_1_3,5_1_4,5_1_5,5_1_6,5_2_0,5_2_1,5_cvs</ver>
<p5>int mysqli_num_fields(object result) U</p5>
<p5d>Get number of fields in result </p5d>
</PHPModuleRef><PHPModuleRef>
<t>mysqli_num_rows</t>
<mn>mysqli</mn>
<ft>F</ft>
<ver>5_0_0,5_0_1,5_0_2,5_0_3,5_1_0,5_1_1,5_1_2,5_1_3,5_1_4,5_1_5,5_1_6,5_2_0,5_2_1,5_cvs</ver>
<p5>mixed mysqli_num_rows(object result) U</p5>
<p5d>Get number of rows in result </p5d>
<texts><text><lng>es</lng>
<d>Obtiene el número de filas en un resultado</d>
</text></texts></PHPModuleRef><PHPModuleRef>
<t>mysqli_options</t>
<mn>mysqli</mn>
<ft>F</ft>
<ver>5_0_0,5_0_1,5_0_2,5_0_3,5_1_0,5_1_1,5_1_2,5_1_3,5_1_4,5_1_5,5_1_6,5_2_0,5_2_1,5_cvs</ver>
<p5>bool mysqli_options(object link, int flags, mixed values) U</p5>
<p5d>Set options </p5d>
</PHPModuleRef><PHPModuleRef>
<t>mysqli_param_count</t>
<mn>mysqli</mn>
<ft>A</ft>
<af>mysqli_stmt_param_count</af>
<ver>5_1_2,5_1_3,5_1_4,5_1_5,5_1_6,5_2_0,5_2_1,5_cvs</ver>
</PHPModuleRef><PHPModuleRef>
<t>mysqli_ping</t>
<mn>mysqli</mn>
<ft>F</ft>
<ver>5_0_0,5_0_1,5_0_2,5_0_3,5_1_0,5_1_1,5_1_2,5_1_3,5_1_4,5_1_5,5_1_6,5_2_0,5_2_1,5_cvs</ver>
<p5>bool mysqli_ping(object link) U</p5>
<p5d>Ping a server connection or reconnect if there is no connection </p5d>
</PHPModuleRef><PHPModuleRef>
<t>mysqli_prepare</t>
<mn>mysqli</mn>
<ft>F</ft>
<ver>5_0_0,5_0_1,5_0_2,5_0_3,5_1_0,5_1_1,5_1_2,5_1_3,5_1_4,5_1_5,5_1_6,5_2_0,5_2_1,5_cvs</ver>
<p5>mixed mysqli_prepare(object link, string query) U</p5>
<p5d>Prepare a SQL statement for execution </p5d>
</PHPModuleRef><PHPModuleRef>
<t>mysqli_query</t>
<mn>mysqli</mn>
<ft>F</ft>
<ver>5_0_0,5_0_1,5_0_2,5_0_3,5_1_0,5_1_1,5_1_2,5_1_3,5_1_4,5_1_5,5_1_6,5_2_0,5_2_1,5_cvs</ver>
<p5>mixed mysqli_query(object link, string query [,int resultmode]) U */</p5>
<p5d>PHP_FUNCTION(mysqli_query) { MY_MYSQL			*mysql; zval				*mysql_link; MYSQLI_RESOURCE		*mysqli_resource; MYSQL_RES 			*result; char				*query; int					query_len; unsigned long 		resultmode = MYSQLI_STORE_RESULT;  if (zend_parse_method_parameters(ZEND_NUM_ARGS() TSRMLS_CC, getThis(), &quot;Os&amp;|l&quot;, &amp;mysql_link, mysqli_link_class_entry, &amp;query, &amp;query_len, UG(utf8_conv), &amp;resultmode) == FAILURE) { return; }  if (resultmode != MYSQLI_USE_RESULT &amp;&amp; resultmode != MYSQLI_STORE_RESULT) { php_error_docref(NULL TSRMLS_CC, E_WARNING, &quot;Invalid value for resultmode&quot;); RETURN_FALSE; }  MYSQLI_FETCH_RESOURCE(mysql, MY_MYSQL*, &amp;mysql_link, &quot;mysqli_link&quot;, MYSQLI_STATUS_VALID);  if (!query_len) { php_error_docref(NULL TSRMLS_CC, E_WARNING, &quot;Empty query&quot;); RETURN_FALSE; } MYSQLI_DISABLE_MQ;  if (mysql_real_query(mysql-&gt;mysql, query, query_len)) { MYSQLI_REPORT_MYSQL_ERROR(mysql-&gt;mysql); RETURN_FALSE; }  if (!mysql_field_count(mysql-&gt;mysql)) { /* no result set - not a SELECT </p5d>
</PHPModuleRef><PHPModuleRef>
<t>mysqli_real_connect</t>
<mn>mysqli</mn>
<ft>F</ft>
<ver>5_0_0,5_0_1,5_0_2,5_0_3,5_1_0,5_1_1,5_1_2,5_1_3,5_1_4,5_1_5,5_1_6,5_2_0,5_2_1,5_cvs</ver>
<p5>bool mysqli_real_connect(object link [,string hostname [,string username [,string passwd [,string db</p5>
<p5d>Open a connection to a mysql server </p5d>
</PHPModuleRef><PHPModuleRef>
<t>mysqli_real_escape_string</t>
<mn>mysqli</mn>
<ft>F</ft>
<ver>5_0_0,5_0_1,5_0_2,5_0_3,5_1_0,5_1_1,5_1_2,5_1_3,5_1_4,5_1_5,5_1_6,5_2_0,5_2_1,5_cvs</ver>
<p5>string mysqli_real_escape_string(object link, string escapestr) U</p5>
<p5d>Escapes special characters in a string for use in a SQL statement, taking into account the current charset of the connection </p5d>
</PHPModuleRef><PHPModuleRef>
<t>mysqli_real_query</t>
<mn>mysqli</mn>
<ft>F</ft>
<ver>5_0_0,5_0_1,5_0_2,5_0_3,5_1_0,5_1_1,5_1_2,5_1_3,5_1_4,5_1_5,5_1_6,5_2_0,5_2_1,5_cvs</ver>
<p5>bool mysqli_real_query(object link, string query) U</p5>
<p5d>Binary-safe version of mysql_query() </p5d>
</PHPModuleRef><PHPModuleRef>
<t>mysqli_report</t>
<mn>mysqli</mn>
<ft>F</ft>
<ver>5_0_0,5_0_1,5_0_2,5_0_3,5_1_0,5_1_1,5_1_2,5_1_3,5_1_4,5_1_5,5_1_6,5_2_0,5_2_1,5_cvs</ver>
<p5>bool mysqli_report(int flags) U</p5>
<p5d>sets report level </p5d>
<texts><text><lng>en</lng>
<d>Enables or disables internal report functions</d>
</text><text><lng>es</lng>
<d>Habilita o deshabilita las funciones internas de reporte</d>
</text></texts></PHPModuleRef><PHPModuleRef>
<t>mysqli_result</t>
<mn>mysqli</mn>
<ft>A</ft>
<af>mysqli_result_construct</af>
<ver>5_1_0,5_1_1,5_1_2,5_1_3,5_1_4,5_1_5,5_1_6,5_2_0,5_2_1</ver>
</PHPModuleRef><PHPModuleRef>
<t>mysqli_rollback</t>
<mn>mysqli</mn>
<ft>F</ft>
<ver>5_0_0,5_0_1,5_0_2,5_0_3,5_1_0,5_1_1,5_1_2,5_1_3,5_1_4,5_1_5,5_1_6,5_2_0,5_2_1,5_cvs</ver>
<p5>bool mysqli_rollback(object link) U</p5>
<p5d>Undo actions from current transaction </p5d>
</PHPModuleRef><PHPModuleRef>
<t>mysqli_rpl_parse_enabled</t>
<mn>mysqli</mn>
<ft>F</ft>
<ver>5_0_0,5_0_1,5_0_2,5_0_3,5_1_0,5_1_1,5_1_2,5_1_3,5_1_4,5_1_5,5_1_6,5_2_0,5_2_1,5_cvs</ver>
<p5>int mysqli_rpl_parse_enabled(object link)</p5>
<p5d></p5d>
<texts><text><lng>en</lng>
<d>Check if RPL parse is enabled</d>
</text><text><lng>es</lng>
<d>Revisa si el analizador RPL está habilitado</d>
</text></texts></PHPModuleRef><PHPModuleRef>
<t>mysqli_rpl_probe</t>
<mn>mysqli</mn>
<ft>F</ft>
<ver>5_0_0,5_0_1,5_0_2,5_0_3,5_1_0,5_1_1,5_1_2,5_1_3,5_1_4,5_1_5,5_1_6,5_2_0,5_2_1,5_cvs</ver>
<p5>bool mysqli_rpl_probe(object link)</p5>
<p5d></p5d>
<texts><text><lng>en</lng>
<d>RPL probe</d>
</text><text><lng>es</lng>
<d>Prueba RPL</d>
</text></texts></PHPModuleRef><PHPModuleRef>
<t>mysqli_rpl_query_type</t>
<mn>mysqli</mn>
<ft>F</ft>
<ver>5_0_0,5_0_1,5_0_2,5_0_3,5_1_0,5_1_1,5_1_2,5_1_3,5_1_4,5_1_5,5_1_6,5_2_0,5_2_1,5_cvs</ver>
<p5>int mysqli_rpl_query_type(string query)</p5>
<p5d></p5d>
</PHPModuleRef><PHPModuleRef>
<t>mysqli_select_db</t>
<mn>mysqli</mn>
<ft>F</ft>
<ver>5_0_0,5_0_1,5_0_2,5_0_3,5_1_0,5_1_1,5_1_2,5_1_3,5_1_4,5_1_5,5_1_6,5_2_0,5_2_1,5_cvs</ver>
<p5>bool mysqli_select_db(object link, string dbname) U</p5>
<p5d>Select a MySQL database </p5d>
</PHPModuleRef><PHPModuleRef>
<t>mysqli_send_long_data</t>
<mn>mysqli</mn>
<ft>A</ft>
<af>mysqli_stmt_send_long_data</af>
<ver>5_1_2,5_1_3,5_1_4,5_1_5,5_1_6,5_2_0,5_2_1,5_cvs</ver>
</PHPModuleRef><PHPModuleRef>
<t>mysqli_send_query</t>
<mn>mysqli</mn>
<ft>F</ft>
<ver>5_0_0,5_0_1,5_0_2,5_0_3,5_1_0,5_1_1,5_1_2,5_1_3,5_1_4,5_1_5,5_1_6,5_2_0,5_2_1,5_cvs</ver>
<p5>bool mysqli_send_query(object link, string query)</p5>
<p5d></p5d>
</PHPModuleRef><PHPModuleRef>
<t>mysqli_server_end</t>
<mn>mysqli</mn>
<ft>F</ft>
<ver>5_0_0,5_0_1,5_0_2,5_0_3</ver>
<texts><text><lng>en</lng>
<d>Shut down the embedded server</d>
</text><text><lng>es</lng>
<d>Termina el proceso del Servidor</d>
</text></texts></PHPModuleRef><PHPModuleRef>
<t>mysqli_server_init</t>
<mn>mysqli</mn>
<ft>F</ft>
<ver>5_0_0,5_0_1,5_0_2,5_0_3</ver>
<texts><text><lng>en</lng>
<d>Initialize embedded server</d>
</text><text><lng>es</lng>
<d>Inicializa un servidor embebido</d>
</text></texts></PHPModuleRef><PHPModuleRef>
<t>mysqli_set_charset</t>
<mn>mysqli</mn>
<ft>F</ft>
<ver>5_1_0,5_1_1,5_1_2,5_1_3,5_1_4,5_1_5,5_1_6,5_2_0,5_2_1,5_cvs</ver>
<p5>bool mysqli_set_charset(object link, string csname) U</p5>
<p5d>sets client character set </p5d>
</PHPModuleRef><PHPModuleRef>
<t>mysqli_set_local_infile_default</t>
<mn>mysqli</mn>
<ft>F</ft>
<ver>5_0_0,5_0_1,5_0_2,5_0_3,5_1_0,5_1_1,5_1_2,5_1_3,5_1_4,5_1_5,5_1_6,5_2_0,5_2_1,5_cvs</ver>
<p5>void mysqli_set_local_infile_default(object link) U</p5>
<p5d>unsets user defined handler for load local infile command </p5d>
<texts><text><lng>en</lng>
<d>Unsets user defined handler for load local infile command</d>
</text></texts></PHPModuleRef><PHPModuleRef>
<t>mysqli_set_local_infile_handler</t>
<mn>mysqli</mn>
<ft>F</ft>
<ver>5_0_0,5_0_1,5_0_2,5_0_3,5_1_0,5_1_1,5_1_2,5_1_3,5_1_4,5_1_5,5_1_6,5_2_0,5_2_1,5_cvs</ver>
<p5>bool mysqli_set_local_infile_handler(object link, callback read_func) U</p5>
<p5d>Set callback functions for LOAD DATA LOCAL INFILE </p5d>
<texts><text><lng>en</lng>
<d>Set callback functions for LOAD DATA LOCAL INFILE command</d>
</text></texts></PHPModuleRef><PHPModuleRef>
<t>mysqli_set_opt</t>
<mn>mysqli</mn>
<ft>A</ft>
<af>mysqli_options</af>
<ver>5_0_0,5_0_1,5_0_2,5_0_3,5_1_0,5_1_1,5_1_2,5_1_3,5_1_4,5_1_5,5_1_6,5_2_0,5_2_1,5_cvs</ver>
</PHPModuleRef><PHPModuleRef>
<t>mysqli_slave_query</t>
<mn>mysqli</mn>
<ft>F</ft>
<ver>5_0_0,5_0_1,5_0_2,5_0_3,5_1_0,5_1_1,5_1_2,5_1_3,5_1_4,5_1_5,5_1_6,5_2_0,5_2_1,5_cvs</ver>
<p5>bool mysqli_slave_query(object link, string query)</p5>
<p5d>Enforce execution of a query on a slave in a master/slave setup </p5d>
<texts><text><lng>en</lng>
<d>Force execution of a query on a slave in a master/slave setup</d>
</text></texts></PHPModuleRef><PHPModuleRef>
<t>mysqli_sqlstate</t>
<mn>mysqli</mn>
<ft>F</ft>
<ver>5_0_0,5_0_1,5_0_2,5_0_3,5_1_0,5_1_1,5_1_2,5_1_3,5_1_4,5_1_5,5_1_6,5_2_0,5_2_1,5_cvs</ver>
<p5>string mysqli_sqlstate(object link) U</p5>
<p5d>Returns the SQLSTATE error from previous MySQL operation </p5d>
</PHPModuleRef><PHPModuleRef>
<t>mysqli_ssl_set</t>
<mn>mysqli</mn>
<ft>F</ft>
<ver>5_0_0,5_0_1,5_0_2,5_0_3,5_1_0,5_1_1,5_1_2,5_1_3,5_1_4,5_1_5,5_1_6,5_2_0,5_2_1,5_cvs</ver>
<p5>bool mysqli_ssl_set(object link ,string key ,string cert ,string ca ,string capath ,string cipher])</p5>
<p5d></p5d>
</PHPModuleRef><PHPModuleRef>
<t>mysqli_stat</t>
<mn>mysqli</mn>
<ft>F</ft>
<ver>5_0_0,5_0_1,5_0_2,5_0_3,5_1_0,5_1_1,5_1_2,5_1_3,5_1_4,5_1_5,5_1_6,5_2_0,5_2_1,5_cvs</ver>
<p5>mixed mysqli_stat(object link) U</p5>
<p5d>Get current system status </p5d>
</PHPModuleRef><PHPModuleRef>
<t>mysqli_stmt</t>
<mn>mysqli</mn>
<ft>A</ft>
<af>mysqli_stmt_construct</af>
<ver>5_1_0,5_1_1,5_1_2,5_1_3,5_1_4,5_1_5,5_1_6,5_2_0,5_2_1</ver>
</PHPModuleRef><PHPModuleRef>
<t>mysqli_stmt_affected_rows</t>
<mn>mysqli</mn>
<ft>F</ft>
<ver>5_0_0,5_0_1,5_0_2,5_0_3,5_1_0,5_1_1,5_1_2,5_1_3,5_1_4,5_1_5,5_1_6,5_2_0,5_2_1,5_cvs</ver>
<p5>mixed mysqli_stmt_affected_rows(object stmt) U</p5>
<p5d>Return the number of rows affected in the last query for the given link </p5d>
</PHPModuleRef><PHPModuleRef>
<t>mysqli_stmt_attr_get</t>
<mn>mysqli</mn>
<ft>F</ft>
<ver>5_0_0,5_0_1,5_0_2,5_0_3,5_1_0,5_1_1,5_1_2,5_1_3,5_1_4,5_1_5,5_1_6,5_2_0,5_2_1,5_cvs</ver>
<p5>int mysqli_stmt_attr_get(object stmt, long attr) U</p5>
<p5d></p5d>
</PHPModuleRef><PHPModuleRef>
<t>mysqli_stmt_attr_set</t>
<mn>mysqli</mn>
<ft>F</ft>
<ver>5_0_0,5_0_1,5_0_2,5_0_3,5_1_0,5_1_1,5_1_2,5_1_3,5_1_4,5_1_5,5_1_6,5_2_0,5_2_1,5_cvs</ver>
<p5>int mysqli_stmt_attr_set(object stmt, long attr, long mode) U</p5>
<p5d></p5d>
</PHPModuleRef><PHPModuleRef>
<t>mysqli_stmt_bind_param</t>
<mn>mysqli</mn>
<ft>F</ft>
<ver>5_0_0,5_0_1,5_0_2,5_0_3,5_1_0,5_1_1,5_1_2,5_1_3,5_1_4,5_1_5,5_1_6,5_2_0,5_2_1,5_cvs</ver>
<p5>bool mysqli_stmt_bind_param(object stmt, string types, mixed variable [,mixed,....]) U</p5>
<p5d>Bind variables to a prepared statement as parameters </p5d>
</PHPModuleRef><PHPModuleRef>
<t>mysqli_stmt_bind_result</t>
<mn>mysqli</mn>
<ft>F</ft>
<ver>5_0_0,5_0_1,5_0_2,5_0_3,5_1_0,5_1_1,5_1_2,5_1_3,5_1_4,5_1_5,5_1_6,5_2_0,5_2_1,5_cvs</ver>
<p5>bool mysqli_stmt_bind_result(object stmt, mixed var, [,mixed, ...]) U</p5>
<p5d>Bind variables to a prepared statement for result storage </p5d>
</PHPModuleRef><PHPModuleRef>
<t>mysqli_stmt_close</t>
<mn>mysqli</mn>
<ft>F</ft>
<ver>5_0_0,5_0_1,5_0_2,5_0_3,5_1_0,5_1_1,5_1_2,5_1_3,5_1_4,5_1_5,5_1_6,5_2_0,5_2_1,5_cvs</ver>
<p5>bool mysqli_stmt_close(object stmt) U</p5>
<p5d>Close statement </p5d>
</PHPModuleRef><PHPModuleRef>
<t>mysqli_stmt_data_seek</t>
<mn>mysqli</mn>
<ft>F</ft>
<ver>5_0_0,5_0_1,5_0_2,5_0_3,5_1_0,5_1_1,5_1_2,5_1_3,5_1_4,5_1_5,5_1_6,5_2_0,5_2_1,5_cvs</ver>
<p5>void mysqli_stmt_data_seek(object stmt, int offset) U</p5>
<p5d>Move internal result pointer </p5d>
</PHPModuleRef><PHPModuleRef>
<t>mysqli_stmt_errno</t>
<mn>mysqli</mn>
<ft>F</ft>
<ver>5_0_0,5_0_1,5_0_2,5_0_3,5_1_0,5_1_1,5_1_2,5_1_3,5_1_4,5_1_5,5_1_6,5_2_0,5_2_1,5_cvs</ver>
<p5>int mysqli_stmt_errno(object stmt) U</p5>
<p5d></p5d>
</PHPModuleRef><PHPModuleRef>
<t>mysqli_stmt_error</t>
<mn>mysqli</mn>
<ft>F</ft>
<ver>5_0_0,5_0_1,5_0_2,5_0_3,5_1_0,5_1_1,5_1_2,5_1_3,5_1_4,5_1_5,5_1_6,5_2_0,5_2_1,5_cvs</ver>
<p5>string mysqli_stmt_error(object stmt) U</p5>
<p5d></p5d>
</PHPModuleRef><PHPModuleRef>
<t>mysqli_stmt_execute</t>
<mn>mysqli</mn>
<ft>F</ft>
<ver>5_0_0,5_0_1,5_0_2,5_0_3,5_1_0,5_1_1,5_1_2,5_1_3,5_1_4,5_1_5,5_1_6,5_2_0,5_2_1,5_cvs</ver>
<p5>bool mysqli_stmt_execute(object stmt) U</p5>
<p5d>Execute a prepared statement </p5d>
</PHPModuleRef><PHPModuleRef>
<t>mysqli_stmt_fetch</t>
<mn>mysqli</mn>
<ft>F</ft>
<ver>5_0_0,5_0_1,5_0_2,5_0_3,5_1_0,5_1_1,5_1_2,5_1_3,5_1_4,5_1_5,5_1_6,5_2_0,5_2_1,5_cvs</ver>
<p5>mixed mysqli_stmt_fetch(object stmt) U</p5>
<p5d>Fetch results from a prepared statement into the bound variables </p5d>
</PHPModuleRef><PHPModuleRef>
<t>mysqli_stmt_field_count</t>
<mn>mysqli</mn>
<ft>F</ft>
<ver>5_0_0,5_0_1,5_0_2,5_0_3,5_1_0,5_1_1,5_1_2,5_1_3,5_1_4,5_1_5,5_1_6,5_2_0,5_2_1,5_cvs</ver>
<p5>int mysqli_stmt_field_count(object stmt) U</p5>
<p5d>Return the number of result columns for the given statement </p5d>
<texts><text><lng>en</lng>
<d>Returns the number of field in the given statement</d>
</text></texts></PHPModuleRef><PHPModuleRef>
<t>mysqli_stmt_free_result</t>
<mn>mysqli</mn>
<ft>F</ft>
<ver>5_0_0,5_0_1,5_0_2,5_0_3,5_1_0,5_1_1,5_1_2,5_1_3,5_1_4,5_1_5,5_1_6,5_2_0,5_2_1,5_cvs</ver>
<p5>void mysqli_stmt_free_result(object stmt) U</p5>
<p5d>Free stored result memory for the given statement handle </p5d>
</PHPModuleRef><PHPModuleRef>
<t>mysqli_stmt_get_warnings</t>
<mn>mysqli</mn>
<ft>F</ft>
<ver>5_1_0,5_1_1,5_1_2,5_1_3,5_1_4,5_1_5,5_1_6,5_2_0,5_2_1,5_cvs</ver>
<p5>object mysqli_stmt_get_warnings(object link) U */ </p5>
<p5d>PHP_FUNCTION(mysqli_stmt_get_warnings) { MY_STMT				*stmt; zval				*stmt_link; MYSQLI_RESOURCE		*mysqli_resource; MYSQLI_WARNING		*w;  if (zend_parse_method_parameters(ZEND_NUM_ARGS() TSRMLS_CC, getThis(), &quot;O&quot;, &amp;stmt_link, mysqli_stmt_class_entry) == FAILURE) { return; } MYSQLI_FETCH_RESOURCE(stmt, MY_STMT*, &amp;stmt_link, &quot;mysqli_stmt&quot;, MYSQLI_STATUS_VALID);  if (mysql_warning_count(stmt-&gt;stmt-&gt;mysql)) { w = php_get_warnings(stmt-&gt;stmt-&gt;mysql); } else { RETURN_FALSE; } mysqli_resource = (MYSQLI_RESOURCE *)ecalloc (1, sizeof(MYSQLI_RESOURCE)); mysqli_resource-&gt;ptr = mysqli_resource-&gt;info = (void *)w; mysqli_resource-&gt;status = MYSQLI_STATUS_INITIALIZED; MYSQLI_RETURN_RESOURCE(mysqli_resource, mysqli_warning_class_entry); } /* }}} </p5d>
</PHPModuleRef><PHPModuleRef>
<t>mysqli_stmt_init</t>
<mn>mysqli</mn>
<ft>F</ft>
<ver>5_0_0,5_0_1,5_0_2,5_0_3,5_1_0,5_1_1,5_1_2,5_1_3,5_1_4,5_1_5,5_1_6,5_2_0,5_2_1,5_cvs</ver>
<p5>mixed mysqli_stmt_init(object link) U</p5>
<p5d>Initialize statement object </p5d>
</PHPModuleRef><PHPModuleRef>
<t>mysqli_stmt_insert_id</t>
<mn>mysqli</mn>
<ft>F</ft>
<ver>5_0_0,5_0_1,5_0_2,5_0_3,5_1_0,5_1_1,5_1_2,5_1_3,5_1_4,5_1_5,5_1_6,5_2_0,5_2_1,5_cvs</ver>
<p5>mixed mysqli_stmt_insert_id(object stmt) U</p5>
<p5d>Get the ID generated from the previous INSERT operation </p5d>
<texts><text><lng>en</lng>
<d>Get the ID generated from the previous INSERT operation</d>
</text></texts></PHPModuleRef><PHPModuleRef>
<t>mysqli_stmt_num_rows</t>
<mn>mysqli</mn>
<ft>F</ft>
<ver>5_0_0,5_0_1,5_0_2,5_0_3,5_1_0,5_1_1,5_1_2,5_1_3,5_1_4,5_1_5,5_1_6,5_2_0,5_2_1,5_cvs</ver>
<p5>mixed mysqli_stmt_num_rows(object stmt) U</p5>
<p5d>Return the number of rows in statements result set </p5d>
</PHPModuleRef><PHPModuleRef>
<t>mysqli_stmt_param_count</t>
<mn>mysqli</mn>
<ft>F</ft>
<ver>5_0_0,5_0_1,5_0_2,5_0_3,5_1_0,5_1_1,5_1_2,5_1_3,5_1_4,5_1_5,5_1_6,5_2_0,5_2_1,5_cvs</ver>
<p5>int mysqli_stmt_param_count(object stmt) U</p5>
<p5d>Return the number of parameter for the given statement </p5d>
</PHPModuleRef><PHPModuleRef>
<t>mysqli_stmt_prepare</t>
<mn>mysqli</mn>
<ft>F</ft>
<ver>5_0_0,5_0_1,5_0_2,5_0_3,5_1_0,5_1_1,5_1_2,5_1_3,5_1_4,5_1_5,5_1_6,5_2_0,5_2_1,5_cvs</ver>
<p5>bool mysqli_stmt_prepare(object stmt, string query) U</p5>
<p5d>prepare server side statement with query </p5d>
</PHPModuleRef><PHPModuleRef>
<t>mysqli_stmt_reset</t>
<mn>mysqli</mn>
<ft>F</ft>
<ver>5_0_0,5_0_1,5_0_2,5_0_3,5_1_0,5_1_1,5_1_2,5_1_3,5_1_4,5_1_5,5_1_6,5_2_0,5_2_1,5_cvs</ver>
<p5>bool mysqli_stmt_reset(object stmt) U</p5>
<p5d>reset a prepared statement </p5d>
</PHPModuleRef><PHPModuleRef>
<t>mysqli_stmt_result_metadata</t>
<mn>mysqli</mn>
<ft>F</ft>
<ver>5_0_0,5_0_1,5_0_2,5_0_3,5_1_0,5_1_1,5_1_2,5_1_3,5_1_4,5_1_5,5_1_6,5_2_0,5_2_1,5_cvs</ver>
<p5>mixed mysqli_stmt_result_metadata(object stmt) U</p5>
<p5d>return result set from statement </p5d>
<texts><text><lng>es</lng>
<d>Regresa metadatos del resultado de una sentencia preparada</d>
</text></texts></PHPModuleRef><PHPModuleRef>
<t>mysqli_stmt_send_long_data</t>
<mn>mysqli</mn>
<ft>F</ft>
<ver>5_0_0,5_0_1,5_0_2,5_0_3,5_1_0,5_1_1,5_1_2,5_1_3,5_1_4,5_1_5,5_1_6,5_2_0,5_2_1,5_cvs</ver>
<p5>bool mysqli_stmt_send_long_data(object stmt, int param_nr, string data) U</p5>
<p5d></p5d>
</PHPModuleRef><PHPModuleRef>
<t>mysqli_stmt_sqlstate</t>
<mn>mysqli</mn>
<ft>F</ft>
<ver>5_0_0,5_0_1,5_0_2,5_0_3,5_1_0,5_1_1,5_1_2,5_1_3,5_1_4,5_1_5,5_1_6,5_2_0,5_2_1,5_cvs</ver>
<p5>string mysqli_stmt_sqlstate(object stmt) U</p5>
<p5d></p5d>
<texts><text><lng>es</lng>
<d>Regresa el error SQLSTATE de la operación con sentencias 
     previa</d>
</text></texts></PHPModuleRef><PHPModuleRef>
<t>mysqli_stmt_store_result</t>
<mn>mysqli</mn>
<ft>F</ft>
<ver>5_0_0,5_0_1,5_0_2,5_0_3,5_1_0,5_1_1,5_1_2,5_1_3,5_1_4,5_1_5,5_1_6,5_2_0,5_2_1,5_cvs</ver>
<p5>bool mysqli_stmt_store_result(stmt) U</p5>
<p5d></p5d>
</PHPModuleRef><PHPModuleRef>
<t>mysqli_store_result</t>
<mn>mysqli</mn>
<ft>F</ft>
<ver>5_0_0,5_0_1,5_0_2,5_0_3,5_1_0,5_1_1,5_1_2,5_1_3,5_1_4,5_1_5,5_1_6,5_2_0,5_2_1,5_cvs</ver>
<p5>object mysqli_store_result(object link) U</p5>
<p5d>Buffer result set on client </p5d>
</PHPModuleRef><PHPModuleRef>
<t>mysqli_thread_id</t>
<mn>mysqli</mn>
<ft>F</ft>
<ver>5_0_0,5_0_1,5_0_2,5_0_3,5_1_0,5_1_1,5_1_2,5_1_3,5_1_4,5_1_5,5_1_6,5_2_0,5_2_1,5_cvs</ver>
<p5>int mysqli_thread_id(object link) U</p5>
<p5d>Return the current thread ID </p5d>
</PHPModuleRef><PHPModuleRef>
<t>mysqli_thread_safe</t>
<mn>mysqli</mn>
<ft>F</ft>
<ver>5_0_0,5_0_1,5_0_2,5_0_3,5_1_0,5_1_1,5_1_2,5_1_3,5_1_4,5_1_5,5_1_6,5_2_0,5_2_1,5_cvs</ver>
<p5>bool mysqli_thread_safe(void) U</p5>
<p5d>Return whether thread safety is given or not </p5d>
<texts><text><lng>en</lng>
<d>Returns whether thread safety is given or not</d>
</text><text><lng>es</lng>
<d>Regresa si se ha dado un THREAD seguro o noReturns whether thread safety is given or not</d>
</text></texts></PHPModuleRef><PHPModuleRef>
<t>mysqli_use_result</t>
<mn>mysqli</mn>
<ft>F</ft>
<ver>5_0_0,5_0_1,5_0_2,5_0_3,5_1_0,5_1_1,5_1_2,5_1_3,5_1_4,5_1_5,5_1_6,5_2_0,5_2_1,5_cvs</ver>
<p5>mixed mysqli_use_result(object link) U</p5>
<p5d>Directly retrieve query results - do not buffer results on client side </p5d>
</PHPModuleRef><PHPModuleRef>
<t>mysqli_warning</t>
<mn>mysqli</mn>
<ft>A</ft>
<af>mysqli_warning_construct</af>
<ver>5_cvs</ver>
</PHPModuleRef><PHPModuleRef>
<t>mysqli_warning_count</t>
<mn>mysqli</mn>
<ft>F</ft>
<ver>5_0_0,5_0_1,5_0_2,5_0_3,5_1_0,5_1_1,5_1_2,5_1_3,5_1_4,5_1_5,5_1_6,5_2_0,5_2_1,5_cvs</ver>
<p5>int mysqli_warning_count (object link) U</p5>
<p5d>Return number of warnings from the last query for the given link </p5d>
</PHPModuleRef><PHPModuleRef>
<t>MYSQLI_ASSOC</t>
<mn>mysqli</mn>
<ft>C</ft>
<p4>integer MYSQLI_ASSOC</p4>
<p5>integer MYSQLI_ASSOC</p5>
</PHPModuleRef><PHPModuleRef>
<t>MYSQLI_AUTO_INCREMENT_FLAG</t>
<mn>mysqli</mn>
<ft>C</ft>
<p4>integer MYSQLI_AUTO_INCREMENT_FLAG</p4>
<p5>integer MYSQLI_AUTO_INCREMENT_FLAG</p5>
</PHPModuleRef><PHPModuleRef>
<t>MYSQLI_BIND_DOUBLE</t>
<mn>mysqli</mn>
<ft>C</ft>
<p4>integer MYSQLI_BIND_DOUBLE</p4>
<p5>integer MYSQLI_BIND_DOUBLE</p5>
</PHPModuleRef><PHPModuleRef>
<t>MYSQLI_BIND_INT</t>
<mn>mysqli</mn>
<ft>C</ft>
<p4>integer MYSQLI_BIND_INT</p4>
<p5>integer MYSQLI_BIND_INT</p5>
</PHPModuleRef><PHPModuleRef>
<t>MYSQLI_BIND_SEND_DATA</t>
<mn>mysqli</mn>
<ft>C</ft>
<p4>integer MYSQLI_BIND_SEND_DATA</p4>
<p5>integer MYSQLI_BIND_SEND_DATA</p5>
</PHPModuleRef><PHPModuleRef>
<t>MYSQLI_BIND_STRING</t>
<mn>mysqli</mn>
<ft>C</ft>
<p4>integer MYSQLI_BIND_STRING</p4>
<p5>integer MYSQLI_BIND_STRING</p5>
</PHPModuleRef><PHPModuleRef>
<t>MYSQLI_BLOB_FLAG</t>
<mn>mysqli</mn>
<ft>C</ft>
<p4>integer MYSQLI_BLOB_FLAG</p4>
<p5>integer MYSQLI_BLOB_FLAG</p5>
</PHPModuleRef><PHPModuleRef>
<t>MYSQLI_BOTH</t>
<mn>mysqli</mn>
<ft>C</ft>
<p4>integer MYSQLI_BOTH</p4>
<p5>integer MYSQLI_BOTH</p5>
</PHPModuleRef><PHPModuleRef>
<t>MYSQLI_CLIENT_COMPRESS</t>
<mn>mysqli</mn>
<ft>C</ft>
<p4>integer MYSQLI_CLIENT_COMPRESS</p4>
<p5>integer MYSQLI_CLIENT_COMPRESS</p5>
</PHPModuleRef><PHPModuleRef>
<t>MYSQLI_CLIENT_IGNORE_SPACE</t>
<mn>mysqli</mn>
<ft>C</ft>
<p4>integer MYSQLI_CLIENT_IGNORE_SPACE</p4>
<p5>integer MYSQLI_CLIENT_IGNORE_SPACE</p5>
</PHPModuleRef><PHPModuleRef>
<t>MYSQLI_CLIENT_INTERACTIVE</t>
<mn>mysqli</mn>
<ft>C</ft>
<p4>integer MYSQLI_CLIENT_INTERACTIVE</p4>
<p5>integer MYSQLI_CLIENT_INTERACTIVE</p5>
</PHPModuleRef><PHPModuleRef>
<t>MYSQLI_CLIENT_MULTI_QUERIES</t>
<mn>mysqli</mn>
<ft>C</ft>
<p4>integer MYSQLI_CLIENT_MULTI_QUERIES</p4>
<p5>integer MYSQLI_CLIENT_MULTI_QUERIES</p5>
</PHPModuleRef><PHPModuleRef>
<t>MYSQLI_CLIENT_NO_SCHEMA</t>
<mn>mysqli</mn>
<ft>C</ft>
<p4>integer MYSQLI_CLIENT_NO_SCHEMA</p4>
<p5>integer MYSQLI_CLIENT_NO_SCHEMA</p5>
</PHPModuleRef><PHPModuleRef>
<t>MYSQLI_CLIENT_SSL</t>
<mn>mysqli</mn>
<ft>C</ft>
<p4>integer MYSQLI_CLIENT_SSL</p4>
<p5>integer MYSQLI_CLIENT_SSL</p5>
</PHPModuleRef><PHPModuleRef>
<t>MYSQLI_DATA_TRUNCATED</t>
<mn>mysqli</mn>
<ft>C</ft>
<p4>integer MYSQLI_DATA_TRUNCATED</p4>
<p5>integer MYSQLI_DATA_TRUNCATED</p5>
</PHPModuleRef><PHPModuleRef>
<t>MYSQLI_GROUP_FLAG</t>
<mn>mysqli</mn>
<ft>C</ft>
<p4>integer MYSQLI_GROUP_FLAG</p4>
<p5>integer MYSQLI_GROUP_FLAG</p5>
</PHPModuleRef><PHPModuleRef>
<t>MYSQLI_INIT_COMMAND</t>
<mn>mysqli</mn>
<ft>C</ft>
<p4>integer MYSQLI_INIT_COMMAND</p4>
<p5>integer MYSQLI_INIT_COMMAND</p5>
</PHPModuleRef><PHPModuleRef>
<t>MYSQLI_MULTIPLE_KEY_FLAG</t>
<mn>mysqli</mn>
<ft>C</ft>
<p4>integer MYSQLI_MULTIPLE_KEY_FLAG</p4>
<p5>integer MYSQLI_MULTIPLE_KEY_FLAG</p5>
</PHPModuleRef><PHPModuleRef>
<t>MYSQLI_NEED_DATA</t>
<mn>mysqli</mn>
<ft>C</ft>
<p4>integer MYSQLI_NEED_DATA</p4>
<p5>integer MYSQLI_NEED_DATA</p5>
</PHPModuleRef><PHPModuleRef>
<t>MYSQLI_NOT_NULL_FLAG</t>
<mn>mysqli</mn>
<ft>C</ft>
<p4>integer MYSQLI_NOT_NULL_FLAG</p4>
<p5>integer MYSQLI_NOT_NULL_FLAG</p5>
</PHPModuleRef><PHPModuleRef>
<t>MYSQLI_NO_DATA</t>
<mn>mysqli</mn>
<ft>C</ft>
<p4>integer MYSQLI_NO_DATA</p4>
<p5>integer MYSQLI_NO_DATA</p5>
</PHPModuleRef><PHPModuleRef>
<t>MYSQLI_NUM</t>
<mn>mysqli</mn>
<ft>C</ft>
<p4>integer MYSQLI_NUM</p4>
<p5>integer MYSQLI_NUM</p5>
</PHPModuleRef><PHPModuleRef>
<t>MYSQLI_NUM_FLAG</t>
<mn>mysqli</mn>
<ft>C</ft>
<p4>integer MYSQLI_NUM_FLAG</p4>
<p5>integer MYSQLI_NUM_FLAG</p5>
</PHPModuleRef><PHPModuleRef>
<t>MYSQLI_OPT_CONNECT_TIMEOUT</t>
<mn>mysqli</mn>
<ft>C</ft>
<p4>integer MYSQLI_OPT_CONNECT_TIMEOUT</p4>
<p5>integer MYSQLI_OPT_CONNECT_TIMEOUT</p5>
</PHPModuleRef><PHPModuleRef>
<t>MYSQLI_OPT_LOCAL_INFILE</t>
<mn>mysqli</mn>
<ft>C</ft>
<p4>integer MYSQLI_OPT_LOCAL_INFILE</p4>
<p5>integer MYSQLI_OPT_LOCAL_INFILE</p5>
</PHPModuleRef><PHPModuleRef>
<t>MYSQLI_PART_KEY_FLAG</t>
<mn>mysqli</mn>
<ft>C</ft>
<p4>integer MYSQLI_PART_KEY_FLAG</p4>
<p5>integer MYSQLI_PART_KEY_FLAG</p5>
</PHPModuleRef><PHPModuleRef>
<t>MYSQLI_PRI_KEY_FLAG</t>
<mn>mysqli</mn>
<ft>C</ft>
<p4>integer MYSQLI_PRI_KEY_FLAG</p4>
<p5>integer MYSQLI_PRI_KEY_FLAG</p5>
</PHPModuleRef><PHPModuleRef>
<t>MYSQLI_PR_REPORT_FILE</t>
<mn>mysqli</mn>
<ft>C</ft>
<p4>integer MYSQLI_PR_REPORT_FILE</p4>
<p5>integer MYSQLI_PR_REPORT_FILE</p5>
</PHPModuleRef><PHPModuleRef>
<t>MYSQLI_PR_REPORT_PORT</t>
<mn>mysqli</mn>
<ft>C</ft>
<p4>integer MYSQLI_PR_REPORT_PORT</p4>
<p5>integer MYSQLI_PR_REPORT_PORT</p5>
</PHPModuleRef><PHPModuleRef>
<t>MYSQLI_PR_REPORT_STDERR</t>
<mn>mysqli</mn>
<ft>C</ft>
<p4>integer MYSQLI_PR_REPORT_STDERR</p4>
<p5>integer MYSQLI_PR_REPORT_STDERR</p5>
</PHPModuleRef><PHPModuleRef>
<t>MYSQLI_READ_DEFAULT_FILE</t>
<mn>mysqli</mn>
<ft>C</ft>
<p4>integer MYSQLI_READ_DEFAULT_FILE</p4>
<p5>integer MYSQLI_READ_DEFAULT_FILE</p5>
</PHPModuleRef><PHPModuleRef>
<t>MYSQLI_READ_DEFAULT_GROUP</t>
<mn>mysqli</mn>
<ft>C</ft>
<p4>integer MYSQLI_READ_DEFAULT_GROUP</p4>
<p5>integer MYSQLI_READ_DEFAULT_GROUP</p5>
</PHPModuleRef><PHPModuleRef>
<t>MYSQLI_RPL_ADMIN</t>
<mn>mysqli</mn>
<ft>C</ft>
<p4>integer MYSQLI_RPL_ADMIN</p4>
<p5>integer MYSQLI_RPL_ADMIN</p5>
</PHPModuleRef><PHPModuleRef>
<t>MYSQLI_RPL_MASTER</t>
<mn>mysqli</mn>
<ft>C</ft>
<p4>integer MYSQLI_RPL_MASTER</p4>
<p5>integer MYSQLI_RPL_MASTER</p5>
</PHPModuleRef><PHPModuleRef>
<t>MYSQLI_RPL_SLAVE</t>
<mn>mysqli</mn>
<ft>C</ft>
<p4>integer MYSQLI_RPL_SLAVE</p4>
<p5>integer MYSQLI_RPL_SLAVE</p5>
</PHPModuleRef><PHPModuleRef>
<t>MYSQLI_SET_FLAG</t>
<mn>mysqli</mn>
<ft>C</ft>
<p4>integer MYSQLI_SET_FLAG</p4>
<p5>integer MYSQLI_SET_FLAG</p5>
</PHPModuleRef><PHPModuleRef>
<t>MYSQLI_STORE_RESULT</t>
<mn>mysqli</mn>
<ft>C</ft>
<p4>integer MYSQLI_STORE_RESULT</p4>
<p5>integer MYSQLI_STORE_RESULT</p5>
</PHPModuleRef><PHPModuleRef>
<t>MYSQLI_TIMESTAMP_FLAG</t>
<mn>mysqli</mn>
<ft>C</ft>
<p4>integer MYSQLI_TIMESTAMP_FLAG</p4>
<p5>integer MYSQLI_TIMESTAMP_FLAG</p5>
</PHPModuleRef><PHPModuleRef>
<t>MYSQLI_TYPE_BIT</t>
<mn>mysqli</mn>
<ft>C</ft>
<p4>integer MYSQLI_TYPE_BIT</p4>
<p5>integer MYSQLI_TYPE_BIT</p5>
</PHPModuleRef><PHPModuleRef>
<t>MYSQLI_TYPE_BLOB</t>
<mn>mysqli</mn>
<ft>C</ft>
<p4>integer MYSQLI_TYPE_BLOB</p4>
<p5>integer MYSQLI_TYPE_BLOB</p5>
</PHPModuleRef><PHPModuleRef>
<t>MYSQLI_TYPE_CHAR</t>
<mn>mysqli</mn>
<ft>C</ft>
<p4>integer MYSQLI_TYPE_CHAR</p4>
<p5>integer MYSQLI_TYPE_CHAR</p5>
</PHPModuleRef><PHPModuleRef>
<t>MYSQLI_TYPE_DATE</t>
<mn>mysqli</mn>
<ft>C</ft>
<p4>integer MYSQLI_TYPE_DATE</p4>
<p5>integer MYSQLI_TYPE_DATE</p5>
</PHPModuleRef><PHPModuleRef>
<t>MYSQLI_TYPE_DATETIME</t>
<mn>mysqli</mn>
<ft>C</ft>
<p4>integer MYSQLI_TYPE_DATETIME</p4>
<p5>integer MYSQLI_TYPE_DATETIME</p5>
</PHPModuleRef><PHPModuleRef>
<t>MYSQLI_TYPE_DECIMAL</t>
<mn>mysqli</mn>
<ft>C</ft>
<p4>integer MYSQLI_TYPE_DECIMAL</p4>
<p5>integer MYSQLI_TYPE_DECIMAL</p5>
</PHPModuleRef><PHPModuleRef>
<t>MYSQLI_TYPE_DOUBLE</t>
<mn>mysqli</mn>
<ft>C</ft>
<p4>integer MYSQLI_TYPE_DOUBLE</p4>
<p5>integer MYSQLI_TYPE_DOUBLE</p5>
</PHPModuleRef><PHPModuleRef>
<t>MYSQLI_TYPE_ENUM</t>
<mn>mysqli</mn>
<ft>C</ft>
<p4>integer MYSQLI_TYPE_ENUM</p4>
<p5>integer MYSQLI_TYPE_ENUM</p5>
</PHPModuleRef><PHPModuleRef>
<t>MYSQLI_TYPE_FLOAD</t>
<mn>mysqli</mn>
<ft>C</ft>
<p4>integer MYSQLI_TYPE_FLOAD</p4>
<p5>integer MYSQLI_TYPE_FLOAD</p5>
</PHPModuleRef><PHPModuleRef>
<t>MYSQLI_TYPE_FLOAT</t>
<mn>mysqli</mn>
<ft>C</ft>
<p4>integer MYSQLI_TYPE_FLOAT</p4>
<p5>integer MYSQLI_TYPE_FLOAT</p5>
</PHPModuleRef><PHPModuleRef>
<t>MYSQLI_TYPE_GEOMETRY</t>
<mn>mysqli</mn>
<ft>C</ft>
<p4>integer MYSQLI_TYPE_GEOMETRY</p4>
<p5>integer MYSQLI_TYPE_GEOMETRY</p5>
</PHPModuleRef><PHPModuleRef>
<t>MYSQLI_TYPE_INT24</t>
<mn>mysqli</mn>
<ft>C</ft>
<p4>integer MYSQLI_TYPE_INT24</p4>
<p5>integer MYSQLI_TYPE_INT24</p5>
</PHPModuleRef><PHPModuleRef>
<t>MYSQLI_TYPE_INTERVAL</t>
<mn>mysqli</mn>
<ft>C</ft>
<p4>integer MYSQLI_TYPE_INTERVAL</p4>
<p5>integer MYSQLI_TYPE_INTERVAL</p5>
</PHPModuleRef><PHPModuleRef>
<t>MYSQLI_TYPE_LONG</t>
<mn>mysqli</mn>
<ft>C</ft>
<p4>integer MYSQLI_TYPE_LONG</p4>
<p5>integer MYSQLI_TYPE_LONG</p5>
</PHPModuleRef><PHPModuleRef>
<t>MYSQLI_TYPE_LONGLONG</t>
<mn>mysqli</mn>
<ft>C</ft>
<p4>integer MYSQLI_TYPE_LONGLONG</p4>
<p5>integer MYSQLI_TYPE_LONGLONG</p5>
</PHPModuleRef><PHPModuleRef>
<t>MYSQLI_TYPE_LONG_BLOB</t>
<mn>mysqli</mn>
<ft>C</ft>
<p4>integer MYSQLI_TYPE_LONG_BLOB</p4>
<p5>integer MYSQLI_TYPE_LONG_BLOB</p5>
</PHPModuleRef><PHPModuleRef>
<t>MYSQLI_TYPE_MEDIUM_BLOB</t>
<mn>mysqli</mn>
<ft>C</ft>
<p4>integer MYSQLI_TYPE_MEDIUM_BLOB</p4>
<p5>integer MYSQLI_TYPE_MEDIUM_BLOB</p5>
</PHPModuleRef><PHPModuleRef>
<t>MYSQLI_TYPE_NEWDATE</t>
<mn>mysqli</mn>
<ft>C</ft>
<p4>integer MYSQLI_TYPE_NEWDATE</p4>
<p5>integer MYSQLI_TYPE_NEWDATE</p5>
</PHPModuleRef><PHPModuleRef>
<t>MYSQLI_TYPE_NEWDECIMAL</t>
<mn>mysqli</mn>
<ft>C</ft>
<p4>integer MYSQLI_TYPE_NEWDECIMAL</p4>
<p5>integer MYSQLI_TYPE_NEWDECIMAL</p5>
</PHPModuleRef><PHPModuleRef>
<t>MYSQLI_TYPE_NULL</t>
<mn>mysqli</mn>
<ft>C</ft>
<p4>integer MYSQLI_TYPE_NULL</p4>
<p5>integer MYSQLI_TYPE_NULL</p5>
</PHPModuleRef><PHPModuleRef>
<t>MYSQLI_TYPE_SET</t>
<mn>mysqli</mn>
<ft>C</ft>
<p4>integer MYSQLI_TYPE_SET</p4>
<p5>integer MYSQLI_TYPE_SET</p5>
</PHPModuleRef><PHPModuleRef>
<t>MYSQLI_TYPE_SHORT</t>
<mn>mysqli</mn>
<ft>C</ft>
<p4>integer MYSQLI_TYPE_SHORT</p4>
<p5>integer MYSQLI_TYPE_SHORT</p5>
</PHPModuleRef><PHPModuleRef>
<t>MYSQLI_TYPE_STRING</t>
<mn>mysqli</mn>
<ft>C</ft>
<p4>integer MYSQLI_TYPE_STRING</p4>
<p5>integer MYSQLI_TYPE_STRING</p5>
</PHPModuleRef><PHPModuleRef>
<t>MYSQLI_TYPE_TIME</t>
<mn>mysqli</mn>
<ft>C</ft>
<p4>integer MYSQLI_TYPE_TIME</p4>
<p5>integer MYSQLI_TYPE_TIME</p5>
</PHPModuleRef><PHPModuleRef>
<t>MYSQLI_TYPE_TIMESTAMP</t>
<mn>mysqli</mn>
<ft>C</ft>
<p4>integer MYSQLI_TYPE_TIMESTAMP</p4>
<p5>integer MYSQLI_TYPE_TIMESTAMP</p5>
</PHPModuleRef><PHPModuleRef>
<t>MYSQLI_TYPE_TINY</t>
<mn>mysqli</mn>
<ft>C</ft>
<p4>integer MYSQLI_TYPE_TINY</p4>
<p5>integer MYSQLI_TYPE_TINY</p5>
</PHPModuleRef><PHPModuleRef>
<t>MYSQLI_TYPE_TINY_BLOB</t>
<mn>mysqli</mn>
<ft>C</ft>
<p4>integer MYSQLI_TYPE_TINY_BLOB</p4>
<p5>integer MYSQLI_TYPE_TINY_BLOB</p5>
</PHPModuleRef><PHPModuleRef>
<t>MYSQLI_TYPE_VAR_STRING</t>
<mn>mysqli</mn>
<ft>C</ft>
<p4>integer MYSQLI_TYPE_VAR_STRING</p4>
<p5>integer MYSQLI_TYPE_VAR_STRING</p5>
</PHPModuleRef><PHPModuleRef>
<t>MYSQLI_TYPE_YEAR</t>
<mn>mysqli</mn>
<ft>C</ft>
<p4>integer MYSQLI_TYPE_YEAR</p4>
<p5>integer MYSQLI_TYPE_YEAR</p5>
</PHPModuleRef><PHPModuleRef>
<t>MYSQLI_UNIQUE_KEY_FLAG</t>
<mn>mysqli</mn>
<ft>C</ft>
<p4>integer MYSQLI_UNIQUE_KEY_FLAG</p4>
<p5>integer MYSQLI_UNIQUE_KEY_FLAG</p5>
</PHPModuleRef><PHPModuleRef>
<t>MYSQLI_UNSIGNED_FLAG</t>
<mn>mysqli</mn>
<ft>C</ft>
<p4>integer MYSQLI_UNSIGNED_FLAG</p4>
<p5>integer MYSQLI_UNSIGNED_FLAG</p5>
</PHPModuleRef><PHPModuleRef>
<t>MYSQLI_USE_RESULT</t>
<mn>mysqli</mn>
<ft>C</ft>
<p4>integer MYSQLI_USE_RESULT</p4>
<p5>integer MYSQLI_USE_RESULT</p5>
</PHPModuleRef><PHPModuleRef>
<t>MYSQLI_ZEROFILL_FLAG</t>
<mn>mysqli</mn>
<ft>C</ft>
<p4>integer MYSQLI_ZEROFILL_FLAG</p4>
<p5>integer MYSQLI_ZEROFILL_FLAG</p5>
</PHPModuleRef></PHPModuleRef-List>
