<?xml version="1.0" encoding="utf-8"?>
<PHPModuleRef-List>
<PHPModuleRef>
<t>notes_body</t>
<mn>notes</mn>
<ft>F</ft>
<ver>4_0_5,4_0_6,4_1_0,4_1_1,4_1_2,4_2_0,4_2_1,4_2_2,4_2_3,4_3_0,4_3_1,4_3_10,4_3_11,4_3_2,4_3_3,4_3_4,4_3_5,4_3_6,4_3_7,4_3_8,4_3_9,4_4_0,4_4_1,4_4_2,4_4_3,4_4_4,4_4_5,4_4_6,4_cvs</ver>
<p4>array notes_body(string server, string mailbox, int msg_number)</p4>
<p4d>Opens the message msg_number in the specified mailbox on the specified server (leave server blank for local) and returns an array of body text lines </p4d>
<texts><text><lng>en</lng>
<d>Open the message msg_number in the specified mailbox on the specified server (leave serv</d>
</text></texts></PHPModuleRef><PHPModuleRef>
<t>notes_copy_db</t>
<mn>notes</mn>
<ft>F</ft>
<ver>4_0_5,4_0_6,4_1_0,4_1_1,4_1_2,4_2_0,4_2_1,4_2_2,4_2_3,4_3_0,4_3_1,4_3_10,4_3_11,4_3_2,4_3_3,4_3_4,4_3_5,4_3_6,4_3_7,4_3_8,4_3_9,4_4_0,4_4_1,4_4_2,4_4_3,4_4_4,4_4_5,4_4_6,4_cvs</ver>
<p4>string notes_copy_db(string from_database_name, string to_database_name [, string title])</p4>
<p4d>Creates a note using form form_name </p4d>
<texts><text><lng>en</lng>
<d>Copy a Lotus Notes database</d>
</text></texts></PHPModuleRef><PHPModuleRef>
<t>notes_create_db</t>
<mn>notes</mn>
<ft>F</ft>
<ver>4_0_5,4_0_6,4_1_0,4_1_1,4_1_2,4_2_0,4_2_1,4_2_2,4_2_3,4_3_0,4_3_1,4_3_10,4_3_11,4_3_2,4_3_3,4_3_4,4_3_5,4_3_6,4_3_7,4_3_8,4_3_9,4_4_0,4_4_1,4_4_2,4_4_3,4_4_4,4_4_5,4_4_6,4_cvs</ver>
<p4>bool notes_create_db(string database_name)</p4>
<p4d>Creates a Lotus Notes database </p4d>
<texts><text><lng>en</lng>
<d>Create a Lotus Notes database</d>
</text></texts></PHPModuleRef><PHPModuleRef>
<t>notes_create_note</t>
<mn>notes</mn>
<ft>F</ft>
<ver>4_0_5,4_0_6,4_1_0,4_1_1,4_1_2,4_2_0,4_2_1,4_2_2,4_2_3,4_3_0,4_3_1,4_3_10,4_3_11,4_3_2,4_3_3,4_3_4,4_3_5,4_3_6,4_3_7,4_3_8,4_3_9,4_4_0,4_4_1,4_4_2,4_4_3,4_4_4,4_4_5,4_4_6,4_cvs</ver>
<p4>string notes_create_note(string database_name, string form_name)</p4>
<p4d>Creates a note using form form_name </p4d>
<texts><text><lng>en</lng>
<d>Create a note using form form_name</d>
</text></texts></PHPModuleRef><PHPModuleRef>
<t>notes_drop_db</t>
<mn>notes</mn>
<ft>F</ft>
<ver>4_0_5,4_0_6,4_1_0,4_1_1,4_1_2,4_2_0,4_2_1,4_2_2,4_2_3,4_3_0,4_3_1,4_3_10,4_3_11,4_3_2,4_3_3,4_3_4,4_3_5,4_3_6,4_3_7,4_3_8,4_3_9,4_4_0,4_4_1,4_4_2,4_4_3,4_4_4,4_4_5,4_4_6,4_cvs</ver>
<p4>bool notes_drop_db(string database_name)</p4>
<p4d>Drops a Lotus Notes database </p4d>
<texts><text><lng>en</lng>
<d>Drop a Lotus Notes database</d>
</text></texts></PHPModuleRef><PHPModuleRef>
<t>notes_find_note</t>
<mn>notes</mn>
<ft>F</ft>
<ver>4_0_5,4_0_6,4_1_0,4_1_1,4_1_2,4_2_0,4_2_1,4_2_2,4_2_3,4_3_0,4_3_1,4_3_10,4_3_11,4_3_2,4_3_3,4_3_4,4_3_5,4_3_6,4_3_7,4_3_8,4_3_9,4_4_0,4_4_1,4_4_2,4_4_3,4_4_4,4_4_5,4_4_6,4_cvs</ver>
<p4>bool notes_find_note(string database_name, string name [, string type])</p4>
<p4d>Returns a note id found in database_name </p4d>
<texts><text><lng>en</lng>
<d>Returns a note id found in database_name</d>
</text></texts></PHPModuleRef><PHPModuleRef>
<t>notes_header_info</t>
<mn>notes</mn>
<ft>F</ft>
<ver>4_0_5,4_0_6,4_1_0,4_1_1,4_1_2,4_2_0,4_2_1,4_2_2,4_2_3,4_3_0,4_3_1,4_3_10,4_3_11,4_3_2,4_3_3,4_3_4,4_3_5,4_3_6,4_3_7,4_3_8,4_3_9,4_4_0,4_4_1,4_4_2,4_4_3,4_4_4,4_4_5,4_4_6,4_cvs</ver>
<p4>object notes_header_info(string server, string mailbox, int msg_number)</p4>
<p4d>Opens the message msg_number in the specified mailbox on the specified server (leave server blank for local) </p4d>
<texts><text><lng>en</lng>
<d>Open the message msg_number in the specified mailbox on the specified server (leave serv</d>
</text></texts></PHPModuleRef><PHPModuleRef>
<t>notes_list_msgs</t>
<mn>notes</mn>
<ft>F</ft>
<ver>4_0_5,4_0_6,4_1_0,4_1_1,4_1_2,4_2_0,4_2_1,4_2_2,4_2_3,4_3_0,4_3_1,4_3_10,4_3_11,4_3_2,4_3_3,4_3_4,4_3_5,4_3_6,4_3_7,4_3_8,4_3_9,4_4_0,4_4_1,4_4_2,4_4_3,4_4_4,4_4_5,4_4_6,4_cvs</ver>
<p4>bool notes_list_msgs(string db)</p4>
<p4d>??? </p4d>
<texts><text><lng>en</lng>
<d>Returns the notes from a selected database_name</d>
</text></texts></PHPModuleRef><PHPModuleRef>
<t>notes_mark_read</t>
<mn>notes</mn>
<ft>F</ft>
<ver>4_0_5,4_0_6,4_1_0,4_1_1,4_1_2,4_2_0,4_2_1,4_2_2,4_2_3,4_3_0,4_3_1,4_3_10,4_3_11,4_3_2,4_3_3,4_3_4,4_3_5,4_3_6,4_3_7,4_3_8,4_3_9,4_4_0,4_4_1,4_4_2,4_4_3,4_4_4,4_4_5,4_4_6,4_cvs</ver>
<p4>string notes_mark_read(string database_name, string user_name, string note_id)</p4>
<p4d>Marks a note_id as read for the User user_name.  Note: user_name must be fully distinguished user name </p4d>
<texts><text><lng>en</lng>
<d>Mark a note_id as read for the User user_name</d>
</text></texts></PHPModuleRef><PHPModuleRef>
<t>notes_mark_unread</t>
<mn>notes</mn>
<ft>F</ft>
<ver>4_0_5,4_0_6,4_1_0,4_1_1,4_1_2,4_2_0,4_2_1,4_2_2,4_2_3,4_3_0,4_3_1,4_3_10,4_3_11,4_3_2,4_3_3,4_3_4,4_3_5,4_3_6,4_3_7,4_3_8,4_3_9,4_4_0,4_4_1,4_4_2,4_4_3,4_4_4,4_4_5,4_4_6,4_cvs</ver>
<p4>string notes_mark_unread(string database_name, string user_name, string note_id)</p4>
<p4d>Marks a note_id as unread for the User user_name.  Note: user_name must be fully distinguished user name </p4d>
<texts><text><lng>en</lng>
<d>Mark a note_id as unread for the User user_name</d>
</text></texts></PHPModuleRef><PHPModuleRef>
<t>notes_nav_create</t>
<mn>notes</mn>
<ft>F</ft>
<ver>4_0_5,4_0_6,4_1_0,4_1_1,4_1_2,4_2_0,4_2_1,4_2_2,4_2_3,4_3_0,4_3_1,4_3_10,4_3_11,4_3_2,4_3_3,4_3_4,4_3_5,4_3_6,4_3_7,4_3_8,4_3_9,4_4_0,4_4_1,4_4_2,4_4_3,4_4_4,4_4_5,4_4_6,4_cvs</ver>
<p4>bool notes_nav_create(string database_name, string name)</p4>
<p4d>Creates a navigator name, in database_name </p4d>
<texts><text><lng>en</lng>
<d>Create a navigator name, in database_name</d>
</text></texts></PHPModuleRef><PHPModuleRef>
<t>notes_search</t>
<mn>notes</mn>
<ft>F</ft>
<ver>4_0_5,4_0_6,4_1_0,4_1_1,4_1_2,4_2_0,4_2_1,4_2_2,4_2_3,4_3_0,4_3_1,4_3_10,4_3_11,4_3_2,4_3_3,4_3_4,4_3_5,4_3_6,4_3_7,4_3_8,4_3_9,4_4_0,4_4_1,4_4_2,4_4_3,4_4_4,4_4_5,4_4_6,4_cvs</ver>
<p4>string notes_search(string database_name, string keywords)</p4>
<p4d>Finds notes that match keywords in database_name.  The note(s) that are returned must be converted to base 16. Example base_convert($note_id, &quot;10&quot;, &quot;16&quot;) </p4d>
<texts><text><lng>en</lng>
<d>Find notes that match keywords in database_name</d>
</text></texts></PHPModuleRef><PHPModuleRef>
<t>notes_unread</t>
<mn>notes</mn>
<ft>F</ft>
<ver>4_0_5,4_0_6,4_1_0,4_1_1,4_1_2,4_2_0,4_2_1,4_2_2,4_2_3,4_3_0,4_3_1,4_3_10,4_3_11,4_3_2,4_3_3,4_3_4,4_3_5,4_3_6,4_3_7,4_3_8,4_3_9,4_4_0,4_4_1,4_4_2,4_4_3,4_4_4,4_4_5,4_4_6,4_cvs</ver>
<p4>string notes_unread(string database_name, string user_name)</p4>
<p4d>Returns the unread note id's for the current User user_name.  Note: user_name must be fully distinguished user name </p4d>
<texts><text><lng>en</lng>
<d>Returns the unread note id's for the current User user_name</d>
</text></texts></PHPModuleRef><PHPModuleRef>
<t>notes_version</t>
<mn>notes</mn>
<ft>F</ft>
<ver>4_0_5,4_0_6,4_1_0,4_1_1,4_1_2,4_2_0,4_2_1,4_2_2,4_2_3,4_3_0,4_3_1,4_3_10,4_3_11,4_3_2,4_3_3,4_3_4,4_3_5,4_3_6,4_3_7,4_3_8,4_3_9,4_4_0,4_4_1,4_4_2,4_4_3,4_4_4,4_4_5,4_4_6,4_cvs</ver>
<p4>string notes_version(string database_name)</p4>
<p4d>Gets the Lotus Notes version </p4d>
<texts><text><lng>en</lng>
<d>Get the version Lotus Notes</d>
</text></texts></PHPModuleRef></PHPModuleRef-List>
