<?xml version="1.0" encoding="utf-8"?>
<PHPModuleRef-List>
<PHPModuleRef>
<t>nsapi_request_headers</t>
<mn>nsapi</mn>
<ft>F</ft>
<ver>4_3_10,4_3_11,4_3_3,4_3_4,4_3_5,4_3_6,4_3_7,4_3_8,4_3_9,4_4_0,4_4_1,4_4_2,4_4_3,4_4_4,4_4_5,4_4_6,4_cvs,5_0_0,5_0_1,5_0_2,5_0_3,5_1_0,5_1_1,5_1_2,5_1_3,5_1_4,5_1_5,5_1_6,5_2_0,5_2_1</ver>
<p4>array nsapi_request_headers(void)</p4>
<p4d>Get all headers from the request </p4d>
<texts><text><lng>en</lng>
<d>Fetch all HTTP request headers</d>
</text></texts></PHPModuleRef><PHPModuleRef>
<t>nsapi_response_headers</t>
<mn>nsapi</mn>
<ft>F</ft>
<ver>4_3_10,4_3_11,4_3_3,4_3_4,4_3_5,4_3_6,4_3_7,4_3_8,4_3_9,4_4_0,4_4_1,4_4_2,4_4_3,4_4_4,4_4_5,4_4_6,4_cvs,5_0_0,5_0_1,5_0_2,5_0_3,5_1_0,5_1_1,5_1_2,5_1_3,5_1_4,5_1_5,5_1_6,5_2_0,5_2_1</ver>
<p4>array nsapi_response_headers(void)</p4>
<p4d>Get all headers from the response </p4d>
<texts><text><lng>en</lng>
<d>Fetch all HTTP response headers</d>
</text></texts></PHPModuleRef><PHPModuleRef>
<t>nsapi_virtual</t>
<mn>nsapi</mn>
<ft>F</ft>
<ver>4_3_10,4_3_11,4_3_3,4_3_4,4_3_5,4_3_6,4_3_7,4_3_8,4_3_9,4_4_0,4_4_1,4_4_2,4_4_3,4_4_4,4_4_5,4_4_6,4_cvs,5_0_0,5_0_1,5_0_2,5_0_3,5_1_0,5_1_1,5_1_2,5_1_3,5_1_4,5_1_5,5_1_6,5_2_0,5_2_1</ver>
<p4>bool nsapi_virtual(string uri)</p4>
<p4d>Perform an NSAPI sub-request </p4d>
<texts><text><lng>en</lng>
<d>Perform an NSAPI sub-request</d>
</text></texts></PHPModuleRef></PHPModuleRef-List>
