<?xml version="1.0" encoding="utf-8"?>
<PHPModuleRef-List>
<PHPModuleRef>
<t>ocibindbyname</t>
<mn>oci8</mn>
<ft>F</ft>
<ver>4_0_0,4_0_1,4_0_2,4_0_3,4_0_4,4_0_5,4_0_6,4_1_0,4_1_1,4_1_2,4_2_0,4_2_1,4_2_2,4_2_3,4_3_0,4_3_1,4_3_10,4_3_11,4_3_2,4_3_3,4_3_4,4_3_5,4_3_6,4_3_7,4_3_8,4_3_9,4_4_0,4_4_1,4_4_2,4_4_3,4_4_4,4_4_5,4_4_6,4_cvs,5_0_0,5_0_1,5_0_2,5_0_3,5_1_0,5_1_1,5_1_2,5_1_3,5_1_4,5_1_5,5_1_6,5_2_0,5_2_1,5_cvs</ver>
<p4>bool ocibindbyname(int stmt, string name, mixed &amp;var, [, int maxlength] [, int type])</p4>
<p4d>Bind a PHP variable to an Oracle placeholder by name </p4d>
<texts><text><lng>de</lng>
<d>Bindet eine PHP-Variable an einen Oracle Platzhalter</d>
</text><text><lng>en</lng>
<d>&amp;Alias;oci_bind_by_name</d>
</text></texts></PHPModuleRef><PHPModuleRef>
<t>ocicancel</t>
<mn>oci8</mn>
<ft>F</ft>
<ver>4_0_0,4_0_1,4_0_2,4_0_3,4_0_4,4_0_5,4_0_6,4_1_0,4_1_1,4_1_2,4_2_0,4_2_1,4_2_2,4_2_3,4_3_0,4_3_1,4_3_10,4_3_11,4_3_2,4_3_3,4_3_4,4_3_5,4_3_6,4_3_7,4_3_8,4_3_9,4_4_0,4_4_1,4_4_2,4_4_3,4_4_4,4_4_5,4_4_6,4_cvs,5_0_0,5_0_1,5_0_2,5_0_3,5_1_0,5_1_1,5_1_2,5_1_3,5_1_4,5_1_5,5_1_6,5_2_0,5_2_1,5_cvs</ver>
<p4>bool ocicancel(int stmt)</p4>
<p4d>Prepare a new row of data for reading </p4d>
<texts><text><lng>de</lng>
<d>bricht das lesen von einem cursor ab</d>
</text><text><lng>en</lng>
<d>&amp;Alias;oci_cancel</d>
</text></texts></PHPModuleRef><PHPModuleRef>
<t>ocicollappend</t>
<mn>oci8</mn>
<ft>F</ft>
<ver>4_0_6,4_1_0,4_1_1,4_1_2,4_2_0,4_2_1,4_2_2,4_2_3,4_3_0,4_3_1,4_3_10,4_3_11,4_3_2,4_3_3,4_3_4,4_3_5,4_3_6,4_3_7,4_3_8,4_3_9,4_4_0,4_4_1,4_4_2,4_4_3,4_4_4,4_4_5,4_4_6,4_cvs,5_0_0,5_0_1,5_0_2,5_0_3,5_1_0,5_1_1,5_1_2,5_1_3,5_1_4,5_1_5,5_1_6,5_2_0,5_2_1,5_cvs</ver>
<p4>bool ocicollappend(object collection,value)</p4>
<p4d>Append an object to the collection </p4d>
<texts><text><lng>en</lng>
<d>&amp;Alias;</d>
</text></texts></PHPModuleRef><PHPModuleRef>
<t>ocicollassign</t>
<mn>oci8</mn>
<ft>F</ft>
<ver>4_0_6,4_1_0,4_1_1,4_1_2,4_2_0,4_2_1,4_2_2,4_2_3,4_3_0,4_3_1,4_3_10,4_3_11,4_3_2,4_3_3,4_3_4,4_3_5,4_3_6,4_3_7,4_3_8,4_3_9,4_4_0,4_4_1,4_4_2,4_4_3,4_4_4,4_4_5,4_4_6,4_cvs</ver>
<p4>bool ocicollassign(object collection,object)</p4>
<p4d>Assign a collection from another existing collection </p4d>
<texts><text><lng>de</lng>
<d>Kommt noch.</d>
</text><text><lng>en</lng>
<d>&amp;Alias;</d>
</text></texts></PHPModuleRef><PHPModuleRef>
<t>ocicollassignelem</t>
<mn>oci8</mn>
<ft>F</ft>
<ver>4_0_6,4_1_0,4_1_1,4_1_2,4_2_0,4_2_1,4_2_2,4_2_3,4_3_0,4_3_1,4_3_10,4_3_11,4_3_2,4_3_3,4_3_4,4_3_5,4_3_6,4_3_7,4_3_8,4_3_9,4_4_0,4_4_1,4_4_2,4_4_3,4_4_4,4_4_5,4_4_6,4_cvs,5_0_0,5_0_1,5_0_2,5_0_3,5_1_0,5_1_1,5_1_2,5_1_3,5_1_4,5_1_5,5_1_6,5_2_0,5_2_1,5_cvs</ver>
<p4>bool ocicollassignelem(object collection,ndx,val)</p4>
<p4d>Assign element val to collection at index ndx </p4d>
<texts><text><lng>de</lng>
<d>Kommt noch.</d>
</text><text><lng>en</lng>
<d>&amp;Alias;</d>
</text></texts></PHPModuleRef><PHPModuleRef>
<t>ocicollgetelem</t>
<mn>oci8</mn>
<ft>F</ft>
<ver>4_0_6,4_1_0,4_1_1,4_1_2,4_2_0,4_2_1,4_2_2,4_2_3,4_3_0,4_3_1,4_3_10,4_3_11,4_3_2,4_3_3,4_3_4,4_3_5,4_3_6,4_3_7,4_3_8,4_3_9,4_4_0,4_4_1,4_4_2,4_4_3,4_4_4,4_4_5,4_4_6,4_cvs,5_0_0,5_0_1,5_0_2,5_0_3,5_1_0,5_1_1,5_1_2,5_1_3,5_1_4,5_1_5,5_1_6,5_2_0,5_2_1,5_cvs</ver>
<p4>string ocicollgetelem(object collection,ndx)</p4>
<p4d>Retrieve the value at collection index ndx </p4d>
<texts><text><lng>de</lng>
<d>Kommt noch.</d>
</text><text><lng>en</lng>
<d>&amp;Alias;</d>
</text></texts></PHPModuleRef><PHPModuleRef>
<t>ocicollmax</t>
<mn>oci8</mn>
<ft>F</ft>
<ver>4_0_6,4_1_0,4_1_1,4_1_2,4_2_0,4_2_1,4_2_2,4_2_3,4_3_0,4_3_1,4_3_10,4_3_11,4_3_2,4_3_3,4_3_4,4_3_5,4_3_6,4_3_7,4_3_8,4_3_9,4_4_0,4_4_1,4_4_2,4_4_3,4_4_4,4_4_5,4_4_6,4_cvs,5_0_0,5_0_1,5_0_2,5_0_3,5_1_0,5_1_1,5_1_2,5_1_3,5_1_4,5_1_5,5_1_6,5_2_0,5_2_1,5_cvs</ver>
<p4>int ocicollmax(object collection)</p4>
<p4d>Return the max value of a collection.  For a varray this is the maximum length of the array </p4d>
<texts><text><lng>de</lng>
<d>Kommt noch.</d>
</text><text><lng>en</lng>
<d>&amp;Alias;</d>
</text></texts></PHPModuleRef><PHPModuleRef>
<t>ocicollsize</t>
<mn>oci8</mn>
<ft>F</ft>
<ver>4_0_6,4_1_0,4_1_1,4_1_2,4_2_0,4_2_1,4_2_2,4_2_3,4_3_0,4_3_1,4_3_10,4_3_11,4_3_2,4_3_3,4_3_4,4_3_5,4_3_6,4_3_7,4_3_8,4_3_9,4_4_0,4_4_1,4_4_2,4_4_3,4_4_4,4_4_5,4_4_6,4_cvs,5_0_0,5_0_1,5_0_2,5_0_3,5_1_0,5_1_1,5_1_2,5_1_3,5_1_4,5_1_5,5_1_6,5_2_0,5_2_1,5_cvs</ver>
<p4>int ocicollsize(object collection)</p4>
<p4d>Return the size of a collection </p4d>
<texts><text><lng>de</lng>
<d>Kommt noch.</d>
</text><text><lng>en</lng>
<d>&amp;Alias;</d>
</text></texts></PHPModuleRef><PHPModuleRef>
<t>ocicolltrim</t>
<mn>oci8</mn>
<ft>F</ft>
<ver>4_0_6,4_1_0,4_1_1,4_1_2,4_2_0,4_2_1,4_2_2,4_2_3,4_3_0,4_3_1,4_3_10,4_3_11,4_3_2,4_3_3,4_3_4,4_3_5,4_3_6,4_3_7,4_3_8,4_3_9,4_4_0,4_4_1,4_4_2,4_4_3,4_4_4,4_4_5,4_4_6,4_cvs,5_0_0,5_0_1,5_0_2,5_0_3,5_1_0,5_1_1,5_1_2,5_1_3,5_1_4,5_1_5,5_1_6,5_2_0,5_2_1,5_cvs</ver>
<p4>bool ocicolltrim(object collection,num)</p4>
<p4d>Trim num elements from the end of a collection </p4d>
<texts><text><lng>de</lng>
<d>Kommt noch.</d>
</text><text><lng>en</lng>
<d>&amp;Alias;</d>
</text></texts></PHPModuleRef><PHPModuleRef>
<t>ocicolumnisnull</t>
<mn>oci8</mn>
<ft>F</ft>
<ver>4_0_0,4_0_1,4_0_2,4_0_3,4_0_4,4_0_5,4_0_6,4_1_0,4_1_1,4_1_2,4_2_0,4_2_1,4_2_2,4_2_3,4_3_0,4_3_1,4_3_10,4_3_11,4_3_2,4_3_3,4_3_4,4_3_5,4_3_6,4_3_7,4_3_8,4_3_9,4_4_0,4_4_1,4_4_2,4_4_3,4_4_4,4_4_5,4_4_6,4_cvs,5_0_0,5_0_1,5_0_2,5_0_3,5_1_0,5_1_1,5_1_2,5_1_3,5_1_4,5_1_5,5_1_6,5_2_0,5_2_1,5_cvs</ver>
<p4>bool ocicolumnisnull(int stmt, int col)</p4>
<p4d>Tell whether a column is NULL </p4d>
<texts><text><lng>de</lng>
<d>Testet eine Spalte ob deren Inhalt&amp;null; ist</d>
</text><text><lng>en</lng>
<d>&amp;Alias;oci_field_is_null</d>
</text></texts></PHPModuleRef><PHPModuleRef>
<t>ocicolumnname</t>
<mn>oci8</mn>
<ft>F</ft>
<ver>4_0_0,4_0_1,4_0_2,4_0_3,4_0_4,4_0_5,4_0_6,4_1_0,4_1_1,4_1_2,4_2_0,4_2_1,4_2_2,4_2_3,4_3_0,4_3_1,4_3_10,4_3_11,4_3_2,4_3_3,4_3_4,4_3_5,4_3_6,4_3_7,4_3_8,4_3_9,4_4_0,4_4_1,4_4_2,4_4_3,4_4_4,4_4_5,4_4_6,4_cvs,5_0_0,5_0_1,5_0_2,5_0_3,5_1_0,5_1_1,5_1_2,5_1_3,5_1_4,5_1_5,5_1_6,5_2_0,5_2_1,5_cvs</ver>
<p4>string ocicolumnname(int stmt, int col)</p4>
<p4d>Tell the name of a column </p4d>
<texts><text><lng>de</lng>
<d>Liefert den Namen der Spalte zurück.</d>
</text><text><lng>en</lng>
<d>&amp;Alias;oci_field_name</d>
</text></texts></PHPModuleRef><PHPModuleRef>
<t>ocicolumnprecision</t>
<mn>oci8</mn>
<ft>F</ft>
<ver>4_0_0,4_0_1,4_0_2,4_0_3,4_0_4,4_0_5,4_0_6,4_1_0,4_1_1,4_1_2,4_2_0,4_2_1,4_2_2,4_2_3,4_3_0,4_3_1,4_3_10,4_3_11,4_3_2,4_3_3,4_3_4,4_3_5,4_3_6,4_3_7,4_3_8,4_3_9,4_4_0,4_4_1,4_4_2,4_4_3,4_4_4,4_4_5,4_4_6,4_cvs,5_0_0,5_0_1,5_0_2,5_0_3,5_1_0,5_1_1,5_1_2,5_1_3,5_1_4,5_1_5,5_1_6,5_2_0,5_2_1,5_cvs</ver>
<p4>int ocicolumnprecision(int stmt, int col)</p4>
<p4d>Tell the precision of a column </p4d>
<texts><text><lng>de</lng>
<d>Kommt noch.</d>
</text><text><lng>en</lng>
<d>&amp;Alias;oci_field_precision</d>
</text></texts></PHPModuleRef><PHPModuleRef>
<t>ocicolumnscale</t>
<mn>oci8</mn>
<ft>F</ft>
<ver>4_0_0,4_0_1,4_0_2,4_0_3,4_0_4,4_0_5,4_0_6,4_1_0,4_1_1,4_1_2,4_2_0,4_2_1,4_2_2,4_2_3,4_3_0,4_3_1,4_3_10,4_3_11,4_3_2,4_3_3,4_3_4,4_3_5,4_3_6,4_3_7,4_3_8,4_3_9,4_4_0,4_4_1,4_4_2,4_4_3,4_4_4,4_4_5,4_4_6,4_cvs,5_0_0,5_0_1,5_0_2,5_0_3,5_1_0,5_1_1,5_1_2,5_1_3,5_1_4,5_1_5,5_1_6,5_2_0,5_2_1,5_cvs</ver>
<p4>int ocicolumnscale(int stmt, int col)</p4>
<p4d>Tell the scale of a column </p4d>
<texts><text><lng>de</lng>
<d>Kommt noch.</d>
</text><text><lng>en</lng>
<d>&amp;Alias;oci_field_scale</d>
</text></texts></PHPModuleRef><PHPModuleRef>
<t>ocicolumnsize</t>
<mn>oci8</mn>
<ft>F</ft>
<ver>4_0_0,4_0_1,4_0_2,4_0_3,4_0_4,4_0_5,4_0_6,4_1_0,4_1_1,4_1_2,4_2_0,4_2_1,4_2_2,4_2_3,4_3_0,4_3_1,4_3_10,4_3_11,4_3_2,4_3_3,4_3_4,4_3_5,4_3_6,4_3_7,4_3_8,4_3_9,4_4_0,4_4_1,4_4_2,4_4_3,4_4_4,4_4_5,4_4_6,4_cvs,5_0_0,5_0_1,5_0_2,5_0_3,5_1_0,5_1_1,5_1_2,5_1_3,5_1_4,5_1_5,5_1_6,5_2_0,5_2_1,5_cvs</ver>
<p4>int ocicolumnsize(int stmt, int col)</p4>
<p4d>Tell the maximum data size of a column </p4d>
<texts><text><lng>de</lng>
<d>Gibt die Grösse einer Spalte zurück</d>
</text><text><lng>en</lng>
<d>&amp;Alias;oci_field_size</d>
</text></texts></PHPModuleRef><PHPModuleRef>
<t>ocicolumntype</t>
<mn>oci8</mn>
<ft>F</ft>
<ver>4_0_0,4_0_1,4_0_2,4_0_3,4_0_4,4_0_5,4_0_6,4_1_0,4_1_1,4_1_2,4_2_0,4_2_1,4_2_2,4_2_3,4_3_0,4_3_1,4_3_10,4_3_11,4_3_2,4_3_3,4_3_4,4_3_5,4_3_6,4_3_7,4_3_8,4_3_9,4_4_0,4_4_1,4_4_2,4_4_3,4_4_4,4_4_5,4_4_6,4_cvs,5_0_0,5_0_1,5_0_2,5_0_3,5_1_0,5_1_1,5_1_2,5_1_3,5_1_4,5_1_5,5_1_6,5_2_0,5_2_1,5_cvs</ver>
<p4>int ocicolumntype(int stmt, int col)</p4>
<p4d>Tell the data type of a column </p4d>
<texts><text><lng>de</lng>
<d>Liefert den Datentyp einer Spalte zurück.</d>
</text><text><lng>en</lng>
<d>&amp;Alias;oci_field_type</d>
</text></texts></PHPModuleRef><PHPModuleRef>
<t>ocicolumntyperaw</t>
<mn>oci8</mn>
<ft>F</ft>
<ver>4_0_0,4_0_1,4_0_2,4_0_3,4_0_4,4_0_5,4_0_6,4_1_0,4_1_1,4_1_2,4_2_0,4_2_1,4_2_2,4_2_3,4_3_0,4_3_1,4_3_10,4_3_11,4_3_2,4_3_3,4_3_4,4_3_5,4_3_6,4_3_7,4_3_8,4_3_9,4_4_0,4_4_1,4_4_2,4_4_3,4_4_4,4_4_5,4_4_6,4_cvs,5_0_0,5_0_1,5_0_2,5_0_3,5_1_0,5_1_1,5_1_2,5_1_3,5_1_4,5_1_5,5_1_6,5_2_0,5_2_1,5_cvs</ver>
<p4>mixed ocicolumntyperaw(int stmt, int col)</p4>
<p4d>Tell the raw oracle data type of a column </p4d>
<texts><text><lng>de</lng>
<d>Kommt noch.</d>
</text><text><lng>en</lng>
<d>&amp;Alias;oci_field_type_raw</d>
</text></texts></PHPModuleRef><PHPModuleRef>
<t>ocicommit</t>
<mn>oci8</mn>
<ft>F</ft>
<ver>4_0_0,4_0_1,4_0_2,4_0_3,4_0_4,4_0_5,4_0_6,4_1_0,4_1_1,4_1_2,4_2_0,4_2_1,4_2_2,4_2_3,4_3_0,4_3_1,4_3_10,4_3_11,4_3_2,4_3_3,4_3_4,4_3_5,4_3_6,4_3_7,4_3_8,4_3_9,4_4_0,4_4_1,4_4_2,4_4_3,4_4_4,4_4_5,4_4_6,4_cvs,5_0_0,5_0_1,5_0_2,5_0_3,5_1_0,5_1_1,5_1_2,5_1_3,5_1_4,5_1_5,5_1_6,5_2_0,5_2_1,5_cvs</ver>
<p4>bool ocicommit(int conn)</p4>
<p4d>Commit the current context </p4d>
<texts><text><lng>de</lng>
<d>Committet eine ausstehende Transaktion.</d>
</text><text><lng>en</lng>
<d>&amp;Alias;oci_commit</d>
</text></texts></PHPModuleRef><PHPModuleRef>
<t>ocidefinebyname</t>
<mn>oci8</mn>
<ft>F</ft>
<ver>4_0_0,4_0_1,4_0_2,4_0_3,4_0_4,4_0_5,4_0_6,4_1_0,4_1_1,4_1_2,4_2_0,4_2_1,4_2_2,4_2_3,4_3_0,4_3_1,4_3_10,4_3_11,4_3_2,4_3_3,4_3_4,4_3_5,4_3_6,4_3_7,4_3_8,4_3_9,4_4_0,4_4_1,4_4_2,4_4_3,4_4_4,4_4_5,4_4_6,4_cvs,5_0_0,5_0_1,5_0_2,5_0_3,5_1_0,5_1_1,5_1_2,5_1_3,5_1_4,5_1_5,5_1_6,5_2_0,5_2_1,5_cvs</ver>
<p4>bool ocidefinebyname(int stmt, string name, mixed &amp;var [, int type])</p4>
<p4d>Define a PHP variable to an Oracle column by name </p4d>
<texts><text><lng>de</lng>
<d>Definiert eine PHP Variable als Platzhalter für die Werte eines SELECTs</d>
</text><text><lng>en</lng>
<d>&amp;Alias;oci_define_by_name</d>
</text></texts></PHPModuleRef><PHPModuleRef>
<t>ocierror</t>
<mn>oci8</mn>
<ft>F</ft>
<ver>4_0_0,4_0_1,4_0_2,4_0_3,4_0_4,4_0_5,4_0_6,4_1_0,4_1_1,4_1_2,4_2_0,4_2_1,4_2_2,4_2_3,4_3_0,4_3_1,4_3_10,4_3_11,4_3_2,4_3_3,4_3_4,4_3_5,4_3_6,4_3_7,4_3_8,4_3_9,4_4_0,4_4_1,4_4_2,4_4_3,4_4_4,4_4_5,4_4_6,4_cvs,5_0_0,5_0_1,5_0_2,5_0_3,5_1_0,5_1_1,5_1_2,5_1_3,5_1_4,5_1_5,5_1_6,5_2_0,5_2_1,5_cvs</ver>
<p4>array ocierror([int stmt|conn|global])</p4>
<p4d>Return the last error of stmt|conn|global. If no error happened returns false. </p4d>
<texts><text><lng>de</lng>
<d>Gibt den letzten Fehler von stmt|conn|global zurück oder&amp;false;,  wennkein Fehler aufgetreten ist.</d>
</text><text><lng>en</lng>
<d>&amp;Alias;oci_error</d>
</text></texts></PHPModuleRef><PHPModuleRef>
<t>ociexecute</t>
<mn>oci8</mn>
<ft>F</ft>
<ver>4_0_0,4_0_1,4_0_2,4_0_3,4_0_4,4_0_5,4_0_6,4_1_0,4_1_1,4_1_2,4_2_0,4_2_1,4_2_2,4_2_3,4_3_0,4_3_1,4_3_10,4_3_11,4_3_2,4_3_3,4_3_4,4_3_5,4_3_6,4_3_7,4_3_8,4_3_9,4_4_0,4_4_1,4_4_2,4_4_3,4_4_4,4_4_5,4_4_6,4_cvs,5_0_0,5_0_1,5_0_2,5_0_3,5_1_0,5_1_1,5_1_2,5_1_3,5_1_4,5_1_5,5_1_6,5_2_0,5_2_1,5_cvs</ver>
<p4>bool ociexecute(int stmt [, int mode])</p4>
<p4d>Execute a parsed statement </p4d>
<texts><text><lng>de</lng>
<d>führt ein Statement aus.</d>
</text><text><lng>en</lng>
<d>&amp;Alias;oci_execute</d>
</text></texts></PHPModuleRef><PHPModuleRef>
<t>ocifetch</t>
<mn>oci8</mn>
<ft>F</ft>
<ver>4_0_0,4_0_1,4_0_2,4_0_3,4_0_4,4_0_5,4_0_6,4_1_0,4_1_1,4_1_2,4_2_0,4_2_1,4_2_2,4_2_3,4_3_0,4_3_1,4_3_10,4_3_11,4_3_2,4_3_3,4_3_4,4_3_5,4_3_6,4_3_7,4_3_8,4_3_9,4_4_0,4_4_1,4_4_2,4_4_3,4_4_4,4_4_5,4_4_6,4_cvs,5_0_0,5_0_1,5_0_2,5_0_3,5_1_0,5_1_1,5_1_2,5_1_3,5_1_4,5_1_5,5_1_6,5_2_0,5_2_1,5_cvs</ver>
<p4>bool ocifetch(int stmt)</p4>
<p4d>Prepare a new row of data for reading </p4d>
<texts><text><lng>de</lng>
<d>Fetcht die nächste Ergebniszeile in den Ergebnispuffer</d>
</text><text><lng>en</lng>
<d>&amp;Alias;oci_fetch</d>
</text></texts></PHPModuleRef><PHPModuleRef>
<t>ocifetchinto</t>
<mn>oci8</mn>
<ft>F</ft>
<ver>4_0_0,4_0_1,4_0_2,4_0_3,4_0_4,4_0_5,4_0_6,4_1_0,4_1_1,4_1_2,4_2_0,4_2_1,4_2_2,4_2_3,4_3_0,4_3_1,4_3_10,4_3_11,4_3_2,4_3_3,4_3_4,4_3_5,4_3_6,4_3_7,4_3_8,4_3_9,4_4_0,4_4_1,4_4_2,4_4_3,4_4_4,4_4_5,4_4_6,4_cvs,5_0_0,5_0_1,5_0_2,5_0_3,5_1_0,5_1_1,5_1_2,5_1_3,5_1_4,5_1_5,5_1_6,5_2_0,5_2_1,5_cvs</ver>
<p4>int ocifetchinto(int stmt, array &amp;output [, int mode])</p4>
<p4d>Fetch a row of result data into an array </p4d>
<p5>int ocifetchinto(resource stmt, array &amp;output [, int mode]) U</p5>
<p5d>Fetch a row of result data into an array </p5d>
<texts><text><lng>de</lng>
<d>Fetcht die nächste Zeile eines Ergebnisses in ein Array</d>
</text><text><lng>en</lng>
<d>Fetches the next row into an array (deprecated)</d>
</text></texts></PHPModuleRef><PHPModuleRef>
<t>ocifetchstatement</t>
<mn>oci8</mn>
<ft>F</ft>
<ver>4_0_0,4_0_1,4_0_2,4_0_3,4_0_4,4_0_5,4_0_6,4_1_0,4_1_1,4_1_2,4_2_0,4_2_1,4_2_2,4_2_3,4_3_0,4_3_1,4_3_10,4_3_11,4_3_2,4_3_3,4_3_4,4_3_5,4_3_6,4_3_7,4_3_8,4_3_9,4_4_0,4_4_1,4_4_2,4_4_3,4_4_4,4_4_5,4_4_6,4_cvs,5_0_0,5_0_1,5_0_2,5_0_3,5_1_0,5_1_1,5_1_2,5_1_3,5_1_4,5_1_5,5_1_6,5_2_0,5_2_1,5_cvs</ver>
<p4>int ocifetchstatement(int stmt, array &amp;output[, int skip][, int maxrows][, int flags])</p4>
<p4d>Fetch all rows of result data into an array </p4d>
<texts><text><lng>de</lng>
<d>Fetcht die Ergebnisse in ein Array</d>
</text><text><lng>en</lng>
<d>&amp;Alias;oci_fetch_all</d>
</text></texts></PHPModuleRef><PHPModuleRef>
<t>ocifreecoll</t>
<mn>oci8</mn>
<ft>F</ft>
<ver>4_0_6</ver>
</PHPModuleRef><PHPModuleRef>
<t>ocifreecollection</t>
<mn>oci8</mn>
<ft>F</ft>
<ver>4_1_0,4_1_1,4_1_2,4_2_0,4_2_1,4_2_2,4_2_3,4_3_0,4_3_1,4_3_10,4_3_11,4_3_2,4_3_3,4_3_4,4_3_5,4_3_6,4_3_7,4_3_8,4_3_9,4_4_0,4_4_1,4_4_2,4_4_3,4_4_4,4_4_5,4_4_6,4_cvs,5_0_0,5_0_1,5_0_2,5_0_3,5_1_0,5_1_1,5_1_2,5_1_3,5_1_4,5_1_5,5_1_6,5_2_0,5_2_1,5_cvs</ver>
<p4>bool ocifreecollection(object lob)</p4>
<p4d>Deletes collection object</p4d>
<texts><text><lng>de</lng>
<d>Kommt noch.</d>
</text><text><lng>en</lng>
<d>&amp;Alias;</d>
</text></texts></PHPModuleRef><PHPModuleRef>
<t>ocifreecursor</t>
<mn>oci8</mn>
<ft>A</ft>
<af>ocifreestatement</af>
<ver>4_0_0,4_0_1,4_0_2,4_0_3,4_0_4,4_0_5,4_0_6,4_1_0,4_1_1,4_1_2,4_2_0,4_2_1,4_2_2,4_2_3,4_3_0,4_3_1,4_3_10,4_3_11,4_3_2,4_3_3,4_3_4,4_3_5,4_3_6,4_3_7,4_3_8,4_3_9,4_4_0,4_4_1,4_4_2,4_4_3,4_4_4,4_4_5,4_4_6,4_cvs,5_0_0,5_0_1,5_0_2,5_0_3,5_1_0,5_1_1,5_1_2,5_1_3,5_1_4,5_1_5,5_1_6,5_2_0,5_2_1,5_cvs</ver>
</PHPModuleRef><PHPModuleRef>
<t>ocifreedesc</t>
<mn>oci8</mn>
<ft>F</ft>
<ver>4_0_0,4_0_1,4_0_2,4_0_3,4_0_4,4_0_5,4_0_6,4_1_0,4_1_1,4_1_2,4_2_0,4_2_1,4_2_2,4_2_3,4_3_0,4_3_1,4_3_10,4_3_11,4_3_2,4_3_3,4_3_4,4_3_5,4_3_6,4_3_7,4_3_8,4_3_9,4_4_0,4_4_1,4_4_2,4_4_3,4_4_4,4_4_5,4_4_6,4_cvs,5_0_0,5_0_1,5_0_2,5_0_3,5_1_0,5_1_1,5_1_2,5_1_3,5_1_4,5_1_5,5_1_6,5_2_0,5_2_1,5_cvs</ver>
<p4>bool ocifreedesc(object lob)</p4>
<p4d>Deletes large object description </p4d>
<texts><text><lng>en</lng>
<d>&amp;Alias;</d>
</text></texts></PHPModuleRef><PHPModuleRef>
<t>ocifreestatement</t>
<mn>oci8</mn>
<ft>F</ft>
<ver>4_0_0,4_0_1,4_0_2,4_0_3,4_0_4,4_0_5,4_0_6,4_1_0,4_1_1,4_1_2,4_2_0,4_2_1,4_2_2,4_2_3,4_3_0,4_3_1,4_3_10,4_3_11,4_3_2,4_3_3,4_3_4,4_3_5,4_3_6,4_3_7,4_3_8,4_3_9,4_4_0,4_4_1,4_4_2,4_4_3,4_4_4,4_4_5,4_4_6,4_cvs,5_0_0,5_0_1,5_0_2,5_0_3,5_1_0,5_1_1,5_1_2,5_1_3,5_1_4,5_1_5,5_1_6,5_2_0,5_2_1,5_cvs</ver>
<p4>bool ocifreestatement(int stmt)</p4>
<p4d>Free all resources associated with a statement </p4d>
<texts><text><lng>de</lng>
<d>Gibt alle mit dem Statement verbundenen Ressourcen frei.</d>
</text><text><lng>en</lng>
<d>&amp;Alias;oci_free_statement</d>
</text></texts></PHPModuleRef><PHPModuleRef>
<t>ocigetbufferinglob</t>
<mn>oci8</mn>
<ft>F</ft>
<ver>5_0_0,5_0_1,5_0_2,5_0_3,5_1_0,5_1_1,5_1_2,5_1_3,5_1_4,5_1_5,5_1_6,5_2_0,5_2_1,5_cvs</ver>
<p5>bool ocigetbufferinglob() U</p5>
<p5d>Returns current state of buffering for a LOB </p5d>
</PHPModuleRef><PHPModuleRef>
<t>ociinternaldebug</t>
<mn>oci8</mn>
<ft>F</ft>
<ver>4_0_0,4_0_1,4_0_2,4_0_3,4_0_4,4_0_5,4_0_6,4_1_0,4_1_1,4_1_2,4_2_0,4_2_1,4_2_2,4_2_3,4_3_0,4_3_1,4_3_10,4_3_11,4_3_2,4_3_3,4_3_4,4_3_5,4_3_6,4_3_7,4_3_8,4_3_9,4_4_0,4_4_1,4_4_2,4_4_3,4_4_4,4_4_5,4_4_6,4_cvs,5_0_0,5_0_1,5_0_2,5_0_3,5_1_0,5_1_1,5_1_2,5_1_3,5_1_4,5_1_5,5_1_6,5_2_0,5_2_1,5_cvs</ver>
<p4>void ociinternaldebug(int onoff)</p4>
<p4d>Toggle internal debugging output for the OCI extension </p4d>
<texts><text><lng>de</lng>
<d>Aktiviert oder deaktiviert die interne Debugausgabe. Die Voreinstellung ist deaktiviert.</d>
</text><text><lng>en</lng>
<d>&amp;Alias;oci_internal_debug</d>
</text></texts></PHPModuleRef><PHPModuleRef>
<t>ociloadlob</t>
<mn>oci8</mn>
<ft>F</ft>
<ver>4_0_0,4_0_1,4_0_2,4_0_3,4_0_4,4_0_5,4_0_6,4_1_0,4_1_1,4_1_2,4_2_0,4_2_1,4_2_2,4_2_3,4_3_0,4_3_1,4_3_10,4_3_11,4_3_2,4_3_3,4_3_4,4_3_5,4_3_6,4_3_7,4_3_8,4_3_9,4_4_0,4_4_1,4_4_2,4_4_3,4_4_4,4_4_5,4_4_6,4_cvs,5_0_0,5_0_1,5_0_2,5_0_3,5_1_0,5_1_1,5_1_2,5_1_3,5_1_4,5_1_5,5_1_6,5_2_0,5_2_1,5_cvs</ver>
<p4>string ociloadlob(object lob)</p4>
<p4d>Loads a large object </p4d>
<texts><text><lng>de</lng>
<d>Kommt noch.</d>
</text><text><lng>en</lng>
<d>&amp;Alias;</d>
</text></texts></PHPModuleRef><PHPModuleRef>
<t>ocilogoff</t>
<mn>oci8</mn>
<ft>F</ft>
<ver>4_0_0,4_0_1,4_0_2,4_0_3,4_0_4,4_0_5,4_0_6,4_1_0,4_1_1,4_1_2,4_2_0,4_2_1,4_2_2,4_2_3,4_3_0,4_3_1,4_3_10,4_3_11,4_3_2,4_3_3,4_3_4,4_3_5,4_3_6,4_3_7,4_3_8,4_3_9,4_4_0,4_4_1,4_4_2,4_4_3,4_4_4,4_4_5,4_4_6,4_cvs,5_0_0,5_0_1,5_0_2,5_0_3,5_1_0,5_1_1,5_1_2,5_1_3,5_1_4,5_1_5,5_1_6,5_2_0,5_2_1,5_cvs</ver>
<p4>bool ocilogoff(int conn)</p4>
<p4d>Disconnect from database </p4d>
<texts><text><lng>de</lng>
<d>Schliesst eine Datenbankverbindung zu Oracle</d>
</text><text><lng>en</lng>
<d>&amp;Alias;oci_close</d>
</text></texts></PHPModuleRef><PHPModuleRef>
<t>ocilogon</t>
<mn>oci8</mn>
<ft>F</ft>
<ver>4_0_0,4_0_1,4_0_2,4_0_3,4_0_4,4_0_5,4_0_6,4_1_0,4_1_1,4_1_2,4_2_0,4_2_1,4_2_2,4_2_3,4_3_0,4_3_1,4_3_10,4_3_11,4_3_2,4_3_3,4_3_4,4_3_5,4_3_6,4_3_7,4_3_8,4_3_9,4_4_0,4_4_1,4_4_2,4_4_3,4_4_4,4_4_5,4_4_6,4_cvs,5_0_0,5_0_1,5_0_2,5_0_3,5_1_0,5_1_1,5_1_2,5_1_3,5_1_4,5_1_5,5_1_6,5_2_0,5_2_1,5_cvs</ver>
<p4>int ocilogon(string user, string pass [, string db])</p4>
<p4d>Connect to an Oracle database and log on. Returns a new session. </p4d>
<texts><text><lng>de</lng>
<d>Baut eine OCI-Verbindung auf</d>
</text><text><lng>en</lng>
<d>&amp;Alias;oci_connect</d>
</text><text><lng>es</lng>
<d>&amp;Alias;oci_connect</d>
</text></texts></PHPModuleRef><PHPModuleRef>
<t>ocinewcollection</t>
<mn>oci8</mn>
<ft>F</ft>
<ver>4_0_6,4_1_0,4_1_1,4_1_2,4_2_0,4_2_1,4_2_2,4_2_3,4_3_0,4_3_1,4_3_10,4_3_11,4_3_2,4_3_3,4_3_4,4_3_5,4_3_6,4_3_7,4_3_8,4_3_9,4_4_0,4_4_1,4_4_2,4_4_3,4_4_4,4_4_5,4_4_6,4_cvs,5_0_0,5_0_1,5_0_2,5_0_3,5_1_0,5_1_1,5_1_2,5_1_3,5_1_4,5_1_5,5_1_6,5_2_0,5_2_1,5_cvs</ver>
<p4>bool ocinewcollection(int connection, string tdo,[string schema])</p4>
<p4d>Initialize a new collection </p4d>
<texts><text><lng>de</lng>
<d>Kommt noch.</d>
</text><text><lng>en</lng>
<d>&amp;Alias;oci_new_collection</d>
</text></texts></PHPModuleRef><PHPModuleRef>
<t>ocinewcursor</t>
<mn>oci8</mn>
<ft>F</ft>
<ver>4_0_0,4_0_1,4_0_2,4_0_3,4_0_4,4_0_5,4_0_6,4_1_0,4_1_1,4_1_2,4_2_0,4_2_1,4_2_2,4_2_3,4_3_0,4_3_1,4_3_10,4_3_11,4_3_2,4_3_3,4_3_4,4_3_5,4_3_6,4_3_7,4_3_8,4_3_9,4_4_0,4_4_1,4_4_2,4_4_3,4_4_4,4_4_5,4_4_6,4_cvs,5_0_0,5_0_1,5_0_2,5_0_3,5_1_0,5_1_1,5_1_2,5_1_3,5_1_4,5_1_5,5_1_6,5_2_0,5_2_1,5_cvs</ver>
<p4>int ocinewcursor(int conn)</p4>
<p4d>Return a new cursor (Statement-Handle) - use this to bind ref-cursors! </p4d>
<texts><text><lng>de</lng>
<d>return a new cursor (Statement-Handle) - use this to bind ref-cursors!</d>
</text><text><lng>en</lng>
<d>&amp;Alias;oci_new_cursor</d>
</text></texts></PHPModuleRef><PHPModuleRef>
<t>ocinewdescriptor</t>
<mn>oci8</mn>
<ft>F</ft>
<ver>4_0_0,4_0_1,4_0_2,4_0_3,4_0_4,4_0_5,4_0_6,4_1_0,4_1_1,4_1_2,4_2_0,4_2_1,4_2_2,4_2_3,4_3_0,4_3_1,4_3_10,4_3_11,4_3_2,4_3_3,4_3_4,4_3_5,4_3_6,4_3_7,4_3_8,4_3_9,4_4_0,4_4_1,4_4_2,4_4_3,4_4_4,4_4_5,4_4_6,4_cvs,5_0_0,5_0_1,5_0_2,5_0_3,5_1_0,5_1_1,5_1_2,5_1_3,5_1_4,5_1_5,5_1_6,5_2_0,5_2_1,5_cvs</ver>
<p4>string ocinewdescriptor(int connection [, int type])</p4>
<p4d>Initialize a new empty descriptor LOB/FILE (LOB is default) </p4d>
<texts><text><lng>de</lng>
<d>Initialize a new empty descriptor LOB/FILE (LOB is default)</d>
</text><text><lng>en</lng>
<d>&amp;Alias;oci_new_descriptor</d>
</text></texts></PHPModuleRef><PHPModuleRef>
<t>ocinlogon</t>
<mn>oci8</mn>
<ft>F</ft>
<ver>4_0_0,4_0_1,4_0_2,4_0_3,4_0_4,4_0_5,4_0_6,4_1_0,4_1_1,4_1_2,4_2_0,4_2_1,4_2_2,4_2_3,4_3_0,4_3_1,4_3_10,4_3_11,4_3_2,4_3_3,4_3_4,4_3_5,4_3_6,4_3_7,4_3_8,4_3_9,4_4_0,4_4_1,4_4_2,4_4_3,4_4_4,4_4_5,4_4_6,4_cvs,5_0_0,5_0_1,5_0_2,5_0_3,5_1_0,5_1_1,5_1_2,5_1_3,5_1_4,5_1_5,5_1_6,5_2_0,5_2_1,5_cvs</ver>
<p4>int ocinlogon(string user, string pass [, string db])</p4>
<p4d>Connect to an Oracle database and log on. returns a new session </p4d>
<texts><text><lng>de</lng>
<d>Logt sich in die Oracle Datenbank ein und erzeugt dabei eine neueOracle Session.</d>
</text><text><lng>en</lng>
<d>&amp;Alias;oci_new_connect</d>
</text><text><lng>es</lng>
<d>&amp;Alias;oci_new_connect</d>
</text></texts></PHPModuleRef><PHPModuleRef>
<t>ocinumcols</t>
<mn>oci8</mn>
<ft>F</ft>
<ver>4_0_0,4_0_1,4_0_2,4_0_3,4_0_4,4_0_5,4_0_6,4_1_0,4_1_1,4_1_2,4_2_0,4_2_1,4_2_2,4_2_3,4_3_0,4_3_1,4_3_10,4_3_11,4_3_2,4_3_3,4_3_4,4_3_5,4_3_6,4_3_7,4_3_8,4_3_9,4_4_0,4_4_1,4_4_2,4_4_3,4_4_4,4_4_5,4_4_6,4_cvs,5_0_0,5_0_1,5_0_2,5_0_3,5_1_0,5_1_1,5_1_2,5_1_3,5_1_4,5_1_5,5_1_6,5_2_0,5_2_1,5_cvs</ver>
<p4>int ocinumcols(int stmt)</p4>
<p4d>Return the number of result columns in a statement </p4d>
<texts><text><lng>de</lng>
<d>Gibt die Anzahl der Spalten in einem Statement zurück</d>
</text><text><lng>en</lng>
<d>&amp;Alias;oci_num_fields</d>
</text></texts></PHPModuleRef><PHPModuleRef>
<t>ociparse</t>
<mn>oci8</mn>
<ft>F</ft>
<ver>4_0_0,4_0_1,4_0_2,4_0_3,4_0_4,4_0_5,4_0_6,4_1_0,4_1_1,4_1_2,4_2_0,4_2_1,4_2_2,4_2_3,4_3_0,4_3_1,4_3_10,4_3_11,4_3_2,4_3_3,4_3_4,4_3_5,4_3_6,4_3_7,4_3_8,4_3_9,4_4_0,4_4_1,4_4_2,4_4_3,4_4_4,4_4_5,4_4_6,4_cvs,5_0_0,5_0_1,5_0_2,5_0_3,5_1_0,5_1_1,5_1_2,5_1_3,5_1_4,5_1_5,5_1_6,5_2_0,5_2_1,5_cvs</ver>
<p4>int ociparse(int conn, string query)</p4>
<p4d>Parse a query and return a statement </p4d>
<texts><text><lng>de</lng>
<d>Analysiert eine Abfrage und gibt eine Anweisung zurück.</d>
</text><text><lng>en</lng>
<d>&amp;Alias;oci_parse</d>
</text></texts></PHPModuleRef><PHPModuleRef>
<t>ocipasswordchange</t>
<mn>oci8</mn>
<ft>F</ft>
<ver>4_3_10,4_3_11,4_3_2,4_3_3,4_3_4,4_3_5,4_3_6,4_3_7,4_3_8,4_3_9,4_4_0,4_4_1,4_4_2,4_4_3,4_4_4,4_4_5,4_4_6,4_cvs,5_0_0,5_0_1,5_0_2,5_0_3,5_1_0,5_1_1,5_1_2,5_1_3,5_1_4,5_1_5,5_1_6,5_2_0,5_2_1,5_cvs</ver>
<p4>bool ocipasswordchange(int conn, string username, string old_password, string new_password)</p4>
<p4d>changes the password of an account</p4d>
</PHPModuleRef><PHPModuleRef>
<t>ociplogon</t>
<mn>oci8</mn>
<ft>F</ft>
<ver>4_0_0,4_0_1,4_0_2,4_0_3,4_0_4,4_0_5,4_0_6,4_1_0,4_1_1,4_1_2,4_2_0,4_2_1,4_2_2,4_2_3,4_3_0,4_3_1,4_3_10,4_3_11,4_3_2,4_3_3,4_3_4,4_3_5,4_3_6,4_3_7,4_3_8,4_3_9,4_4_0,4_4_1,4_4_2,4_4_3,4_4_4,4_4_5,4_4_6,4_cvs,5_0_0,5_0_1,5_0_2,5_0_3,5_1_0,5_1_1,5_1_2,5_1_3,5_1_4,5_1_5,5_1_6,5_2_0,5_2_1,5_cvs</ver>
<p4>int ociplogon(string user, string pass [, string db])</p4>
<p4d>Connect to an Oracle database using a persistent connection and log on. Returns a new session. </p4d>
<texts><text><lng>de</lng>
<d>Logt sich persistent in die Oracle Datenbank ein und erzeugt eineneue Oracle Session.</d>
</text><text><lng>en</lng>
<d>&amp;Alias;oci_pconnect</d>
</text><text><lng>es</lng>
<d>&amp;Alias;oci_pconnect</d>
</text></texts></PHPModuleRef><PHPModuleRef>
<t>ociresult</t>
<mn>oci8</mn>
<ft>F</ft>
<ver>4_0_0,4_0_1,4_0_2,4_0_3,4_0_4,4_0_5,4_0_6,4_1_0,4_1_1,4_1_2,4_2_0,4_2_1,4_2_2,4_2_3,4_3_0,4_3_1,4_3_10,4_3_11,4_3_2,4_3_3,4_3_4,4_3_5,4_3_6,4_3_7,4_3_8,4_3_9,4_4_0,4_4_1,4_4_2,4_4_3,4_4_4,4_4_5,4_4_6,4_cvs,5_0_0,5_0_1,5_0_2,5_0_3,5_1_0,5_1_1,5_1_2,5_1_3,5_1_4,5_1_5,5_1_6,5_2_0,5_2_1,5_cvs</ver>
<p4>string ociresult(int stmt, mixed column)</p4>
<p4d>Return a single column of result data </p4d>
<texts><text><lng>de</lng>
<d>Gibt einen Spaltenwert für das gefetchte Statement zurück</d>
</text><text><lng>en</lng>
<d>&amp;Alias;oci_result</d>
</text></texts></PHPModuleRef><PHPModuleRef>
<t>ocirollback</t>
<mn>oci8</mn>
<ft>F</ft>
<ver>4_0_0,4_0_1,4_0_2,4_0_3,4_0_4,4_0_5,4_0_6,4_1_0,4_1_1,4_1_2,4_2_0,4_2_1,4_2_2,4_2_3,4_3_0,4_3_1,4_3_10,4_3_11,4_3_2,4_3_3,4_3_4,4_3_5,4_3_6,4_3_7,4_3_8,4_3_9,4_4_0,4_4_1,4_4_2,4_4_3,4_4_4,4_4_5,4_4_6,4_cvs,5_0_0,5_0_1,5_0_2,5_0_3,5_1_0,5_1_1,5_1_2,5_1_3,5_1_4,5_1_5,5_1_6,5_2_0,5_2_1,5_cvs</ver>
<p4>bool ocirollback(int conn)</p4>
<p4d>Rollback the current context </p4d>
<texts><text><lng>de</lng>
<d>Macht ausstehende Transaktionen rückgängig</d>
</text><text><lng>en</lng>
<d>&amp;Alias;oci_rollback</d>
</text></texts></PHPModuleRef><PHPModuleRef>
<t>ocirowcount</t>
<mn>oci8</mn>
<ft>F</ft>
<ver>4_0_0,4_0_1,4_0_2,4_0_3,4_0_4,4_0_5,4_0_6,4_1_0,4_1_1,4_1_2,4_2_0,4_2_1,4_2_2,4_2_3,4_3_0,4_3_1,4_3_10,4_3_11,4_3_2,4_3_3,4_3_4,4_3_5,4_3_6,4_3_7,4_3_8,4_3_9,4_4_0,4_4_1,4_4_2,4_4_3,4_4_4,4_4_5,4_4_6,4_cvs,5_0_0,5_0_1,5_0_2,5_0_3,5_1_0,5_1_1,5_1_2,5_1_3,5_1_4,5_1_5,5_1_6,5_2_0,5_2_1,5_cvs</ver>
<p4>int ocirowcount(int stmt)</p4>
<p4d>Return the row count of an OCI statement </p4d>
<texts><text><lng>de</lng>
<d>Gibt die Anzahl der betroffenen Zeilen zurück</d>
</text><text><lng>en</lng>
<d>&amp;Alias;oci_num_rows</d>
</text></texts></PHPModuleRef><PHPModuleRef>
<t>ocisavelob</t>
<mn>oci8</mn>
<ft>F</ft>
<ver>4_0_0,4_0_1,4_0_2,4_0_3,4_0_4,4_0_5,4_0_6,4_1_0,4_1_1,4_1_2,4_2_0,4_2_1,4_2_2,4_2_3,4_3_0,4_3_1,4_3_10,4_3_11,4_3_2,4_3_3,4_3_4,4_3_5,4_3_6,4_3_7,4_3_8,4_3_9,4_4_0,4_4_1,4_4_2,4_4_3,4_4_4,4_4_5,4_4_6,4_cvs,5_0_0,5_0_1,5_0_2,5_0_3,5_1_0,5_1_1,5_1_2,5_1_3,5_1_4,5_1_5,5_1_6,5_2_0,5_2_1,5_cvs</ver>
<p4>bool ocisavelob(object lob)</p4>
<p4d>Saves a large object </p4d>
<texts><text><lng>de</lng>
<d>Kommt noch.</d>
</text><text><lng>en</lng>
<d>&amp;Alias;</d>
</text></texts></PHPModuleRef><PHPModuleRef>
<t>ocisavelobfile</t>
<mn>oci8</mn>
<ft>F</ft>
<ver>4_0_0,4_0_1,4_0_2,4_0_3,4_0_4,4_0_5,4_0_6,4_1_0,4_1_1,4_1_2,4_2_0,4_2_1,4_2_2,4_2_3,4_3_0,4_3_1,4_3_10,4_3_11,4_3_2,4_3_3,4_3_4,4_3_5,4_3_6,4_3_7,4_3_8,4_3_9,4_4_0,4_4_1,4_4_2,4_4_3,4_4_4,4_4_5,4_4_6,4_cvs,5_0_0,5_0_1,5_0_2,5_0_3,5_1_0,5_1_1,5_1_2,5_1_3,5_1_4,5_1_5,5_1_6,5_2_0,5_2_1,5_cvs</ver>
<p4>bool ocisavelobfile(object lob)</p4>
<p4d>Saves a large object file </p4d>
<texts><text><lng>de</lng>
<d>Kommt noch.</d>
</text><text><lng>en</lng>
<d>&amp;Alias;</d>
</text></texts></PHPModuleRef><PHPModuleRef>
<t>ociserverversion</t>
<mn>oci8</mn>
<ft>F</ft>
<ver>4_0_0,4_0_1,4_0_2,4_0_3,4_0_4,4_0_5,4_0_6,4_1_0,4_1_1,4_1_2,4_2_0,4_2_1,4_2_2,4_2_3,4_3_0,4_3_1,4_3_10,4_3_11,4_3_2,4_3_3,4_3_4,4_3_5,4_3_6,4_3_7,4_3_8,4_3_9,4_4_0,4_4_1,4_4_2,4_4_3,4_4_4,4_4_5,4_4_6,4_cvs,5_0_0,5_0_1,5_0_2,5_0_3,5_1_0,5_1_1,5_1_2,5_1_3,5_1_4,5_1_5,5_1_6,5_2_0,5_2_1,5_cvs</ver>
<p4>string ociserverversion(int conn)</p4>
<p4d>Return a string containing server version information </p4d>
<texts><text><lng>de</lng>
<d>Return a string containing server version information.</d>
</text><text><lng>en</lng>
<d>&amp;Alias;oci_server_version</d>
</text></texts></PHPModuleRef><PHPModuleRef>
<t>ocisetbufferinglob</t>
<mn>oci8</mn>
<ft>F</ft>
<ver>5_0_0,5_0_1,5_0_2,5_0_3,5_1_0,5_1_1,5_1_2,5_1_3,5_1_4,5_1_5,5_1_6,5_2_0,5_2_1,5_cvs</ver>
<p5>bool ocisetbufferinglob( boolean flag ) U</p5>
<p5d>Enables/disables buffering for a LOB </p5d>
</PHPModuleRef><PHPModuleRef>
<t>ocisetprefetch</t>
<mn>oci8</mn>
<ft>F</ft>
<ver>4_0_0,4_0_1,4_0_2,4_0_3,4_0_4,4_0_5,4_0_6,4_1_0,4_1_1,4_1_2,4_2_0,4_2_1,4_2_2,4_2_3,4_3_0,4_3_1,4_3_10,4_3_11,4_3_2,4_3_3,4_3_4,4_3_5,4_3_6,4_3_7,4_3_8,4_3_9,4_4_0,4_4_1,4_4_2,4_4_3,4_4_4,4_4_5,4_4_6,4_cvs,5_0_0,5_0_1,5_0_2,5_0_3,5_1_0,5_1_1,5_1_2,5_1_3,5_1_4,5_1_5,5_1_6,5_2_0,5_2_1,5_cvs</ver>
<p4>int ocisetprefetch(int stmt, int prefetch_rows)</p4>
<p4d>sets the number of rows to be prefetched on execute to prefetch_rows for stmt </p4d>
<texts><text><lng>de</lng>
<d>setzt die Anzahl der Zeilen die vorab gefetcht werden sollen</d>
</text><text><lng>en</lng>
<d>&amp;Alias;oci_set_prefetch</d>
</text></texts></PHPModuleRef><PHPModuleRef>
<t>ocistatementtype</t>
<mn>oci8</mn>
<ft>F</ft>
<ver>4_0_0,4_0_1,4_0_2,4_0_3,4_0_4,4_0_5,4_0_6,4_1_0,4_1_1,4_1_2,4_2_0,4_2_1,4_2_2,4_2_3,4_3_0,4_3_1,4_3_10,4_3_11,4_3_2,4_3_3,4_3_4,4_3_5,4_3_6,4_3_7,4_3_8,4_3_9,4_4_0,4_4_1,4_4_2,4_4_3,4_4_4,4_4_5,4_4_6,4_cvs,5_0_0,5_0_1,5_0_2,5_0_3,5_1_0,5_1_1,5_1_2,5_1_3,5_1_4,5_1_5,5_1_6,5_2_0,5_2_1,5_cvs</ver>
<p4>string ocistatementtype(int stmt)</p4>
<p4d>Return the query type of an OCI statement </p4d>
<texts><text><lng>de</lng>
<d>Gibt den Typ eine Statements zurück</d>
</text><text><lng>en</lng>
<d>&amp;Alias;oci_statement_type</d>
</text></texts></PHPModuleRef><PHPModuleRef>
<t>ociwritelobtofile</t>
<mn>oci8</mn>
<ft>F</ft>
<ver>4_0_0,4_0_1,4_0_2,4_0_3,4_0_4,4_0_5,4_0_6,4_1_0,4_1_1,4_1_2,4_2_0,4_2_1,4_2_2,4_2_3,4_3_0,4_3_1,4_3_10,4_3_11,4_3_2,4_3_3,4_3_4,4_3_5,4_3_6,4_3_7,4_3_8,4_3_9,4_4_0,4_4_1,4_4_2,4_4_3,4_4_4,4_4_5,4_4_6,4_cvs,5_0_0,5_0_1,5_0_2,5_0_3,5_1_0,5_1_1,5_1_2,5_1_3,5_1_4,5_1_5,5_1_6,5_2_0,5_2_1,5_cvs</ver>
<p4>bool ociwritelobtofile(object lob [, string filename] [, int start] [, int length])</p4>
<p4d>Writes a large object into a file </p4d>
<texts><text><lng>de</lng>
<d>Kommt noch.</d>
</text><text><lng>en</lng>
<d>&amp;Alias;</d>
</text></texts></PHPModuleRef><PHPModuleRef>
<t>oci_bind_array_by_name</t>
<mn>oci8</mn>
<ft>F</ft>
<ver>5_1_2,5_1_3,5_1_4,5_1_5,5_1_6,5_2_0,5_2_1,5_cvs</ver>
<p5>bool oci_bind_array_by_name(resource stmt, string name, array &amp;var, int max_table_length [, int max_</p5>
<p5d>Bind a PHP array to an Oracle PL/SQL type by name </p5d>
<texts><text><lng>de</lng>
<d>Bindet ein PHP-Array namentlich an ein Oracle-PL/SQL-Array</d>
</text><text><lng>en</lng>
<d>Binds PHP array to Oracle PL/SQL array by name</d>
</text></texts></PHPModuleRef><PHPModuleRef>
<t>oci_bind_by_name</t>
<mn>oci8</mn>
<ft>F</ft>
<ver>5_0_0,5_0_1,5_0_2,5_0_3,5_1_0,5_1_1,5_1_2,5_1_3,5_1_4,5_1_5,5_1_6,5_2_0,5_2_1,5_cvs</ver>
<p5>bool oci_bind_by_name(resource stmt, string name, mixed &amp;var, [, int maxlength [, int type]]) U</p5>
<p5d>Bind a PHP variable to an Oracle placeholder by name </p5d>
<texts><text><lng>de</lng>
<d>Bindet eine PHP-Variable an einen Oracle Platzhalter</d>
</text><text><lng>en</lng>
<d>Binds the PHP variable to the Oracle placeholder</d>
</text></texts></PHPModuleRef><PHPModuleRef>
<t>oci_cancel</t>
<mn>oci8</mn>
<ft>F</ft>
<ver>5_0_0,5_0_1,5_0_2,5_0_3,5_1_0,5_1_1,5_1_2,5_1_3,5_1_4,5_1_5,5_1_6,5_2_0,5_2_1,5_cvs</ver>
<p5>bool oci_cancel(resource stmt) U</p5>
<p5d>Cancel reading from a cursor </p5d>
<texts><text><lng>de</lng>
<d>Bricht das Lesen eines Zeigers ab.</d>
</text><text><lng>en</lng>
<d>Cancels reading from cursor</d>
</text></texts></PHPModuleRef><PHPModuleRef>
<t>oci_close</t>
<mn>oci8</mn>
<ft>F</ft>
<ver>5_0_0,5_0_1,5_0_2,5_0_3,5_1_0,5_1_1,5_1_2,5_1_3,5_1_4,5_1_5,5_1_6,5_2_0,5_2_1,5_cvs</ver>
<p5>bool oci_close(resource connection) U</p5>
<p5d>Disconnect from database </p5d>
<texts><text><lng>de</lng>
<d>Schliesst eine Oracle-Verbindung</d>
</text><text><lng>en</lng>
<d>Closes Oracle connection</d>
</text></texts></PHPModuleRef><PHPModuleRef>
<t>oci_collection_append</t>
<mn>oci8</mn>
<ft>F</ft>
<ver>5_0_0,5_0_1,5_0_2,5_0_3,5_1_0,5_1_1,5_1_2,5_1_3,5_1_4,5_1_5,5_1_6,5_2_0,5_2_1,5_cvs</ver>
<p5>bool oci_collection_append(string value) U</p5>
<p5d>Append an object to the collection </p5d>
</PHPModuleRef><PHPModuleRef>
<t>oci_collection_assign</t>
<mn>oci8</mn>
<ft>F</ft>
<ver>5_0_0,5_0_1,5_0_2,5_0_3,5_1_0,5_1_1,5_1_2,5_1_3,5_1_4,5_1_5,5_1_6,5_2_0,5_2_1,5_cvs</ver>
<p5>bool oci_collection_assign(object from) U</p5>
<p5d>Assign a collection from another existing collection </p5d>
</PHPModuleRef><PHPModuleRef>
<t>oci_collection_element_assign</t>
<mn>oci8</mn>
<ft>F</ft>
<ver>5_0_0,5_0_1,5_0_2,5_0_3,5_1_0,5_1_1,5_1_2,5_1_3,5_1_4,5_1_5,5_1_6,5_2_0,5_2_1,5_cvs</ver>
<p5>bool oci_collection_element_assign(int index, string val) U</p5>
<p5d>Assign element val to collection at index ndx </p5d>
</PHPModuleRef><PHPModuleRef>
<t>oci_collection_element_get</t>
<mn>oci8</mn>
<ft>F</ft>
<ver>5_0_0,5_0_1,5_0_2,5_0_3,5_1_0,5_1_1,5_1_2,5_1_3,5_1_4,5_1_5,5_1_6,5_2_0,5_2_1,5_cvs</ver>
<p5>string oci_collection_element_get(int ndx) U</p5>
<p5d>Retrieve the value at collection index ndx </p5d>
</PHPModuleRef><PHPModuleRef>
<t>oci_collection_max</t>
<mn>oci8</mn>
<ft>F</ft>
<ver>5_0_0,5_0_1,5_0_2,5_0_3,5_1_0,5_1_1,5_1_2,5_1_3,5_1_4,5_1_5,5_1_6,5_2_0,5_2_1,5_cvs</ver>
<p5>int oci_collection_max() U</p5>
<p5d>Return the max value of a collection. For a varray this is the maximum length of the array </p5d>
</PHPModuleRef><PHPModuleRef>
<t>oci_collection_size</t>
<mn>oci8</mn>
<ft>F</ft>
<ver>5_0_0,5_0_1,5_0_2,5_0_3,5_1_0,5_1_1,5_1_2,5_1_3,5_1_4,5_1_5,5_1_6,5_2_0,5_2_1,5_cvs</ver>
<p5>int oci_collection_size() U</p5>
<p5d>Return the size of a collection </p5d>
</PHPModuleRef><PHPModuleRef>
<t>oci_collection_trim</t>
<mn>oci8</mn>
<ft>F</ft>
<ver>5_0_0,5_0_1,5_0_2,5_0_3,5_1_0,5_1_1,5_1_2,5_1_3,5_1_4,5_1_5,5_1_6,5_2_0,5_2_1,5_cvs</ver>
<p5>bool oci_collection_trim(int num) U</p5>
<p5d>Trim num elements from the end of a collection </p5d>
</PHPModuleRef><PHPModuleRef>
<t>oci_commit</t>
<mn>oci8</mn>
<ft>F</ft>
<ver>5_0_0,5_0_1,5_0_2,5_0_3,5_1_0,5_1_1,5_1_2,5_1_3,5_1_4,5_1_5,5_1_6,5_2_0,5_2_1,5_cvs</ver>
<p5>bool oci_commit(resource connection) U</p5>
<p5d>Commit the current context </p5d>
<texts><text><lng>en</lng>
<d>Commits outstanding statements</d>
</text></texts></PHPModuleRef><PHPModuleRef>
<t>oci_connect</t>
<mn>oci8</mn>
<ft>F</ft>
<ver>5_0_0,5_0_1,5_0_2,5_0_3,5_1_0,5_1_1,5_1_2,5_1_3,5_1_4,5_1_5,5_1_6,5_2_0,5_2_1,5_cvs</ver>
<p5>resource oci_connect(string user, string pass [, string db [, string charset [, int session_mode ]])</p5>
<p5d>Connect to an Oracle database and log on. Returns a new session. </p5d>
<texts><text><lng>en</lng>
<d>Establishes a connection to the Oracle server</d>
</text></texts></PHPModuleRef><PHPModuleRef>
<t>oci_define_by_name</t>
<mn>oci8</mn>
<ft>F</ft>
<ver>5_0_0,5_0_1,5_0_2,5_0_3,5_1_0,5_1_1,5_1_2,5_1_3,5_1_4,5_1_5,5_1_6,5_2_0,5_2_1,5_cvs</ver>
<p5>bool oci_define_by_name(resource stmt, string name, mixed &amp;var [, int type]) U</p5>
<p5d>Define a PHP variable to an Oracle column by name </p5d>
<texts><text><lng>en</lng>
<d>Uses a PHP variable for the define-step during a SELECT</d>
</text></texts></PHPModuleRef><PHPModuleRef>
<t>oci_error</t>
<mn>oci8</mn>
<ft>F</ft>
<ver>5_0_0,5_0_1,5_0_2,5_0_3,5_1_0,5_1_1,5_1_2,5_1_3,5_1_4,5_1_5,5_1_6,5_2_0,5_2_1,5_cvs</ver>
<p5>array oci_error([resource stmt|connection|global]) U</p5>
<p5d>Return the last error of stmt|connection|global. If no error happened returns false. </p5d>
<texts><text><lng>de</lng>
<d>Liefert den letzten Fehler</d>
</text><text><lng>en</lng>
<d>Returns the last error found</d>
</text></texts></PHPModuleRef><PHPModuleRef>
<t>oci_execute</t>
<mn>oci8</mn>
<ft>F</ft>
<ver>5_0_0,5_0_1,5_0_2,5_0_3,5_1_0,5_1_1,5_1_2,5_1_3,5_1_4,5_1_5,5_1_6,5_2_0,5_2_1,5_cvs</ver>
<p5>bool oci_execute(resource stmt [, int mode]) U</p5>
<p5d>Execute a parsed statement </p5d>
<texts><text><lng>en</lng>
<d>Executes a statement</d>
</text></texts></PHPModuleRef><PHPModuleRef>
<t>oci_fetch</t>
<mn>oci8</mn>
<ft>F</ft>
<ver>5_0_0,5_0_1,5_0_2,5_0_3,5_1_0,5_1_1,5_1_2,5_1_3,5_1_4,5_1_5,5_1_6,5_2_0,5_2_1,5_cvs</ver>
<p5>bool oci_fetch(resource stmt) U</p5>
<p5d>Prepare a new row of data for reading </p5d>
<texts><text><lng>en</lng>
<d>Fetches the next row into result-buffer</d>
</text></texts></PHPModuleRef><PHPModuleRef>
<t>oci_fetch_all</t>
<mn>oci8</mn>
<ft>F</ft>
<ver>5_0_0,5_0_1,5_0_2,5_0_3,5_1_0,5_1_1,5_1_2,5_1_3,5_1_4,5_1_5,5_1_6,5_2_0,5_2_1,5_cvs</ver>
<p5>int oci_fetch_all(resource stmt, array &amp;output[, int skip[, int maxrows[, int flags]]]) U</p5>
<p5d>Fetch all rows of result data into an array </p5d>
<texts><text><lng>en</lng>
<d>Fetches all rows of result data into an array</d>
</text></texts></PHPModuleRef><PHPModuleRef>
<t>oci_fetch_array</t>
<mn>oci8</mn>
<ft>F</ft>
<ver>5_0_0,5_0_1,5_0_2,5_0_3,5_1_0,5_1_1,5_1_2,5_1_3,5_1_4,5_1_5,5_1_6,5_2_0,5_2_1,5_cvs</ver>
<p5>array oci_fetch_array( resource stmt [, int mode ]) U</p5>
<p5d>Fetch a result row as an array </p5d>
<texts><text><lng>en</lng>
<d>Returns the next row from the result data as an associative ornumeric array, or both</d>
</text></texts></PHPModuleRef><PHPModuleRef>
<t>oci_fetch_assoc</t>
<mn>oci8</mn>
<ft>F</ft>
<ver>5_0_0,5_0_1,5_0_2,5_0_3,5_1_0,5_1_1,5_1_2,5_1_3,5_1_4,5_1_5,5_1_6,5_2_0,5_2_1,5_cvs</ver>
<p5>array oci_fetch_assoc( resource stmt ) U</p5>
<p5d>Fetch a result row as an associative array </p5d>
<texts><text><lng>en</lng>
<d>Returns the next row from the result data as an associative array</d>
</text></texts></PHPModuleRef><PHPModuleRef>
<t>oci_fetch_object</t>
<mn>oci8</mn>
<ft>F</ft>
<ver>5_0_0,5_0_1,5_0_2,5_0_3,5_1_0,5_1_1,5_1_2,5_1_3,5_1_4,5_1_5,5_1_6,5_2_0,5_2_1,5_cvs</ver>
<p5>object oci_fetch_object( resource stmt ) U</p5>
<p5d>Fetch a result row as an object </p5d>
<texts><text><lng>en</lng>
<d>Returns the next row from the result data as an object</d>
</text></texts></PHPModuleRef><PHPModuleRef>
<t>oci_fetch_row</t>
<mn>oci8</mn>
<ft>F</ft>
<ver>5_0_0,5_0_1,5_0_2,5_0_3,5_1_0,5_1_1,5_1_2,5_1_3,5_1_4,5_1_5,5_1_6,5_2_0,5_2_1,5_cvs</ver>
<p5>array oci_fetch_row( resource stmt ) U</p5>
<p5d>Fetch a result row as an enumerated array </p5d>
<texts><text><lng>en</lng>
<d>Returns the next row from the result data as a numeric array</d>
</text></texts></PHPModuleRef><PHPModuleRef>
<t>oci_field_is_null</t>
<mn>oci8</mn>
<ft>F</ft>
<ver>5_0_0,5_0_1,5_0_2,5_0_3,5_1_0,5_1_1,5_1_2,5_1_3,5_1_4,5_1_5,5_1_6,5_2_0,5_2_1,5_cvs</ver>
<p5>bool oci_field_is_null(resource stmt, int col) U</p5>
<p5d>Tell whether a column is NULL </p5d>
<texts><text><lng>en</lng>
<d>Checks if the field is&amp;null;</d>
</text></texts></PHPModuleRef><PHPModuleRef>
<t>oci_field_name</t>
<mn>oci8</mn>
<ft>F</ft>
<ver>5_0_0,5_0_1,5_0_2,5_0_3,5_1_0,5_1_1,5_1_2,5_1_3,5_1_4,5_1_5,5_1_6,5_2_0,5_2_1,5_cvs</ver>
<p5>string oci_field_name(resource stmt, int col) U</p5>
<p5d>Tell the name of a column </p5d>
<texts><text><lng>en</lng>
<d>Returns the name of a field from the statement</d>
</text></texts></PHPModuleRef><PHPModuleRef>
<t>oci_field_precision</t>
<mn>oci8</mn>
<ft>F</ft>
<ver>5_0_0,5_0_1,5_0_2,5_0_3,5_1_0,5_1_1,5_1_2,5_1_3,5_1_4,5_1_5,5_1_6,5_2_0,5_2_1,5_cvs</ver>
<p5>int oci_field_precision(resource stmt, int col) U</p5>
<p5d>Tell the precision of a column </p5d>
<texts><text><lng>en</lng>
<d>Tell the precision of a field</d>
</text></texts></PHPModuleRef><PHPModuleRef>
<t>oci_field_scale</t>
<mn>oci8</mn>
<ft>F</ft>
<ver>5_0_0,5_0_1,5_0_2,5_0_3,5_1_0,5_1_1,5_1_2,5_1_3,5_1_4,5_1_5,5_1_6,5_2_0,5_2_1,5_cvs</ver>
<p5>int oci_field_scale(resource stmt, int col) U</p5>
<p5d>Tell the scale of a column </p5d>
<texts><text><lng>en</lng>
<d>Tell the scale of the field</d>
</text></texts></PHPModuleRef><PHPModuleRef>
<t>oci_field_size</t>
<mn>oci8</mn>
<ft>F</ft>
<ver>5_0_0,5_0_1,5_0_2,5_0_3,5_1_0,5_1_1,5_1_2,5_1_3,5_1_4,5_1_5,5_1_6,5_2_0,5_2_1,5_cvs</ver>
<p5>int oci_field_size(resource stmt, int col) U</p5>
<p5d>Tell the maximum data size of a column </p5d>
<texts><text><lng>en</lng>
<d>Returns field's size</d>
</text></texts></PHPModuleRef><PHPModuleRef>
<t>oci_field_type</t>
<mn>oci8</mn>
<ft>F</ft>
<ver>5_0_0,5_0_1,5_0_2,5_0_3,5_1_0,5_1_1,5_1_2,5_1_3,5_1_4,5_1_5,5_1_6,5_2_0,5_2_1,5_cvs</ver>
<p5>mixed oci_field_type(resource stmt, int col) U</p5>
<p5d>Tell the data type of a column </p5d>
<texts><text><lng>en</lng>
<d>Returns field's data type</d>
</text></texts></PHPModuleRef><PHPModuleRef>
<t>oci_field_type_raw</t>
<mn>oci8</mn>
<ft>F</ft>
<ver>5_0_0,5_0_1,5_0_2,5_0_3,5_1_0,5_1_1,5_1_2,5_1_3,5_1_4,5_1_5,5_1_6,5_2_0,5_2_1,5_cvs</ver>
<p5>int oci_field_type_raw(resource stmt, int col) U</p5>
<p5d>Tell the raw oracle data type of a column </p5d>
<texts><text><lng>en</lng>
<d>Tell the raw Oracle data type of the field</d>
</text></texts></PHPModuleRef><PHPModuleRef>
<t>oci_free_collection</t>
<mn>oci8</mn>
<ft>F</ft>
<ver>5_0_0,5_0_1,5_0_2,5_0_3,5_1_0,5_1_1,5_1_2,5_1_3,5_1_4,5_1_5,5_1_6,5_2_0,5_2_1,5_cvs</ver>
<p5>bool oci_free_collection() U</p5>
<p5d>Deletes collection object</p5d>
</PHPModuleRef><PHPModuleRef>
<t>oci_free_cursor</t>
<mn>oci8</mn>
<ft>A</ft>
<af>oci_free_statement</af>
<ver>5_0_0,5_0_1,5_0_2,5_0_3,5_1_0,5_1_1,5_1_2,5_1_3,5_1_4,5_1_5,5_1_6,5_2_0,5_2_1,5_cvs</ver>
</PHPModuleRef><PHPModuleRef>
<t>oci_free_descriptor</t>
<mn>oci8</mn>
<ft>F</ft>
<ver>5_0_0,5_0_1,5_0_2,5_0_3,5_1_0,5_1_1,5_1_2,5_1_3,5_1_4,5_1_5,5_1_6,5_2_0,5_2_1,5_cvs</ver>
<p5>bool oci_free_descriptor() U</p5>
<p5d>Deletes large object description </p5d>
</PHPModuleRef><PHPModuleRef>
<t>oci_free_statement</t>
<mn>oci8</mn>
<ft>F</ft>
<ver>5_0_0,5_0_1,5_0_2,5_0_3,5_1_0,5_1_1,5_1_2,5_1_3,5_1_4,5_1_5,5_1_6,5_2_0,5_2_1,5_cvs</ver>
<p5>bool oci_free_statement(resource stmt) U</p5>
<p5d>Free all resources associated with a statement </p5d>
<texts><text><lng>de</lng>
<d>Gibt alle verknüpften Ressourcen eines Statements oder Zeigers frei.</d>
</text><text><lng>en</lng>
<d>Frees all resources associated with statement or cursor</d>
</text></texts></PHPModuleRef><PHPModuleRef>
<t>oci_internal_debug</t>
<mn>oci8</mn>
<ft>F</ft>
<ver>5_0_0,5_0_1,5_0_2,5_0_3,5_1_0,5_1_1,5_1_2,5_1_3,5_1_4,5_1_5,5_1_6,5_2_0,5_2_1,5_cvs</ver>
<p5>void oci_internal_debug(int onoff) U</p5>
<p5d>Toggle internal debugging output for the OCI extension </p5d>
<texts><text><lng>en</lng>
<d>Enables or disables internal debug output</d>
</text></texts></PHPModuleRef><PHPModuleRef>
<t>oci_lob_append</t>
<mn>oci8</mn>
<ft>F</ft>
<ver>5_0_0,5_0_1,5_0_2,5_0_3,5_1_0,5_1_1,5_1_2,5_1_3,5_1_4,5_1_5,5_1_6,5_2_0,5_2_1,5_cvs</ver>
<p5>bool oci_lob_append( object lob ) U</p5>
<p5d>Appends data from a LOB to another LOB </p5d>
</PHPModuleRef><PHPModuleRef>
<t>oci_lob_copy</t>
<mn>oci8</mn>
<ft>F</ft>
<ver>5_0_0,5_0_1,5_0_2,5_0_3,5_1_0,5_1_1,5_1_2,5_1_3,5_1_4,5_1_5,5_1_6,5_2_0,5_2_1,5_cvs</ver>
<p5>bool oci_lob_copy( object lob_to, object lob_from [, int length ] ) U</p5>
<p5d>Copies data from a LOB to another LOB </p5d>
<texts><text><lng>en</lng>
<d>Copies large object</d>
</text></texts></PHPModuleRef><PHPModuleRef>
<t>oci_lob_eof</t>
<mn>oci8</mn>
<ft>F</ft>
<ver>5_0_0,5_0_1,5_0_2,5_0_3,5_1_0,5_1_1,5_1_2,5_1_3,5_1_4,5_1_5,5_1_6,5_2_0,5_2_1,5_cvs</ver>
<p5>bool oci_lob_eof() U</p5>
<p5d>Checks if EOF is reached </p5d>
</PHPModuleRef><PHPModuleRef>
<t>oci_lob_erase</t>
<mn>oci8</mn>
<ft>F</ft>
<ver>5_0_0,5_0_1,5_0_2,5_0_3,5_1_0,5_1_1,5_1_2,5_1_3,5_1_4,5_1_5,5_1_6,5_2_0,5_2_1,5_cvs</ver>
<p5>int oci_lob_erase( [ int offset [, int length ] ] ) U</p5>
<p5d>Erases a specified portion of the internal LOB, starting at a specified offset </p5d>
</PHPModuleRef><PHPModuleRef>
<t>oci_lob_export</t>
<mn>oci8</mn>
<ft>F</ft>
<ver>5_0_0,5_0_1,5_0_2,5_0_3,5_1_0,5_1_1,5_1_2,5_1_3,5_1_4,5_1_5,5_1_6,5_2_0,5_2_1,5_cvs</ver>
<p5>bool oci_lob_export([string filename [, int start [, int length]]]) U</p5>
<p5d>Writes a large object into a file </p5d>
</PHPModuleRef><PHPModuleRef>
<t>oci_lob_flush</t>
<mn>oci8</mn>
<ft>F</ft>
<ver>5_0_0,5_0_1,5_0_2,5_0_3,5_1_0,5_1_1,5_1_2,5_1_3,5_1_4,5_1_5,5_1_6,5_2_0,5_2_1,5_cvs</ver>
<p5>bool oci_lob_flush( [ int flag ] ) U</p5>
<p5d>Flushes the LOB buffer </p5d>
</PHPModuleRef><PHPModuleRef>
<t>oci_lob_import</t>
<mn>oci8</mn>
<ft>F</ft>
<ver>5_0_0,5_0_1,5_0_2,5_0_3,5_1_0,5_1_1,5_1_2,5_1_3,5_1_4,5_1_5,5_1_6,5_2_0,5_2_1,5_cvs</ver>
<p5>bool oci_lob_import( string filename ) U</p5>
<p5d>Loads file into a LOB </p5d>
</PHPModuleRef><PHPModuleRef>
<t>oci_lob_is_equal</t>
<mn>oci8</mn>
<ft>F</ft>
<ver>5_0_0,5_0_1,5_0_2,5_0_3,5_1_0,5_1_1,5_1_2,5_1_3,5_1_4,5_1_5,5_1_6,5_2_0,5_2_1,5_cvs</ver>
<p5>bool oci_lob_is_equal( object lob1, object lob2 ) U</p5>
<p5d>Tests to see if two LOB/FILE locators are equal </p5d>
<texts><text><lng>en</lng>
<d>Compares two LOB/FILE locators for equality</d>
</text></texts></PHPModuleRef><PHPModuleRef>
<t>oci_lob_load</t>
<mn>oci8</mn>
<ft>F</ft>
<ver>5_0_0,5_0_1,5_0_2,5_0_3,5_1_0,5_1_1,5_1_2,5_1_3,5_1_4,5_1_5,5_1_6,5_2_0,5_2_1,5_cvs</ver>
<p5>string oci_lob_load() U</p5>
<p5d>Loads a large object </p5d>
</PHPModuleRef><PHPModuleRef>
<t>oci_lob_read</t>
<mn>oci8</mn>
<ft>F</ft>
<ver>5_0_0,5_0_1,5_0_2,5_0_3,5_1_0,5_1_1,5_1_2,5_1_3,5_1_4,5_1_5,5_1_6,5_2_0,5_2_1,5_cvs</ver>
<p5>string oci_lob_read( int length ) U</p5>
<p5d>Reads particular part of a large object </p5d>
</PHPModuleRef><PHPModuleRef>
<t>oci_lob_rewind</t>
<mn>oci8</mn>
<ft>F</ft>
<ver>5_0_0,5_0_1,5_0_2,5_0_3,5_1_0,5_1_1,5_1_2,5_1_3,5_1_4,5_1_5,5_1_6,5_2_0,5_2_1,5_cvs</ver>
<p5>bool oci_lob_rewind() U</p5>
<p5d>Rewind pointer of a LOB </p5d>
</PHPModuleRef><PHPModuleRef>
<t>oci_lob_save</t>
<mn>oci8</mn>
<ft>F</ft>
<ver>5_0_0,5_0_1,5_0_2,5_0_3,5_1_0,5_1_1,5_1_2,5_1_3,5_1_4,5_1_5,5_1_6,5_2_0,5_2_1,5_cvs</ver>
<p5>bool oci_lob_save( string data [, int offset ]) U</p5>
<p5d>Saves a large object </p5d>
</PHPModuleRef><PHPModuleRef>
<t>oci_lob_seek</t>
<mn>oci8</mn>
<ft>F</ft>
<ver>5_2_0,5_2_1,5_cvs</ver>
<p5>bool oci_lob_seek( int offset [, int whence ]) U</p5>
<p5d>Moves the pointer of a LOB </p5d>
</PHPModuleRef><PHPModuleRef>
<t>oci_lob_size</t>
<mn>oci8</mn>
<ft>F</ft>
<ver>5_0_0,5_0_1,5_0_2,5_0_3,5_1_0,5_1_1,5_1_2,5_1_3,5_1_4,5_1_5,5_1_6,5_2_0,5_2_1,5_cvs</ver>
<p5>int oci_lob_size() U</p5>
<p5d>Returns size of a large object </p5d>
</PHPModuleRef><PHPModuleRef>
<t>oci_lob_tell</t>
<mn>oci8</mn>
<ft>F</ft>
<ver>5_0_0,5_0_1,5_0_2,5_0_3,5_1_0,5_1_1,5_1_2,5_1_3,5_1_4,5_1_5,5_1_6,5_2_0,5_2_1,5_cvs</ver>
<p5>int oci_lob_tell() U</p5>
<p5d>Tells LOB pointer position </p5d>
</PHPModuleRef><PHPModuleRef>
<t>oci_lob_truncate</t>
<mn>oci8</mn>
<ft>F</ft>
<ver>5_0_0,5_0_1,5_0_2,5_0_3,5_1_0,5_1_1,5_1_2,5_1_3,5_1_4,5_1_5,5_1_6,5_2_0,5_2_1,5_cvs</ver>
<p5>bool oci_lob_truncate( [ int length ]) U</p5>
<p5d>Truncates a LOB </p5d>
</PHPModuleRef><PHPModuleRef>
<t>oci_lob_write</t>
<mn>oci8</mn>
<ft>F</ft>
<ver>5_0_0,5_0_1,5_0_2,5_0_3,5_1_0,5_1_1,5_1_2,5_1_3,5_1_4,5_1_5,5_1_6,5_2_0,5_2_1,5_cvs</ver>
<p5>int oci_lob_write( string string [, int length ]) U</p5>
<p5d>Writes data to current position of a LOB </p5d>
</PHPModuleRef><PHPModuleRef>
<t>oci_new_collection</t>
<mn>oci8</mn>
<ft>F</ft>
<ver>5_0_0,5_0_1,5_0_2,5_0_3,5_1_0,5_1_1,5_1_2,5_1_3,5_1_4,5_1_5,5_1_6,5_2_0,5_2_1,5_cvs</ver>
<p5>object oci_new_collection(resource connection, string tdo [, string schema]) U</p5>
<p5d>Initialize a new collection </p5d>
<texts><text><lng>en</lng>
<d>Allocates new collection object</d>
</text></texts></PHPModuleRef><PHPModuleRef>
<t>oci_new_connect</t>
<mn>oci8</mn>
<ft>F</ft>
<ver>5_0_0,5_0_1,5_0_2,5_0_3,5_1_0,5_1_1,5_1_2,5_1_3,5_1_4,5_1_5,5_1_6,5_2_0,5_2_1,5_cvs</ver>
<p5>resource oci_new_connect(string user, string pass [, string db]) U</p5>
<p5d>Connect to an Oracle database and log on. Returns a new session. </p5d>
<texts><text><lng>en</lng>
<d>Establishes a new connection to the Oracle server</d>
</text></texts></PHPModuleRef><PHPModuleRef>
<t>oci_new_cursor</t>
<mn>oci8</mn>
<ft>F</ft>
<ver>5_0_0,5_0_1,5_0_2,5_0_3,5_1_0,5_1_1,5_1_2,5_1_3,5_1_4,5_1_5,5_1_6,5_2_0,5_2_1,5_cvs</ver>
<p5>resource oci_new_cursor(resource connection) U</p5>
<p5d>Return a new cursor (Statement-Handle) - use this to bind ref-cursors! </p5d>
<texts><text><lng>en</lng>
<d>Allocates and returns a new cursor (statement handle)</d>
</text></texts></PHPModuleRef><PHPModuleRef>
<t>oci_new_descriptor</t>
<mn>oci8</mn>
<ft>F</ft>
<ver>5_0_0,5_0_1,5_0_2,5_0_3,5_1_0,5_1_1,5_1_2,5_1_3,5_1_4,5_1_5,5_1_6,5_2_0,5_2_1,5_cvs</ver>
<p5>object oci_new_descriptor(resource connection [, int type]) U</p5>
<p5d>Initialize a new empty descriptor LOB/FILE (LOB is default) </p5d>
<texts><text><lng>en</lng>
<d>Initializes a new empty LOB or FILE descriptor</d>
</text></texts></PHPModuleRef><PHPModuleRef>
<t>oci_num_fields</t>
<mn>oci8</mn>
<ft>F</ft>
<ver>5_0_0,5_0_1,5_0_2,5_0_3,5_1_0,5_1_1,5_1_2,5_1_3,5_1_4,5_1_5,5_1_6,5_2_0,5_2_1,5_cvs</ver>
<p5>int oci_num_fields(resource stmt) U</p5>
<p5d>Return the number of result columns in a statement </p5d>
<texts><text><lng>en</lng>
<d>Returns the number of result columns in a statement</d>
</text></texts></PHPModuleRef><PHPModuleRef>
<t>oci_num_rows</t>
<mn>oci8</mn>
<ft>F</ft>
<ver>5_0_0,5_0_1,5_0_2,5_0_3,5_1_0,5_1_1,5_1_2,5_1_3,5_1_4,5_1_5,5_1_6,5_2_0,5_2_1,5_cvs</ver>
<p5>int oci_num_rows(resource stmt) U</p5>
<p5d>Return the row count of an OCI statement </p5d>
<texts><text><lng>en</lng>
<d>Returns number of rows affected during statement execution</d>
</text></texts></PHPModuleRef><PHPModuleRef>
<t>oci_parse</t>
<mn>oci8</mn>
<ft>F</ft>
<ver>5_0_0,5_0_1,5_0_2,5_0_3,5_1_0,5_1_1,5_1_2,5_1_3,5_1_4,5_1_5,5_1_6,5_2_0,5_2_1,5_cvs</ver>
<p5>resource oci_parse(resource connection, string query) U</p5>
<p5d>Parse a query and return a statement </p5d>
<texts><text><lng>en</lng>
<d>Prepares Oracle statement for execution</d>
</text></texts></PHPModuleRef><PHPModuleRef>
<t>oci_password_change</t>
<mn>oci8</mn>
<ft>F</ft>
<ver>5_0_0,5_0_1,5_0_2,5_0_3,5_1_0,5_1_1,5_1_2,5_1_3,5_1_4,5_1_5,5_1_6,5_2_0,5_2_1,5_cvs</ver>
<p5>bool oci_password_change(resource connection, string username, string old_password, string new_passw</p5>
<p5d>Changes the password of an account </p5d>
<texts><text><lng>en</lng>
<d>Changes password of Oracle's user</d>
</text></texts></PHPModuleRef><PHPModuleRef>
<t>oci_pconnect</t>
<mn>oci8</mn>
<ft>F</ft>
<ver>5_0_0,5_0_1,5_0_2,5_0_3,5_1_0,5_1_1,5_1_2,5_1_3,5_1_4,5_1_5,5_1_6,5_2_0,5_2_1,5_cvs</ver>
<p5>resource oci_pconnect(string user, string pass [, string db [, string charset ]]) U</p5>
<p5d>Connect to an Oracle database using a persistent connection and log on. Returns a new session. </p5d>
<texts><text><lng>en</lng>
<d>Connect to an Oracle database using a persistent connection</d>
</text></texts></PHPModuleRef><PHPModuleRef>
<t>oci_result</t>
<mn>oci8</mn>
<ft>F</ft>
<ver>5_0_0,5_0_1,5_0_2,5_0_3,5_1_0,5_1_1,5_1_2,5_1_3,5_1_4,5_1_5,5_1_6,5_2_0,5_2_1,5_cvs</ver>
<p5>string oci_result(resource stmt, mixed column) U</p5>
<p5d>Return a single column of result data </p5d>
<texts><text><lng>en</lng>
<d>Returns field's value from the fetched row</d>
</text></texts></PHPModuleRef><PHPModuleRef>
<t>oci_rollback</t>
<mn>oci8</mn>
<ft>F</ft>
<ver>5_0_0,5_0_1,5_0_2,5_0_3,5_1_0,5_1_1,5_1_2,5_1_3,5_1_4,5_1_5,5_1_6,5_2_0,5_2_1,5_cvs</ver>
<p5>bool oci_rollback(resource connection) U</p5>
<p5d>Rollback the current context </p5d>
<texts><text><lng>en</lng>
<d>Rolls back outstanding transaction</d>
</text></texts></PHPModuleRef><PHPModuleRef>
<t>oci_server_version</t>
<mn>oci8</mn>
<ft>F</ft>
<ver>5_0_0,5_0_1,5_0_2,5_0_3,5_1_0,5_1_1,5_1_2,5_1_3,5_1_4,5_1_5,5_1_6,5_2_0,5_2_1,5_cvs</ver>
<p5>string oci_server_version(resource connection) U</p5>
<p5d>Return a string containing server version information </p5d>
<texts><text><lng>en</lng>
<d>Returns server version</d>
</text></texts></PHPModuleRef><PHPModuleRef>
<t>oci_set_prefetch</t>
<mn>oci8</mn>
<ft>F</ft>
<ver>5_0_0,5_0_1,5_0_2,5_0_3,5_1_0,5_1_1,5_1_2,5_1_3,5_1_4,5_1_5,5_1_6,5_2_0,5_2_1,5_cvs</ver>
<p5>bool oci_set_prefetch(resource stmt, int prefetch_rows) U</p5>
<p5d>Sets the number of rows to be prefetched on execute to prefetch_rows for stmt </p5d>
<texts><text><lng>en</lng>
<d>Sets number of rows to be prefetched</d>
</text></texts></PHPModuleRef><PHPModuleRef>
<t>oci_statement_type</t>
<mn>oci8</mn>
<ft>F</ft>
<ver>5_0_0,5_0_1,5_0_2,5_0_3,5_1_0,5_1_1,5_1_2,5_1_3,5_1_4,5_1_5,5_1_6,5_2_0,5_2_1,5_cvs</ver>
<p5>string oci_statement_type(resource stmt) U</p5>
<p5d>Return the query type of an OCI statement </p5d>
<texts><text><lng>en</lng>
<d>Returns the type of an OCI statement</d>
</text></texts></PHPModuleRef><PHPModuleRef>
<t>OCIBindByName</t>
<mn>oci8</mn>
<ft>F</ft>
<ver></ver>
<texts><text><lng>es</lng>
<d>Enlaza una variable PHP a un Placeholder de Oracle</d>
</text></texts></PHPModuleRef><PHPModuleRef>
<t>OCIColumnIsNULL</t>
<mn>oci8</mn>
<ft>F</ft>
<ver></ver>
<texts><text><lng>es</lng>
<d>comprueba si una una columna es&amp;null;</d>
</text></texts></PHPModuleRef><PHPModuleRef>
<t>OCIColumnName</t>
<mn>oci8</mn>
<ft>F</ft>
<ver></ver>
<texts><text><lng>es</lng>
<d>Devuelve el nombre de una columna.</d>
</text></texts></PHPModuleRef><PHPModuleRef>
<t>OCIColumnSize</t>
<mn>oci8</mn>
<ft>F</ft>
<ver></ver>
<texts><text><lng>es</lng>
<d>devuelve el tamaño de la columna</d>
</text></texts></PHPModuleRef><PHPModuleRef>
<t>OCIColumnType</t>
<mn>oci8</mn>
<ft>F</ft>
<ver></ver>
<texts><text><lng>es</lng>
<d>Devuelve el tipo de dato de una columna.</d>
</text></texts></PHPModuleRef><PHPModuleRef>
<t>OCICommit</t>
<mn>oci8</mn>
<ft>F</ft>
<ver></ver>
<texts><text><lng>es</lng>
<d>Confirma transacciones pendientes</d>
</text></texts></PHPModuleRef><PHPModuleRef>
<t>OCIDefineByName</t>
<mn>oci8</mn>
<ft>F</ft>
<ver></ver>
<texts><text><lng>es</lng>
<d>Usa una variable de PHP para el define-step durante una sentencia SELECT</d>
</text></texts></PHPModuleRef><PHPModuleRef>
<t>OCIError</t>
<mn>oci8</mn>
<ft>F</ft>
<ver></ver>
<texts><text><lng>es</lng>
<d>Devuelve elúltimo error de stmt|conn|global. 
     Si no ocurre ningún error devuelve falso.</d>
</text></texts></PHPModuleRef><PHPModuleRef>
<t>OCIExecute</t>
<mn>oci8</mn>
<ft>F</ft>
<ver></ver>
<texts><text><lng>es</lng>
<d>Ejecuta una sentencia</d>
</text></texts></PHPModuleRef><PHPModuleRef>
<t>OCIFetch</t>
<mn>oci8</mn>
<ft>F</ft>
<ver></ver>
<texts><text><lng>es</lng>
<d>Busca la siguiente fila en el result-buffer</d>
</text></texts></PHPModuleRef><PHPModuleRef>
<t>OCIFetchInto</t>
<mn>oci8</mn>
<ft>F</ft>
<ver></ver>
<texts><text><lng>es</lng>
<d>Busca la siguiente fila dentro del result-array</d>
</text></texts></PHPModuleRef><PHPModuleRef>
<t>OCIFetchStatement</t>
<mn>oci8</mn>
<ft>F</ft>
<ver></ver>
<texts><text><lng>es</lng>
<d>Busca todas la filas de un resultset dentro de un array.</d>
</text></texts></PHPModuleRef><PHPModuleRef>
<t>OCIFreeCursor</t>
<mn>oci8</mn>
<ft>F</ft>
<ver></ver>
<texts><text><lng>es</lng>
<d>Libera todos los recursos asociados con cursor.</d>
</text></texts></PHPModuleRef><PHPModuleRef>
<t>OCIFreeStatement</t>
<mn>oci8</mn>
<ft>F</ft>
<ver></ver>
<texts><text><lng>es</lng>
<d>Libera todos los recursos asociados con una sentencia.</d>
</text></texts></PHPModuleRef><PHPModuleRef>
<t>OCIInternalDebug</t>
<mn>oci8</mn>
<ft>F</ft>
<ver></ver>
<texts><text><lng>es</lng>
<d>Habilita o deshabilita la salida del depurador interno.  Por defecto este está
     deshabiltado</d>
</text></texts></PHPModuleRef><PHPModuleRef>
<t>OCILogOff</t>
<mn>oci8</mn>
<ft>F</ft>
<ver></ver>
<texts><text><lng>es</lng>
<d>Termina la conexion con Oracle</d>
</text></texts></PHPModuleRef><PHPModuleRef>
<t>OCINewCursor</t>
<mn>oci8</mn>
<ft>F</ft>
<ver></ver>
<texts><text><lng>es</lng>
<d>devuelve un cursor nuevo (Statement-Handle) - use esto para enlazarref-cursors!</d>
</text></texts></PHPModuleRef><PHPModuleRef>
<t>OCINewDescriptor</t>
<mn>oci8</mn>
<ft>F</ft>
<ver></ver>
<texts><text><lng>es</lng>
<d>Inicializa un nuevo descriptor vacío LOB/FILE (LOB por defecto)</d>
</text></texts></PHPModuleRef><PHPModuleRef>
<t>OCINumCols</t>
<mn>oci8</mn>
<ft>F</ft>
<ver></ver>
<texts><text><lng>es</lng>
<d>Devuelve el número de columnas resultantes en una sentencia</d>
</text></texts></PHPModuleRef><PHPModuleRef>
<t>OCIParse</t>
<mn>oci8</mn>
<ft>F</ft>
<ver></ver>
<texts><text><lng>es</lng>
<d>Analiza una consulta y devuelve una sentencia</d>
</text></texts></PHPModuleRef><PHPModuleRef>
<t>OCIResult</t>
<mn>oci8</mn>
<ft>F</ft>
<ver></ver>
<texts><text><lng>es</lng>
<d>Devuelve el valor de una columna en la fila buscada</d>
</text></texts></PHPModuleRef><PHPModuleRef>
<t>OCIRollback</t>
<mn>oci8</mn>
<ft>F</ft>
<ver></ver>
<texts><text><lng>es</lng>
<d>Restablece todas las transaciones sin confirmar</d>
</text></texts></PHPModuleRef><PHPModuleRef>
<t>OCIRowCount</t>
<mn>oci8</mn>
<ft>F</ft>
<ver></ver>
<texts><text><lng>es</lng>
<d>Obtiene el número de filas afectadas</d>
</text></texts></PHPModuleRef><PHPModuleRef>
<t>OCIServerVersion</t>
<mn>oci8</mn>
<ft>F</ft>
<ver></ver>
<texts><text><lng>es</lng>
<d>Devuelve una cadena conteniendo información a cerca de la version del servidor.</d>
</text></texts></PHPModuleRef><PHPModuleRef>
<t>OCIStatementType</t>
<mn>oci8</mn>
<ft>F</ft>
<ver></ver>
<texts><text><lng>es</lng>
<d>Devuelve el tipo de una sentencia OCI.</d>
</text></texts></PHPModuleRef><PHPModuleRef>
<t>OCI_ASSOC</t>
<mn>oci8</mn>
<ft>C</ft>
<p4>integer OCI_ASSOC</p4>
<p5>integer OCI_ASSOC</p5>
<texts><text><lng>de</lng>
<d>Wird bei oci_fetch_all und oci_fetch_array benutzt, um ein assoziatives Array 
     als Ergebnis zu erhalten.</d>
</text><text><lng>en</lng>
<d>Used with oci_fetch_all andoci_fetch_array to get an associative 
     array as a result.</d>
</text></texts></PHPModuleRef><PHPModuleRef>
<t>OCI_BOTH</t>
<mn>oci8</mn>
<ft>C</ft>
<p4>integer OCI_BOTH</p4>
<p5>integer OCI_BOTH</p5>
<texts><text><lng>de</lng>
<d>Wird bei oci_fetch_all und oci_fetch_array benutzt, um ein Array mit assoziativem 
     als auch durchnummeriertes Index als Ergebnis zu erhalten.</d>
</text><text><lng>en</lng>
<d>Used with oci_fetch_all and oci_fetch_array to get an array with
     both associative and number indices.</d>
</text></texts></PHPModuleRef><PHPModuleRef>
<t>OCI_B_BFILE</t>
<mn>oci8</mn>
<ft>C</ft>
<p4>integer OCI_B_BFILE</p4>
<p5>integer OCI_B_BFILE</p5>
<texts><text><lng>de</lng>
<d>Wird bei oci_bind_by_name benutzt, wenn BFILEs 
     gebunden werden.</d>
</text><text><lng>en</lng>
<d>Used with oci_bind_by_name when 
     binding BFILEs.</d>
</text></texts></PHPModuleRef><PHPModuleRef>
<t>OCI_B_BIN</t>
<mn>oci8</mn>
<ft>C</ft>
<p4>integer OCI_B_BIN</p4>
<p5>integer OCI_B_BIN</p5>
</PHPModuleRef><PHPModuleRef>
<t>OCI_B_BLOB</t>
<mn>oci8</mn>
<ft>C</ft>
<p4>integer OCI_B_BLOB</p4>
<p5>integer OCI_B_BLOB</p5>
<texts><text><lng>de</lng>
<d>Wird bei oci_bind_by_name benutzt, wenn BLOBs 
     gebunden werden.</d>
</text><text><lng>en</lng>
<d>Used with oci_bind_by_name when 
     binding BLOBs.</d>
</text></texts></PHPModuleRef><PHPModuleRef>
<t>OCI_B_CFILEE</t>
<mn>oci8</mn>
<ft>C</ft>
<p4>integer OCI_B_CFILEE</p4>
<p5>integer OCI_B_CFILEE</p5>
<texts><text><lng>de</lng>
<d>Wird bei oci_bind_by_name benutzt, wenn CFILEs 
     gebunden werden.</d>
</text><text><lng>en</lng>
<d>Used with oci_bind_by_name when 
     binding CFILEs.</d>
</text></texts></PHPModuleRef><PHPModuleRef>
<t>OCI_B_CLOB</t>
<mn>oci8</mn>
<ft>C</ft>
<p4>integer OCI_B_CLOB</p4>
<p5>integer OCI_B_CLOB</p5>
<texts><text><lng>de</lng>
<d>Wird bei oci_bind_by_name benutzt, wenn CLOBs 
     gebunden werden.</d>
</text><text><lng>en</lng>
<d>Used with oci_bind_by_name when 
     binding CLOBs.</d>
</text></texts></PHPModuleRef><PHPModuleRef>
<t>OCI_B_CURSOR</t>
<mn>oci8</mn>
<ft>C</ft>
<p4>integer OCI_B_CURSOR</p4>
<p5>integer OCI_B_CURSOR</p5>
<texts><text><lng>de</lng>
<d>Wird bei oci_bind_by_name benutzt, wenn Zeiger 
     (CURSOR) gebunden werden, die zuvor mit oci_new_descriptor reserviert wurden.</d>
</text><text><lng>en</lng>
<d>Used with oci_bind_by_name when 
     binding cursors, previously allocated with oci_new_descriptor.</d>
</text></texts></PHPModuleRef><PHPModuleRef>
<t>OCI_B_NTY</t>
<mn>oci8</mn>
<ft>C</ft>
<p4>integer OCI_B_NTY</p4>
<p5>integer OCI_B_NTY</p5>
<texts><text><lng>de</lng>
<d>Wird bei oci_bind_by_name benutzt, wenn benannte 
     Datentypen gebunden werden. Zu beachten: in PHP &lt; 5.0 wurde das OCI_B_SQLT_NTY genannt.</d>
</text><text><lng>en</lng>
<d>Used with oci_bind_by_name when 
     binding named data types. Note: in PHP &lt; 5.0 it was calledOCI_B_SQLT_NTY.</d>
</text></texts></PHPModuleRef><PHPModuleRef>
<t>OCI_B_ROWID</t>
<mn>oci8</mn>
<ft>C</ft>
<p4>integer OCI_B_ROWID</p4>
<p5>integer OCI_B_ROWID</p5>
<texts><text><lng>de</lng>
<d>Wird bei oci_bind_by_name benutzt, wenn ROWIDs 
     gebunden werden.</d>
</text><text><lng>en</lng>
<d>Used with oci_bind_by_name when 
     binding ROWIDs.</d>
</text></texts></PHPModuleRef><PHPModuleRef>
<t>OCI_COMMIT_ON_SUCCESS</t>
<mn>oci8</mn>
<ft>C</ft>
<p4>integer OCI_COMMIT_ON_SUCCESS</p4>
<p5>integer OCI_COMMIT_ON_SUCCESS</p5>
<texts><text><lng>de</lng>
<d>Statement-Ausführungsmodus. Das Statement wird automatisch committed nach 
     einem oci_execute-Aufruf.</d>
</text><text><lng>en</lng>
<d>Statement execution mode. Statement is automatically committed afteroci_execute call.</d>
</text></texts></PHPModuleRef><PHPModuleRef>
<t>OCI_DEFAULT</t>
<mn>oci8</mn>
<ft>C</ft>
<p4>integer OCI_DEFAULT</p4>
<p5>integer OCI_DEFAULT</p5>
<texts><text><lng>de</lng>
<d>Statement-Ausführungsmodus. Ein Statement wird nicht automatisch committed, 
     wenn dieser Modus benutzt wird.</d>
</text><text><lng>en</lng>
<d>Statement execution mode. Statement is not committed
     automatically when using this mode.</d>
</text></texts></PHPModuleRef><PHPModuleRef>
<t>OCI_DESCRIBE_ONLY</t>
<mn>oci8</mn>
<ft>C</ft>
<p4>integer OCI_DESCRIBE_ONLY</p4>
<p5>integer OCI_DESCRIBE_ONLY</p5>
<texts><text><lng>de</lng>
<d>Statement-Ausführungsmodus. Benutze diesen Modus, wenn die Suchabfrage 
     nicht ausgeführt werden soll, sondern nur eine Beschreibung der 
     Selektierten Liste gewünscht ist.</d>
</text><text><lng>en</lng>
<d>Statement execution mode. Use this mode if you don't want 
     to execute the query, but get the select-list's description.</d>
</text></texts></PHPModuleRef><PHPModuleRef>
<t>OCI_DTYPE_FILE</t>
<mn>oci8</mn>
<ft>C</ft>
<p4>integer OCI_DTYPE_FILE</p4>
<p5>integer OCI_DTYPE_FILE</p5>
<texts><text><lng>de</lng>
<d>Ein Schalter der oci_new_descriptor mitteilt einen 
     neuen FILE-Deskriptor zu initialisieren.</d>
</text><text><lng>en</lng>
<d>This flag tells oci_new_descriptor to
     initialize new FILE descriptor.</d>
</text></texts></PHPModuleRef><PHPModuleRef>
<t>OCI_DTYPE_LOB</t>
<mn>oci8</mn>
<ft>C</ft>
<p4>integer OCI_DTYPE_LOB</p4>
<p5>integer OCI_DTYPE_LOB</p5>
<texts><text><lng>de</lng>
<d>Ein Schalter der oci_new_descriptor mitteilt einen 
     neuen LOB-Deskriptor zu initialisieren.</d>
</text><text><lng>en</lng>
<d>This flag tells oci_new_descriptor to
     initialize new LOB descriptor.</d>
</text></texts></PHPModuleRef><PHPModuleRef>
<t>OCI_DTYPE_ROWID</t>
<mn>oci8</mn>
<ft>C</ft>
<p4>integer OCI_DTYPE_ROWID</p4>
<p5>integer OCI_DTYPE_ROWID</p5>
<texts><text><lng>de</lng>
<d>Ein Schalter der oci_new_descriptor mitteilt einen 
     neuen ROWID-Deskriptor zu initialisieren.</d>
</text><text><lng>en</lng>
<d>This flag tells oci_new_descriptor to
     initialize new ROWID descriptor.</d>
</text></texts></PHPModuleRef><PHPModuleRef>
<t>OCI_D_FILE</t>
<mn>oci8</mn>
<ft>C</ft>
<p4>integer OCI_D_FILE</p4>
<p5>integer OCI_D_FILE</p5>
<texts><text><lng>de</lng>
<d>Das gleiche wie OCI_DTYPE_FILE.</d>
</text><text><lng>en</lng>
<d>The same as OCI_DTYPE_FILE.</d>
</text></texts></PHPModuleRef><PHPModuleRef>
<t>OCI_D_LOB</t>
<mn>oci8</mn>
<ft>C</ft>
<p4>integer OCI_D_LOB</p4>
<p5>integer OCI_D_LOB</p5>
<texts><text><lng>de</lng>
<d>Das gleiche wie OCI_DTYPE_LOB.</d>
</text><text><lng>en</lng>
<d>The same as OCI_DTYPE_LOB.</d>
</text></texts></PHPModuleRef><PHPModuleRef>
<t>OCI_D_ROWID</t>
<mn>oci8</mn>
<ft>C</ft>
<p4>integer OCI_D_ROWID</p4>
<p5>integer OCI_D_ROWID</p5>
<texts><text><lng>de</lng>
<d>Das gleiche wie OCI_DTYPE_ROWID.</d>
</text><text><lng>en</lng>
<d>The same as OCI_DTYPE_ROWID.</d>
</text></texts></PHPModuleRef><PHPModuleRef>
<t>OCI_EXACT_FETCH</t>
<mn>oci8</mn>
<ft>C</ft>
<p4>integer OCI_EXACT_FETCH</p4>
<p5>integer OCI_EXACT_FETCH</p5>
<texts><text><lng>de</lng>
<d>Statement-Abrufmodus. Kann benutzt werden, wenn die Applikation bereits im 
     Vorfeld die genaue Anzahl der abzurufenden Zeilen kennt. Dieser Modus 
     schaltet das Prefetching (Vorab-Abruf) bei Oracle Release 8 und höher aus. 
     Der Zeiger wird bei erreichen der benötigten Zeilen beendet und verringert 
     somit die benötigten Ressourcen des Servers.</d>
</text><text><lng>en</lng>
<d>Statement fetch mode. Used when the application knows 
     in advance exactly how many rows it will be fetching. 
     This mode turns prefetching off for Oracle release 8 
     or later mode. Cursor is cancelled after the desired 
     rows are fetched and may result in reduced server-side 
     resource usage.</d>
</text></texts></PHPModuleRef><PHPModuleRef>
<t>OCI_FETCHSTATEMENT_BY_COLUMN</t>
<mn>oci8</mn>
<ft>C</ft>
<p4>integer OCI_FETCHSTATEMENT_BY_COLUMN</p4>
<p5>integer OCI_FETCHSTATEMENT_BY_COLUMN</p5>
<texts><text><lng>de</lng>
<d>Standardmodus von oci_fetch_all.</d>
</text><text><lng>en</lng>
<d>Default mode of oci_fetch_all.</d>
</text></texts></PHPModuleRef><PHPModuleRef>
<t>OCI_FETCHSTATEMENT_BY_ROW</t>
<mn>oci8</mn>
<ft>C</ft>
<p4>integer OCI_FETCHSTATEMENT_BY_ROW</p4>
<p5>integer OCI_FETCHSTATEMENT_BY_ROW</p5>
<texts><text><lng>de</lng>
<d>Alternativmodus von oci_fetch_all.</d>
</text><text><lng>en</lng>
<d>Alternative mode of oci_fetch_all.</d>
</text></texts></PHPModuleRef><PHPModuleRef>
<t>OCI_LOB_BUFFER_FREE</t>
<mn>oci8</mn>
<ft>C</ft>
<p4>integer OCI_LOB_BUFFER_FREE</p4>
<p5>integer OCI_LOB_BUFFER_FREE</p5>
<texts><text><lng>de</lng>
<d>Wird mit  benutzt, um die 
     benutzten Buffer zu leeren.</d>
</text><text><lng>en</lng>
<d>Used with  to free buffers used.</d>
</text></texts></PHPModuleRef><PHPModuleRef>
<t>OCI_NUM</t>
<mn>oci8</mn>
<ft>C</ft>
<p4>integer OCI_NUM</p4>
<p5>integer OCI_NUM</p5>
<texts><text><lng>de</lng>
<d>Wird bei oci_fetch_all und oci_fetch_array benutzt, um ein durchnummeriertes 
     Array als Ergebnis zu erhalten.</d>
</text><text><lng>en</lng>
<d>Used with oci_fetch_all and oci_fetch_array to get an enumerated 
     array as a result.</d>
</text></texts></PHPModuleRef><PHPModuleRef>
<t>OCI_RETURN_LOBS</t>
<mn>oci8</mn>
<ft>C</ft>
<p4>integer OCI_RETURN_LOBS</p4>
<p5>integer OCI_RETURN_LOBS</p5>
<texts><text><lng>de</lng>
<d>Wird bei oci_fetch_array benutzt, um den Wert eines 
     LOBs anstelle des Deskriptors zu bekommen.</d>
</text><text><lng>en</lng>
<d>Used with oci_fetch_array to get
     value of LOB instead of the descriptor.</d>
</text></texts></PHPModuleRef><PHPModuleRef>
<t>OCI_RETURN_NULLS</t>
<mn>oci8</mn>
<ft>C</ft>
<p4>integer OCI_RETURN_NULLS</p4>
<p5>integer OCI_RETURN_NULLS</p5>
<texts><text><lng>de</lng>
<d>Wird bei oci_fetch_array benutzt, um bei Feldwerten 
     von &amp;null; leere Arrayelement zu erhalten.</d>
</text><text><lng>en</lng>
<d>Used with oci_fetch_array to get
     empty array elements if field's value is &amp;null;.</d>
</text></texts></PHPModuleRef><PHPModuleRef>
<t>OCI_SYSDATE</t>
<mn>oci8</mn>
<ft>C</ft>
<p4>integer OCI_SYSDATE</p4>
<p5>integer OCI_SYSDATE</p5>
</PHPModuleRef><PHPModuleRef>
<t>OCI_SYSDBA</t>
<mn>oci8</mn>
<ft>C</ft>
<p4>integer OCI_SYSDBA</p4>
<p5>integer OCI_SYSDBA</p5>
<texts><text><lng>de</lng>
<d>Wird benutzt, um bei oci_connect als SYSDBA mit 
     externen Credentials oci8.privileged_connect
     sollte hierfür aktiviert sein) verbunden zu werden.</d>
</text><text><lng>en</lng>
<d>Used with oci_connect to connect as SYSDBA
     using external credentials (oci8.privileged_connect
     should be enabled for this).</d>
</text></texts></PHPModuleRef><PHPModuleRef>
<t>OCI_SYSOPER</t>
<mn>oci8</mn>
<ft>C</ft>
<p4>integer OCI_SYSOPER</p4>
<p5>integer OCI_SYSOPER</p5>
<texts><text><lng>de</lng>
<d>Wird benutzt, um bei oci_connect als SYSOPER mit 
     externen Credentials oci8.privileged_connect
     sollte hierfür aktiviert sein) verbunden zu werden.</d>
</text><text><lng>en</lng>
<d>Used with oci_connect to connect as SYSOPER
     using external credentials (oci8.privileged_connect
     should be enabled for this).</d>
</text></texts></PHPModuleRef><PHPModuleRef>
<t>OCI_TEMP_BLOB</t>
<mn>oci8</mn>
<ft>C</ft>
<p4>integer OCI_TEMP_BLOB</p4>
<p5>integer OCI_TEMP_BLOB</p5>
<texts><text><lng>de</lng>
<d>Wird mit  benutzt, um 
     explizit anzuzeigen, dass temporäre BLOBs generiert werden sollen.</d>
</text><text><lng>en</lng>
<d>Used with  to indicate
     explicilty that temporary BLOB should be created.</d>
</text></texts></PHPModuleRef><PHPModuleRef>
<t>OCI_TEMP_CLOB</t>
<mn>oci8</mn>
<ft>C</ft>
<p4>integer OCI_TEMP_CLOB</p4>
<p5>integer OCI_TEMP_CLOB</p5>
<texts><text><lng>de</lng>
<d>Wird mit  benutzt, um 
     explizit anzuzeigen, dass temporäre CLOBs generiert werden sollen.</d>
</text><text><lng>en</lng>
<d>Used with  to indicate
     explicilty that temporary CLOB should be created.</d>
</text></texts></PHPModuleRef><PHPModuleRef>
<t>SQLT_AFC</t>
<mn>oci8</mn>
<ft>C</ft>
<p4>integer SQLT_AFC</p4>
<p5>integer SQLT_AFC</p5>
<texts><text><lng>de</lng>
<d>Wird bei oci_bind_array_by_name benutzt, wenn Arrays 
     aus CHARs gebunden werden.</d>
</text><text><lng>en</lng>
<d>Used with oci_bind_array_by_name to bind arrays of
     CHAR.</d>
</text></texts></PHPModuleRef><PHPModuleRef>
<t>SQLT_AVC</t>
<mn>oci8</mn>
<ft>C</ft>
<p4>integer SQLT_AVC</p4>
<p5>integer SQLT_AVC</p5>
<texts><text><lng>de</lng>
<d>Wird bei oci_bind_array_by_name benutzt, wenn Arrays 
     aus CHARZs gebunden werden.</d>
</text><text><lng>en</lng>
<d>Used with oci_bind_array_by_name to bind arrays of
     CHARZ.</d>
</text></texts></PHPModuleRef><PHPModuleRef>
<t>SQLT_BDOUBLE</t>
<mn>oci8</mn>
<ft>C</ft>
<p4>integer SQLT_BDOUBLE</p4>
<p5>integer SQLT_BDOUBLE</p5>
</PHPModuleRef><PHPModuleRef>
<t>SQLT_BFILEE</t>
<mn>oci8</mn>
<ft>C</ft>
<p4>integer SQLT_BFILEE</p4>
<p5>integer SQLT_BFILEE</p5>
<texts><text><lng>de</lng>
<d>Das gleiche wie OCI_B_BFILE.</d>
</text><text><lng>en</lng>
<d>The same as OCI_B_BFILE.</d>
</text></texts></PHPModuleRef><PHPModuleRef>
<t>SQLT_BFLOAT</t>
<mn>oci8</mn>
<ft>C</ft>
<p4>integer SQLT_BFLOAT</p4>
<p5>integer SQLT_BFLOAT</p5>
</PHPModuleRef><PHPModuleRef>
<t>SQLT_BIN</t>
<mn>oci8</mn>
<ft>C</ft>
<p4>integer SQLT_BIN</p4>
<p5>integer SQLT_BIN</p5>
<texts><text><lng>de</lng>
<d>Wird bei oci_bind_by_name benutzt, wenn RAW-Werte 
     gebunden werden.</d>
</text><text><lng>en</lng>
<d>Used with oci_bind_by_name to bind RAW values.</d>
</text></texts></PHPModuleRef><PHPModuleRef>
<t>SQLT_BLOB</t>
<mn>oci8</mn>
<ft>C</ft>
<p4>integer SQLT_BLOB</p4>
<p5>integer SQLT_BLOB</p5>
<texts><text><lng>de</lng>
<d>Das gleiche wie OCI_B_BLOB.</d>
</text><text><lng>en</lng>
<d>The same as OCI_B_BLOB.</d>
</text></texts></PHPModuleRef><PHPModuleRef>
<t>SQLT_CFILEE</t>
<mn>oci8</mn>
<ft>C</ft>
<p4>integer SQLT_CFILEE</p4>
<p5>integer SQLT_CFILEE</p5>
<texts><text><lng>de</lng>
<d>Das gleiche wie OCI_B_CFILEE.</d>
</text><text><lng>en</lng>
<d>The same as OCI_B_CFILEE.</d>
</text></texts></PHPModuleRef><PHPModuleRef>
<t>SQLT_CHR</t>
<mn>oci8</mn>
<ft>C</ft>
<p4>integer SQLT_CHR</p4>
<p5>integer SQLT_CHR</p5>
<texts><text><lng>de</lng>
<d>Wird bei oci_bind_array_by_name benutzt, wenn Arrays 
     aus VARCHAR2s gebunden werden. Wird auch bei oci_bind_by_name benutzt.</d>
</text><text><lng>en</lng>
<d>Used with oci_bind_array_by_name to bind arrays of
     VARCHAR2.
     Also used with oci_bind_by_name.</d>
</text></texts></PHPModuleRef><PHPModuleRef>
<t>SQLT_CLOB</t>
<mn>oci8</mn>
<ft>C</ft>
<p4>integer SQLT_CLOB</p4>
<p5>integer SQLT_CLOB</p5>
<texts><text><lng>de</lng>
<d>Das gleiche wie OCI_B_CLOB.</d>
</text><text><lng>en</lng>
<d>The same as OCI_B_CLOB.</d>
</text></texts></PHPModuleRef><PHPModuleRef>
<t>SQLT_FLT</t>
<mn>oci8</mn>
<ft>C</ft>
<p4>integer SQLT_FLT</p4>
<p5>integer SQLT_FLT</p5>
<texts><text><lng>de</lng>
<d>Wird bei oci_bind_array_by_name benutzt, wenn Arrays aus 
     FLOATs gebunden werden.</d>
</text><text><lng>en</lng>
<d>Used with oci_bind_array_by_name to bind arrays of
     FLOAT.</d>
</text></texts></PHPModuleRef><PHPModuleRef>
<t>SQLT_INT</t>
<mn>oci8</mn>
<ft>C</ft>
<p4>integer SQLT_INT</p4>
<p5>integer SQLT_INT</p5>
<texts><text><lng>de</lng>
<d>Wird bei oci_bind_array_by_name benutzt, wenn Arrays 
     aus INTEGERs gebunden werden.</d>
</text><text><lng>en</lng>
<d>Used with oci_bind_array_by_name to bind arrays of
     INTEGER.</d>
</text></texts></PHPModuleRef><PHPModuleRef>
<t>SQLT_LBI</t>
<mn>oci8</mn>
<ft>C</ft>
<p4>integer SQLT_LBI</p4>
<p5>integer SQLT_LBI</p5>
<texts><text><lng>de</lng>
<d>Wird bei oci_bind_by_name benutzt, wenn LONG-RAW-Werte 
     gebunden werden.</d>
</text><text><lng>en</lng>
<d>Used with oci_bind_by_name to bind LONG RAW values.</d>
</text></texts></PHPModuleRef><PHPModuleRef>
<t>SQLT_LNG</t>
<mn>oci8</mn>
<ft>C</ft>
<p4>integer SQLT_LNG</p4>
<p5>integer SQLT_LNG</p5>
<texts><text><lng>de</lng>
<d>Wird bei oci_bind_by_name benutzt, wenn LONG-Werte 
     gebunden werden.</d>
</text><text><lng>en</lng>
<d>Used with oci_bind_by_name to bind LONG values.</d>
</text></texts></PHPModuleRef><PHPModuleRef>
<t>SQLT_LVC</t>
<mn>oci8</mn>
<ft>C</ft>
<p4>integer SQLT_LVC</p4>
<p5>integer SQLT_LVC</p5>
<texts><text><lng>de</lng>
<d>Wird bei oci_bind_array_by_name benutzt, wenn Arrays aus 
     LONG-VARCHARs gebunden werden.</d>
</text><text><lng>en</lng>
<d>Used with oci_bind_array_by_name to bind arrays of
     LONG VARCHAR.</d>
</text></texts></PHPModuleRef><PHPModuleRef>
<t>SQLT_NTY</t>
<mn>oci8</mn>
<ft>C</ft>
<p4>integer SQLT_NTY</p4>
<p5>integer SQLT_NTY</p5>
<texts><text><lng>de</lng>
<d>Das gleiche wie OCI_B_NTY.</d>
</text><text><lng>en</lng>
<d>The same as OCI_B_NTY.</d>
</text></texts></PHPModuleRef><PHPModuleRef>
<t>SQLT_NUM</t>
<mn>oci8</mn>
<ft>C</ft>
<p4>integer SQLT_NUM</p4>
<p5>integer SQLT_NUM</p5>
<texts><text><lng>de</lng>
<d>Wird bei oci_bind_array_by_name benutzt, wenn Arrays 
     aus NUMBERs gebunden werden.</d>
</text><text><lng>en</lng>
<d>Used with oci_bind_array_by_name to bind arrays of
     NUMBER.</d>
</text></texts></PHPModuleRef><PHPModuleRef>
<t>SQLT_ODT</t>
<mn>oci8</mn>
<ft>C</ft>
<p4>integer SQLT_ODT</p4>
<p5>integer SQLT_ODT</p5>
<texts><text><lng>de</lng>
<d>Wird bei oci_bind_array_by_name benutzt, wenn Arrays aus 
     LONGs gebunden werden.</d>
</text><text><lng>en</lng>
<d>Used with oci_bind_array_by_name to bind arrays of
     LONG.</d>
</text></texts></PHPModuleRef><PHPModuleRef>
<t>SQLT_RDD</t>
<mn>oci8</mn>
<ft>C</ft>
<p4>integer SQLT_RDD</p4>
<p5>integer SQLT_RDD</p5>
<texts><text><lng>de</lng>
<d>Das gleiche wie OCI_B_ROWID.</d>
</text><text><lng>en</lng>
<d>The same as OCI_B_ROWID.</d>
</text></texts></PHPModuleRef><PHPModuleRef>
<t>SQLT_STR</t>
<mn>oci8</mn>
<ft>C</ft>
<p4>integer SQLT_STR</p4>
<p5>integer SQLT_STR</p5>
<texts><text><lng>de</lng>
<d>Wird bei oci_bind_array_by_name benutzt, wenn Arrays 
     aus STRINGs gebunden werden.</d>
</text><text><lng>en</lng>
<d>Used with oci_bind_array_by_name to bind arrays of
     STRING.</d>
</text></texts></PHPModuleRef><PHPModuleRef>
<t>SQLT_VCS</t>
<mn>oci8</mn>
<ft>C</ft>
<p4>integer SQLT_VCS</p4>
<p5>integer SQLT_VCS</p5>
<texts><text><lng>de</lng>
<d>Wird bei oci_bind_array_by_name benutzt, wenn Arrays 
     aus VARCHARs gebunden werden.</d>
</text><text><lng>en</lng>
<d>Used with oci_bind_array_by_name to bind arrays of
     VARCHAR.</d>
</text></texts></PHPModuleRef></PHPModuleRef-List>
