<?xml version="1.0" encoding="utf-8"?>
<PHPModuleRef-List>
<PHPModuleRef>
<t>birdstep_autocommit</t>
<mn>odbc</mn>
<ft>F</ft>
<ver>4_2_0,4_2_1,4_2_2,4_2_3,4_3_0,4_3_1,4_3_10,4_3_11,4_3_2,4_3_3,4_3_4,4_3_5,4_3_6,4_3_7,4_3_8,4_3_9,4_4_0,4_4_1,4_4_2,4_4_3,4_4_4,4_4_5,4_4_6,4_cvs,5_0_0,5_0_1,5_0_2,5_0_3,5_1_0,5_1_1,5_1_2,5_1_3,5_1_4,5_1_5,5_1_6,5_2_0,5_2_1,5_cvs</ver>
<p4>bool birdstep_autocommit(int index)</p4>
<p4d></p4d>
<p5>bool birdstep_autocommit(int index)</p5>
<p5d></p5d>
</PHPModuleRef><PHPModuleRef>
<t>birdstep_close</t>
<mn>odbc</mn>
<ft>F</ft>
<ver>4_2_0,4_2_1,4_2_2,4_2_3,4_3_0,4_3_1,4_3_10,4_3_11,4_3_2,4_3_3,4_3_4,4_3_5,4_3_6,4_3_7,4_3_8,4_3_9,4_4_0,4_4_1,4_4_2,4_4_3,4_4_4,4_4_5,4_4_6,4_cvs,5_0_0,5_0_1,5_0_2,5_0_3,5_1_0,5_1_1,5_1_2,5_1_3,5_1_4,5_1_5,5_1_6,5_2_0,5_2_1,5_cvs</ver>
<p4>bool birdstep_close(int id)</p4>
<p4d></p4d>
<p5>bool birdstep_close(int id)</p5>
<p5d></p5d>
</PHPModuleRef><PHPModuleRef>
<t>birdstep_commit</t>
<mn>odbc</mn>
<ft>F</ft>
<ver>4_2_0,4_2_1,4_2_2,4_2_3,4_3_0,4_3_1,4_3_10,4_3_11,4_3_2,4_3_3,4_3_4,4_3_5,4_3_6,4_3_7,4_3_8,4_3_9,4_4_0,4_4_1,4_4_2,4_4_3,4_4_4,4_4_5,4_4_6,4_cvs,5_0_0,5_0_1,5_0_2,5_0_3,5_1_0,5_1_1,5_1_2,5_1_3,5_1_4,5_1_5,5_1_6,5_2_0,5_2_1,5_cvs</ver>
<p4>bool birdstep_commit(int index)</p4>
<p4d></p4d>
<p5>bool birdstep_commit(int index)</p5>
<p5d></p5d>
</PHPModuleRef><PHPModuleRef>
<t>birdstep_connect</t>
<mn>odbc</mn>
<ft>F</ft>
<ver>4_2_0,4_2_1,4_2_2,4_2_3,4_3_0,4_3_1,4_3_10,4_3_11,4_3_2,4_3_3,4_3_4,4_3_5,4_3_6,4_3_7,4_3_8,4_3_9,4_4_0,4_4_1,4_4_2,4_4_3,4_4_4,4_4_5,4_4_6,4_cvs,5_0_0,5_0_1,5_0_2,5_0_3,5_1_0,5_1_1,5_1_2,5_1_3,5_1_4,5_1_5,5_1_6,5_2_0,5_2_1,5_cvs</ver>
<p4>int birdstep_connect(string server, string user, string pass)</p4>
<p4d></p4d>
<p5>int birdstep_connect(string server, string user, string pass)</p5>
<p5d></p5d>
</PHPModuleRef><PHPModuleRef>
<t>birdstep_exec</t>
<mn>odbc</mn>
<ft>F</ft>
<ver>4_2_0,4_2_1,4_2_2,4_2_3,4_3_0,4_3_1,4_3_10,4_3_11,4_3_2,4_3_3,4_3_4,4_3_5,4_3_6,4_3_7,4_3_8,4_3_9,4_4_0,4_4_1,4_4_2,4_4_3,4_4_4,4_4_5,4_4_6,4_cvs,5_0_0,5_0_1,5_0_2,5_0_3,5_1_0,5_1_1,5_1_2,5_1_3,5_1_4,5_1_5,5_1_6,5_2_0,5_2_1,5_cvs</ver>
<p4>int birdstep_exec(int index, string exec_str)</p4>
<p4d></p4d>
<p5>int birdstep_exec(int index, string exec_str)</p5>
<p5d></p5d>
</PHPModuleRef><PHPModuleRef>
<t>birdstep_fetch</t>
<mn>odbc</mn>
<ft>F</ft>
<ver>4_2_0,4_2_1,4_2_2,4_2_3,4_3_0,4_3_1,4_3_10,4_3_11,4_3_2,4_3_3,4_3_4,4_3_5,4_3_6,4_3_7,4_3_8,4_3_9,4_4_0,4_4_1,4_4_2,4_4_3,4_4_4,4_4_5,4_4_6,4_cvs,5_0_0,5_0_1,5_0_2,5_0_3,5_1_0,5_1_1,5_1_2,5_1_3,5_1_4,5_1_5,5_1_6,5_2_0,5_2_1,5_cvs</ver>
<p4>bool birdstep_fetch(int index)</p4>
<p4d></p4d>
<p5>bool birdstep_fetch(int index)</p5>
<p5d></p5d>
</PHPModuleRef><PHPModuleRef>
<t>birdstep_fieldname</t>
<mn>odbc</mn>
<ft>F</ft>
<ver>4_2_0,4_2_1,4_2_2,4_2_3,4_3_0,4_3_1,4_3_10,4_3_11,4_3_2,4_3_3,4_3_4,4_3_5,4_3_6,4_3_7,4_3_8,4_3_9,4_4_0,4_4_1,4_4_2,4_4_3,4_4_4,4_4_5,4_4_6,4_cvs,5_0_0,5_0_1,5_0_2,5_0_3,5_1_0,5_1_1,5_1_2,5_1_3,5_1_4,5_1_5,5_1_6,5_2_0,5_2_1,5_cvs</ver>
<p4>string birdstep_fieldname(int index, int col)</p4>
<p4d></p4d>
<p5>string birdstep_fieldname(int index, int col)</p5>
<p5d></p5d>
</PHPModuleRef><PHPModuleRef>
<t>birdstep_fieldnum</t>
<mn>odbc</mn>
<ft>F</ft>
<ver>4_2_0,4_2_1,4_2_2,4_2_3,4_3_0,4_3_1,4_3_10,4_3_11,4_3_2,4_3_3,4_3_4,4_3_5,4_3_6,4_3_7,4_3_8,4_3_9,4_4_0,4_4_1,4_4_2,4_4_3,4_4_4,4_4_5,4_4_6,4_cvs,5_0_0,5_0_1,5_0_2,5_0_3,5_1_0,5_1_1,5_1_2,5_1_3,5_1_4,5_1_5,5_1_6,5_2_0,5_2_1,5_cvs</ver>
<p4>int birdstep_fieldnum(int index)</p4>
<p4d></p4d>
<p5>int birdstep_fieldnum(int index)</p5>
<p5d></p5d>
</PHPModuleRef><PHPModuleRef>
<t>birdstep_freeresult</t>
<mn>odbc</mn>
<ft>F</ft>
<ver>4_2_0,4_2_1,4_2_2,4_2_3,4_3_0,4_3_1,4_3_10,4_3_11,4_3_2,4_3_3,4_3_4,4_3_5,4_3_6,4_3_7,4_3_8,4_3_9,4_4_0,4_4_1,4_4_2,4_4_3,4_4_4,4_4_5,4_4_6,4_cvs,5_0_0,5_0_1,5_0_2,5_0_3,5_1_0,5_1_1,5_1_2,5_1_3,5_1_4,5_1_5,5_1_6,5_2_0,5_2_1,5_cvs</ver>
<p4>bool birdstep_freeresult(int index)</p4>
<p4d></p4d>
<p5>bool birdstep_freeresult(int index)</p5>
<p5d></p5d>
</PHPModuleRef><PHPModuleRef>
<t>birdstep_off_autocommit</t>
<mn>odbc</mn>
<ft>F</ft>
<ver>4_2_0,4_2_1,4_2_2,4_2_3,4_3_0,4_3_1,4_3_10,4_3_11,4_3_2,4_3_3,4_3_4,4_3_5,4_3_6,4_3_7,4_3_8,4_3_9,4_4_0,4_4_1,4_4_2,4_4_3,4_4_4,4_4_5,4_4_6,4_cvs,5_0_0,5_0_1,5_0_2,5_0_3,5_1_0,5_1_1,5_1_2,5_1_3,5_1_4,5_1_5,5_1_6,5_2_0,5_2_1,5_cvs</ver>
<p4>bool birdstep_off_autocommit(int index)</p4>
<p4d></p4d>
<p5>bool birdstep_off_autocommit(int index)</p5>
<p5d></p5d>
</PHPModuleRef><PHPModuleRef>
<t>birdstep_result</t>
<mn>odbc</mn>
<ft>F</ft>
<ver>4_2_0,4_2_1,4_2_2,4_2_3,4_3_0,4_3_1,4_3_10,4_3_11,4_3_2,4_3_3,4_3_4,4_3_5,4_3_6,4_3_7,4_3_8,4_3_9,4_4_0,4_4_1,4_4_2,4_4_3,4_4_4,4_4_5,4_4_6,4_cvs,5_0_0,5_0_1,5_0_2,5_0_3,5_1_0,5_1_1,5_1_2,5_1_3,5_1_4,5_1_5,5_1_6,5_2_0,5_2_1,5_cvs</ver>
<p4>mixed birdstep_result(int index, int col)</p4>
<p4d></p4d>
<p5>mixed birdstep_result(int index, int col)</p5>
<p5d></p5d>
</PHPModuleRef><PHPModuleRef>
<t>birdstep_rollback</t>
<mn>odbc</mn>
<ft>F</ft>
<ver>4_2_0,4_2_1,4_2_2,4_2_3,4_3_0,4_3_1,4_3_10,4_3_11,4_3_2,4_3_3,4_3_4,4_3_5,4_3_6,4_3_7,4_3_8,4_3_9,4_4_0,4_4_1,4_4_2,4_4_3,4_4_4,4_4_5,4_4_6,4_cvs,5_0_0,5_0_1,5_0_2,5_0_3,5_1_0,5_1_1,5_1_2,5_1_3,5_1_4,5_1_5,5_1_6,5_2_0,5_2_1,5_cvs</ver>
<p4>bool birdstep_rollback(int index)</p4>
<p4d></p4d>
<p5>bool birdstep_rollback(int index)</p5>
<p5d></p5d>
</PHPModuleRef><PHPModuleRef>
<t>odbc_autocommit</t>
<mn>odbc</mn>
<ft>F</ft>
<ver>4_0_0,4_0_1,4_0_2,4_0_3,4_0_4,4_0_5,4_0_6,4_1_0,4_1_1,4_1_2,4_2_0,4_2_1,4_2_2,4_2_3,4_3_0,4_3_1,4_3_10,4_3_11,4_3_2,4_3_3,4_3_4,4_3_5,4_3_6,4_3_7,4_3_8,4_3_9,4_4_0,4_4_1,4_4_2,4_4_3,4_4_4,4_4_5,4_4_6,4_cvs,5_0_0,5_0_1,5_0_2,5_0_3,5_1_0,5_1_1,5_1_2,5_1_3,5_1_4,5_1_5,5_1_6,5_2_0,5_2_1,5_cvs</ver>
<p4>mixed odbc_autocommit(resource connection_id [, int OnOff])</p4>
<p4d>Toggle autocommit mode or get status </p4d>
<p5>mixed odbc_autocommit(resource connection_id [, int OnOff])</p5>
<p5d>Toggle autocommit mode or get status </p5d>
<texts><text><lng>de</lng>
<d>Ändert das Autocommit-Verhalten</d>
</text><text><lng>en</lng>
<d>Toggle autocommit behaviour</d>
</text></texts></PHPModuleRef><PHPModuleRef>
<t>odbc_binmode</t>
<mn>odbc</mn>
<ft>F</ft>
<ver>4_0_0,4_0_1,4_0_2,4_0_3,4_0_4,4_0_5,4_0_6,4_1_0,4_1_1,4_1_2,4_2_0,4_2_1,4_2_2,4_2_3,4_3_0,4_3_1,4_3_10,4_3_11,4_3_2,4_3_3,4_3_4,4_3_5,4_3_6,4_3_7,4_3_8,4_3_9,4_4_0,4_4_1,4_4_2,4_4_3,4_4_4,4_4_5,4_4_6,4_cvs,5_0_0,5_0_1,5_0_2,5_0_3,5_1_0,5_1_1,5_1_2,5_1_3,5_1_4,5_1_5,5_1_6,5_2_0,5_2_1,5_cvs</ver>
<p4>bool odbc_binmode(int result_id, int mode)</p4>
<p4d>Handle binary column data </p4d>
<p5>bool odbc_binmode(int result_id, int mode)</p5>
<p5d>Handle binary column data </p5d>
<texts><text><lng>de</lng>
<d>Die Behandlung von Binärdaten</d>
</text><text><lng>en</lng>
<d>Handling of binary column data</d>
</text></texts></PHPModuleRef><PHPModuleRef>
<t>odbc_close</t>
<mn>odbc</mn>
<ft>F</ft>
<ver>4_0_0,4_0_1,4_0_2,4_0_3,4_0_4,4_0_5,4_0_6,4_1_0,4_1_1,4_1_2,4_2_0,4_2_1,4_2_2,4_2_3,4_3_0,4_3_1,4_3_10,4_3_11,4_3_2,4_3_3,4_3_4,4_3_5,4_3_6,4_3_7,4_3_8,4_3_9,4_4_0,4_4_1,4_4_2,4_4_3,4_4_4,4_4_5,4_4_6,4_cvs,5_0_0,5_0_1,5_0_2,5_0_3,5_1_0,5_1_1,5_1_2,5_1_3,5_1_4,5_1_5,5_1_6,5_2_0,5_2_1,5_cvs</ver>
<p4>void odbc_close(resource connection_id)</p4>
<p4d>Close an ODBC connection </p4d>
<p5>void odbc_close(resource connection_id)</p5>
<p5d>Close an ODBC connection </p5d>
<texts><text><lng>de</lng>
<d>Beendet eine ODBC-Verbindung</d>
</text><text><lng>en</lng>
<d>Close an ODBC connection</d>
</text></texts></PHPModuleRef><PHPModuleRef>
<t>odbc_close_all</t>
<mn>odbc</mn>
<ft>F</ft>
<ver>4_0_0,4_0_1,4_0_2,4_0_3,4_0_4,4_0_5,4_0_6,4_1_0,4_1_1,4_1_2,4_2_0,4_2_1,4_2_2,4_2_3,4_3_0,4_3_1,4_3_10,4_3_11,4_3_2,4_3_3,4_3_4,4_3_5,4_3_6,4_3_7,4_3_8,4_3_9,4_4_0,4_4_1,4_4_2,4_4_3,4_4_4,4_4_5,4_4_6,4_cvs,5_0_0,5_0_1,5_0_2,5_0_3,5_1_0,5_1_1,5_1_2,5_1_3,5_1_4,5_1_5,5_1_6,5_2_0,5_2_1,5_cvs</ver>
<p4>void odbc_close_all(void)</p4>
<p4d>Close all ODBC connections </p4d>
<p5>void odbc_close_all(void)</p5>
<p5d>Close all ODBC connections </p5d>
<texts><text><lng>de</lng>
<d>Beendet alle ODBC-Verbindungen</d>
</text><text><lng>en</lng>
<d>Close all ODBC connections</d>
</text></texts></PHPModuleRef><PHPModuleRef>
<t>odbc_columnprivileges</t>
<mn>odbc</mn>
<ft>F</ft>
<ver>4_0_0,4_0_1,4_0_2,4_0_3,4_0_4,4_0_5,4_0_6,4_1_0,4_1_1,4_1_2,4_2_0,4_2_1,4_2_2,4_2_3,4_3_0,4_3_1,4_3_10,4_3_11,4_3_2,4_3_3,4_3_4,4_3_5,4_3_6,4_3_7,4_3_8,4_3_9,4_4_0,4_4_1,4_4_2,4_4_3,4_4_4,4_4_5,4_4_6,4_cvs,5_0_0,5_0_1,5_0_2,5_0_3,5_1_0,5_1_1,5_1_2,5_1_3,5_1_4,5_1_5,5_1_6,5_2_0,5_2_1,5_cvs</ver>
<p4>resource odbc_columnprivileges(resource connection_id, string catalog, string schema, string table,</p4>
<p4d>Returns a result identifier that can be used to fetch a list of columns and associated privileges for the specified table </p4d>
<p5>resource odbc_columnprivileges(resource connection_id, string catalog, string schema, string table,</p5>
<p5d>Returns a result identifier that can be used to fetch a list of columns and associated privileges for the specified table </p5d>
<texts><text><lng>de</lng>
<d>Liefert eine Ergebnis-Resource zurück, die eine Liste 
      von Spalten und damit verbundenen Rechten enthält.</d>
</text><text><lng>en</lng>
<d>Returns a result identifier that can be used to fetch a list of columns and associated privileges</d>
</text></texts></PHPModuleRef><PHPModuleRef>
<t>odbc_columns</t>
<mn>odbc</mn>
<ft>F</ft>
<ver>4_0_0,4_0_1,4_0_2,4_0_3,4_0_4,4_0_5,4_0_6,4_1_0,4_1_1,4_1_2,4_2_0,4_2_1,4_2_2,4_2_3,4_3_0,4_3_1,4_3_10,4_3_11,4_3_2,4_3_3,4_3_4,4_3_5,4_3_6,4_3_7,4_3_8,4_3_9,4_4_0,4_4_1,4_4_2,4_4_3,4_4_4,4_4_5,4_4_6,4_cvs,5_0_0,5_0_1,5_0_2,5_0_3,5_1_0,5_1_1,5_1_2,5_1_3,5_1_4,5_1_5,5_1_6,5_2_0,5_2_1,5_cvs</ver>
<p4>resource odbc_columns(resource connection_id [, string qualifier [, string owner [, string table_nam</p4>
<p4d>Returns a result identifier that can be used to fetch a list of column names in specified tables </p4d>
<p5>resource odbc_columns(resource connection_id [, string qualifier [, string owner [, string table_nam</p5>
<p5d>Returns a result identifier that can be used to fetch a list of column names in specified tables </p5d>
<texts><text><lng>en</lng>
<d>Lists the column names in specified tables</d>
</text></texts></PHPModuleRef><PHPModuleRef>
<t>odbc_commit</t>
<mn>odbc</mn>
<ft>F</ft>
<ver>4_0_0,4_0_1,4_0_2,4_0_3,4_0_4,4_0_5,4_0_6,4_1_0,4_1_1,4_1_2,4_2_0,4_2_1,4_2_2,4_2_3,4_3_0,4_3_1,4_3_10,4_3_11,4_3_2,4_3_3,4_3_4,4_3_5,4_3_6,4_3_7,4_3_8,4_3_9,4_4_0,4_4_1,4_4_2,4_4_3,4_4_4,4_4_5,4_4_6,4_cvs,5_0_0,5_0_1,5_0_2,5_0_3,5_1_0,5_1_1,5_1_2,5_1_3,5_1_4,5_1_5,5_1_6,5_2_0,5_2_1,5_cvs</ver>
<p4>bool odbc_commit(resource connection_id)</p4>
<p4d>Commit an ODBC transaction </p4d>
<p5>bool odbc_commit(resource connection_id)</p5>
<p5d>Commit an ODBC transaction </p5d>
<texts><text><lng>de</lng>
<d>Führt eine ODBC-Transaktion aus</d>
</text><text><lng>en</lng>
<d>Commit an ODBC transaction</d>
</text></texts></PHPModuleRef><PHPModuleRef>
<t>odbc_connect</t>
<mn>odbc</mn>
<ft>F</ft>
<ver>4_0_0,4_0_1,4_0_2,4_0_3,4_0_4,4_0_5,4_0_6,4_1_0,4_1_1,4_1_2,4_2_0,4_2_1,4_2_2,4_2_3,4_3_0,4_3_1,4_3_10,4_3_11,4_3_2,4_3_3,4_3_4,4_3_5,4_3_6,4_3_7,4_3_8,4_3_9,4_4_0,4_4_1,4_4_2,4_4_3,4_4_4,4_4_5,4_4_6,4_cvs,5_0_0,5_0_1,5_0_2,5_0_3,5_1_0,5_1_1,5_1_2,5_1_3,5_1_4,5_1_5,5_1_6,5_2_0,5_2_1,5_cvs</ver>
<p4>resource odbc_connect(string DSN, string user, string password [, int cursor_option])</p4>
<p4d>Connect to a datasource </p4d>
<p5>resource odbc_connect(string DSN, string user, string password [, int cursor_option])</p5>
<p5d>Connect to a datasource </p5d>
<texts><text><lng>de</lng>
<d>Baut die Verbindung zu einer ODBC-Datenquelle auf</d>
</text><text><lng>en</lng>
<d>Connect to a datasource</d>
</text></texts></PHPModuleRef><PHPModuleRef>
<t>odbc_cursor</t>
<mn>odbc</mn>
<ft>F</ft>
<ver>4_0_0,4_0_1,4_0_2,4_0_3,4_0_4,4_0_5,4_0_6,4_1_0,4_1_1,4_1_2,4_2_0,4_2_1,4_2_2,4_2_3,4_3_0,4_3_1,4_3_10,4_3_11,4_3_2,4_3_3,4_3_4,4_3_5,4_3_6,4_3_7,4_3_8,4_3_9,4_4_0,4_4_1,4_4_2,4_4_3,4_4_4,4_4_5,4_4_6,4_cvs,5_0_0,5_0_1,5_0_2,5_0_3,5_1_0,5_1_1,5_1_2,5_1_3,5_1_4,5_1_5,5_1_6,5_2_0,5_2_1,5_cvs</ver>
<p4>string odbc_cursor(resource result_id)</p4>
<p4d>Get cursor name </p4d>
<p5>string odbc_cursor(resource result_id)</p5>
<p5d>Get cursor name </p5d>
<texts><text><lng>de</lng>
<d>Findet den Cursornamen heraus</d>
</text><text><lng>en</lng>
<d>Get cursorname</d>
</text></texts></PHPModuleRef><PHPModuleRef>
<t>odbc_data_source</t>
<mn>odbc</mn>
<ft>F</ft>
<ver>4_3_0,4_3_1,4_3_10,4_3_11,4_3_2,4_3_3,4_3_4,4_3_5,4_3_6,4_3_7,4_3_8,4_3_9,4_4_0,4_4_1,4_4_2,4_4_3,4_4_4,4_4_5,4_4_6,4_cvs,5_0_0,5_0_1,5_0_2,5_0_3,5_1_0,5_1_1,5_1_2,5_1_3,5_1_4,5_1_5,5_1_6,5_2_0,5_2_1,5_cvs</ver>
<p4>array odbc_data_source(resource connection_id, int fetch_type)</p4>
<p4d>Return information about the currently connected data source </p4d>
<p5>array odbc_data_source(resource connection_id, int fetch_type)</p5>
<p5d>Return information about the currently connected data source </p5d>
<texts><text><lng>en</lng>
<d>Returns information about a current connection</d>
</text></texts></PHPModuleRef><PHPModuleRef>
<t>odbc_do</t>
<mn>odbc</mn>
<ft>A</ft>
<af>odbc_exec</af>
<ver>4_0_0,4_0_1,4_0_2,4_0_3,4_0_4,4_0_5,4_0_6,4_1_0,4_1_1,4_1_2,4_2_0,4_2_1,4_2_2,4_2_3,4_3_0,4_3_1,4_3_10,4_3_11,4_3_2,4_3_3,4_3_4,4_3_5,4_3_6,4_3_7,4_3_8,4_3_9,4_4_0,4_4_1,4_4_2,4_4_3,4_4_4,4_4_5,4_4_6,4_cvs,5_0_0,5_0_1,5_0_2,5_0_3,5_1_0,5_1_1,5_1_2,5_1_3,5_1_4,5_1_5,5_1_6,5_2_0,5_2_1,5_cvs</ver>
</PHPModuleRef><PHPModuleRef>
<t>odbc_error</t>
<mn>odbc</mn>
<ft>F</ft>
<ver>4_0_5,4_0_6,4_1_0,4_1_1,4_1_2,4_2_0,4_2_1,4_2_2,4_2_3,4_3_0,4_3_1,4_3_10,4_3_11,4_3_2,4_3_3,4_3_4,4_3_5,4_3_6,4_3_7,4_3_8,4_3_9,4_4_0,4_4_1,4_4_2,4_4_3,4_4_4,4_4_5,4_4_6,4_cvs,5_0_0,5_0_1,5_0_2,5_0_3,5_1_0,5_1_1,5_1_2,5_1_3,5_1_4,5_1_5,5_1_6,5_2_0,5_2_1,5_cvs</ver>
<p4>string odbc_error([resource connection_id])</p4>
<p4d>Get the last error code </p4d>
<p5>string odbc_error([resource connection_id])</p5>
<p5d>Get the last error code </p5d>
<texts><text><lng>en</lng>
<d>Get the last error code</d>
</text></texts></PHPModuleRef><PHPModuleRef>
<t>odbc_errormsg</t>
<mn>odbc</mn>
<ft>F</ft>
<ver>4_0_5,4_0_6,4_1_0,4_1_1,4_1_2,4_2_0,4_2_1,4_2_2,4_2_3,4_3_0,4_3_1,4_3_10,4_3_11,4_3_2,4_3_3,4_3_4,4_3_5,4_3_6,4_3_7,4_3_8,4_3_9,4_4_0,4_4_1,4_4_2,4_4_3,4_4_4,4_4_5,4_4_6,4_cvs,5_0_0,5_0_1,5_0_2,5_0_3,5_1_0,5_1_1,5_1_2,5_1_3,5_1_4,5_1_5,5_1_6,5_2_0,5_2_1,5_cvs</ver>
<p4>string odbc_errormsg([resource connection_id])</p4>
<p4d>Get the last error message </p4d>
<p5>string odbc_errormsg([resource connection_id])</p5>
<p5d>Get the last error message </p5d>
<texts><text><lng>en</lng>
<d>Get the last error message</d>
</text></texts></PHPModuleRef><PHPModuleRef>
<t>odbc_exec</t>
<mn>odbc</mn>
<ft>F</ft>
<ver>4_0_0,4_0_1,4_0_2,4_0_3,4_0_4,4_0_5,4_0_6,4_1_0,4_1_1,4_1_2,4_2_0,4_2_1,4_2_2,4_2_3,4_3_0,4_3_1,4_3_10,4_3_11,4_3_2,4_3_3,4_3_4,4_3_5,4_3_6,4_3_7,4_3_8,4_3_9,4_4_0,4_4_1,4_4_2,4_4_3,4_4_4,4_4_5,4_4_6,4_cvs,5_0_0,5_0_1,5_0_2,5_0_3,5_1_0,5_1_1,5_1_2,5_1_3,5_1_4,5_1_5,5_1_6,5_2_0,5_2_1,5_cvs</ver>
<p4>resource odbc_exec(resource connection_id, string query [, int flags])</p4>
<p4d>Prepare and execute an SQL statement </p4d>
<p5>resource odbc_exec(resource connection_id, string query [, int flags])</p5>
<p5d>Prepare and execute an SQL statement </p5d>
<texts><text><lng>de</lng>
<d>Bereitet einen SQL-Befehl auf und führt ihn aus</d>
</text><text><lng>en</lng>
<d>Prepare and execute a SQL statement</d>
</text></texts></PHPModuleRef><PHPModuleRef>
<t>odbc_execute</t>
<mn>odbc</mn>
<ft>F</ft>
<ver>4_0_0,4_0_1,4_0_2,4_0_3,4_0_4,4_0_5,4_0_6,4_1_0,4_1_1,4_1_2,4_2_0,4_2_1,4_2_2,4_2_3,4_3_0,4_3_1,4_3_10,4_3_11,4_3_2,4_3_3,4_3_4,4_3_5,4_3_6,4_3_7,4_3_8,4_3_9,4_4_0,4_4_1,4_4_2,4_4_3,4_4_4,4_4_5,4_4_6,4_cvs,5_0_0,5_0_1,5_0_2,5_0_3,5_1_0,5_1_1,5_1_2,5_1_3,5_1_4,5_1_5,5_1_6,5_2_0,5_2_1,5_cvs</ver>
<p4>bool odbc_execute(resource result_id [, array parameters_array])</p4>
<p4d>Execute a prepared statement </p4d>
<p5>bool odbc_execute(resource result_id [, array parameters_array])</p5>
<p5d>Execute a prepared statement </p5d>
<texts><text><lng>de</lng>
<d>Führt ein vorbereiteten SQL-Befehl aus</d>
</text><text><lng>en</lng>
<d>Execute a prepared statement</d>
</text></texts></PHPModuleRef><PHPModuleRef>
<t>odbc_fetch_array</t>
<mn>odbc</mn>
<ft>F</ft>
<ver>4_0_2,4_0_3,4_0_4,4_0_5,4_0_6,4_1_0,4_1_1,4_1_2,4_2_0,4_2_1,4_2_2,4_2_3,4_3_0,4_3_1,4_3_10,4_3_11,4_3_2,4_3_3,4_3_4,4_3_5,4_3_6,4_3_7,4_3_8,4_3_9,4_4_0,4_4_1,4_4_2,4_4_3,4_4_4,4_4_5,4_4_6,4_cvs,5_0_0,5_0_1,5_0_2,5_0_3,5_1_0,5_1_1,5_1_2,5_1_3,5_1_4,5_1_5,5_1_6,5_2_0,5_2_1,5_cvs</ver>
<p4>array odbc_fetch_array(int result [, int rownumber])</p4>
<p4d>Fetch a result row as an associative array </p4d>
<p5>array odbc_fetch_array(int result [, int rownumber])</p5>
<p5d>Fetch a result row as an associative array </p5d>
<texts><text><lng>en</lng>
<d>Fetch a result row as an associative array</d>
</text></texts></PHPModuleRef><PHPModuleRef>
<t>odbc_fetch_into</t>
<mn>odbc</mn>
<ft>F</ft>
<ver>4_0_0,4_0_1,4_0_2,4_0_3,4_0_4,4_0_5,4_0_6,4_1_0,4_1_1,4_1_2,4_2_0,4_2_1,4_2_2,4_2_3,4_3_0,4_3_1,4_3_10,4_3_11,4_3_2,4_3_3,4_3_4,4_3_5,4_3_6,4_3_7,4_3_8,4_3_9,4_4_0,4_4_1,4_4_2,4_4_3,4_4_4,4_4_5,4_4_6,4_cvs,5_0_0,5_0_1,5_0_2,5_0_3,5_1_0,5_1_1,5_1_2,5_1_3,5_1_4,5_1_5,5_1_6,5_2_0,5_2_1,5_cvs</ver>
<p4>int odbc_fetch_into(resource result_id, array result_array, [, int rownumber])</p4>
<p4d>Fetch one result row into an array </p4d>
<p5>int odbc_fetch_into(resource result_id, array result_array, [, int rownumber])</p5>
<p5d>Fetch one result row into an array </p5d>
<texts><text><lng>de</lng>
<d>Eine Ergebniszeile in ein Array stellen</d>
</text><text><lng>en</lng>
<d>Fetch one result row into array</d>
</text></texts></PHPModuleRef><PHPModuleRef>
<t>odbc_fetch_object</t>
<mn>odbc</mn>
<ft>F</ft>
<ver>4_0_2,4_0_3,4_0_4,4_0_5,4_0_6,4_1_0,4_1_1,4_1_2,4_2_0,4_2_1,4_2_2,4_2_3,4_3_0,4_3_1,4_3_10,4_3_11,4_3_2,4_3_3,4_3_4,4_3_5,4_3_6,4_3_7,4_3_8,4_3_9,4_4_0,4_4_1,4_4_2,4_4_3,4_4_4,4_4_5,4_4_6,4_cvs,5_0_0,5_0_1,5_0_2,5_0_3,5_1_0,5_1_1,5_1_2,5_1_3,5_1_4,5_1_5,5_1_6,5_2_0,5_2_1,5_cvs</ver>
<p4>object odbc_fetch_object(int result [, int rownumber])</p4>
<p4d>Fetch a result row as an object </p4d>
<p5>object odbc_fetch_object(int result [, int rownumber])</p5>
<p5d>Fetch a result row as an object </p5d>
<texts><text><lng>en</lng>
<d>Fetch a result row as an object</d>
</text></texts></PHPModuleRef><PHPModuleRef>
<t>odbc_fetch_row</t>
<mn>odbc</mn>
<ft>F</ft>
<ver>4_0_0,4_0_1,4_0_2,4_0_3,4_0_4,4_0_5,4_0_6,4_1_0,4_1_1,4_1_2,4_2_0,4_2_1,4_2_2,4_2_3,4_3_0,4_3_1,4_3_10,4_3_11,4_3_2,4_3_3,4_3_4,4_3_5,4_3_6,4_3_7,4_3_8,4_3_9,4_4_0,4_4_1,4_4_2,4_4_3,4_4_4,4_4_5,4_4_6,4_cvs,5_0_0,5_0_1,5_0_2,5_0_3,5_1_0,5_1_1,5_1_2,5_1_3,5_1_4,5_1_5,5_1_6,5_2_0,5_2_1,5_cvs</ver>
<p4>bool odbc_fetch_row(resource result_id [, int row_number])</p4>
<p4d>Fetch a row </p4d>
<p5>bool odbc_fetch_row(resource result_id [, int row_number])</p5>
<p5d>Fetch a row </p5d>
<texts><text><lng>de</lng>
<d>Liefert eine Datenzeile zurück</d>
</text><text><lng>en</lng>
<d>Fetch a row</d>
</text></texts></PHPModuleRef><PHPModuleRef>
<t>odbc_field_len</t>
<mn>odbc</mn>
<ft>F</ft>
<ver>4_0_0,4_0_1,4_0_2,4_0_3,4_0_4,4_0_5,4_0_6,4_1_0,4_1_1,4_1_2,4_2_0,4_2_1,4_2_2,4_2_3,4_3_0,4_3_1,4_3_10,4_3_11,4_3_2,4_3_3,4_3_4,4_3_5,4_3_6,4_3_7,4_3_8,4_3_9,4_4_0,4_4_1,4_4_2,4_4_3,4_4_4,4_4_5,4_4_6,4_cvs,5_0_0,5_0_1,5_0_2,5_0_3,5_1_0,5_1_1,5_1_2,5_1_3,5_1_4,5_1_5,5_1_6,5_2_0,5_2_1,5_cvs</ver>
<p4>int odbc_field_len(resource result_id, int field_number)</p4>
<p4d>Get the length (precision) of a column </p4d>
<p5>int odbc_field_len(resource result_id, int field_number)</p5>
<p5d>Get the length (precision) of a column </p5d>
<texts><text><lng>de</lng>
<d>Bestimmt die Länge eines Feldes</d>
</text><text><lng>en</lng>
<d>Get the length (precision) of a field</d>
</text></texts></PHPModuleRef><PHPModuleRef>
<t>odbc_field_name</t>
<mn>odbc</mn>
<ft>F</ft>
<ver>4_0_0,4_0_1,4_0_2,4_0_3,4_0_4,4_0_5,4_0_6,4_1_0,4_1_1,4_1_2,4_2_0,4_2_1,4_2_2,4_2_3,4_3_0,4_3_1,4_3_10,4_3_11,4_3_2,4_3_3,4_3_4,4_3_5,4_3_6,4_3_7,4_3_8,4_3_9,4_4_0,4_4_1,4_4_2,4_4_3,4_4_4,4_4_5,4_4_6,4_cvs,5_0_0,5_0_1,5_0_2,5_0_3,5_1_0,5_1_1,5_1_2,5_1_3,5_1_4,5_1_5,5_1_6,5_2_0,5_2_1,5_cvs</ver>
<p4>string odbc_field_name(resource result_id, int field_number)</p4>
<p4d>Get a column name </p4d>
<p5>string odbc_field_name(resource result_id, int field_number)</p5>
<p5d>Get a column name </p5d>
<texts><text><lng>de</lng>
<d>Liefert die Spaltenbezeichnung</d>
</text><text><lng>en</lng>
<d>Get the columnname</d>
</text></texts></PHPModuleRef><PHPModuleRef>
<t>odbc_field_num</t>
<mn>odbc</mn>
<ft>F</ft>
<ver>4_0_0,4_0_1,4_0_2,4_0_3,4_0_4,4_0_5,4_0_6,4_1_0,4_1_1,4_1_2,4_2_0,4_2_1,4_2_2,4_2_3,4_3_0,4_3_1,4_3_10,4_3_11,4_3_2,4_3_3,4_3_4,4_3_5,4_3_6,4_3_7,4_3_8,4_3_9,4_4_0,4_4_1,4_4_2,4_4_3,4_4_4,4_4_5,4_4_6,4_cvs,5_0_0,5_0_1,5_0_2,5_0_3,5_1_0,5_1_1,5_1_2,5_1_3,5_1_4,5_1_5,5_1_6,5_2_0,5_2_1,5_cvs</ver>
<p4>int odbc_field_num(resource result_id, string field_name)</p4>
<p4d>Return column number </p4d>
<p5>int odbc_field_num(resource result_id, string field_name)</p5>
<p5d>Return column number </p5d>
<texts><text><lng>de</lng>
<d>Liefert die Spaltennummer für eine Spaltenbezeichnung</d>
</text><text><lng>en</lng>
<d>Return column number</d>
</text></texts></PHPModuleRef><PHPModuleRef>
<t>odbc_field_precision</t>
<mn>odbc</mn>
<ft>A</ft>
<af>odbc_field_len</af>
<ver>4_0_0,4_0_1,4_0_2,4_0_3,4_0_4,4_0_5,4_0_6,4_1_0,4_1_1,4_1_2,4_2_0,4_2_1,4_2_2,4_2_3,4_3_0,4_3_1,4_3_10,4_3_11,4_3_2,4_3_3,4_3_4,4_3_5,4_3_6,4_3_7,4_3_8,4_3_9,4_4_0,4_4_1,4_4_2,4_4_3,4_4_4,4_4_5,4_4_6,4_cvs,5_0_0,5_0_1,5_0_2,5_0_3,5_1_0,5_1_1,5_1_2,5_1_3,5_1_4,5_1_5,5_1_6,5_2_0,5_2_1,5_cvs</ver>
</PHPModuleRef><PHPModuleRef>
<t>odbc_field_scale</t>
<mn>odbc</mn>
<ft>F</ft>
<ver>4_0_0,4_0_1,4_0_2,4_0_3,4_0_4,4_0_5,4_0_6,4_1_0,4_1_1,4_1_2,4_2_0,4_2_1,4_2_2,4_2_3,4_3_0,4_3_1,4_3_10,4_3_11,4_3_2,4_3_3,4_3_4,4_3_5,4_3_6,4_3_7,4_3_8,4_3_9,4_4_0,4_4_1,4_4_2,4_4_3,4_4_4,4_4_5,4_4_6,4_cvs,5_0_0,5_0_1,5_0_2,5_0_3,5_1_0,5_1_1,5_1_2,5_1_3,5_1_4,5_1_5,5_1_6,5_2_0,5_2_1,5_cvs</ver>
<p4>int odbc_field_scale(resource result_id, int field_number)</p4>
<p4d>Get the scale of a column </p4d>
<p5>int odbc_field_scale(resource result_id, int field_number)</p5>
<p5d>Get the scale of a column </p5d>
<texts><text><lng>en</lng>
<d>Get the scale of a field</d>
</text></texts></PHPModuleRef><PHPModuleRef>
<t>odbc_field_type</t>
<mn>odbc</mn>
<ft>F</ft>
<ver>4_0_0,4_0_1,4_0_2,4_0_3,4_0_4,4_0_5,4_0_6,4_1_0,4_1_1,4_1_2,4_2_0,4_2_1,4_2_2,4_2_3,4_3_0,4_3_1,4_3_10,4_3_11,4_3_2,4_3_3,4_3_4,4_3_5,4_3_6,4_3_7,4_3_8,4_3_9,4_4_0,4_4_1,4_4_2,4_4_3,4_4_4,4_4_5,4_4_6,4_cvs,5_0_0,5_0_1,5_0_2,5_0_3,5_1_0,5_1_1,5_1_2,5_1_3,5_1_4,5_1_5,5_1_6,5_2_0,5_2_1,5_cvs</ver>
<p4>string odbc_field_type(resource result_id, int field_number)</p4>
<p4d>Get the datatype of a column </p4d>
<p5>string odbc_field_type(resource result_id, int field_number)</p5>
<p5d>Get the datatype of a column </p5d>
<texts><text><lng>de</lng>
<d>Liefert den Datentyp eines Feldes</d>
</text><text><lng>en</lng>
<d>Datatype of a field</d>
</text></texts></PHPModuleRef><PHPModuleRef>
<t>odbc_foreignkeys</t>
<mn>odbc</mn>
<ft>F</ft>
<ver>4_0_0,4_0_1,4_0_2,4_0_3,4_0_4,4_0_5,4_0_6,4_1_0,4_1_1,4_1_2,4_2_0,4_2_1,4_2_2,4_2_3,4_3_0,4_3_1,4_3_10,4_3_11,4_3_2,4_3_3,4_3_4,4_3_5,4_3_6,4_3_7,4_3_8,4_3_9,4_4_0,4_4_1,4_4_2,4_4_3,4_4_4,4_4_5,4_4_6,4_cvs,5_0_0,5_0_1,5_0_2,5_0_3,5_1_0,5_1_1,5_1_2,5_1_3,5_1_4,5_1_5,5_1_6,5_2_0,5_2_1,5_cvs</ver>
<p4>resource odbc_foreignkeys(resource connection_id, string pk_qualifier, string pk_owner, string pk_ta</p4>
<p4d>Returns a result identifier to either a list of foreign keys in the specified table or a list of foreign keys in other tables that refer to the primary key in the specified table </p4d>
<p5>resource odbc_foreignkeys(resource connection_id, string pk_qualifier, string pk_owner, string pk_ta</p5>
<p5d>Returns a result identifier to either a list of foreign keys in the specified table or a list of foreign keys in other tables that refer to the primary key in the specified table </p5d>
<texts><text><lng>en</lng>
<d>Returns a list of foreign keys in the specified table or a list of foreign keys in other tables that refer to the primary key in the specified table</d>
</text></texts></PHPModuleRef><PHPModuleRef>
<t>odbc_free_result</t>
<mn>odbc</mn>
<ft>F</ft>
<ver>4_0_0,4_0_1,4_0_2,4_0_3,4_0_4,4_0_5,4_0_6,4_1_0,4_1_1,4_1_2,4_2_0,4_2_1,4_2_2,4_2_3,4_3_0,4_3_1,4_3_10,4_3_11,4_3_2,4_3_3,4_3_4,4_3_5,4_3_6,4_3_7,4_3_8,4_3_9,4_4_0,4_4_1,4_4_2,4_4_3,4_4_4,4_4_5,4_4_6,4_cvs,5_0_0,5_0_1,5_0_2,5_0_3,5_1_0,5_1_1,5_1_2,5_1_3,5_1_4,5_1_5,5_1_6,5_2_0,5_2_1,5_cvs</ver>
<p4>bool odbc_free_result(resource result_id)</p4>
<p4d>Free resources associated with a result </p4d>
<p5>bool odbc_free_result(resource result_id)</p5>
<p5d>Free resources associated with a result </p5d>
<texts><text><lng>de</lng>
<d>Gibt den durch ein Abfrageergebnis belegten Speicher wieder frei</d>
</text><text><lng>en</lng>
<d>Free resources associated with a result</d>
</text></texts></PHPModuleRef><PHPModuleRef>
<t>odbc_gettypeinfo</t>
<mn>odbc</mn>
<ft>F</ft>
<ver>4_0_0,4_0_1,4_0_2,4_0_3,4_0_4,4_0_5,4_0_6,4_1_0,4_1_1,4_1_2,4_2_0,4_2_1,4_2_2,4_2_3,4_3_0,4_3_1,4_3_10,4_3_11,4_3_2,4_3_3,4_3_4,4_3_5,4_3_6,4_3_7,4_3_8,4_3_9,4_4_0,4_4_1,4_4_2,4_4_3,4_4_4,4_4_5,4_4_6,4_cvs,5_0_0,5_0_1,5_0_2,5_0_3,5_1_0,5_1_1,5_1_2,5_1_3,5_1_4,5_1_5,5_1_6,5_2_0,5_2_1,5_cvs</ver>
<p4>resource odbc_gettypeinfo(resource connection_id [, int data_type])</p4>
<p4d>Returns a result identifier containing information about data types supported by the data source </p4d>
<p5>resource odbc_gettypeinfo(resource connection_id [, int data_type])</p5>
<p5d>Returns a result identifier containing information about data types supported by the data source </p5d>
<texts><text><lng>en</lng>
<d>Returns a result identifier containing information about data types supported by the data source</d>
</text></texts></PHPModuleRef><PHPModuleRef>
<t>odbc_longreadlen</t>
<mn>odbc</mn>
<ft>F</ft>
<ver>4_0_0,4_0_1,4_0_2,4_0_3,4_0_4,4_0_5,4_0_6,4_1_0,4_1_1,4_1_2,4_2_0,4_2_1,4_2_2,4_2_3,4_3_0,4_3_1,4_3_10,4_3_11,4_3_2,4_3_3,4_3_4,4_3_5,4_3_6,4_3_7,4_3_8,4_3_9,4_4_0,4_4_1,4_4_2,4_4_3,4_4_4,4_4_5,4_4_6,4_cvs,5_0_0,5_0_1,5_0_2,5_0_3,5_1_0,5_1_1,5_1_2,5_1_3,5_1_4,5_1_5,5_1_6,5_2_0,5_2_1,5_cvs</ver>
<p4>bool odbc_longreadlen(int result_id, int length)</p4>
<p4d>Handle LONG columns </p4d>
<p5>bool odbc_longreadlen(int result_id, int length)</p5>
<p5d>Handle LONG columns </p5d>
<texts><text><lng>de</lng>
<d>Steuert die Nutzung von LONG-Spalten</d>
</text><text><lng>en</lng>
<d>Handling of LONG columns</d>
</text></texts></PHPModuleRef><PHPModuleRef>
<t>odbc_next_result</t>
<mn>odbc</mn>
<ft>F</ft>
<ver>4_0_5,4_0_6,4_1_0,4_1_1,4_1_2,4_2_0,4_2_1,4_2_2,4_2_3,4_3_0,4_3_1,4_3_10,4_3_11,4_3_2,4_3_3,4_3_4,4_3_5,4_3_6,4_3_7,4_3_8,4_3_9,4_4_0,4_4_1,4_4_2,4_4_3,4_4_4,4_4_5,4_4_6,4_cvs,5_0_0,5_0_1,5_0_2,5_0_3,5_1_0,5_1_1,5_1_2,5_1_3,5_1_4,5_1_5,5_1_6,5_2_0,5_2_1,5_cvs</ver>
<p4>bool odbc_next_result(resource result_id)</p4>
<p4d>Checks if multiple results are avaiable </p4d>
<p5>bool odbc_next_result(resource result_id)</p5>
<p5d>Checks if multiple results are avaiable </p5d>
<texts><text><lng>en</lng>
<d>Checks if multiple results are available</d>
</text></texts></PHPModuleRef><PHPModuleRef>
<t>odbc_num_fields</t>
<mn>odbc</mn>
<ft>F</ft>
<ver>4_0_0,4_0_1,4_0_2,4_0_3,4_0_4,4_0_5,4_0_6,4_1_0,4_1_1,4_1_2,4_2_0,4_2_1,4_2_2,4_2_3,4_3_0,4_3_1,4_3_10,4_3_11,4_3_2,4_3_3,4_3_4,4_3_5,4_3_6,4_3_7,4_3_8,4_3_9,4_4_0,4_4_1,4_4_2,4_4_3,4_4_4,4_4_5,4_4_6,4_cvs,5_0_0,5_0_1,5_0_2,5_0_3,5_1_0,5_1_1,5_1_2,5_1_3,5_1_4,5_1_5,5_1_6,5_2_0,5_2_1,5_cvs</ver>
<p4>int odbc_num_fields(resource result_id)</p4>
<p4d>Get number of columns in a result </p4d>
<p5>int odbc_num_fields(resource result_id)</p5>
<p5d>Get number of columns in a result </p5d>
<texts><text><lng>de</lng>
<d>Liefert die Anzahl der Ergebnisspalten</d>
</text><text><lng>en</lng>
<d>Number of columns in a result</d>
</text></texts></PHPModuleRef><PHPModuleRef>
<t>odbc_num_rows</t>
<mn>odbc</mn>
<ft>F</ft>
<ver>4_0_0,4_0_1,4_0_2,4_0_3,4_0_4,4_0_5,4_0_6,4_1_0,4_1_1,4_1_2,4_2_0,4_2_1,4_2_2,4_2_3,4_3_0,4_3_1,4_3_10,4_3_11,4_3_2,4_3_3,4_3_4,4_3_5,4_3_6,4_3_7,4_3_8,4_3_9,4_4_0,4_4_1,4_4_2,4_4_3,4_4_4,4_4_5,4_4_6,4_cvs,5_0_0,5_0_1,5_0_2,5_0_3,5_1_0,5_1_1,5_1_2,5_1_3,5_1_4,5_1_5,5_1_6,5_2_0,5_2_1,5_cvs</ver>
<p4>int odbc_num_rows(resource result_id)</p4>
<p4d>Get number of rows in a result </p4d>
<p5>int odbc_num_rows(resource result_id)</p5>
<p5d>Get number of rows in a result </p5d>
<texts><text><lng>de</lng>
<d>Ergibt die Zeilenzahl des Abfrageergebnisses</d>
</text><text><lng>en</lng>
<d>Number of rows in a result</d>
</text></texts></PHPModuleRef><PHPModuleRef>
<t>odbc_pconnect</t>
<mn>odbc</mn>
<ft>F</ft>
<ver>4_0_0,4_0_1,4_0_2,4_0_3,4_0_4,4_0_5,4_0_6,4_1_0,4_1_1,4_1_2,4_2_0,4_2_1,4_2_2,4_2_3,4_3_0,4_3_1,4_3_10,4_3_11,4_3_2,4_3_3,4_3_4,4_3_5,4_3_6,4_3_7,4_3_8,4_3_9,4_4_0,4_4_1,4_4_2,4_4_3,4_4_4,4_4_5,4_4_6,4_cvs,5_0_0,5_0_1,5_0_2,5_0_3,5_1_0,5_1_1,5_1_2,5_1_3,5_1_4,5_1_5,5_1_6,5_2_0,5_2_1,5_cvs</ver>
<p4>resource odbc_pconnect(string DSN, string user, string password [, int cursor_option])</p4>
<p4d>Establish a persistent connection to a datasource </p4d>
<p5>resource odbc_pconnect(string DSN, string user, string password [, int cursor_option])</p5>
<p5d>Establish a persistent connection to a datasource </p5d>
<texts><text><lng>de</lng>
<d>Öffnet eine persistente Datenbankverbindung</d>
</text><text><lng>en</lng>
<d>Open a persistent database connection</d>
</text></texts></PHPModuleRef><PHPModuleRef>
<t>odbc_prepare</t>
<mn>odbc</mn>
<ft>F</ft>
<ver>4_0_0,4_0_1,4_0_2,4_0_3,4_0_4,4_0_5,4_0_6,4_1_0,4_1_1,4_1_2,4_2_0,4_2_1,4_2_2,4_2_3,4_3_0,4_3_1,4_3_10,4_3_11,4_3_2,4_3_3,4_3_4,4_3_5,4_3_6,4_3_7,4_3_8,4_3_9,4_4_0,4_4_1,4_4_2,4_4_3,4_4_4,4_4_5,4_4_6,4_cvs,5_0_0,5_0_1,5_0_2,5_0_3,5_1_0,5_1_1,5_1_2,5_1_3,5_1_4,5_1_5,5_1_6,5_2_0,5_2_1,5_cvs</ver>
<p4>resource odbc_prepare(resource connection_id, string query)</p4>
<p4d>Prepares a statement for execution </p4d>
<p5>resource odbc_prepare(resource connection_id, string query)</p5>
<p5d>Prepares a statement for execution </p5d>
<texts><text><lng>de</lng>
<d>Stellt einen SQL-Befehl zur Ausführung bereit</d>
</text><text><lng>en</lng>
<d>Prepares a statement for execution</d>
</text></texts></PHPModuleRef><PHPModuleRef>
<t>odbc_primarykeys</t>
<mn>odbc</mn>
<ft>F</ft>
<ver>4_0_0,4_0_1,4_0_2,4_0_3,4_0_4,4_0_5,4_0_6,4_1_0,4_1_1,4_1_2,4_2_0,4_2_1,4_2_2,4_2_3,4_3_0,4_3_1,4_3_10,4_3_11,4_3_2,4_3_3,4_3_4,4_3_5,4_3_6,4_3_7,4_3_8,4_3_9,4_4_0,4_4_1,4_4_2,4_4_3,4_4_4,4_4_5,4_4_6,4_cvs,5_0_0,5_0_1,5_0_2,5_0_3,5_1_0,5_1_1,5_1_2,5_1_3,5_1_4,5_1_5,5_1_6,5_2_0,5_2_1,5_cvs</ver>
<p4>resource odbc_primarykeys(resource connection_id, string qualifier, string owner, string table)</p4>
<p4d>Returns a result identifier listing the column names that comprise the primary key for a table </p4d>
<p5>resource odbc_primarykeys(resource connection_id, string qualifier, string owner, string table)</p5>
<p5d>Returns a result identifier listing the column names that comprise the primary key for a table </p5d>
<texts><text><lng>en</lng>
<d>Returns a result identifier that can be used to fetch the column names that comprise the primary key for a table</d>
</text></texts></PHPModuleRef><PHPModuleRef>
<t>odbc_procedurecolumns</t>
<mn>odbc</mn>
<ft>F</ft>
<ver>4_0_0,4_0_1,4_0_2,4_0_3,4_0_4,4_0_5,4_0_6,4_1_0,4_1_1,4_1_2,4_2_0,4_2_1,4_2_2,4_2_3,4_3_0,4_3_1,4_3_10,4_3_11,4_3_2,4_3_3,4_3_4,4_3_5,4_3_6,4_3_7,4_3_8,4_3_9,4_4_0,4_4_1,4_4_2,4_4_3,4_4_4,4_4_5,4_4_6,4_cvs,5_0_0,5_0_1,5_0_2,5_0_3,5_1_0,5_1_1,5_1_2,5_1_3,5_1_4,5_1_5,5_1_6,5_2_0,5_2_1,5_cvs</ver>
<p4>resource odbc_procedurecolumns(resource connection_id [, string qualifier, string owner, string proc</p4>
<p4d>Returns a result identifier containing the list of input and output parameters, as well as the columns that make up the result set for the specified procedures </p4d>
<p5>resource odbc_procedurecolumns(resource connection_id [, string qualifier, string owner, string proc</p5>
<p5d>Returns a result identifier containing the list of input and output parameters, as well as the columns that make up the result set for the specified procedures </p5d>
<texts><text><lng>en</lng>
<d>Retrieve information about parameters to procedures</d>
</text></texts></PHPModuleRef><PHPModuleRef>
<t>odbc_procedures</t>
<mn>odbc</mn>
<ft>F</ft>
<ver>4_0_0,4_0_1,4_0_2,4_0_3,4_0_4,4_0_5,4_0_6,4_1_0,4_1_1,4_1_2,4_2_0,4_2_1,4_2_2,4_2_3,4_3_0,4_3_1,4_3_10,4_3_11,4_3_2,4_3_3,4_3_4,4_3_5,4_3_6,4_3_7,4_3_8,4_3_9,4_4_0,4_4_1,4_4_2,4_4_3,4_4_4,4_4_5,4_4_6,4_cvs,5_0_0,5_0_1,5_0_2,5_0_3,5_1_0,5_1_1,5_1_2,5_1_3,5_1_4,5_1_5,5_1_6,5_2_0,5_2_1,5_cvs</ver>
<p4>resource odbc_procedures(resource connection_id [, string qualifier, string owner, string name])</p4>
<p4d>Returns a result identifier containg the list of procedure names in a datasource </p4d>
<p5>resource odbc_procedures(resource connection_id [, string qualifier, string owner, string name])</p5>
<p5d>Returns a result identifier containg the list of procedure names in a datasource </p5d>
<texts><text><lng>en</lng>
<d>Get the list of procedures stored in a specific data source</d>
</text></texts></PHPModuleRef><PHPModuleRef>
<t>odbc_result</t>
<mn>odbc</mn>
<ft>F</ft>
<ver>4_0_0,4_0_1,4_0_2,4_0_3,4_0_4,4_0_5,4_0_6,4_1_0,4_1_1,4_1_2,4_2_0,4_2_1,4_2_2,4_2_3,4_3_0,4_3_1,4_3_10,4_3_11,4_3_2,4_3_3,4_3_4,4_3_5,4_3_6,4_3_7,4_3_8,4_3_9,4_4_0,4_4_1,4_4_2,4_4_3,4_4_4,4_4_5,4_4_6,4_cvs,5_0_0,5_0_1,5_0_2,5_0_3,5_1_0,5_1_1,5_1_2,5_1_3,5_1_4,5_1_5,5_1_6,5_2_0,5_2_1,5_cvs</ver>
<p4>mixed odbc_result(resource result_id, mixed field)</p4>
<p4d>Get result data </p4d>
<p5>mixed odbc_result(resource result_id, mixed field)</p5>
<p5d>Get result data </p5d>
<texts><text><lng>de</lng>
<d>Erlaubt den Zugriff auf die Ergebnisdaten</d>
</text><text><lng>en</lng>
<d>Get result data</d>
</text></texts></PHPModuleRef><PHPModuleRef>
<t>odbc_result_all</t>
<mn>odbc</mn>
<ft>F</ft>
<ver>4_0_0,4_0_1,4_0_2,4_0_3,4_0_4,4_0_5,4_0_6,4_1_0,4_1_1,4_1_2,4_2_0,4_2_1,4_2_2,4_2_3,4_3_0,4_3_1,4_3_10,4_3_11,4_3_2,4_3_3,4_3_4,4_3_5,4_3_6,4_3_7,4_3_8,4_3_9,4_4_0,4_4_1,4_4_2,4_4_3,4_4_4,4_4_5,4_4_6,4_cvs,5_0_0,5_0_1,5_0_2,5_0_3,5_1_0,5_1_1,5_1_2,5_1_3,5_1_4,5_1_5,5_1_6,5_2_0,5_2_1,5_cvs</ver>
<p4>int odbc_result_all(resource result_id [, string format])</p4>
<p4d>Print result as HTML table </p4d>
<p5>int odbc_result_all(resource result_id [, string format])</p5>
<p5d>Print result as HTML table </p5d>
<texts><text><lng>de</lng>
<d>Gibt das aktuelle Abfrageergebnis als HTML-Tabelle aus</d>
</text><text><lng>en</lng>
<d>Print result as HTML table</d>
</text></texts></PHPModuleRef><PHPModuleRef>
<t>odbc_rollback</t>
<mn>odbc</mn>
<ft>F</ft>
<ver>4_0_0,4_0_1,4_0_2,4_0_3,4_0_4,4_0_5,4_0_6,4_1_0,4_1_1,4_1_2,4_2_0,4_2_1,4_2_2,4_2_3,4_3_0,4_3_1,4_3_10,4_3_11,4_3_2,4_3_3,4_3_4,4_3_5,4_3_6,4_3_7,4_3_8,4_3_9,4_4_0,4_4_1,4_4_2,4_4_3,4_4_4,4_4_5,4_4_6,4_cvs,5_0_0,5_0_1,5_0_2,5_0_3,5_1_0,5_1_1,5_1_2,5_1_3,5_1_4,5_1_5,5_1_6,5_2_0,5_2_1,5_cvs</ver>
<p4>bool odbc_rollback(resource connection_id)</p4>
<p4d>Rollback a transaction </p4d>
<p5>bool odbc_rollback(resource connection_id)</p5>
<p5d>Rollback a transaction </p5d>
<texts><text><lng>de</lng>
<d>Hebt eine Transaktion wieder auf</d>
</text><text><lng>en</lng>
<d>Rollback a transaction</d>
</text></texts></PHPModuleRef><PHPModuleRef>
<t>odbc_setoption</t>
<mn>odbc</mn>
<ft>F</ft>
<ver>4_0_0,4_0_1,4_0_2,4_0_3,4_0_4,4_0_5,4_0_6,4_1_0,4_1_1,4_1_2,4_2_0,4_2_1,4_2_2,4_2_3,4_3_0,4_3_1,4_3_10,4_3_11,4_3_2,4_3_3,4_3_4,4_3_5,4_3_6,4_3_7,4_3_8,4_3_9,4_4_0,4_4_1,4_4_2,4_4_3,4_4_4,4_4_5,4_4_6,4_cvs,5_0_0,5_0_1,5_0_2,5_0_3,5_1_0,5_1_1,5_1_2,5_1_3,5_1_4,5_1_5,5_1_6,5_2_0,5_2_1,5_cvs</ver>
<p4>bool odbc_setoption(resource conn_id|result_id, int which, int option, int value)</p4>
<p4d>Sets connection or statement options </p4d>
<p5>bool odbc_setoption(resource conn_id|result_id, int which, int option, int value)</p5>
<p5d>Sets connection or statement options </p5d>
<texts><text><lng>de</lng>
<d>Verändert die ODBC-Einstellungen</d>
</text><text><lng>en</lng>
<d>Adjust ODBC settings</d>
</text></texts></PHPModuleRef><PHPModuleRef>
<t>odbc_specialcolumns</t>
<mn>odbc</mn>
<ft>F</ft>
<ver>4_0_0,4_0_1,4_0_2,4_0_3,4_0_4,4_0_5,4_0_6,4_1_0,4_1_1,4_1_2,4_2_0,4_2_1,4_2_2,4_2_3,4_3_0,4_3_1,4_3_10,4_3_11,4_3_2,4_3_3,4_3_4,4_3_5,4_3_6,4_3_7,4_3_8,4_3_9,4_4_0,4_4_1,4_4_2,4_4_3,4_4_4,4_4_5,4_4_6,4_cvs,5_0_0,5_0_1,5_0_2,5_0_3,5_1_0,5_1_1,5_1_2,5_1_3,5_1_4,5_1_5,5_1_6,5_2_0,5_2_1,5_cvs</ver>
<p4>resource odbc_specialcolumns(resource connection_id, int type, string qualifier, string owner, strin</p4>
<p4d>Returns a result identifier containing either the optimal set of columns that uniquely identifies a row in the table or columns that are automatically updated when any value in the row is updated by a transaction </p4d>
<p5>resource odbc_specialcolumns(resource connection_id, int type, string qualifier, string owner, strin</p5>
<p5d>Returns a result identifier containing either the optimal set of columns that uniquely identifies a row in the table or columns that are automatically updated when any value in the row is updated by a transaction </p5d>
<texts><text><lng>en</lng>
<d>Returns either the optimal set of columns that uniquely identifies a row in the table or columns that are automatically updated when any value in the row is updated by a transaction</d>
</text></texts></PHPModuleRef><PHPModuleRef>
<t>odbc_statistics</t>
<mn>odbc</mn>
<ft>F</ft>
<ver>4_0_0,4_0_1,4_0_2,4_0_3,4_0_4,4_0_5,4_0_6,4_1_0,4_1_1,4_1_2,4_2_0,4_2_1,4_2_2,4_2_3,4_3_0,4_3_1,4_3_10,4_3_11,4_3_2,4_3_3,4_3_4,4_3_5,4_3_6,4_3_7,4_3_8,4_3_9,4_4_0,4_4_1,4_4_2,4_4_3,4_4_4,4_4_5,4_4_6,4_cvs,5_0_0,5_0_1,5_0_2,5_0_3,5_1_0,5_1_1,5_1_2,5_1_3,5_1_4,5_1_5,5_1_6,5_2_0,5_2_1,5_cvs</ver>
<p4>resource odbc_statistics(resource connection_id, string qualifier, string owner, string name, int un</p4>
<p4d>Returns a result identifier that contains statistics about a single table and the indexes associated with the table </p4d>
<p5>resource odbc_statistics(resource connection_id, string qualifier, string owner, string name, int un</p5>
<p5d>Returns a result identifier that contains statistics about a single table and the indexes associated with the table </p5d>
<texts><text><lng>en</lng>
<d>Retrieve statistics about a table</d>
</text></texts></PHPModuleRef><PHPModuleRef>
<t>odbc_tableprivileges</t>
<mn>odbc</mn>
<ft>F</ft>
<ver>4_0_0,4_0_1,4_0_2,4_0_3,4_0_4,4_0_5,4_0_6,4_1_0,4_1_1,4_1_2,4_2_0,4_2_1,4_2_2,4_2_3,4_3_0,4_3_1,4_3_10,4_3_11,4_3_2,4_3_3,4_3_4,4_3_5,4_3_6,4_3_7,4_3_8,4_3_9,4_4_0,4_4_1,4_4_2,4_4_3,4_4_4,4_4_5,4_4_6,4_cvs,5_0_0,5_0_1,5_0_2,5_0_3,5_1_0,5_1_1,5_1_2,5_1_3,5_1_4,5_1_5,5_1_6,5_2_0,5_2_1,5_cvs</ver>
<p4>resource odbc_tableprivileges(resource connection_id, string qualifier, string owner, string name)</p4>
<p4d>Returns a result identifier containing a list of tables and the privileges associated with each table </p4d>
<p5>resource odbc_tableprivileges(resource connection_id, string qualifier, string owner, string name)</p5>
<p5d>Returns a result identifier containing a list of tables and the privileges associated with each table </p5d>
<texts><text><lng>en</lng>
<d>Lists tables and the privileges associated with each table</d>
</text></texts></PHPModuleRef><PHPModuleRef>
<t>odbc_tables</t>
<mn>odbc</mn>
<ft>F</ft>
<ver>4_0_0,4_0_1,4_0_2,4_0_3,4_0_4,4_0_5,4_0_6,4_1_0,4_1_1,4_1_2,4_2_0,4_2_1,4_2_2,4_2_3,4_3_0,4_3_1,4_3_10,4_3_11,4_3_2,4_3_3,4_3_4,4_3_5,4_3_6,4_3_7,4_3_8,4_3_9,4_4_0,4_4_1,4_4_2,4_4_3,4_4_4,4_4_5,4_4_6,4_cvs,5_0_0,5_0_1,5_0_2,5_0_3,5_1_0,5_1_1,5_1_2,5_1_3,5_1_4,5_1_5,5_1_6,5_2_0,5_2_1,5_cvs</ver>
<p4>resource odbc_tables(resource connection_id [, string qualifier [, string owner [, string name [, st</p4>
<p4d>Call the SQLTables function </p4d>
<p5>resource odbc_tables(resource connection_id [, string qualifier [, string owner [, string name [, st</p5>
<p5d>Call the SQLTables function </p5d>
<texts><text><lng>en</lng>
<d>Get the list of table names stored in a specific data source</d>
</text></texts></PHPModuleRef><PHPModuleRef>
<t>velocis_autocommit</t>
<mn>odbc</mn>
<ft>F</ft>
<ver>4_0_0,4_0_1,4_0_2,4_0_3,4_0_4,4_0_5,4_0_6,4_1_0,4_1_1,4_1_2,4_2_0,4_2_1,4_2_2,4_2_3,4_3_0,4_3_1,4_3_10,4_3_11,4_3_2,4_3_3,4_3_4,4_3_5,4_3_6,4_3_7,4_3_8,4_3_9,4_4_0,4_4_1,4_4_2,4_4_3,4_4_4,4_4_5,4_4_6,4_cvs,5_0_0,5_0_1,5_0_2,5_0_3,5_1_0,5_1_1,5_1_2,5_1_3,5_1_4,5_1_5,5_1_6,5_2_0,5_2_1,5_cvs</ver>
</PHPModuleRef><PHPModuleRef>
<t>velocis_close</t>
<mn>odbc</mn>
<ft>F</ft>
<ver>4_0_0,4_0_1,4_0_2,4_0_3,4_0_4,4_0_5,4_0_6,4_1_0,4_1_1,4_1_2,4_2_0,4_2_1,4_2_2,4_2_3,4_3_0,4_3_1,4_3_10,4_3_11,4_3_2,4_3_3,4_3_4,4_3_5,4_3_6,4_3_7,4_3_8,4_3_9,4_4_0,4_4_1,4_4_2,4_4_3,4_4_4,4_4_5,4_4_6,4_cvs,5_0_0,5_0_1,5_0_2,5_0_3,5_1_0,5_1_1,5_1_2,5_1_3,5_1_4,5_1_5,5_1_6,5_2_0,5_2_1,5_cvs</ver>
</PHPModuleRef><PHPModuleRef>
<t>velocis_commit</t>
<mn>odbc</mn>
<ft>F</ft>
<ver>4_0_0,4_0_1,4_0_2,4_0_3,4_0_4,4_0_5,4_0_6,4_1_0,4_1_1,4_1_2,4_2_0,4_2_1,4_2_2,4_2_3,4_3_0,4_3_1,4_3_10,4_3_11,4_3_2,4_3_3,4_3_4,4_3_5,4_3_6,4_3_7,4_3_8,4_3_9,4_4_0,4_4_1,4_4_2,4_4_3,4_4_4,4_4_5,4_4_6,4_cvs,5_0_0,5_0_1,5_0_2,5_0_3,5_1_0,5_1_1,5_1_2,5_1_3,5_1_4,5_1_5,5_1_6,5_2_0,5_2_1,5_cvs</ver>
</PHPModuleRef><PHPModuleRef>
<t>velocis_connect</t>
<mn>odbc</mn>
<ft>F</ft>
<ver>4_0_0,4_0_1,4_0_2,4_0_3,4_0_4,4_0_5,4_0_6,4_1_0,4_1_1,4_1_2,4_2_0,4_2_1,4_2_2,4_2_3,4_3_0,4_3_1,4_3_10,4_3_11,4_3_2,4_3_3,4_3_4,4_3_5,4_3_6,4_3_7,4_3_8,4_3_9,4_4_0,4_4_1,4_4_2,4_4_3,4_4_4,4_4_5,4_4_6,4_cvs,5_0_0,5_0_1,5_0_2,5_0_3,5_1_0,5_1_1,5_1_2,5_1_3,5_1_4,5_1_5,5_1_6,5_2_0,5_2_1,5_cvs</ver>
</PHPModuleRef><PHPModuleRef>
<t>velocis_exec</t>
<mn>odbc</mn>
<ft>F</ft>
<ver>4_0_0,4_0_1,4_0_2,4_0_3,4_0_4,4_0_5,4_0_6,4_1_0,4_1_1,4_1_2,4_2_0,4_2_1,4_2_2,4_2_3,4_3_0,4_3_1,4_3_10,4_3_11,4_3_2,4_3_3,4_3_4,4_3_5,4_3_6,4_3_7,4_3_8,4_3_9,4_4_0,4_4_1,4_4_2,4_4_3,4_4_4,4_4_5,4_4_6,4_cvs,5_0_0,5_0_1,5_0_2,5_0_3,5_1_0,5_1_1,5_1_2,5_1_3,5_1_4,5_1_5,5_1_6,5_2_0,5_2_1,5_cvs</ver>
</PHPModuleRef><PHPModuleRef>
<t>velocis_fetch</t>
<mn>odbc</mn>
<ft>F</ft>
<ver>4_0_0,4_0_1,4_0_2,4_0_3,4_0_4,4_0_5,4_0_6,4_1_0,4_1_1,4_1_2,4_2_0,4_2_1,4_2_2,4_2_3,4_3_0,4_3_1,4_3_10,4_3_11,4_3_2,4_3_3,4_3_4,4_3_5,4_3_6,4_3_7,4_3_8,4_3_9,4_4_0,4_4_1,4_4_2,4_4_3,4_4_4,4_4_5,4_4_6,4_cvs,5_0_0,5_0_1,5_0_2,5_0_3,5_1_0,5_1_1,5_1_2,5_1_3,5_1_4,5_1_5,5_1_6,5_2_0,5_2_1,5_cvs</ver>
</PHPModuleRef><PHPModuleRef>
<t>velocis_fieldname</t>
<mn>odbc</mn>
<ft>F</ft>
<ver>4_0_0,4_0_1,4_0_2,4_0_3,4_0_4,4_0_5,4_0_6,4_1_0,4_1_1,4_1_2,4_2_0,4_2_1,4_2_2,4_2_3,4_3_0,4_3_1,4_3_10,4_3_11,4_3_2,4_3_3,4_3_4,4_3_5,4_3_6,4_3_7,4_3_8,4_3_9,4_4_0,4_4_1,4_4_2,4_4_3,4_4_4,4_4_5,4_4_6,4_cvs,5_0_0,5_0_1,5_0_2,5_0_3,5_1_0,5_1_1,5_1_2,5_1_3,5_1_4,5_1_5,5_1_6,5_2_0,5_2_1,5_cvs</ver>
</PHPModuleRef><PHPModuleRef>
<t>velocis_fieldnum</t>
<mn>odbc</mn>
<ft>F</ft>
<ver>4_0_0,4_0_1,4_0_2,4_0_3,4_0_4,4_0_5,4_0_6,4_1_0,4_1_1,4_1_2,4_2_0,4_2_1,4_2_2,4_2_3,4_3_0,4_3_1,4_3_10,4_3_11,4_3_2,4_3_3,4_3_4,4_3_5,4_3_6,4_3_7,4_3_8,4_3_9,4_4_0,4_4_1,4_4_2,4_4_3,4_4_4,4_4_5,4_4_6,4_cvs,5_0_0,5_0_1,5_0_2,5_0_3,5_1_0,5_1_1,5_1_2,5_1_3,5_1_4,5_1_5,5_1_6,5_2_0,5_2_1,5_cvs</ver>
</PHPModuleRef><PHPModuleRef>
<t>velocis_freeresult</t>
<mn>odbc</mn>
<ft>F</ft>
<ver>4_0_0,4_0_1,4_0_2,4_0_3,4_0_4,4_0_5,4_0_6,4_1_0,4_1_1,4_1_2,4_2_0,4_2_1,4_2_2,4_2_3,4_3_0,4_3_1,4_3_10,4_3_11,4_3_2,4_3_3,4_3_4,4_3_5,4_3_6,4_3_7,4_3_8,4_3_9,4_4_0,4_4_1,4_4_2,4_4_3,4_4_4,4_4_5,4_4_6,4_cvs,5_0_0,5_0_1,5_0_2,5_0_3,5_1_0,5_1_1,5_1_2,5_1_3,5_1_4,5_1_5,5_1_6,5_2_0,5_2_1,5_cvs</ver>
</PHPModuleRef><PHPModuleRef>
<t>velocis_off_autocommit</t>
<mn>odbc</mn>
<ft>F</ft>
<ver>4_0_0,4_0_1,4_0_2,4_0_3,4_0_4,4_0_5,4_0_6,4_1_0,4_1_1,4_1_2,4_2_0,4_2_1,4_2_2,4_2_3,4_3_0,4_3_1,4_3_10,4_3_11,4_3_2,4_3_3,4_3_4,4_3_5,4_3_6,4_3_7,4_3_8,4_3_9,4_4_0,4_4_1,4_4_2,4_4_3,4_4_4,4_4_5,4_4_6,4_cvs,5_0_0,5_0_1,5_0_2,5_0_3,5_1_0,5_1_1,5_1_2,5_1_3,5_1_4,5_1_5,5_1_6,5_2_0,5_2_1,5_cvs</ver>
</PHPModuleRef><PHPModuleRef>
<t>velocis_result</t>
<mn>odbc</mn>
<ft>F</ft>
<ver>4_0_0,4_0_1,4_0_2,4_0_3,4_0_4,4_0_5,4_0_6,4_1_0,4_1_1,4_1_2,4_2_0,4_2_1,4_2_2,4_2_3,4_3_0,4_3_1,4_3_10,4_3_11,4_3_2,4_3_3,4_3_4,4_3_5,4_3_6,4_3_7,4_3_8,4_3_9,4_4_0,4_4_1,4_4_2,4_4_3,4_4_4,4_4_5,4_4_6,4_cvs,5_0_0,5_0_1,5_0_2,5_0_3,5_1_0,5_1_1,5_1_2,5_1_3,5_1_4,5_1_5,5_1_6,5_2_0,5_2_1,5_cvs</ver>
</PHPModuleRef><PHPModuleRef>
<t>velocis_rollback</t>
<mn>odbc</mn>
<ft>F</ft>
<ver>4_0_0,4_0_1,4_0_2,4_0_3,4_0_4,4_0_5,4_0_6,4_1_0,4_1_1,4_1_2,4_2_0,4_2_1,4_2_2,4_2_3,4_3_0,4_3_1,4_3_10,4_3_11,4_3_2,4_3_3,4_3_4,4_3_5,4_3_6,4_3_7,4_3_8,4_3_9,4_4_0,4_4_1,4_4_2,4_4_3,4_4_4,4_4_5,4_4_6,4_cvs,5_0_0,5_0_1,5_0_2,5_0_3,5_1_0,5_1_1,5_1_2,5_1_3,5_1_4,5_1_5,5_1_6,5_2_0,5_2_1,5_cvs</ver>
</PHPModuleRef></PHPModuleRef-List>
