<?xml version="1.0" encoding="utf-8"?>
<PHPModuleRef-List>
<PHPModuleRef>
<t>openssl_csr_export</t>
<mn>openssl</mn>
<ft>F</ft>
<ver>4_2_0,4_2_1,4_2_2,4_2_3,4_3_0,4_3_1,4_3_10,4_3_11,4_3_2,4_3_3,4_3_4,4_3_5,4_3_6,4_3_7,4_3_8,4_3_9,4_4_0,4_4_1,4_4_2,4_4_3,4_4_4,4_4_5,4_4_6,4_cvs,5_0_0,5_0_1,5_0_2,5_0_3,5_1_0,5_1_1,5_1_2,5_1_3,5_1_4,5_1_5,5_1_6,5_2_0,5_2_1,5_cvs</ver>
<p4>bool openssl_csr_export(resource csr, string &amp;out [, bool notext=true])</p4>
<p4d>Exports a CSR to file or a var </p4d>
<p5>bool openssl_csr_export(resource csr, string &amp;out [, bool notext=true])</p5>
<p5d>Exports a CSR to file or a var </p5d>
<texts><text><lng>de</lng>
<d>Exportiert einen CSR als Zeichenkette</d>
</text><text><lng>en</lng>
<d>Exports a CSR as a string</d>
</text></texts></PHPModuleRef><PHPModuleRef>
<t>openssl_csr_export_to_file</t>
<mn>openssl</mn>
<ft>F</ft>
<ver>4_2_0,4_2_1,4_2_2,4_2_3,4_3_0,4_3_1,4_3_10,4_3_11,4_3_2,4_3_3,4_3_4,4_3_5,4_3_6,4_3_7,4_3_8,4_3_9,4_4_0,4_4_1,4_4_2,4_4_3,4_4_4,4_4_5,4_4_6,4_cvs,5_0_0,5_0_1,5_0_2,5_0_3,5_1_0,5_1_1,5_1_2,5_1_3,5_1_4,5_1_5,5_1_6,5_2_0,5_2_1,5_cvs</ver>
<p4>bool openssl_csr_export_to_file(resource csr, string outfilename [, bool notext=true])</p4>
<p4d>Exports a CSR to file </p4d>
<p5>bool openssl_csr_export_to_file(resource csr, string outfilename [, bool notext=true])</p5>
<p5d>Exports a CSR to file </p5d>
<texts><text><lng>de</lng>
<d>Exportiert ein CSR in eine Datei</d>
</text><text><lng>en</lng>
<d>Exports a CSR to a file</d>
</text></texts></PHPModuleRef><PHPModuleRef>
<t>openssl_csr_get_public_key</t>
<mn>openssl</mn>
<ft>F</ft>
<ver>5_2_0,5_2_1,5_cvs</ver>
<p5>mixed openssl_csr_get_public_key(mixed csr)</p5>
<p5d>Returns the subject of a CERT or FALSE on error </p5d>
<texts><text><lng>en</lng>
<d>Returns the public key of a CERT</d>
</text></texts></PHPModuleRef><PHPModuleRef>
<t>openssl_csr_get_subject</t>
<mn>openssl</mn>
<ft>F</ft>
<ver>5_2_0,5_2_1,5_cvs</ver>
<p5>mixed openssl_csr_get_subject(mixed csr)</p5>
<p5d>Returns the subject of a CERT or FALSE on error </p5d>
<texts><text><lng>en</lng>
<d>Returns the subject of a CERT</d>
</text></texts></PHPModuleRef><PHPModuleRef>
<t>openssl_csr_new</t>
<mn>openssl</mn>
<ft>F</ft>
<ver>4_2_0,4_2_1,4_2_2,4_2_3,4_3_0,4_3_1,4_3_10,4_3_11,4_3_2,4_3_3,4_3_4,4_3_5,4_3_6,4_3_7,4_3_8,4_3_9,4_4_0,4_4_1,4_4_2,4_4_3,4_4_4,4_4_5,4_4_6,4_cvs,5_0_0,5_0_1,5_0_2,5_0_3,5_1_0,5_1_1,5_1_2,5_1_3,5_1_4,5_1_5,5_1_6,5_2_0,5_2_1,5_cvs</ver>
<p4>bool openssl_csr_new(array dn, resource &amp;privkey [, array configargs, array extraattribs])</p4>
<p4d>Generates a privkey and CSR </p4d>
<p5>bool openssl_csr_new(array dn, resource &amp;privkey [, array configargs, array extraattribs])</p5>
<p5d>Generates a privkey and CSR </p5d>
<texts><text><lng>de</lng>
<d>Erzeugt einen CSR</d>
</text><text><lng>en</lng>
<d>Generates a CSR</d>
</text></texts></PHPModuleRef><PHPModuleRef>
<t>openssl_csr_sign</t>
<mn>openssl</mn>
<ft>F</ft>
<ver>4_2_0,4_2_1,4_2_2,4_2_3,4_3_0,4_3_1,4_3_10,4_3_11,4_3_2,4_3_3,4_3_4,4_3_5,4_3_6,4_3_7,4_3_8,4_3_9,4_4_0,4_4_1,4_4_2,4_4_3,4_4_4,4_4_5,4_4_6,4_cvs,5_0_0,5_0_1,5_0_2,5_0_3,5_1_0,5_1_1,5_1_2,5_1_3,5_1_4,5_1_5,5_1_6,5_2_0,5_2_1,5_cvs</ver>
<p4>resource openssl_csr_sign(mixed csr, mixed x509, mixed priv_key, long days [, array config_args [, l</p4>
<p4d>Signs a cert with another CERT </p4d>
<p5>resource openssl_csr_sign(mixed csr, mixed x509, mixed priv_key, long days [, array config_args [, l</p5>
<p5d>Signs a cert with another CERT </p5d>
<texts><text><lng>de</lng>
<d>Signiert einen CSR mit einem anderen Zertifikat(oder sich selbst) und generiert ein Zertifikat</d>
</text><text><lng>en</lng>
<d>Sign a CSR with another certificate (or itself) and generate a certificate</d>
</text></texts></PHPModuleRef><PHPModuleRef>
<t>openssl_error_string</t>
<mn>openssl</mn>
<ft>F</ft>
<ver>4_0_6,4_1_0,4_1_1,4_1_2,4_2_0,4_2_1,4_2_2,4_2_3,4_3_0,4_3_1,4_3_10,4_3_11,4_3_2,4_3_3,4_3_4,4_3_5,4_3_6,4_3_7,4_3_8,4_3_9,4_4_0,4_4_1,4_4_2,4_4_3,4_4_4,4_4_5,4_4_6,4_cvs,5_0_0,5_0_1,5_0_2,5_0_3,5_1_0,5_1_1,5_1_2,5_1_3,5_1_4,5_1_5,5_1_6,5_2_0,5_2_1,5_cvs</ver>
<p4>mixed openssl_error_string(void)</p4>
<p4d>Returns a description of the last error, and alters the index of the error messages. Returns false when the are no more messages </p4d>
<p5>mixed openssl_error_string(void)</p5>
<p5d>Returns a description of the last error, and alters the index of the error messages. Returns false when the are no more messages </p5d>
<texts><text><lng>de</lng>
<d>Liefert eine OpenSSL Fehlermeldung</d>
</text><text><lng>en</lng>
<d>Return openSSL error message</d>
</text></texts></PHPModuleRef><PHPModuleRef>
<t>openssl_free_key</t>
<mn>openssl</mn>
<ft>F</ft>
<ver>4_0_4,4_0_5,4_0_6,4_1_0,4_1_1,4_1_2,4_2_0,4_2_1,4_2_2,4_2_3,4_3_0,4_3_1,4_3_10,4_3_11,4_3_2,4_3_3,4_3_4,4_3_5,4_3_6,4_3_7,4_3_8,4_3_9,4_4_0,4_4_1,4_4_2,4_4_3,4_4_4,4_4_5,4_4_6,4_cvs,5_0_0,5_0_1,5_0_2,5_0_3,5_1_0,5_1_1,5_1_2,5_1_3,5_1_4,5_1_5,5_1_6,5_2_0,5_2_1,5_cvs</ver>
<texts><text><lng>cs</lng>
<d>Uvolnit prostředky klíče</d>
</text><text><lng>de</lng>
<d>Freigabe einer Schlüsselressource</d>
</text><text><lng>en</lng>
<d>Free key resource</d>
</text></texts></PHPModuleRef><PHPModuleRef>
<t>openssl_free_x509</t>
<mn>openssl</mn>
<ft>F</ft>
<ver>4_0_4,4_0_5</ver>
</PHPModuleRef><PHPModuleRef>
<t>openssl_get_privatekey</t>
<mn>openssl</mn>
<ft>F</ft>
<ver>4_0_4,4_0_5,4_0_6,4_1_0,4_1_1,4_1_2,4_2_0,4_2_1,4_2_2,4_2_3,4_3_0,4_3_1,4_3_10,4_3_11,4_3_2,4_3_3,4_3_4,4_3_5,4_3_6,4_3_7,4_3_8,4_3_9,4_4_0,4_4_1,4_4_2,4_4_3,4_4_4,4_4_5,4_4_6,4_cvs,5_0_0,5_0_1,5_0_2,5_0_3,5_1_0,5_1_1,5_1_2,5_1_3,5_1_4,5_1_5,5_1_6,5_2_0,5_2_1,5_cvs</ver>
<texts><text><lng>cs</lng>
<d>Připravit soukromý PEM klíč k použití</d>
</text><text><lng>de</lng>
<d>Liefert einen privaten Schlüssel</d>
</text><text><lng>en</lng>
<d>&amp;Alias;openssl_pkey_get_private</d>
</text></texts></PHPModuleRef><PHPModuleRef>
<t>openssl_get_publickey</t>
<mn>openssl</mn>
<ft>F</ft>
<ver>4_0_4,4_0_5,4_0_6,4_1_0,4_1_1,4_1_2,4_2_0,4_2_1,4_2_2,4_2_3,4_3_0,4_3_1,4_3_10,4_3_11,4_3_2,4_3_3,4_3_4,4_3_5,4_3_6,4_3_7,4_3_8,4_3_9,4_4_0,4_4_1,4_4_2,4_4_3,4_4_4,4_4_5,4_4_6,4_cvs,5_0_0,5_0_1,5_0_2,5_0_3,5_1_0,5_1_1,5_1_2,5_1_3,5_1_4,5_1_5,5_1_6,5_2_0,5_2_1,5_cvs</ver>
<texts><text><lng>cs</lng>
<d>Získat z certifikátu veřejný klíč a připravit ho k použití</d>
</text><text><lng>de</lng>
<d>Extrahiert einenöffentlichen Schlüssel aus einem
    Zertifikat und bereitet ihn für den Gebrauch vor</d>
</text><text><lng>en</lng>
<d>&amp;Alias;openssl_pkey_get_public</d>
</text></texts></PHPModuleRef><PHPModuleRef>
<t>openssl_open</t>
<mn>openssl</mn>
<ft>F</ft>
<ver>4_0_4,4_0_5,4_0_6,4_1_0,4_1_1,4_1_2,4_2_0,4_2_1,4_2_2,4_2_3,4_3_0,4_3_1,4_3_10,4_3_11,4_3_2,4_3_3,4_3_4,4_3_5,4_3_6,4_3_7,4_3_8,4_3_9,4_4_0,4_4_1,4_4_2,4_4_3,4_4_4,4_4_5,4_4_6,4_cvs,5_0_0,5_0_1,5_0_2,5_0_3,5_1_0,5_1_1,5_1_2,5_1_3,5_1_4,5_1_5,5_1_6,5_2_0,5_2_1,5_cvs</ver>
<p4>bool openssl_open(string data, &amp;string opendata, string ekey, mixed privkey)</p4>
<p4d>Opens data </p4d>
<p5>bool openssl_open(string data, &amp;string opendata, string ekey, mixed privkey)</p5>
<p5d>Opens data </p5d>
<texts><text><lng>cs</lng>
<d>Otevřít zapečetěná data</d>
</text><text><lng>de</lng>
<d>Öffnet versiegelte Daten</d>
</text><text><lng>en</lng>
<d>Open sealed data</d>
</text></texts></PHPModuleRef><PHPModuleRef>
<t>openssl_pkcs12_export</t>
<mn>openssl</mn>
<ft>F</ft>
<ver>5_cvs</ver>
<p5>bool openssl_pkcs12_export(mixed x509, string &amp;out, mixed priv_key, string pass[, array args])</p5>
<p5d>Creates and exports a PKCS12 to a var </p5d>
</PHPModuleRef><PHPModuleRef>
<t>openssl_pkcs12_export_to_file</t>
<mn>openssl</mn>
<ft>F</ft>
<ver>5_cvs</ver>
<p5>bool openssl_pkcs12_export_to_file(mixed x509, string filename, mixed priv_key, string pass[, array</p5>
<p5d>Creates and exports a PKCS to file </p5d>
</PHPModuleRef><PHPModuleRef>
<t>openssl_pkcs12_read</t>
<mn>openssl</mn>
<ft>F</ft>
<ver>5_cvs</ver>
<p5>bool openssl_pkcs12_read(mixed PKCS12, array &amp;certs, string pass)</p5>
<p5d>Parses a PKCS12 to an array </p5d>
</PHPModuleRef><PHPModuleRef>
<t>openssl_pkcs7_decrypt</t>
<mn>openssl</mn>
<ft>F</ft>
<ver>4_0_6,4_1_0,4_1_1,4_1_2,4_2_0,4_2_1,4_2_2,4_2_3,4_3_0,4_3_1,4_3_10,4_3_11,4_3_2,4_3_3,4_3_4,4_3_5,4_3_6,4_3_7,4_3_8,4_3_9,4_4_0,4_4_1,4_4_2,4_4_3,4_4_4,4_4_5,4_4_6,4_cvs,5_0_0,5_0_1,5_0_2,5_0_3,5_1_0,5_1_1,5_1_2,5_1_3,5_1_4,5_1_5,5_1_6,5_2_0,5_2_1,5_cvs</ver>
<p4>bool openssl_pkcs7_decrypt(string infilename, string outfilename, mixed recipcert [, mixed recipkey]</p4>
<p4d>Decrypts the S/MIME message in the file name infilename and output the results to the file name outfilename.  recipcert is a CERT for one of the recipients. recipkey specifies the private key matching recipcert, if recipcert does not include the key </p4d>
<p5>bool openssl_pkcs7_decrypt(string infilename, string outfilename, mixed recipcert [, mixed recipkey]</p5>
<p5d>Decrypts the S/MIME message in the file name infilename and output the results to the file name outfilename.  recipcert is a CERT for one of the recipients. recipkey specifies the private key matching recipcert, if recipcert does not include the key </p5d>
<texts><text><lng>de</lng>
<d>Entschlüssen einer S/MIME verschlüsselten Nachricht</d>
</text><text><lng>en</lng>
<d>Decrypts an S/MIME encrypted message</d>
</text></texts></PHPModuleRef><PHPModuleRef>
<t>openssl_pkcs7_encrypt</t>
<mn>openssl</mn>
<ft>F</ft>
<ver>4_0_6,4_1_0,4_1_1,4_1_2,4_2_0,4_2_1,4_2_2,4_2_3,4_3_0,4_3_1,4_3_10,4_3_11,4_3_2,4_3_3,4_3_4,4_3_5,4_3_6,4_3_7,4_3_8,4_3_9,4_4_0,4_4_1,4_4_2,4_4_3,4_4_4,4_4_5,4_4_6,4_cvs,5_0_0,5_0_1,5_0_2,5_0_3,5_1_0,5_1_1,5_1_2,5_1_3,5_1_4,5_1_5,5_1_6,5_2_0,5_2_1,5_cvs</ver>
<p4>bool openssl_pkcs7_encrypt(string infile, string outfile, mixed recipcerts, array headers [, long fl</p4>
<p4d>Encrypts the message in the file named infile with the certificates in recipcerts and output the result to the file named outfile </p4d>
<p5>bool openssl_pkcs7_encrypt(string infile, string outfile, mixed recipcerts, array headers [, long fl</p5>
<p5d>Encrypts the message in the file named infile with the certificates in recipcerts and output the result to the file named outfile </p5d>
<texts><text><lng>de</lng>
<d>Verschlüsseln einer S/MIME Nachricht</d>
</text><text><lng>en</lng>
<d>Encrypt an S/MIME message</d>
</text></texts></PHPModuleRef><PHPModuleRef>
<t>openssl_pkcs7_sign</t>
<mn>openssl</mn>
<ft>F</ft>
<ver>4_0_6,4_1_0,4_1_1,4_1_2,4_2_0,4_2_1,4_2_2,4_2_3,4_3_0,4_3_1,4_3_10,4_3_11,4_3_2,4_3_3,4_3_4,4_3_5,4_3_6,4_3_7,4_3_8,4_3_9,4_4_0,4_4_1,4_4_2,4_4_3,4_4_4,4_4_5,4_4_6,4_cvs,5_0_0,5_0_1,5_0_2,5_0_3,5_1_0,5_1_1,5_1_2,5_1_3,5_1_4,5_1_5,5_1_6,5_2_0,5_2_1,5_cvs</ver>
<p4>bool openssl_pkcs7_sign(string infile, string outfile, mixed signcert, mixed signkey, array headers</p4>
<p4d>Signs the MIME message in the file named infile with signcert/signkey and output the result to file name outfile. headers lists plain text headers to exclude from the signed portion of the message, and should include to, from and subject as a minimum </p4d>
<p5>bool openssl_pkcs7_sign(string infile, string outfile, mixed signcert, mixed signkey, array headers</p5>
<p5d>Signs the MIME message in the file named infile with signcert/signkey and output the result to file name outfile. headers lists plain text headers to exclude from the signed portion of the message, and should include to, from and subject as a minimum </p5d>
<texts><text><lng>de</lng>
<d>Signieren einer S/MIME Nachricht</d>
</text><text><lng>en</lng>
<d>Sign an S/MIME message</d>
</text></texts></PHPModuleRef><PHPModuleRef>
<t>openssl_pkcs7_verify</t>
<mn>openssl</mn>
<ft>F</ft>
<ver>4_0_6,4_1_0,4_1_1,4_1_2,4_2_0,4_2_1,4_2_2,4_2_3,4_3_0,4_3_1,4_3_10,4_3_11,4_3_2,4_3_3,4_3_4,4_3_5,4_3_6,4_3_7,4_3_8,4_3_9,4_4_0,4_4_1,4_4_2,4_4_3,4_4_4,4_4_5,4_4_6,4_cvs,5_0_0,5_0_1,5_0_2,5_0_3,5_1_0,5_1_1,5_1_2,5_1_3,5_1_4,5_1_5,5_1_6,5_2_0,5_2_1,5_cvs</ver>
<p4>bool openssl_pkcs7_verify(string filename, long flags [, string signerscerts [, array cainfo [, stri</p4>
<p4d>Verifys that the data block is intact, the signer is who they say they are, and returns the CERTs of the signers </p4d>
<p5>bool openssl_pkcs7_verify(string filename, long flags [, string signerscerts [, array cainfo [, stri</p5>
<p5d>Verifys that the data block is intact, the signer is who they say they are, and returns the CERTs of the signers </p5d>
<texts><text><lng>de</lng>
<d>Überprüft die Unterschrift einer mit S/MIME 
    unterschriebenen Nachricht</d>
</text><text><lng>en</lng>
<d>Verifies the signature of an S/MIME signed message</d>
</text></texts></PHPModuleRef><PHPModuleRef>
<t>openssl_pkey_export</t>
<mn>openssl</mn>
<ft>F</ft>
<ver>4_2_0,4_2_1,4_2_2,4_2_3,4_3_0,4_3_1,4_3_10,4_3_11,4_3_2,4_3_3,4_3_4,4_3_5,4_3_6,4_3_7,4_3_8,4_3_9,4_4_0,4_4_1,4_4_2,4_4_3,4_4_4,4_4_5,4_4_6,4_cvs,5_0_0,5_0_1,5_0_2,5_0_3,5_1_0,5_1_1,5_1_2,5_1_3,5_1_4,5_1_5,5_1_6,5_2_0,5_2_1,5_cvs</ver>
<p4>bool openssl_pkey_export(mixed key, &amp;mixed out [, string passphrase [, array config_args]])</p4>
<p4d>Gets an exportable representation of a key into a string or file </p4d>
<p5>bool openssl_pkey_export(mixed key, &amp;mixed out [, string passphrase [, array config_args]])</p5>
<p5d>Gets an exportable representation of a key into a string or file </p5d>
<texts><text><lng>de</lng>
<d>Liefert eine exportierbare Representation eines Schlüssels
    in einem String</d>
</text><text><lng>en</lng>
<d>Gets an exportable representation of a key into a string</d>
</text></texts></PHPModuleRef><PHPModuleRef>
<t>openssl_pkey_export_to_file</t>
<mn>openssl</mn>
<ft>F</ft>
<ver>4_2_0,4_2_1,4_2_2,4_2_3,4_3_0,4_3_1,4_3_10,4_3_11,4_3_2,4_3_3,4_3_4,4_3_5,4_3_6,4_3_7,4_3_8,4_3_9,4_4_0,4_4_1,4_4_2,4_4_3,4_4_4,4_4_5,4_4_6,4_cvs,5_0_0,5_0_1,5_0_2,5_0_3,5_1_0,5_1_1,5_1_2,5_1_3,5_1_4,5_1_5,5_1_6,5_2_0,5_2_1,5_cvs</ver>
<p4>bool openssl_pkey_export_to_file(mixed key, string outfilename [, string passphrase, array config_ar</p4>
<p4d>Gets an exportable representation of a key into a file </p4d>
<p5>bool openssl_pkey_export_to_file(mixed key, string outfilename [, string passphrase, array config_ar</p5>
<p5d>Gets an exportable representation of a key into a file </p5d>
<texts><text><lng>de</lng>
<d>Liefert eine exportierbare Representation eines Schlüssels in einer Datei</d>
</text><text><lng>en</lng>
<d>Gets an exportable representation of a key into a file</d>
</text></texts></PHPModuleRef><PHPModuleRef>
<t>openssl_pkey_free</t>
<mn>openssl</mn>
<ft>F</ft>
<ver>4_2_0,4_2_1,4_2_2,4_2_3,4_3_0,4_3_1,4_3_10,4_3_11,4_3_2,4_3_3,4_3_4,4_3_5,4_3_6,4_3_7,4_3_8,4_3_9,4_4_0,4_4_1,4_4_2,4_4_3,4_4_4,4_4_5,4_4_6,4_cvs,5_0_0,5_0_1,5_0_2,5_0_3,5_1_0,5_1_1,5_1_2,5_1_3,5_1_4,5_1_5,5_1_6,5_2_0,5_2_1,5_cvs</ver>
<p4>void openssl_pkey_free(int key)</p4>
<p4d>Frees a key </p4d>
<p5>void openssl_pkey_free(int key)</p5>
<p5d>Frees a key </p5d>
<texts><text><lng>en</lng>
<d>Frees a private key</d>
</text></texts></PHPModuleRef><PHPModuleRef>
<t>openssl_pkey_get_details</t>
<mn>openssl</mn>
<ft>F</ft>
<ver>5_2_0,5_2_1,5_cvs</ver>
<p5>resource openssl_pkey_get_details(resource key)</p5>
<p5d>returns an array with the key details (bits, pkey, type)</p5d>
<texts><text><lng>en</lng>
<d>Returns an array with the key details (bits, pkey, type)</d>
</text></texts></PHPModuleRef><PHPModuleRef>
<t>openssl_pkey_get_private</t>
<mn>openssl</mn>
<ft>F</ft>
<ver>4_2_0,4_2_1,4_2_2,4_2_3,4_3_0,4_3_1,4_3_10,4_3_11,4_3_2,4_3_3,4_3_4,4_3_5,4_3_6,4_3_7,4_3_8,4_3_9,4_4_0,4_4_1,4_4_2,4_4_3,4_4_4,4_4_5,4_4_6,4_cvs,5_0_0,5_0_1,5_0_2,5_0_3,5_1_0,5_1_1,5_1_2,5_1_3,5_1_4,5_1_5,5_1_6,5_2_0,5_2_1,5_cvs</ver>
<p4>int openssl_pkey_get_private(string key [, string passphrase])</p4>
<p4d>Gets private keys </p4d>
<p5>int openssl_pkey_get_private(string key [, string passphrase])</p5>
<p5d>Gets private keys </p5d>
<texts><text><lng>de</lng>
<d>Liefert einen privaten SchlÃ¼ssel</d>
</text><text><lng>en</lng>
<d>Get a private key</d>
</text></texts></PHPModuleRef><PHPModuleRef>
<t>openssl_pkey_get_public</t>
<mn>openssl</mn>
<ft>F</ft>
<ver>4_2_0,4_2_1,4_2_2,4_2_3,4_3_0,4_3_1,4_3_10,4_3_11,4_3_2,4_3_3,4_3_4,4_3_5,4_3_6,4_3_7,4_3_8,4_3_9,4_4_0,4_4_1,4_4_2,4_4_3,4_4_4,4_4_5,4_4_6,4_cvs,5_0_0,5_0_1,5_0_2,5_0_3,5_1_0,5_1_1,5_1_2,5_1_3,5_1_4,5_1_5,5_1_6,5_2_0,5_2_1,5_cvs</ver>
<p4>int openssl_pkey_get_public(mixed cert)</p4>
<p4d>Gets public key from X.509 certificate </p4d>
<p5>int openssl_pkey_get_public(mixed cert)</p5>
<p5d>Gets public key from X.509 certificate </p5d>
<texts><text><lng>de</lng>
<d>Extrahiert einenÃ¶ffentlichen SchlÃ¼ssel aus einem Zertifikat und bereitet
     diesen zur Nutzung vor</d>
</text><text><lng>en</lng>
<d>Extract public key from certificate and prepare it for use</d>
</text></texts></PHPModuleRef><PHPModuleRef>
<t>openssl_pkey_new</t>
<mn>openssl</mn>
<ft>F</ft>
<ver>4_2_0,4_2_1,4_2_2,4_2_3,4_3_0,4_3_1,4_3_10,4_3_11,4_3_2,4_3_3,4_3_4,4_3_5,4_3_6,4_3_7,4_3_8,4_3_9,4_4_0,4_4_1,4_4_2,4_4_3,4_4_4,4_4_5,4_4_6,4_cvs,5_0_0,5_0_1,5_0_2,5_0_3,5_1_0,5_1_1,5_1_2,5_1_3,5_1_4,5_1_5,5_1_6,5_2_0,5_2_1,5_cvs</ver>
<p4>resource openssl_pkey_new([array configargs])</p4>
<p4d>Generates a new private key </p4d>
<p5>resource openssl_pkey_new([array configargs])</p5>
<p5d>Generates a new private key </p5d>
<texts><text><lng>de</lng>
<d>Erzeugt einen neuen privaten Schlüssel</d>
</text><text><lng>en</lng>
<d>Generates a new private key</d>
</text></texts></PHPModuleRef><PHPModuleRef>
<t>openssl_private_decrypt</t>
<mn>openssl</mn>
<ft>F</ft>
<ver>4_0_6,4_1_0,4_1_1,4_1_2,4_2_0,4_2_1,4_2_2,4_2_3,4_3_0,4_3_1,4_3_10,4_3_11,4_3_2,4_3_3,4_3_4,4_3_5,4_3_6,4_3_7,4_3_8,4_3_9,4_4_0,4_4_1,4_4_2,4_4_3,4_4_4,4_4_5,4_4_6,4_cvs,5_0_0,5_0_1,5_0_2,5_0_3,5_1_0,5_1_1,5_1_2,5_1_3,5_1_4,5_1_5,5_1_6,5_2_0,5_2_1,5_cvs</ver>
<p4>bool openssl_private_decrypt(string data, string &amp;decrypted, mixed key [, int padding])</p4>
<p4d>Decrypts data with private key </p4d>
<p5>bool openssl_private_decrypt(string data, string decrypted, mixed key [, int padding])</p5>
<p5d>Decrypts data with private key </p5d>
<texts><text><lng>de</lng>
<d>Entschlüsselt Daten mit einem privaten Schlüssel</d>
</text><text><lng>en</lng>
<d>Decrypts data with private key</d>
</text></texts></PHPModuleRef><PHPModuleRef>
<t>openssl_private_encrypt</t>
<mn>openssl</mn>
<ft>F</ft>
<ver>4_0_6,4_1_0,4_1_1,4_1_2,4_2_0,4_2_1,4_2_2,4_2_3,4_3_0,4_3_1,4_3_10,4_3_11,4_3_2,4_3_3,4_3_4,4_3_5,4_3_6,4_3_7,4_3_8,4_3_9,4_4_0,4_4_1,4_4_2,4_4_3,4_4_4,4_4_5,4_4_6,4_cvs,5_0_0,5_0_1,5_0_2,5_0_3,5_1_0,5_1_1,5_1_2,5_1_3,5_1_4,5_1_5,5_1_6,5_2_0,5_2_1,5_cvs</ver>
<p4>bool openssl_private_encrypt(string data, string crypted, mixed key [, int padding])</p4>
<p4d>Encrypts data with private key </p4d>
<p5>bool openssl_private_encrypt(string data, string crypted, mixed key [, int padding])</p5>
<p5d>Encrypts data with private key </p5d>
<texts><text><lng>de</lng>
<d>Verschlüsselt Daten mit einem privaten Schlüssel</d>
</text><text><lng>en</lng>
<d>Encrypts data with private key</d>
</text></texts></PHPModuleRef><PHPModuleRef>
<t>openssl_public_decrypt</t>
<mn>openssl</mn>
<ft>F</ft>
<ver>4_0_6,4_1_0,4_1_1,4_1_2,4_2_0,4_2_1,4_2_2,4_2_3,4_3_0,4_3_1,4_3_10,4_3_11,4_3_2,4_3_3,4_3_4,4_3_5,4_3_6,4_3_7,4_3_8,4_3_9,4_4_0,4_4_1,4_4_2,4_4_3,4_4_4,4_4_5,4_4_6,4_cvs,5_0_0,5_0_1,5_0_2,5_0_3,5_1_0,5_1_1,5_1_2,5_1_3,5_1_4,5_1_5,5_1_6,5_2_0,5_2_1,5_cvs</ver>
<p4>bool openssl_public_decrypt(string data, string crypted, resource key [, int padding])</p4>
<p4d>Decrypts data with public key </p4d>
<p5>bool openssl_public_decrypt(string data, string crypted, resource key [, int padding])</p5>
<p5d>Decrypts data with public key </p5d>
<texts><text><lng>de</lng>
<d>Entschlüsselt Daten mit einem öffentlichen Schlüssel</d>
</text><text><lng>en</lng>
<d>Decrypts data with public key</d>
</text></texts></PHPModuleRef><PHPModuleRef>
<t>openssl_public_encrypt</t>
<mn>openssl</mn>
<ft>F</ft>
<ver>4_0_6,4_1_0,4_1_1,4_1_2,4_2_0,4_2_1,4_2_2,4_2_3,4_3_0,4_3_1,4_3_10,4_3_11,4_3_2,4_3_3,4_3_4,4_3_5,4_3_6,4_3_7,4_3_8,4_3_9,4_4_0,4_4_1,4_4_2,4_4_3,4_4_4,4_4_5,4_4_6,4_cvs,5_0_0,5_0_1,5_0_2,5_0_3,5_1_0,5_1_1,5_1_2,5_1_3,5_1_4,5_1_5,5_1_6,5_2_0,5_2_1,5_cvs</ver>
<p4>bool openssl_public_encrypt(string data, string crypted, mixed key [, int padding])</p4>
<p4d>Encrypts data with public key </p4d>
<p5>bool openssl_public_encrypt(string data, string crypted, mixed key [, int padding])</p5>
<p5d>Encrypts data with public key </p5d>
<texts><text><lng>de</lng>
<d>Verschlüsselt Daten mit einem öffentlichen Schlüssel</d>
</text><text><lng>en</lng>
<d>Encrypts data with public key</d>
</text></texts></PHPModuleRef><PHPModuleRef>
<t>openssl_read_publickey</t>
<mn>openssl</mn>
<ft>F</ft>
<ver>4_0_4,4_0_5</ver>
</PHPModuleRef><PHPModuleRef>
<t>openssl_read_x509</t>
<mn>openssl</mn>
<ft>F</ft>
<ver>4_0_4,4_0_5</ver>
</PHPModuleRef><PHPModuleRef>
<t>openssl_seal</t>
<mn>openssl</mn>
<ft>F</ft>
<ver>4_0_4,4_0_5,4_0_6,4_1_0,4_1_1,4_1_2,4_2_0,4_2_1,4_2_2,4_2_3,4_3_0,4_3_1,4_3_10,4_3_11,4_3_2,4_3_3,4_3_4,4_3_5,4_3_6,4_3_7,4_3_8,4_3_9,4_4_0,4_4_1,4_4_2,4_4_3,4_4_4,4_4_5,4_4_6,4_cvs,5_0_0,5_0_1,5_0_2,5_0_3,5_1_0,5_1_1,5_1_2,5_1_3,5_1_4,5_1_5,5_1_6,5_2_0,5_2_1,5_cvs</ver>
<p4>int openssl_seal(string data, &amp;string sealdata, &amp;array ekeys, array pubkeys)</p4>
<p4d>Seals data </p4d>
<p5>int openssl_seal(string data, &amp;string sealdata, &amp;array ekeys, array pubkeys)</p5>
<p5d>Seals data </p5d>
<texts><text><lng>cs</lng>
<d>Zapečetit (zakódovat) data</d>
</text><text><lng>de</lng>
<d>Verschlüsselt (versiegelt) Daten</d>
</text><text><lng>en</lng>
<d>Seal (encrypt) data</d>
</text></texts></PHPModuleRef><PHPModuleRef>
<t>openssl_sign</t>
<mn>openssl</mn>
<ft>F</ft>
<ver>4_0_4,4_0_5,4_0_6,4_1_0,4_1_1,4_1_2,4_2_0,4_2_1,4_2_2,4_2_3,4_3_0,4_3_1,4_3_10,4_3_11,4_3_2,4_3_3,4_3_4,4_3_5,4_3_6,4_3_7,4_3_8,4_3_9,4_4_0,4_4_1,4_4_2,4_4_3,4_4_4,4_4_5,4_4_6,4_cvs,5_0_0,5_0_1,5_0_2,5_0_3,5_1_0,5_1_1,5_1_2,5_1_3,5_1_4,5_1_5,5_1_6,5_2_0,5_2_1,5_cvs</ver>
<p4>bool openssl_sign(string data, &amp;string signature, mixed key)</p4>
<p4d>Signs data </p4d>
<p5>bool openssl_sign(string data, &amp;string signature, mixed key[, int signature_alg])</p5>
<p5d>Signs data </p5d>
<texts><text><lng>cs</lng>
<d>Generate signature</d>
</text><text><lng>de</lng>
<d>Erzeugen einer Unterschrift</d>
</text><text><lng>en</lng>
<d>Generate signature</d>
</text></texts></PHPModuleRef><PHPModuleRef>
<t>openssl_verify</t>
<mn>openssl</mn>
<ft>F</ft>
<ver>4_0_4,4_0_5,4_0_6,4_1_0,4_1_1,4_1_2,4_2_0,4_2_1,4_2_2,4_2_3,4_3_0,4_3_1,4_3_10,4_3_11,4_3_2,4_3_3,4_3_4,4_3_5,4_3_6,4_3_7,4_3_8,4_3_9,4_4_0,4_4_1,4_4_2,4_4_3,4_4_4,4_4_5,4_4_6,4_cvs,5_0_0,5_0_1,5_0_2,5_0_3,5_1_0,5_1_1,5_1_2,5_1_3,5_1_4,5_1_5,5_1_6,5_2_0,5_2_1,5_cvs</ver>
<p4>int openssl_verify(string data, string signature, mixed key)</p4>
<p4d>Verifys data </p4d>
<p5>int openssl_verify(string data, string signature, mixed key [, int signature_algo])</p5>
<p5d>Verifys data </p5d>
<texts><text><lng>cs</lng>
<d>Ověřit podpis</d>
</text><text><lng>de</lng>
<d>Überprüft eine Unterschrift</d>
</text><text><lng>en</lng>
<d>Verify signature</d>
</text></texts></PHPModuleRef><PHPModuleRef>
<t>openssl_x509_checkpurpose</t>
<mn>openssl</mn>
<ft>F</ft>
<ver>4_0_6,4_1_0,4_1_1,4_1_2,4_2_0,4_2_1,4_2_2,4_2_3,4_3_0,4_3_1,4_3_10,4_3_11,4_3_2,4_3_3,4_3_4,4_3_5,4_3_6,4_3_7,4_3_8,4_3_9,4_4_0,4_4_1,4_4_2,4_4_3,4_4_4,4_4_5,4_4_6,4_cvs,5_0_0,5_0_1,5_0_2,5_0_3,5_1_0,5_1_1,5_1_2,5_1_3,5_1_4,5_1_5,5_1_6,5_2_0,5_2_1,5_cvs</ver>
<p4>int openssl_x509_checkpurpose(mixed x509cert, int purpose, array cainfo [, string untrustedfile])</p4>
<p4d>Checks the CERT to see if it can be used for the purpose in purpose. cainfo holds information about trusted CAs </p4d>
<p5>int openssl_x509_checkpurpose(mixed x509cert, int purpose, array cainfo [, string untrustedfile])</p5>
<p5d>Checks the CERT to see if it can be used for the purpose in purpose. cainfo holds information about trusted CAs </p5d>
<texts><text><lng>de</lng>
<d>Überprüft ob ein Zertifikat für einen bestimmten Zweck benutzt
    werden kann</d>
</text><text><lng>en</lng>
<d>Verifies if a certificate can be used for a particularpurpose</d>
</text></texts></PHPModuleRef><PHPModuleRef>
<t>openssl_x509_check_private_key</t>
<mn>openssl</mn>
<ft>F</ft>
<ver>4_2_0,4_2_1,4_2_2,4_2_3,4_3_0,4_3_1,4_3_10,4_3_11,4_3_2,4_3_3,4_3_4,4_3_5,4_3_6,4_3_7,4_3_8,4_3_9,4_4_0,4_4_1,4_4_2,4_4_3,4_4_4,4_4_5,4_4_6,4_cvs,5_0_0,5_0_1,5_0_2,5_0_3,5_1_0,5_1_1,5_1_2,5_1_3,5_1_4,5_1_5,5_1_6,5_2_0,5_2_1,5_cvs</ver>
<p4>bool openssl_x509_check_private_key(mixed cert, mixed key)</p4>
<p4d>Checks if a private key corresponds to a CERT </p4d>
<p5>bool openssl_x509_check_private_key(mixed cert, mixed key)</p5>
<p5d>Checks if a private key corresponds to a CERT </p5d>
<texts><text><lng>de</lng>
<d>Überprüft, ob ein privater Schlüssel zu einem Zertifikat passt</d>
</text><text><lng>en</lng>
<d>Checks if a private key corresponds to a certificate</d>
</text></texts></PHPModuleRef><PHPModuleRef>
<t>openssl_x509_export</t>
<mn>openssl</mn>
<ft>F</ft>
<ver>4_2_0,4_2_1,4_2_2,4_2_3,4_3_0,4_3_1,4_3_10,4_3_11,4_3_2,4_3_3,4_3_4,4_3_5,4_3_6,4_3_7,4_3_8,4_3_9,4_4_0,4_4_1,4_4_2,4_4_3,4_4_4,4_4_5,4_4_6,4_cvs,5_0_0,5_0_1,5_0_2,5_0_3,5_1_0,5_1_1,5_1_2,5_1_3,5_1_4,5_1_5,5_1_6,5_2_0,5_2_1,5_cvs</ver>
<p4>bool openssl_x509_export(mixed x509, string &amp;out [, bool notext = true])</p4>
<p4d>Exports a CERT to file or a var </p4d>
<p5>bool openssl_x509_export(mixed x509, string &amp;out [, bool notext = true])</p5>
<p5d>Exports a CERT to file or a var </p5d>
<texts><text><lng>de</lng>
<d>Exportiert ein Zertifikat in eine Zeichenkette</d>
</text><text><lng>en</lng>
<d>Exports a certificate as a string</d>
</text></texts></PHPModuleRef><PHPModuleRef>
<t>openssl_x509_export_to_file</t>
<mn>openssl</mn>
<ft>F</ft>
<ver>4_2_0,4_2_1,4_2_2,4_2_3,4_3_0,4_3_1,4_3_10,4_3_11,4_3_2,4_3_3,4_3_4,4_3_5,4_3_6,4_3_7,4_3_8,4_3_9,4_4_0,4_4_1,4_4_2,4_4_3,4_4_4,4_4_5,4_4_6,4_cvs,5_0_0,5_0_1,5_0_2,5_0_3,5_1_0,5_1_1,5_1_2,5_1_3,5_1_4,5_1_5,5_1_6,5_2_0,5_2_1,5_cvs</ver>
<p4>bool openssl_x509_export_to_file(mixed x509, string outfilename [, bool notext = true])</p4>
<p4d>Exports a CERT to file or a var </p4d>
<p5>bool openssl_x509_export_to_file(mixed x509, string outfilename [, bool notext = true])</p5>
<p5d>Exports a CERT to file or a var </p5d>
<texts><text><lng>de</lng>
<d>Exportiert ein Zertifikat in eine Datei</d>
</text><text><lng>en</lng>
<d>Exports a certificate to file</d>
</text></texts></PHPModuleRef><PHPModuleRef>
<t>openssl_x509_free</t>
<mn>openssl</mn>
<ft>F</ft>
<ver>4_0_6,4_1_0,4_1_1,4_1_2,4_2_0,4_2_1,4_2_2,4_2_3,4_3_0,4_3_1,4_3_10,4_3_11,4_3_2,4_3_3,4_3_4,4_3_5,4_3_6,4_3_7,4_3_8,4_3_9,4_4_0,4_4_1,4_4_2,4_4_3,4_4_4,4_4_5,4_4_6,4_cvs,5_0_0,5_0_1,5_0_2,5_0_3,5_1_0,5_1_1,5_1_2,5_1_3,5_1_4,5_1_5,5_1_6,5_2_0,5_2_1,5_cvs</ver>
<p4>void openssl_x509_free(resource x509)</p4>
<p4d>Frees X.509 certificates </p4d>
<p5>void openssl_x509_free(resource x509)</p5>
<p5d>Frees X.509 certificates </p5d>
<texts><text><lng>de</lng>
<d>Freigabe einer Zertifikats Resource</d>
</text><text><lng>en</lng>
<d>Free certificate resource</d>
</text></texts></PHPModuleRef><PHPModuleRef>
<t>openssl_x509_parse</t>
<mn>openssl</mn>
<ft>F</ft>
<ver>4_0_6,4_1_0,4_1_1,4_1_2,4_2_0,4_2_1,4_2_2,4_2_3,4_3_0,4_3_1,4_3_10,4_3_11,4_3_2,4_3_3,4_3_4,4_3_5,4_3_6,4_3_7,4_3_8,4_3_9,4_4_0,4_4_1,4_4_2,4_4_3,4_4_4,4_4_5,4_4_6,4_cvs,5_0_0,5_0_1,5_0_2,5_0_3,5_1_0,5_1_1,5_1_2,5_1_3,5_1_4,5_1_5,5_1_6,5_2_0,5_2_1,5_cvs</ver>
<p4>array openssl_x509_parse(mixed x509 [, bool shortnames=true])</p4>
<p4d>Returns an array of the fields/values of the CERT </p4d>
<p5>array openssl_x509_parse(mixed x509 [, bool shortnames=true])</p5>
<p5d>Returns an array of the fields/values of the CERT </p5d>
<texts><text><lng>de</lng>
<d>Analyse eines X509 Zertifikats und Rückgabe der Information
    in einem Array</d>
</text><text><lng>en</lng>
<d>Parse an X509 certificate and return the information as anarray</d>
</text></texts></PHPModuleRef><PHPModuleRef>
<t>openssl_x509_read</t>
<mn>openssl</mn>
<ft>F</ft>
<ver>4_0_6,4_1_0,4_1_1,4_1_2,4_2_0,4_2_1,4_2_2,4_2_3,4_3_0,4_3_1,4_3_10,4_3_11,4_3_2,4_3_3,4_3_4,4_3_5,4_3_6,4_3_7,4_3_8,4_3_9,4_4_0,4_4_1,4_4_2,4_4_3,4_4_4,4_4_5,4_4_6,4_cvs,5_0_0,5_0_1,5_0_2,5_0_3,5_1_0,5_1_1,5_1_2,5_1_3,5_1_4,5_1_5,5_1_6,5_2_0,5_2_1,5_cvs</ver>
<p4>resource openssl_x509_read(mixed cert)</p4>
<p4d>Reads X.509 certificates </p4d>
<p5>resource openssl_x509_read(mixed cert)</p5>
<p5d>Reads X.509 certificates </p5d>
<texts><text><lng>de</lng>
<d>Analysiert ein X.509 Zertitifikat und gibt eineRessource-Kennung zurück</d>
</text><text><lng>en</lng>
<d>Parse an X.509 certificate and return a resource identifier forit</d>
</text></texts></PHPModuleRef><PHPModuleRef>
<t>OPENSSL_ALGO_MD2</t>
<mn>openssl</mn>
<ft>C</ft>
<p4>integer OPENSSL_ALGO_MD2</p4>
<p5>integer OPENSSL_ALGO_MD2</p5>
</PHPModuleRef><PHPModuleRef>
<t>OPENSSL_ALGO_MD4</t>
<mn>openssl</mn>
<ft>C</ft>
<p4>integer OPENSSL_ALGO_MD4</p4>
<p5>integer OPENSSL_ALGO_MD4</p5>
</PHPModuleRef><PHPModuleRef>
<t>OPENSSL_ALGO_MD5</t>
<mn>openssl</mn>
<ft>C</ft>
<p4>integer OPENSSL_ALGO_MD5</p4>
<p5>integer OPENSSL_ALGO_MD5</p5>
</PHPModuleRef><PHPModuleRef>
<t>OPENSSL_ALGO_SHA1</t>
<mn>openssl</mn>
<ft>C</ft>
<p4>integer OPENSSL_ALGO_SHA1</p4>
<p5>integer OPENSSL_ALGO_SHA1</p5>
<texts><text><lng>de</lng>
<d>Wird als Standard-Algorithmus für die Funktionen 
       openssl_sign undopenssl_verify verwendet.</d>
</text><text><lng>en</lng>
<d>Used as default algorithm by openssl_sign andopenssl_verify.</d>
</text></texts></PHPModuleRef><PHPModuleRef>
<t>OPENSSL_CIPHER_3DES</t>
<mn>openssl</mn>
<ft>C</ft>
<p4>integer OPENSSL_CIPHER_3DES</p4>
<p5>integer OPENSSL_CIPHER_3DES</p5>
</PHPModuleRef><PHPModuleRef>
<t>OPENSSL_CIPHER_DES</t>
<mn>openssl</mn>
<ft>C</ft>
<p4>integer OPENSSL_CIPHER_DES</p4>
<p5>integer OPENSSL_CIPHER_DES</p5>
</PHPModuleRef><PHPModuleRef>
<t>OPENSSL_CIPHER_RC2_128</t>
<mn>openssl</mn>
<ft>C</ft>
<p4>integer OPENSSL_CIPHER_RC2_128</p4>
<p5>integer OPENSSL_CIPHER_RC2_128</p5>
</PHPModuleRef><PHPModuleRef>
<t>OPENSSL_CIPHER_RC2_40</t>
<mn>openssl</mn>
<ft>C</ft>
<p4>integer OPENSSL_CIPHER_RC2_40</p4>
<p5>integer OPENSSL_CIPHER_RC2_40</p5>
</PHPModuleRef><PHPModuleRef>
<t>OPENSSL_CIPHER_RC2_64</t>
<mn>openssl</mn>
<ft>C</ft>
<p4>integer OPENSSL_CIPHER_RC2_64</p4>
<p5>integer OPENSSL_CIPHER_RC2_64</p5>
</PHPModuleRef><PHPModuleRef>
<t>OPENSSL_KEYTYPE_DH</t>
<mn>openssl</mn>
<ft>C</ft>
<p4>integer OPENSSL_KEYTYPE_DH</p4>
<p5>integer OPENSSL_KEYTYPE_DH</p5>
</PHPModuleRef><PHPModuleRef>
<t>OPENSSL_KEYTYPE_DSA</t>
<mn>openssl</mn>
<ft>C</ft>
<p4>integer OPENSSL_KEYTYPE_DSA</p4>
<p5>integer OPENSSL_KEYTYPE_DSA</p5>
</PHPModuleRef><PHPModuleRef>
<t>OPENSSL_KEYTYPE_RSA</t>
<mn>openssl</mn>
<ft>C</ft>
<p4>integer OPENSSL_KEYTYPE_RSA</p4>
<p5>integer OPENSSL_KEYTYPE_RSA</p5>
</PHPModuleRef><PHPModuleRef>
<t>OPENSSL_NO_PADDING</t>
<mn>openssl</mn>
<ft>C</ft>
<p4>integer OPENSSL_NO_PADDING</p4>
<p5>integer OPENSSL_NO_PADDING</p5>
</PHPModuleRef><PHPModuleRef>
<t>OPENSSL_PKCS1_OAEP_PADDING</t>
<mn>openssl</mn>
<ft>C</ft>
<p4>integer OPENSSL_PKCS1_OAEP_PADDING</p4>
<p5>integer OPENSSL_PKCS1_OAEP_PADDING</p5>
</PHPModuleRef><PHPModuleRef>
<t>OPENSSL_PKCS1_PADDING</t>
<mn>openssl</mn>
<ft>C</ft>
<p4>integer OPENSSL_PKCS1_PADDING</p4>
<p5>integer OPENSSL_PKCS1_PADDING</p5>
</PHPModuleRef><PHPModuleRef>
<t>OPENSSL_SSLV23_PADDING</t>
<mn>openssl</mn>
<ft>C</ft>
<p4>integer OPENSSL_SSLV23_PADDING</p4>
<p5>integer OPENSSL_SSLV23_PADDING</p5>
</PHPModuleRef><PHPModuleRef>
<t>OPENSSL_VERSION_NUMBER</t>
<mn>openssl</mn>
<ft>C</ft>
<p4>integer OPENSSL_VERSION_NUMBER</p4>
<p5>integer OPENSSL_VERSION_NUMBER</p5>
</PHPModuleRef><PHPModuleRef>
<t>OPENSSL_VERSION_TEXT</t>
<mn>openssl</mn>
<ft>C</ft>
<p4>string OPENSSL_VERSION_TEXT</p4>
<p5>string OPENSSL_VERSION_TEXT</p5>
</PHPModuleRef><PHPModuleRef>
<t>X509_PURPOSE_ANY</t>
<mn>openssl</mn>
<ft>C</ft>
<p4>integer X509_PURPOSE_ANY</p4>
<p5>integer X509_PURPOSE_ANY</p5>
</PHPModuleRef><PHPModuleRef>
<t>X509_PURPOSE_CRL_SIGN</t>
<mn>openssl</mn>
<ft>C</ft>
<p4>integer X509_PURPOSE_CRL_SIGN</p4>
<p5>integer X509_PURPOSE_CRL_SIGN</p5>
</PHPModuleRef><PHPModuleRef>
<t>X509_PURPOSE_NS_SSL_SERVER</t>
<mn>openssl</mn>
<ft>C</ft>
<p4>integer X509_PURPOSE_NS_SSL_SERVER</p4>
<p5>integer X509_PURPOSE_NS_SSL_SERVER</p5>
</PHPModuleRef><PHPModuleRef>
<t>X509_PURPOSE_SMIME_ENCRYPT</t>
<mn>openssl</mn>
<ft>C</ft>
<p4>integer X509_PURPOSE_SMIME_ENCRYPT</p4>
<p5>integer X509_PURPOSE_SMIME_ENCRYPT</p5>
</PHPModuleRef><PHPModuleRef>
<t>X509_PURPOSE_SMIME_SIGN</t>
<mn>openssl</mn>
<ft>C</ft>
<p4>integer X509_PURPOSE_SMIME_SIGN</p4>
<p5>integer X509_PURPOSE_SMIME_SIGN</p5>
</PHPModuleRef><PHPModuleRef>
<t>X509_PURPOSE_SSL_CLIENT</t>
<mn>openssl</mn>
<ft>C</ft>
<p4>integer X509_PURPOSE_SSL_CLIENT</p4>
<p5>integer X509_PURPOSE_SSL_CLIENT</p5>
</PHPModuleRef><PHPModuleRef>
<t>X509_PURPOSE_SSL_SERVER</t>
<mn>openssl</mn>
<ft>C</ft>
<p4>integer X509_PURPOSE_SSL_SERVER</p4>
<p5>integer X509_PURPOSE_SSL_SERVER</p5>
</PHPModuleRef></PHPModuleRef-List>
