<?xml version="1.0" encoding="utf-8"?>
<PHPModuleRef-List>
<PHPModuleRef>
<t>ora_bind</t>
<mn>oracle</mn>
<ft>F</ft>
<ver>4_0_0,4_0_1,4_0_2,4_0_3,4_0_4,4_0_5,4_0_6,4_1_0,4_1_1,4_1_2,4_2_0,4_2_1,4_2_2,4_2_3,4_3_0,4_3_1,4_3_10,4_3_11,4_3_2,4_3_3,4_3_4,4_3_5,4_3_6,4_3_7,4_3_8,4_3_9,4_4_0,4_4_1,4_4_2,4_4_3,4_4_4,4_4_5,4_4_6,4_cvs,5_0_0,5_0_1,5_0_2,5_0_3</ver>
<p4>int ora_bind(int cursor, string php_variable_name, string sql_parameter_name, int length [, int type</p4>
<p4d>Bind a PHP variable to an Oracle parameter </p4d>
<texts><text><lng>de</lng>
<d>Bindet eine PHP-Variable an einen Oracle-Parameter</d>
</text><text><lng>en</lng>
<d>Binds a PHP variable to an Oracle parameter</d>
</text></texts></PHPModuleRef><PHPModuleRef>
<t>ora_close</t>
<mn>oracle</mn>
<ft>F</ft>
<ver>4_0_0,4_0_1,4_0_2,4_0_3,4_0_4,4_0_5,4_0_6,4_1_0,4_1_1,4_1_2,4_2_0,4_2_1,4_2_2,4_2_3,4_3_0,4_3_1,4_3_10,4_3_11,4_3_2,4_3_3,4_3_4,4_3_5,4_3_6,4_3_7,4_3_8,4_3_9,4_4_0,4_4_1,4_4_2,4_4_3,4_4_4,4_4_5,4_4_6,4_cvs,5_0_0,5_0_1,5_0_2,5_0_3</ver>
<p4>int ora_close(int cursor)</p4>
<p4d>Close an Oracle cursor </p4d>
<texts><text><lng>de</lng>
<d>Schließt einen Oracle-Cursor</d>
</text><text><lng>en</lng>
<d>Closes an Oracle cursor</d>
</text></texts></PHPModuleRef><PHPModuleRef>
<t>ora_columnname</t>
<mn>oracle</mn>
<ft>F</ft>
<ver>4_0_0,4_0_1,4_0_2,4_0_3,4_0_4,4_0_5,4_0_6,4_1_0,4_1_1,4_1_2,4_2_0,4_2_1,4_2_2,4_2_3,4_3_0,4_3_1,4_3_10,4_3_11,4_3_2,4_3_3,4_3_4,4_3_5,4_3_6,4_3_7,4_3_8,4_3_9,4_4_0,4_4_1,4_4_2,4_4_3,4_4_4,4_4_5,4_4_6,4_cvs,5_0_0,5_0_1,5_0_2,5_0_3</ver>
<p4>string ora_columnname(int cursor, int column)</p4>
<p4d>Get the name of an Oracle result column </p4d>
<texts><text><lng>de</lng>
<d>Liefert den Namen eines Oracle-Ergebnisfeldes</d>
</text><text><lng>en</lng>
<d>Gets the name of an Oracle result column</d>
</text></texts></PHPModuleRef><PHPModuleRef>
<t>ora_columnsize</t>
<mn>oracle</mn>
<ft>F</ft>
<ver>4_0_0,4_0_1,4_0_2,4_0_3,4_0_4,4_0_5,4_0_6,4_1_0,4_1_1,4_1_2,4_2_0,4_2_1,4_2_2,4_2_3,4_3_0,4_3_1,4_3_10,4_3_11,4_3_2,4_3_3,4_3_4,4_3_5,4_3_6,4_3_7,4_3_8,4_3_9,4_4_0,4_4_1,4_4_2,4_4_3,4_4_4,4_4_5,4_4_6,4_cvs,5_0_0,5_0_1,5_0_2,5_0_3</ver>
<p4>int ora_columnsize(int cursor, int column)</p4>
<p4d>Return the size of the column </p4d>
<texts><text><lng>de</lng>
<d>Liefert die Größe eines Oracle-Ergebnisfeldes</d>
</text><text><lng>en</lng>
<d>Returns the size of an Oracle result column</d>
</text></texts></PHPModuleRef><PHPModuleRef>
<t>ora_columntype</t>
<mn>oracle</mn>
<ft>F</ft>
<ver>4_0_0,4_0_1,4_0_2,4_0_3,4_0_4,4_0_5,4_0_6,4_1_0,4_1_1,4_1_2,4_2_0,4_2_1,4_2_2,4_2_3,4_3_0,4_3_1,4_3_10,4_3_11,4_3_2,4_3_3,4_3_4,4_3_5,4_3_6,4_3_7,4_3_8,4_3_9,4_4_0,4_4_1,4_4_2,4_4_3,4_4_4,4_4_5,4_4_6,4_cvs,5_0_0,5_0_1,5_0_2,5_0_3</ver>
<p4>string ora_columntype(int cursor, int column) </p4>
<p4d>Get the type of an Oracle result column </p4d>
<texts><text><lng>de</lng>
<d>Liefert den Typ eines Oracle-Ergebnisfeldes</d>
</text><text><lng>en</lng>
<d>Gets the type of an Oracle result column</d>
</text></texts></PHPModuleRef><PHPModuleRef>
<t>ora_commit</t>
<mn>oracle</mn>
<ft>F</ft>
<ver>4_0_0,4_0_1,4_0_2,4_0_3,4_0_4,4_0_5,4_0_6,4_1_0,4_1_1,4_1_2,4_2_0,4_2_1,4_2_2,4_2_3,4_3_0,4_3_1,4_3_10,4_3_11,4_3_2,4_3_3,4_3_4,4_3_5,4_3_6,4_3_7,4_3_8,4_3_9,4_4_0,4_4_1,4_4_2,4_4_3,4_4_4,4_4_5,4_4_6,4_cvs,5_0_0,5_0_1,5_0_2,5_0_3</ver>
<p4>int ora_commit(int connection)</p4>
<p4d>Commit an Oracle transaction </p4d>
<texts><text><lng>de</lng>
<d>Bestätigt eine Oracle-Transaktion</d>
</text><text><lng>en</lng>
<d>Commit an Oracle transaction</d>
</text></texts></PHPModuleRef><PHPModuleRef>
<t>ora_commitoff</t>
<mn>oracle</mn>
<ft>F</ft>
<ver>4_0_0,4_0_1,4_0_2,4_0_3,4_0_4,4_0_5,4_0_6,4_1_0,4_1_1,4_1_2,4_2_0,4_2_1,4_2_2,4_2_3,4_3_0,4_3_1,4_3_10,4_3_11,4_3_2,4_3_3,4_3_4,4_3_5,4_3_6,4_3_7,4_3_8,4_3_9,4_4_0,4_4_1,4_4_2,4_4_3,4_4_4,4_4_5,4_4_6,4_cvs,5_0_0,5_0_1,5_0_2,5_0_3</ver>
<p4>int ora_commitoff(int connection)</p4>
<p4d>Disable automatic commit </p4d>
<texts><text><lng>de</lng>
<d>Schaltet die automatische Bestätigung ab</d>
</text><text><lng>en</lng>
<d>Disable automatic commit</d>
</text></texts></PHPModuleRef><PHPModuleRef>
<t>ora_commiton</t>
<mn>oracle</mn>
<ft>F</ft>
<ver>4_0_0,4_0_1,4_0_2,4_0_3,4_0_4,4_0_5,4_0_6,4_1_0,4_1_1,4_1_2,4_2_0,4_2_1,4_2_2,4_2_3,4_3_0,4_3_1,4_3_10,4_3_11,4_3_2,4_3_3,4_3_4,4_3_5,4_3_6,4_3_7,4_3_8,4_3_9,4_4_0,4_4_1,4_4_2,4_4_3,4_4_4,4_4_5,4_4_6,4_cvs,5_0_0,5_0_1,5_0_2,5_0_3</ver>
<p4>int ora_commiton(int connection)</p4>
<p4d>Enable automatic commit </p4d>
<texts><text><lng>de</lng>
<d>Schaltet die automatische Bestätigung ein</d>
</text><text><lng>en</lng>
<d>Enable automatic commit</d>
</text></texts></PHPModuleRef><PHPModuleRef>
<t>ora_do</t>
<mn>oracle</mn>
<ft>F</ft>
<ver>4_0_0,4_0_1,4_0_2,4_0_3,4_0_4,4_0_5,4_0_6,4_1_0,4_1_1,4_1_2,4_2_0,4_2_1,4_2_2,4_2_3,4_3_0,4_3_1,4_3_10,4_3_11,4_3_2,4_3_3,4_3_4,4_3_5,4_3_6,4_3_7,4_3_8,4_3_9,4_4_0,4_4_1,4_4_2,4_4_3,4_4_4,4_4_5,4_4_6,4_cvs,5_0_0,5_0_1,5_0_2,5_0_3</ver>
<p4>int ora_do(int connection, int cursor)</p4>
<p4d>Parse and execute a statement and fetch first result row </p4d>
<texts><text><lng>de</lng>
<d>Kombiniert die Funktionen ora_parse, ora_exec und ora_fetch</d>
</text><text><lng>en</lng>
<d>Parse, Exec, Fetch</d>
</text></texts></PHPModuleRef><PHPModuleRef>
<t>ora_error</t>
<mn>oracle</mn>
<ft>F</ft>
<ver>4_0_0,4_0_1,4_0_2,4_0_3,4_0_4,4_0_5,4_0_6,4_1_0,4_1_1,4_1_2,4_2_0,4_2_1,4_2_2,4_2_3,4_3_0,4_3_1,4_3_10,4_3_11,4_3_2,4_3_3,4_3_4,4_3_5,4_3_6,4_3_7,4_3_8,4_3_9,4_4_0,4_4_1,4_4_2,4_4_3,4_4_4,4_4_5,4_4_6,4_cvs,5_0_0,5_0_1,5_0_2,5_0_3</ver>
<p4>string ora_error(int cursor_or_connection)</p4>
<p4d>Get an Oracle error message </p4d>
<texts><text><lng>de</lng>
<d>Liefert eine Oracle-Fehlermeldung</d>
</text><text><lng>en</lng>
<d>Gets an Oracle error message</d>
</text></texts></PHPModuleRef><PHPModuleRef>
<t>ora_errorcode</t>
<mn>oracle</mn>
<ft>F</ft>
<ver>4_0_0,4_0_1,4_0_2,4_0_3,4_0_4,4_0_5,4_0_6,4_1_0,4_1_1,4_1_2,4_2_0,4_2_1,4_2_2,4_2_3,4_3_0,4_3_1,4_3_10,4_3_11,4_3_2,4_3_3,4_3_4,4_3_5,4_3_6,4_3_7,4_3_8,4_3_9,4_4_0,4_4_1,4_4_2,4_4_3,4_4_4,4_4_5,4_4_6,4_cvs,5_0_0,5_0_1,5_0_2,5_0_3</ver>
<p4>int ora_errorcode(int cursor_or_connection)</p4>
<p4d>Get an Oracle error code </p4d>
<texts><text><lng>de</lng>
<d>Liefert den Oracle-Fehlercode</d>
</text><text><lng>en</lng>
<d>Gets an Oracle error code</d>
</text></texts></PHPModuleRef><PHPModuleRef>
<t>ora_exec</t>
<mn>oracle</mn>
<ft>F</ft>
<ver>4_0_0,4_0_1,4_0_2,4_0_3,4_0_4,4_0_5,4_0_6,4_1_0,4_1_1,4_1_2,4_2_0,4_2_1,4_2_2,4_2_3,4_3_0,4_3_1,4_3_10,4_3_11,4_3_2,4_3_3,4_3_4,4_3_5,4_3_6,4_3_7,4_3_8,4_3_9,4_4_0,4_4_1,4_4_2,4_4_3,4_4_4,4_4_5,4_4_6,4_cvs,5_0_0,5_0_1,5_0_2,5_0_3</ver>
<p4>int ora_exec(int cursor)</p4>
<p4d>Execute a parsed statement </p4d>
<texts><text><lng>de</lng>
<d>Führt eine analysierte Anweisung an einem Oracle-Cursor aus</d>
</text><text><lng>en</lng>
<d>Execute a parsed statement on an Oracle cursor</d>
</text></texts></PHPModuleRef><PHPModuleRef>
<t>ora_fetch</t>
<mn>oracle</mn>
<ft>F</ft>
<ver>4_0_0,4_0_1,4_0_2,4_0_3,4_0_4,4_0_5,4_0_6,4_1_0,4_1_1,4_1_2,4_2_0,4_2_1,4_2_2,4_2_3,4_3_0,4_3_1,4_3_10,4_3_11,4_3_2,4_3_3,4_3_4,4_3_5,4_3_6,4_3_7,4_3_8,4_3_9,4_4_0,4_4_1,4_4_2,4_4_3,4_4_4,4_4_5,4_4_6,4_cvs,5_0_0,5_0_1,5_0_2,5_0_3</ver>
<p4>int ora_fetch(int cursor)</p4>
<p4d>Fetch a row of result data from a cursor </p4d>
<texts><text><lng>de</lng>
<d>Ruft einen Datensatz eines Cursors ab</d>
</text><text><lng>en</lng>
<d>Fetch a row of data from a cursor</d>
</text></texts></PHPModuleRef><PHPModuleRef>
<t>ora_fetch_into</t>
<mn>oracle</mn>
<ft>F</ft>
<ver>4_0_0,4_0_1,4_0_2,4_0_3,4_0_4,4_0_5,4_0_6,4_1_0,4_1_1,4_1_2,4_2_0,4_2_1,4_2_2,4_2_3,4_3_0,4_3_1,4_3_10,4_3_11,4_3_2,4_3_3,4_3_4,4_3_5,4_3_6,4_3_7,4_3_8,4_3_9,4_4_0,4_4_1,4_4_2,4_4_3,4_4_4,4_4_5,4_4_6,4_cvs,5_0_0,5_0_1,5_0_2,5_0_3</ver>
<p4>int ora_fetch_into(int cursor, array result [, int flags])</p4>
<p4d>Fetch a row into the specified result array </p4d>
<texts><text><lng>de</lng>
<d>Ruft einen Datensatz in ein angegebenes Ergebnisarray ab</d>
</text><text><lng>en</lng>
<d>Fetch a row into the specified result array</d>
</text></texts></PHPModuleRef><PHPModuleRef>
<t>ora_getcolumn</t>
<mn>oracle</mn>
<ft>F</ft>
<ver>4_0_0,4_0_1,4_0_2,4_0_3,4_0_4,4_0_5,4_0_6,4_1_0,4_1_1,4_1_2,4_2_0,4_2_1,4_2_2,4_2_3,4_3_0,4_3_1,4_3_10,4_3_11,4_3_2,4_3_3,4_3_4,4_3_5,4_3_6,4_3_7,4_3_8,4_3_9,4_4_0,4_4_1,4_4_2,4_4_3,4_4_4,4_4_5,4_4_6,4_cvs,5_0_0,5_0_1,5_0_2,5_0_3</ver>
<p4>mixed ora_getcolumn(int cursor, int column)</p4>
<p4d>Get data from a fetched row </p4d>
<texts><text><lng>de</lng>
<d>Liefert die Daten eines abgerufenen Feldes</d>
</text><text><lng>en</lng>
<d>Get data from a fetched column</d>
</text></texts></PHPModuleRef><PHPModuleRef>
<t>ora_logoff</t>
<mn>oracle</mn>
<ft>F</ft>
<ver>4_0_0,4_0_1,4_0_2,4_0_3,4_0_4,4_0_5,4_0_6,4_1_0,4_1_1,4_1_2,4_2_0,4_2_1,4_2_2,4_2_3,4_3_0,4_3_1,4_3_10,4_3_11,4_3_2,4_3_3,4_3_4,4_3_5,4_3_6,4_3_7,4_3_8,4_3_9,4_4_0,4_4_1,4_4_2,4_4_3,4_4_4,4_4_5,4_4_6,4_cvs,5_0_0,5_0_1,5_0_2,5_0_3</ver>
<p4>int ora_logoff(int connection)</p4>
<p4d>Close an Oracle connection </p4d>
<texts><text><lng>de</lng>
<d>Beendet eine Oracle-Verbindung</d>
</text><text><lng>en</lng>
<d>Close an Oracle connection</d>
</text></texts></PHPModuleRef><PHPModuleRef>
<t>ora_logon</t>
<mn>oracle</mn>
<ft>F</ft>
<ver>4_0_0,4_0_1,4_0_2,4_0_3,4_0_4,4_0_5,4_0_6,4_1_0,4_1_1,4_1_2,4_2_0,4_2_1,4_2_2,4_2_3,4_3_0,4_3_1,4_3_10,4_3_11,4_3_2,4_3_3,4_3_4,4_3_5,4_3_6,4_3_7,4_3_8,4_3_9,4_4_0,4_4_1,4_4_2,4_4_3,4_4_4,4_4_5,4_4_6,4_cvs,5_0_0,5_0_1,5_0_2,5_0_3</ver>
<p4>int ora_logon(string user, string password)</p4>
<p4d>Open an Oracle connection </p4d>
<texts><text><lng>de</lng>
<d>Baut eine Oracle-Verbindung auf</d>
</text><text><lng>en</lng>
<d>Open an Oracle connection</d>
</text></texts></PHPModuleRef><PHPModuleRef>
<t>ora_numcols</t>
<mn>oracle</mn>
<ft>F</ft>
<ver>4_0_0,4_0_1,4_0_2,4_0_3,4_0_4,4_0_5,4_0_6,4_1_0,4_1_1,4_1_2,4_2_0,4_2_1,4_2_2,4_2_3,4_3_0,4_3_1,4_3_10,4_3_11,4_3_2,4_3_3,4_3_4,4_3_5,4_3_6,4_3_7,4_3_8,4_3_9,4_4_0,4_4_1,4_4_2,4_4_3,4_4_4,4_4_5,4_4_6,4_cvs,5_0_0,5_0_1,5_0_2,5_0_3</ver>
<p4>int ora_numcols(int cursor)</p4>
<p4d>Returns the numbers of columns in a result </p4d>
<texts><text><lng>de</lng>
<d>Liefert die Anzahl der Felder</d>
</text><text><lng>en</lng>
<d>Returns the number of columns</d>
</text></texts></PHPModuleRef><PHPModuleRef>
<t>ora_numrows</t>
<mn>oracle</mn>
<ft>F</ft>
<ver>4_0_0,4_0_1,4_0_2,4_0_3,4_0_4,4_0_5,4_0_6,4_1_0,4_1_1,4_1_2,4_2_0,4_2_1,4_2_2,4_2_3,4_3_0,4_3_1,4_3_10,4_3_11,4_3_2,4_3_3,4_3_4,4_3_5,4_3_6,4_3_7,4_3_8,4_3_9,4_4_0,4_4_1,4_4_2,4_4_3,4_4_4,4_4_5,4_4_6,4_cvs,5_0_0,5_0_1,5_0_2,5_0_3</ver>
<p4>int ora_numrows(int cursor)</p4>
<p4d>Returns the number of rows in a result </p4d>
<texts><text><lng>de</lng>
<d>Liefert die Anzahl der Datensätze</d>
</text><text><lng>en</lng>
<d>Returns the number of rows</d>
</text></texts></PHPModuleRef><PHPModuleRef>
<t>ora_open</t>
<mn>oracle</mn>
<ft>F</ft>
<ver>4_0_0,4_0_1,4_0_2,4_0_3,4_0_4,4_0_5,4_0_6,4_1_0,4_1_1,4_1_2,4_2_0,4_2_1,4_2_2,4_2_3,4_3_0,4_3_1,4_3_10,4_3_11,4_3_2,4_3_3,4_3_4,4_3_5,4_3_6,4_3_7,4_3_8,4_3_9,4_4_0,4_4_1,4_4_2,4_4_3,4_4_4,4_4_5,4_4_6,4_cvs,5_0_0,5_0_1,5_0_2,5_0_3</ver>
<p4>int ora_open(int connection)</p4>
<p4d>Open an Oracle cursor </p4d>
<texts><text><lng>de</lng>
<d>Öffnet einen Oracle-Cursor</d>
</text><text><lng>en</lng>
<d>Opens an Oracle cursor</d>
</text></texts></PHPModuleRef><PHPModuleRef>
<t>ora_parse</t>
<mn>oracle</mn>
<ft>F</ft>
<ver>4_0_0,4_0_1,4_0_2,4_0_3,4_0_4,4_0_5,4_0_6,4_1_0,4_1_1,4_1_2,4_2_0,4_2_1,4_2_2,4_2_3,4_3_0,4_3_1,4_3_10,4_3_11,4_3_2,4_3_3,4_3_4,4_3_5,4_3_6,4_3_7,4_3_8,4_3_9,4_4_0,4_4_1,4_4_2,4_4_3,4_4_4,4_4_5,4_4_6,4_cvs,5_0_0,5_0_1,5_0_2,5_0_3</ver>
<p4>int ora_parse(int cursor, string sql_statement [, int defer])</p4>
<p4d>Parse an Oracle SQL statement </p4d>
<texts><text><lng>de</lng>
<d>Analysiert eine SQL-Anweisung mit Oracle</d>
</text><text><lng>en</lng>
<d>Parse an SQL statement with Oracle</d>
</text></texts></PHPModuleRef><PHPModuleRef>
<t>ora_plogon</t>
<mn>oracle</mn>
<ft>F</ft>
<ver>4_0_0,4_0_1,4_0_2,4_0_3,4_0_4,4_0_5,4_0_6,4_1_0,4_1_1,4_1_2,4_2_0,4_2_1,4_2_2,4_2_3,4_3_0,4_3_1,4_3_10,4_3_11,4_3_2,4_3_3,4_3_4,4_3_5,4_3_6,4_3_7,4_3_8,4_3_9,4_4_0,4_4_1,4_4_2,4_4_3,4_4_4,4_4_5,4_4_6,4_cvs,5_0_0,5_0_1,5_0_2,5_0_3</ver>
<p4>int ora_plogon(string user, string password)</p4>
<p4d>Open a persistent Oracle connection </p4d>
<texts><text><lng>de</lng>
<d>Baut eine persistente Oracle-Verbindung auf</d>
</text><text><lng>en</lng>
<d>Open a persistent Oracle connection</d>
</text></texts></PHPModuleRef><PHPModuleRef>
<t>ora_rollback</t>
<mn>oracle</mn>
<ft>F</ft>
<ver>4_0_0,4_0_1,4_0_2,4_0_3,4_0_4,4_0_5,4_0_6,4_1_0,4_1_1,4_1_2,4_2_0,4_2_1,4_2_2,4_2_3,4_3_0,4_3_1,4_3_10,4_3_11,4_3_2,4_3_3,4_3_4,4_3_5,4_3_6,4_3_7,4_3_8,4_3_9,4_4_0,4_4_1,4_4_2,4_4_3,4_4_4,4_4_5,4_4_6,4_cvs,5_0_0,5_0_1,5_0_2,5_0_3</ver>
<p4>int ora_rollback(int connection)</p4>
<p4d>Roll back an Oracle transaction </p4d>
<texts><text><lng>de</lng>
<d>Macht eine Transaktion rückgängig</d>
</text><text><lng>en</lng>
<d>Rolls back a transaction</d>
</text></texts></PHPModuleRef><PHPModuleRef>
<t>Ora_Bind</t>
<mn>oracle</mn>
<ft>F</ft>
<ver></ver>
<texts><text><lng>es</lng>
<d>Vincula una variable PHP a un parámetro Oracle</d>
</text></texts></PHPModuleRef><PHPModuleRef>
<t>Ora_Close</t>
<mn>oracle</mn>
<ft>F</ft>
<ver></ver>
<texts><text><lng>es</lng>
<d>Cierra un cursor Oracle</d>
</text></texts></PHPModuleRef><PHPModuleRef>
<t>Ora_ColumnName</t>
<mn>oracle</mn>
<ft>F</ft>
<ver></ver>
<texts><text><lng>es</lng>
<d>toma el nombre de una columna de resultados Oracle</d>
</text></texts></PHPModuleRef><PHPModuleRef>
<t>Ora_ColumnType</t>
<mn>oracle</mn>
<ft>F</ft>
<ver></ver>
<texts><text><lng>es</lng>
<d>toma el tipo de una columna de resultados Oracle</d>
</text></texts></PHPModuleRef><PHPModuleRef>
<t>Ora_Commit</t>
<mn>oracle</mn>
<ft>F</ft>
<ver></ver>
<texts><text><lng>es</lng>
<d>realiza una transacción Oracle</d>
</text></texts></PHPModuleRef><PHPModuleRef>
<t>Ora_CommitOff</t>
<mn>oracle</mn>
<ft>F</ft>
<ver></ver>
<texts><text><lng>es</lng>
<d>deshabilita el modo automatico de ejecucion de tareas (autocommit)</d>
</text></texts></PHPModuleRef><PHPModuleRef>
<t>Ora_CommitOn</t>
<mn>oracle</mn>
<ft>F</ft>
<ver></ver>
<texts><text><lng>es</lng>
<d>Habilita la ejecucion automática de tareas (autocommit)</d>
</text></texts></PHPModuleRef><PHPModuleRef>
<t>Ora_Error</t>
<mn>oracle</mn>
<ft>F</ft>
<ver></ver>
<texts><text><lng>es</lng>
<d>toma los mensajes de error de Oracle</d>
</text></texts></PHPModuleRef><PHPModuleRef>
<t>Ora_ErrorCode</t>
<mn>oracle</mn>
<ft>F</ft>
<ver></ver>
<texts><text><lng>es</lng>
<d>captura el código de error Oracle</d>
</text></texts></PHPModuleRef><PHPModuleRef>
<t>Ora_Exec</t>
<mn>oracle</mn>
<ft>F</ft>
<ver></ver>
<texts><text><lng>es</lng>
<d>ejecuta las declaraciones interpretadas en un cursor Oracle</d>
</text></texts></PHPModuleRef><PHPModuleRef>
<t>Ora_Fetch</t>
<mn>oracle</mn>
<ft>F</ft>
<ver></ver>
<texts><text><lng>es</lng>
<d>extrae una fila de datos a partir de un cursor</d>
</text></texts></PHPModuleRef><PHPModuleRef>
<t>Ora_GetColumn</t>
<mn>oracle</mn>
<ft>F</ft>
<ver></ver>
<texts><text><lng>es</lng>
<d>toma datos de la fila extraída</d>
</text></texts></PHPModuleRef><PHPModuleRef>
<t>Ora_Logoff</t>
<mn>oracle</mn>
<ft>F</ft>
<ver></ver>
<texts><text><lng>es</lng>
<d>cierra una conexión Oracle</d>
</text></texts></PHPModuleRef><PHPModuleRef>
<t>Ora_Logon</t>
<mn>oracle</mn>
<ft>F</ft>
<ver></ver>
<texts><text><lng>es</lng>
<d>Abre una conexión Oracle</d>
</text></texts></PHPModuleRef><PHPModuleRef>
<t>Ora_Open</t>
<mn>oracle</mn>
<ft>F</ft>
<ver></ver>
<texts><text><lng>es</lng>
<d>abre un cursor Oracle</d>
</text></texts></PHPModuleRef><PHPModuleRef>
<t>Ora_Parse</t>
<mn>oracle</mn>
<ft>F</ft>
<ver></ver>
<texts><text><lng>es</lng>
<d>interpreta una declaración SQL</d>
</text></texts></PHPModuleRef><PHPModuleRef>
<t>Ora_Rollback</t>
<mn>oracle</mn>
<ft>F</ft>
<ver></ver>
<texts><text><lng>es</lng>
<d>retrocede en la lista de transacciones (hace un roll back)</d>
</text></texts></PHPModuleRef><PHPModuleRef>
<t>ORA_BIND_IN</t>
<mn>oracle</mn>
<ft>C</ft>
<p4>integer ORA_BIND_IN</p4>
<p5>integer ORA_BIND_IN</p5>
</PHPModuleRef><PHPModuleRef>
<t>ORA_BIND_INOUT</t>
<mn>oracle</mn>
<ft>C</ft>
<p4>integer ORA_BIND_INOUT</p4>
<p5>integer ORA_BIND_INOUT</p5>
</PHPModuleRef><PHPModuleRef>
<t>ORA_BIND_OUT</t>
<mn>oracle</mn>
<ft>C</ft>
<p4>integer ORA_BIND_OUT</p4>
<p5>integer ORA_BIND_OUT</p5>
</PHPModuleRef><PHPModuleRef>
<t>ORA_FETCHINTO_ASSOC</t>
<mn>oracle</mn>
<ft>C</ft>
<p4>integer ORA_FETCHINTO_ASSOC</p4>
<p5>integer ORA_FETCHINTO_ASSOC</p5>
</PHPModuleRef><PHPModuleRef>
<t>ORA_FETCHINTO_NULLS</t>
<mn>oracle</mn>
<ft>C</ft>
<p4>integer ORA_FETCHINTO_NULLS</p4>
<p5>integer ORA_FETCHINTO_NULLS</p5>
</PHPModuleRef></PHPModuleRef-List>
