<?xml version="1.0" encoding="utf-8"?>
<PHPModuleRef-List>
<PHPModuleRef>
<t>overload</t>
<mn>overload</mn>
<ft>F</ft>
<ver>4_2_0,4_2_1,4_2_2,4_2_3,4_3_0,4_3_1,4_3_10,4_3_11,4_3_2,4_3_3,4_3_4,4_3_5,4_3_6,4_3_7,4_3_8,4_3_9,4_4_0,4_4_1,4_4_2,4_4_3,4_4_4,4_4_5,4_4_6,4_cvs</ver>
<p4>void overload(string class_entry)</p4>
<p4d>Enables property and method call overloading for a class. </p4d>
<texts><text><lng>en</lng>
<d>Enable property and method call overloading for a class</d>
</text></texts></PHPModuleRef></PHPModuleRef-List>
