<?xml version="1.0" encoding="utf-8"?>
<PHPModuleRef-List>
<PHPModuleRef>
<t>ovrimos_autocommit</t>
<mn>ovrimos</mn>
<ft>F</ft>
<ver>4_0_3,4_0_4,4_0_5,4_0_6,4_1_0,4_1_1,4_1_2,4_2_0,4_2_1,4_2_2,4_2_3,4_3_0,4_3_1,4_3_10,4_3_11,4_3_2,4_3_3,4_3_4,4_3_5,4_3_6,4_3_7,4_3_8,4_3_9,4_4_0,4_4_1,4_4_2,4_4_3,4_4_4,5_0_0,5_0_1,5_0_2,5_0_3</ver>
</PHPModuleRef><PHPModuleRef>
<t>ovrimos_binmode</t>
<mn>ovrimos</mn>
<ft>F</ft>
<ver>4_0_3,4_0_4,4_0_5,4_0_6,4_1_0,4_1_1,4_1_2,4_2_0,4_2_1,4_2_2,4_2_3,4_3_0,4_3_1,4_3_10,4_3_11,4_3_2,4_3_3,4_3_4,4_3_5,4_3_6,4_3_7,4_3_8,4_3_9,4_4_0,4_4_1,4_4_2,4_4_3,4_4_4,5_0_0,5_0_1,5_0_2,5_0_3</ver>
</PHPModuleRef><PHPModuleRef>
<t>ovrimos_close</t>
<mn>ovrimos</mn>
<ft>F</ft>
<ver>4_0_3,4_0_4,4_0_5,4_0_6,4_1_0,4_1_1,4_1_2,4_2_0,4_2_1,4_2_2,4_2_3,4_3_0,4_3_1,4_3_10,4_3_11,4_3_2,4_3_3,4_3_4,4_3_5,4_3_6,4_3_7,4_3_8,4_3_9,4_4_0,4_4_1,4_4_2,4_4_3,4_4_4,5_0_0,5_0_1,5_0_2,5_0_3</ver>
<texts><text><lng>en</lng>
<d>Closes the connection to ovrimos</d>
</text><text><lng>es</lng>
<d>Closes the connection to ovrimos</d>
</text></texts></PHPModuleRef><PHPModuleRef>
<t>ovrimos_close_all</t>
<mn>ovrimos</mn>
<ft>F</ft>
<ver>4_0_3,4_0_4,4_0_5,4_0_6</ver>
</PHPModuleRef><PHPModuleRef>
<t>ovrimos_commit</t>
<mn>ovrimos</mn>
<ft>F</ft>
<ver>4_0_3,4_0_4,4_0_5,4_0_6,4_1_0,4_1_1,4_1_2,4_2_0,4_2_1,4_2_2,4_2_3,4_3_0,4_3_1,4_3_10,4_3_11,4_3_2,4_3_3,4_3_4,4_3_5,4_3_6,4_3_7,4_3_8,4_3_9,4_4_0,4_4_1,4_4_2,4_4_3,4_4_4,5_0_0,5_0_1,5_0_2,5_0_3</ver>
<texts><text><lng>en</lng>
<d>Commits the transaction</d>
</text><text><lng>es</lng>
<d>Commits the transaction</d>
</text></texts></PHPModuleRef><PHPModuleRef>
<t>ovrimos_connect</t>
<mn>ovrimos</mn>
<ft>F</ft>
<ver>4_0_3,4_0_4,4_0_5,4_0_6,4_1_0,4_1_1,4_1_2,4_2_0,4_2_1,4_2_2,4_2_3,4_3_0,4_3_1,4_3_10,4_3_11,4_3_2,4_3_3,4_3_4,4_3_5,4_3_6,4_3_7,4_3_8,4_3_9,4_4_0,4_4_1,4_4_2,4_4_3,4_4_4,5_0_0,5_0_1,5_0_2,5_0_3</ver>
<texts><text><lng>en</lng>
<d>Connect to the specified database</d>
</text><text><lng>es</lng>
<d>Connect to the specified database</d>
</text></texts></PHPModuleRef><PHPModuleRef>
<t>ovrimos_cursor</t>
<mn>ovrimos</mn>
<ft>F</ft>
<ver>4_0_3,4_0_4,4_0_5,4_0_6,4_1_0,4_1_1,4_1_2,4_2_0,4_2_1,4_2_2,4_2_3,4_3_0,4_3_1,4_3_10,4_3_11,4_3_2,4_3_3,4_3_4,4_3_5,4_3_6,4_3_7,4_3_8,4_3_9,4_4_0,4_4_1,4_4_2,4_4_3,4_4_4,5_0_0,5_0_1,5_0_2,5_0_3</ver>
<texts><text><lng>en</lng>
<d>Returns the name of the cursor</d>
</text><text><lng>es</lng>
<d>Returns the name of the cursor</d>
</text></texts></PHPModuleRef><PHPModuleRef>
<t>ovrimos_do</t>
<mn>ovrimos</mn>
<ft>A</ft>
<af>ovrimos_exec</af>
<ver>4_0_3</ver>
</PHPModuleRef><PHPModuleRef>
<t>ovrimos_exec</t>
<mn>ovrimos</mn>
<ft>F</ft>
<ver>4_0_3,4_0_4,4_0_5,4_0_6,4_1_0,4_1_1,4_1_2,4_2_0,4_2_1,4_2_2,4_2_3,4_3_0,4_3_1,4_3_10,4_3_11,4_3_2,4_3_3,4_3_4,4_3_5,4_3_6,4_3_7,4_3_8,4_3_9,4_4_0,4_4_1,4_4_2,4_4_3,4_4_4,5_0_0,5_0_1,5_0_2,5_0_3</ver>
<texts><text><lng>en</lng>
<d>Executes an SQL statement</d>
</text><text><lng>es</lng>
<d>Executes an SQL statement</d>
</text></texts></PHPModuleRef><PHPModuleRef>
<t>ovrimos_execute</t>
<mn>ovrimos</mn>
<ft>F</ft>
<ver>4_0_3,4_0_4,4_0_5,4_0_6,4_1_0,4_1_1,4_1_2,4_2_0,4_2_1,4_2_2,4_2_3,4_3_0,4_3_1,4_3_10,4_3_11,4_3_2,4_3_3,4_3_4,4_3_5,4_3_6,4_3_7,4_3_8,4_3_9,4_4_0,4_4_1,4_4_2,4_4_3,4_4_4,5_0_0,5_0_1,5_0_2,5_0_3</ver>
<texts><text><lng>en</lng>
<d>Executes a prepared SQL statement</d>
</text><text><lng>es</lng>
<d>Executes a prepared SQL statement</d>
</text></texts></PHPModuleRef><PHPModuleRef>
<t>ovrimos_fetch_into</t>
<mn>ovrimos</mn>
<ft>F</ft>
<ver>4_0_3,4_0_4,4_0_5,4_0_6,4_1_0,4_1_1,4_1_2,4_2_0,4_2_1,4_2_2,4_2_3,4_3_0,4_3_1,4_3_10,4_3_11,4_3_2,4_3_3,4_3_4,4_3_5,4_3_6,4_3_7,4_3_8,4_3_9,4_4_0,4_4_1,4_4_2,4_4_3,4_4_4,5_0_0,5_0_1,5_0_2,5_0_3</ver>
<texts><text><lng>en</lng>
<d>Fetches a row from the result set</d>
</text><text><lng>es</lng>
<d>Fetches a row from the result set</d>
</text></texts></PHPModuleRef><PHPModuleRef>
<t>ovrimos_fetch_row</t>
<mn>ovrimos</mn>
<ft>F</ft>
<ver>4_0_3,4_0_4,4_0_5,4_0_6,4_1_0,4_1_1,4_1_2,4_2_0,4_2_1,4_2_2,4_2_3,4_3_0,4_3_1,4_3_10,4_3_11,4_3_2,4_3_3,4_3_4,4_3_5,4_3_6,4_3_7,4_3_8,4_3_9,4_4_0,4_4_1,4_4_2,4_4_3,4_4_4,5_0_0,5_0_1,5_0_2,5_0_3</ver>
<texts><text><lng>en</lng>
<d>Fetches a row from the result set</d>
</text><text><lng>es</lng>
<d>Fetches a row from the result set</d>
</text></texts></PHPModuleRef><PHPModuleRef>
<t>ovrimos_field_len</t>
<mn>ovrimos</mn>
<ft>F</ft>
<ver>4_0_3,4_0_4,4_0_5,4_0_6,4_1_0,4_1_1,4_1_2,4_2_0,4_2_1,4_2_2,4_2_3,4_3_0,4_3_1,4_3_10,4_3_11,4_3_2,4_3_3,4_3_4,4_3_5,4_3_6,4_3_7,4_3_8,4_3_9,4_4_0,4_4_1,4_4_2,4_4_3,4_4_4,5_0_0,5_0_1,5_0_2,5_0_3</ver>
<texts><text><lng>en</lng>
<d>Returns the length of the output column</d>
</text><text><lng>es</lng>
<d>Returns the length of the output column</d>
</text></texts></PHPModuleRef><PHPModuleRef>
<t>ovrimos_field_name</t>
<mn>ovrimos</mn>
<ft>F</ft>
<ver>4_0_3,4_0_4,4_0_5,4_0_6,4_1_0,4_1_1,4_1_2,4_2_0,4_2_1,4_2_2,4_2_3,4_3_0,4_3_1,4_3_10,4_3_11,4_3_2,4_3_3,4_3_4,4_3_5,4_3_6,4_3_7,4_3_8,4_3_9,4_4_0,4_4_1,4_4_2,4_4_3,4_4_4,5_0_0,5_0_1,5_0_2,5_0_3</ver>
<texts><text><lng>en</lng>
<d>Returns the output column name</d>
</text><text><lng>es</lng>
<d>Returns the output column name</d>
</text></texts></PHPModuleRef><PHPModuleRef>
<t>ovrimos_field_num</t>
<mn>ovrimos</mn>
<ft>F</ft>
<ver>4_0_3,4_0_4,4_0_5,4_0_6,4_1_0,4_1_1,4_1_2,4_2_0,4_2_1,4_2_2,4_2_3,4_3_0,4_3_1,4_3_10,4_3_11,4_3_2,4_3_3,4_3_4,4_3_5,4_3_6,4_3_7,4_3_8,4_3_9,4_4_0,4_4_1,4_4_2,4_4_3,4_4_4,5_0_0,5_0_1,5_0_2,5_0_3</ver>
<texts><text><lng>en</lng>
<d>Returns the (1-based) index of the output column</d>
</text><text><lng>es</lng>
<d>Returns the (1-based) index of the output column</d>
</text></texts></PHPModuleRef><PHPModuleRef>
<t>ovrimos_field_type</t>
<mn>ovrimos</mn>
<ft>F</ft>
<ver>4_0_3,4_0_4,4_0_5,4_0_6,4_1_0,4_1_1,4_1_2,4_2_0,4_2_1,4_2_2,4_2_3,4_3_0,4_3_1,4_3_10,4_3_11,4_3_2,4_3_3,4_3_4,4_3_5,4_3_6,4_3_7,4_3_8,4_3_9,4_4_0,4_4_1,4_4_2,4_4_3,4_4_4,5_0_0,5_0_1,5_0_2,5_0_3</ver>
<texts><text><lng>en</lng>
<d>Returns the type of the output column</d>
</text><text><lng>es</lng>
<d>Returns the (numeric) type of the output column</d>
</text></texts></PHPModuleRef><PHPModuleRef>
<t>ovrimos_free_result</t>
<mn>ovrimos</mn>
<ft>F</ft>
<ver>4_0_3,4_0_4,4_0_5,4_0_6,4_1_0,4_1_1,4_1_2,4_2_0,4_2_1,4_2_2,4_2_3,4_3_0,4_3_1,4_3_10,4_3_11,4_3_2,4_3_3,4_3_4,4_3_5,4_3_6,4_3_7,4_3_8,4_3_9,4_4_0,4_4_1,4_4_2,4_4_3,4_4_4,5_0_0,5_0_1,5_0_2,5_0_3</ver>
<texts><text><lng>en</lng>
<d>Frees the specified result_id</d>
</text><text><lng>es</lng>
<d>Frees the specified result_id</d>
</text></texts></PHPModuleRef><PHPModuleRef>
<t>ovrimos_longreadlen</t>
<mn>ovrimos</mn>
<ft>F</ft>
<ver>4_0_3,4_0_4,4_0_5,4_0_6,4_1_0,4_1_1,4_1_2,4_2_0,4_2_1,4_2_2,4_2_3,4_3_0,4_3_1,4_3_10,4_3_11,4_3_2,4_3_3,4_3_4,4_3_5,4_3_6,4_3_7,4_3_8,4_3_9,4_4_0,4_4_1,4_4_2,4_4_3,4_4_4,5_0_0,5_0_1,5_0_2,5_0_3</ver>
<texts><text><lng>en</lng>
<d>Specifies how many bytes are to be retrieved from long datatypes</d>
</text><text><lng>es</lng>
<d>Specifies how many bytes are to be retrieved from long datatypes</d>
</text></texts></PHPModuleRef><PHPModuleRef>
<t>ovrimos_num_fields</t>
<mn>ovrimos</mn>
<ft>F</ft>
<ver>4_0_3,4_0_4,4_0_5,4_0_6,4_1_0,4_1_1,4_1_2,4_2_0,4_2_1,4_2_2,4_2_3,4_3_0,4_3_1,4_3_10,4_3_11,4_3_2,4_3_3,4_3_4,4_3_5,4_3_6,4_3_7,4_3_8,4_3_9,4_4_0,4_4_1,4_4_2,4_4_3,4_4_4,5_0_0,5_0_1,5_0_2,5_0_3</ver>
<texts><text><lng>en</lng>
<d>Returns the number of columns</d>
</text><text><lng>es</lng>
<d>Returns the number of columns</d>
</text></texts></PHPModuleRef><PHPModuleRef>
<t>ovrimos_num_rows</t>
<mn>ovrimos</mn>
<ft>F</ft>
<ver>4_0_3,4_0_4,4_0_5,4_0_6,4_1_0,4_1_1,4_1_2,4_2_0,4_2_1,4_2_2,4_2_3,4_3_0,4_3_1,4_3_10,4_3_11,4_3_2,4_3_3,4_3_4,4_3_5,4_3_6,4_3_7,4_3_8,4_3_9,4_4_0,4_4_1,4_4_2,4_4_3,4_4_4,5_0_0,5_0_1,5_0_2,5_0_3</ver>
<texts><text><lng>en</lng>
<d>Returns the number of rows affected by update operations</d>
</text><text><lng>es</lng>
<d>Returns the number of rows affected by update operations</d>
</text></texts></PHPModuleRef><PHPModuleRef>
<t>ovrimos_prepare</t>
<mn>ovrimos</mn>
<ft>F</ft>
<ver>4_0_3,4_0_4,4_0_5,4_0_6,4_1_0,4_1_1,4_1_2,4_2_0,4_2_1,4_2_2,4_2_3,4_3_0,4_3_1,4_3_10,4_3_11,4_3_2,4_3_3,4_3_4,4_3_5,4_3_6,4_3_7,4_3_8,4_3_9,4_4_0,4_4_1,4_4_2,4_4_3,4_4_4,5_0_0,5_0_1,5_0_2,5_0_3</ver>
<texts><text><lng>en</lng>
<d>Prepares an SQL statement</d>
</text><text><lng>es</lng>
<d>Prepares an SQL statement</d>
</text></texts></PHPModuleRef><PHPModuleRef>
<t>ovrimos_result</t>
<mn>ovrimos</mn>
<ft>F</ft>
<ver>4_0_3,4_0_4,4_0_5,4_0_6,4_1_0,4_1_1,4_1_2,4_2_0,4_2_1,4_2_2,4_2_3,4_3_0,4_3_1,4_3_10,4_3_11,4_3_2,4_3_3,4_3_4,4_3_5,4_3_6,4_3_7,4_3_8,4_3_9,4_4_0,4_4_1,4_4_2,4_4_3,4_4_4,5_0_0,5_0_1,5_0_2,5_0_3</ver>
<texts><text><lng>en</lng>
<d>Retrieves the output column</d>
</text><text><lng>es</lng>
<d>Retrieves the output column</d>
</text></texts></PHPModuleRef><PHPModuleRef>
<t>ovrimos_result_all</t>
<mn>ovrimos</mn>
<ft>F</ft>
<ver>4_0_3,4_0_4,4_0_5,4_0_6,4_1_0,4_1_1,4_1_2,4_2_0,4_2_1,4_2_2,4_2_3,4_3_0,4_3_1,4_3_10,4_3_11,4_3_2,4_3_3,4_3_4,4_3_5,4_3_6,4_3_7,4_3_8,4_3_9,4_4_0,4_4_1,4_4_2,4_4_3,4_4_4,5_0_0,5_0_1,5_0_2,5_0_3</ver>
<texts><text><lng>en</lng>
<d>Prints the whole result set as an HTML table</d>
</text><text><lng>es</lng>
<d>Prints the whole result set as an HTML table</d>
</text></texts></PHPModuleRef><PHPModuleRef>
<t>ovrimos_rollback</t>
<mn>ovrimos</mn>
<ft>F</ft>
<ver>4_0_3,4_0_4,4_0_5,4_0_6,4_1_0,4_1_1,4_1_2,4_2_0,4_2_1,4_2_2,4_2_3,4_3_0,4_3_1,4_3_10,4_3_11,4_3_2,4_3_3,4_3_4,4_3_5,4_3_6,4_3_7,4_3_8,4_3_9,4_4_0,4_4_1,4_4_2,4_4_3,4_4_4,5_0_0,5_0_1,5_0_2,5_0_3</ver>
<texts><text><lng>en</lng>
<d>Rolls back the transaction</d>
</text><text><lng>es</lng>
<d>Rolls back the transaction</d>
</text></texts></PHPModuleRef><PHPModuleRef>
<t>ovrimos_setoption</t>
<mn>ovrimos</mn>
<ft>F</ft>
<ver>4_0_3,4_0_4,4_0_5,4_0_6,4_1_0,4_1_1,4_1_2,4_2_0,4_2_1,4_2_2,4_2_3,4_3_0,4_3_1,4_3_10,4_3_11,4_3_2,4_3_3,4_3_4,4_3_5,4_3_6,4_3_7,4_3_8,4_3_9,4_4_0,4_4_1,4_4_2,4_4_3,4_4_4,5_0_0,5_0_1,5_0_2,5_0_3</ver>
</PHPModuleRef></PHPModuleRef-List>
