<?xml version="1.0" encoding="utf-8"?>
<PHPModuleRef-List>
<PHPModuleRef>
<t>pcntl_alarm</t>
<mn>pcntl</mn>
<ft>F</ft>
<ver>4_3_0,4_3_1,4_3_10,4_3_11,4_3_2,4_3_3,4_3_4,4_3_5,4_3_6,4_3_7,4_3_8,4_3_9,4_4_0,4_4_1,4_4_2,4_4_3,4_4_4,4_4_5,4_4_6,4_cvs,5_0_0,5_0_1,5_0_2,5_0_3,5_1_0,5_1_1,5_1_2,5_1_3,5_1_4,5_1_5,5_1_6,5_2_0,5_2_1,5_cvs</ver>
<p4>int pcntl_alarm(int seconds)</p4>
<p4d>Set an alarm clock for delivery of a signal</p4d>
<p5>int pcntl_alarm(int seconds) U</p5>
<p5d>Set an alarm clock for delivery of a signal</p5d>
<texts><text><lng>de</lng>
<d>Setzt einen Zeitschalter für die Auslieferung eines Signals</d>
</text><text><lng>en</lng>
<d>Set an alarm clock for delivery of a signal</d>
</text><text><lng>es</lng>
<d>Programa una alarma para hacer una llamada de una señal</d>
</text></texts></PHPModuleRef><PHPModuleRef>
<t>pcntl_exec</t>
<mn>pcntl</mn>
<ft>F</ft>
<ver>4_2_0,4_2_1,4_2_2,4_2_3,4_3_0,4_3_1,4_3_10,4_3_11,4_3_2,4_3_3,4_3_4,4_3_5,4_3_6,4_3_7,4_3_8,4_3_9,4_4_0,4_4_1,4_4_2,4_4_3,4_4_4,4_4_5,4_4_6,4_cvs,5_0_0,5_0_1,5_0_2,5_0_3,5_1_0,5_1_1,5_1_2,5_1_3,5_1_4,5_1_5,5_1_6,5_2_0,5_2_1,5_cvs</ver>
<p4>bool pcntl_exec(string path [, array args [, array envs]])</p4>
<p4d>Executes specified program in current process space as defined by exec(2) </p4d>
<p5>bool pcntl_exec(string path [, array args [, array envs]])</p5>
<p5d>Executes specified program in current process space as defined by exec(2) </p5d>
<texts><text><lng>de</lng>
<d>Führt ein angegebenes Programm im aktuellen Prozessraum aus</d>
</text><text><lng>en</lng>
<d>Executes specified program in current process space</d>
</text><text><lng>es</lng>
<d>Ejecuta un programa específico en el espacio de proceso actual</d>
</text></texts></PHPModuleRef><PHPModuleRef>
<t>pcntl_fork</t>
<mn>pcntl</mn>
<ft>F</ft>
<ver>4_1_0,4_1_1,4_1_2,4_2_0,4_2_1,4_2_2,4_2_3,4_3_0,4_3_1,4_3_10,4_3_11,4_3_2,4_3_3,4_3_4,4_3_5,4_3_6,4_3_7,4_3_8,4_3_9,4_4_0,4_4_1,4_4_2,4_4_3,4_4_4,4_4_5,4_4_6,4_cvs,5_0_0,5_0_1,5_0_2,5_0_3,5_1_0,5_1_1,5_1_2,5_1_3,5_1_4,5_1_5,5_1_6,5_2_0,5_2_1,5_cvs</ver>
<p4>int pcntl_fork(void)</p4>
<p4d>Forks the currently running process following the same behavior as the UNIX fork() system call</p4d>
<p5>int pcntl_fork(void) U</p5>
<p5d>Forks the currently running process following the same behavior as the UNIX fork() system call</p5d>
<texts><text><lng>de</lng>
<d>Verzweigt den laufenden Prozess</d>
</text><text><lng>en</lng>
<d>Forks the currently running process</d>
</text></texts></PHPModuleRef><PHPModuleRef>
<t>pcntl_getpriority</t>
<mn>pcntl</mn>
<ft>F</ft>
<ver>5_0_0,5_0_1,5_0_2,5_0_3,5_1_0,5_1_1,5_1_2,5_1_3,5_1_4,5_1_5,5_1_6,5_2_0,5_2_1,5_cvs</ver>
<p5>int pcntl_getpriority([int pid [, int process_identifier]]) U</p5>
<p5d>Get the priority of any process </p5d>
<texts><text><lng>de</lng>
<d>Liest die Priorität irgendeines Prozesses</d>
</text><text><lng>en</lng>
<d>Get the priority of any process</d>
</text></texts></PHPModuleRef><PHPModuleRef>
<t>pcntl_setpriority</t>
<mn>pcntl</mn>
<ft>F</ft>
<ver>5_0_0,5_0_1,5_0_2,5_0_3,5_1_0,5_1_1,5_1_2,5_1_3,5_1_4,5_1_5,5_1_6,5_2_0,5_2_1,5_cvs</ver>
<p5>bool pcntl_setpriority(int priority [, int pid [, int process_identifier]]) U</p5>
<p5d>Change the priority of any process </p5d>
<texts><text><lng>de</lng>
<d>Ändert die Priorität irgendeines Prozesses</d>
</text><text><lng>en</lng>
<d>Change the priority of any process</d>
</text></texts></PHPModuleRef><PHPModuleRef>
<t>pcntl_signal</t>
<mn>pcntl</mn>
<ft>F</ft>
<ver>4_1_0,4_1_1,4_1_2,4_2_0,4_2_1,4_2_2,4_2_3,4_3_0,4_3_1,4_3_10,4_3_11,4_3_2,4_3_3,4_3_4,4_3_5,4_3_6,4_3_7,4_3_8,4_3_9,4_4_0,4_4_1,4_4_2,4_4_3,4_4_4,4_4_5,4_4_6,4_cvs,5_0_0,5_0_1,5_0_2,5_0_3,5_1_0,5_1_1,5_1_2,5_1_3,5_1_4,5_1_5,5_1_6,5_2_0,5_2_1,5_cvs</ver>
<p4>bool pcntl_signal(long signo, mixed handle, [bool restart_syscalls])</p4>
<p4d>Assigns a system signal handler to a PHP function </p4d>
<p5>bool pcntl_signal(int signo, callback handle [, bool restart_syscalls]) U</p5>
<p5d>Assigns a system signal handler to a PHP function </p5d>
<texts><text><lng>de</lng>
<d>Richtet eine Signalverarbeitung ein</d>
</text><text><lng>en</lng>
<d>Installs a signal handler</d>
</text></texts></PHPModuleRef><PHPModuleRef>
<t>pcntl_wait</t>
<mn>pcntl</mn>
<ft>F</ft>
<ver>5_0_0,5_0_1,5_0_2,5_0_3,5_1_0,5_1_1,5_1_2,5_1_3,5_1_4,5_1_5,5_1_6,5_2_0,5_2_1,5_cvs</ver>
<p5>int pcntl_wait(int &amp;status) U</p5>
<p5d>Waits on or returns the status of a forked child as defined by the waitpid() system call </p5d>
<texts><text><lng>de</lng>
<d>Wartet auf ein oder gibt den Status eines abgezweigten Kindes zurück</d>
</text><text><lng>en</lng>
<d>Waits on or returns the status of a forked child</d>
</text></texts></PHPModuleRef><PHPModuleRef>
<t>pcntl_waitpid</t>
<mn>pcntl</mn>
<ft>F</ft>
<ver>4_1_0,4_1_1,4_1_2,4_2_0,4_2_1,4_2_2,4_2_3,4_3_0,4_3_1,4_3_10,4_3_11,4_3_2,4_3_3,4_3_4,4_3_5,4_3_6,4_3_7,4_3_8,4_3_9,4_4_0,4_4_1,4_4_2,4_4_3,4_4_4,4_4_5,4_4_6,4_cvs,5_0_0,5_0_1,5_0_2,5_0_3,5_1_0,5_1_1,5_1_2,5_1_3,5_1_4,5_1_5,5_1_6,5_2_0,5_2_1,5_cvs</ver>
<p4>int pcntl_waitpid(long pid, long status, long options)</p4>
<p4d>Waits on or returns the status of a forked child as defined by the waitpid() system call </p4d>
<p5>int pcntl_waitpid(int pid, int &amp;status, int options) U</p5>
<p5d>Waits on or returns the status of a forked child as defined by the waitpid() system call </p5d>
<texts><text><lng>de</lng>
<d>Wartet auf ein oder gibt den Status eines abgezweigten Kindes zurück</d>
</text><text><lng>en</lng>
<d>Waits on or returns the status of a forked child</d>
</text></texts></PHPModuleRef><PHPModuleRef>
<t>pcntl_wexitstatus</t>
<mn>pcntl</mn>
<ft>F</ft>
<ver>4_1_0,4_1_1,4_1_2,4_2_0,4_2_1,4_2_2,4_2_3,4_3_0,4_3_1,4_3_10,4_3_11,4_3_2,4_3_3,4_3_4,4_3_5,4_3_6,4_3_7,4_3_8,4_3_9,4_4_0,4_4_1,4_4_2,4_4_3,4_4_4,4_4_5,4_4_6,4_cvs,5_0_0,5_0_1,5_0_2,5_0_3,5_1_0,5_1_1,5_1_2,5_1_3,5_1_4,5_1_5,5_1_6,5_2_0,5_2_1,5_cvs</ver>
<p4>int pcntl_wexitstatus(long status) </p4>
<p4d>Returns the status code of a child's exit </p4d>
<p5>int pcntl_wexitstatus(int status) U</p5>
<p5d>Returns the status code of a child's exit </p5d>
<texts><text><lng>de</lng>
<d>Gibt den Statuscode eines beendeten Kindes zurück</d>
</text><text><lng>en</lng>
<d>Returns the return code of a terminated child</d>
</text></texts></PHPModuleRef><PHPModuleRef>
<t>pcntl_wifexited</t>
<mn>pcntl</mn>
<ft>F</ft>
<ver>4_1_0,4_1_1,4_1_2,4_2_0,4_2_1,4_2_2,4_2_3,4_3_0,4_3_1,4_3_10,4_3_11,4_3_2,4_3_3,4_3_4,4_3_5,4_3_6,4_3_7,4_3_8,4_3_9,4_4_0,4_4_1,4_4_2,4_4_3,4_4_4,4_4_5,4_4_6,4_cvs,5_0_0,5_0_1,5_0_2,5_0_3,5_1_0,5_1_1,5_1_2,5_1_3,5_1_4,5_1_5,5_1_6,5_2_0,5_2_1,5_cvs</ver>
<p4>bool pcntl_wifexited(long status) </p4>
<p4d>Returns true if the child status code represents a successful exit </p4d>
<p5>bool pcntl_wifexited(int status)  U</p5>
<p5d>Returns true if the child status code represents a successful exit </p5d>
<texts><text><lng>de</lng>
<d>Gibt&amp;true; zurück, wenn der Statuscode ein erfolgreiches Beenden darstellt</d>
</text><text><lng>en</lng>
<d>Checks if status code represents a normal exit</d>
</text></texts></PHPModuleRef><PHPModuleRef>
<t>pcntl_wifsignaled</t>
<mn>pcntl</mn>
<ft>F</ft>
<ver>4_1_0,4_1_1,4_1_2,4_2_0,4_2_1,4_2_2,4_2_3,4_3_0,4_3_1,4_3_10,4_3_11,4_3_2,4_3_3,4_3_4,4_3_5,4_3_6,4_3_7,4_3_8,4_3_9,4_4_0,4_4_1,4_4_2,4_4_3,4_4_4,4_4_5,4_4_6,4_cvs,5_0_0,5_0_1,5_0_2,5_0_3,5_1_0,5_1_1,5_1_2,5_1_3,5_1_4,5_1_5,5_1_6,5_2_0,5_2_1,5_cvs</ver>
<p4>bool pcntl_wifsignaled(long status) </p4>
<p4d>Returns true if the child status code represents a process that was terminated due to a signal </p4d>
<p5>bool pcntl_wifsignaled(int status) U</p5>
<p5d>Returns true if the child status code represents a process that was terminated due to a signal </p5d>
<texts><text><lng>de</lng>
<d>Gibt&amp;true; zurück, wenn der Statuscode eine Terminierung wegen eines Signals angibt</d>
</text><text><lng>en</lng>
<d>Checks wether the status code represents a termination due to a signal</d>
</text></texts></PHPModuleRef><PHPModuleRef>
<t>pcntl_wifstopped</t>
<mn>pcntl</mn>
<ft>F</ft>
<ver>4_1_0,4_1_1,4_1_2,4_2_0,4_2_1,4_2_2,4_2_3,4_3_0,4_3_1,4_3_10,4_3_11,4_3_2,4_3_3,4_3_4,4_3_5,4_3_6,4_3_7,4_3_8,4_3_9,4_4_0,4_4_1,4_4_2,4_4_3,4_4_4,4_4_5,4_4_6,4_cvs,5_0_0,5_0_1,5_0_2,5_0_3,5_1_0,5_1_1,5_1_2,5_1_3,5_1_4,5_1_5,5_1_6,5_2_0,5_2_1,5_cvs</ver>
<p4>bool pcntl_wifstopped(long status) </p4>
<p4d>Returns true if the child status code represents a stopped process (WUNTRACED must have been used with waitpid) </p4d>
<p5>bool pcntl_wifstopped(int status)  U</p5>
<p5d>Returns true if the child status code represents a stopped process (WUNTRACED must have been used with waitpid) </p5d>
<texts><text><lng>de</lng>
<d>Gibt&amp;true; zurück, wenn der Kindprozess gerade gestoppt ist</d>
</text><text><lng>en</lng>
<d>Checks wether the child process is currently stopped</d>
</text></texts></PHPModuleRef><PHPModuleRef>
<t>pcntl_wstopsig</t>
<mn>pcntl</mn>
<ft>F</ft>
<ver>4_1_0,4_1_1,4_1_2,4_2_0,4_2_1,4_2_2,4_2_3,4_3_0,4_3_1,4_3_10,4_3_11,4_3_2,4_3_3,4_3_4,4_3_5,4_3_6,4_3_7,4_3_8,4_3_9,4_4_0,4_4_1,4_4_2,4_4_3,4_4_4,4_4_5,4_4_6,4_cvs,5_0_0,5_0_1,5_0_2,5_0_3,5_1_0,5_1_1,5_1_2,5_1_3,5_1_4,5_1_5,5_1_6,5_2_0,5_2_1,5_cvs</ver>
<p4>int pcntl_wstopsig(long status) </p4>
<p4d>Returns the number of the signal that caused the process to stop who's status code is passed </p4d>
<p5>int pcntl_wstopsig(int status) U</p5>
<p5d>Returns the number of the signal that caused the process to stop who's status code is passed </p5d>
<texts><text><lng>de</lng>
<d>Gibt das Signal zurück, welches das Anhalten des Kindes verursachte</d>
</text><text><lng>en</lng>
<d>Returns the signal which caused the child to stop</d>
</text></texts></PHPModuleRef><PHPModuleRef>
<t>pcntl_wtermsig</t>
<mn>pcntl</mn>
<ft>F</ft>
<ver>4_1_0,4_1_1,4_1_2,4_2_0,4_2_1,4_2_2,4_2_3,4_3_0,4_3_1,4_3_10,4_3_11,4_3_2,4_3_3,4_3_4,4_3_5,4_3_6,4_3_7,4_3_8,4_3_9,4_4_0,4_4_1,4_4_2,4_4_3,4_4_4,4_4_5,4_4_6,4_cvs,5_0_0,5_0_1,5_0_2,5_0_3,5_1_0,5_1_1,5_1_2,5_1_3,5_1_4,5_1_5,5_1_6,5_2_0,5_2_1,5_cvs</ver>
<p4>int pcntl_wtermsig(long status) </p4>
<p4d>Returns the number of the signal that terminated the process who's status code is passed  </p4d>
<p5>int pcntl_wtermsig(int status) U</p5>
<p5d>Returns the number of the signal that terminated the process who's status code is passed  </p5d>
<texts><text><lng>de</lng>
<d>Gibt das Signal zurück, welches das Beenden des Kindes verursachte</d>
</text><text><lng>en</lng>
<d>Returns the signal which caused the child to terminate</d>
</text></texts></PHPModuleRef><PHPModuleRef>
<t>SIGABRT</t>
<mn>pcntl</mn>
<ft>C</ft>
<p4>integer SIGABRT</p4>
<p5>integer SIGABRT</p5>
</PHPModuleRef><PHPModuleRef>
<t>SIGALRM</t>
<mn>pcntl</mn>
<ft>C</ft>
<p4>integer SIGALRM</p4>
<p5>integer SIGALRM</p5>
</PHPModuleRef><PHPModuleRef>
<t>SIGBABY</t>
<mn>pcntl</mn>
<ft>C</ft>
<p4>integer SIGBABY</p4>
<p5>integer SIGBABY</p5>
</PHPModuleRef><PHPModuleRef>
<t>SIGBUS</t>
<mn>pcntl</mn>
<ft>C</ft>
<p4>integer SIGBUS</p4>
<p5>integer SIGBUS</p5>
</PHPModuleRef><PHPModuleRef>
<t>SIGCHLD</t>
<mn>pcntl</mn>
<ft>C</ft>
<p4>integer SIGCHLD</p4>
<p5>integer SIGCHLD</p5>
</PHPModuleRef><PHPModuleRef>
<t>SIGCLD</t>
<mn>pcntl</mn>
<ft>C</ft>
<p4>integer SIGCLD</p4>
<p5>integer SIGCLD</p5>
</PHPModuleRef><PHPModuleRef>
<t>SIGCONT</t>
<mn>pcntl</mn>
<ft>C</ft>
<p4>integer SIGCONT</p4>
<p5>integer SIGCONT</p5>
</PHPModuleRef><PHPModuleRef>
<t>SIGFPE</t>
<mn>pcntl</mn>
<ft>C</ft>
<p4>integer SIGFPE</p4>
<p5>integer SIGFPE</p5>
</PHPModuleRef><PHPModuleRef>
<t>SIGHUP</t>
<mn>pcntl</mn>
<ft>C</ft>
<p4>integer SIGHUP</p4>
<p5>integer SIGHUP</p5>
</PHPModuleRef><PHPModuleRef>
<t>SIGILL</t>
<mn>pcntl</mn>
<ft>C</ft>
<p4>integer SIGILL</p4>
<p5>integer SIGILL</p5>
</PHPModuleRef><PHPModuleRef>
<t>SIGINT</t>
<mn>pcntl</mn>
<ft>C</ft>
<p4>integer SIGINT</p4>
<p5>integer SIGINT</p5>
</PHPModuleRef><PHPModuleRef>
<t>SIGIO</t>
<mn>pcntl</mn>
<ft>C</ft>
<p4>integer SIGIO</p4>
<p5>integer SIGIO</p5>
</PHPModuleRef><PHPModuleRef>
<t>SIGIOT</t>
<mn>pcntl</mn>
<ft>C</ft>
<p4>integer SIGIOT</p4>
<p5>integer SIGIOT</p5>
</PHPModuleRef><PHPModuleRef>
<t>SIGKILL</t>
<mn>pcntl</mn>
<ft>C</ft>
<p4>integer SIGKILL</p4>
<p5>integer SIGKILL</p5>
</PHPModuleRef><PHPModuleRef>
<t>SIGPIPE</t>
<mn>pcntl</mn>
<ft>C</ft>
<p4>integer SIGPIPE</p4>
<p5>integer SIGPIPE</p5>
</PHPModuleRef><PHPModuleRef>
<t>SIGPOLL</t>
<mn>pcntl</mn>
<ft>C</ft>
<p4>integer SIGPOLL</p4>
<p5>integer SIGPOLL</p5>
</PHPModuleRef><PHPModuleRef>
<t>SIGPROF</t>
<mn>pcntl</mn>
<ft>C</ft>
<p4>integer SIGPROF</p4>
<p5>integer SIGPROF</p5>
</PHPModuleRef><PHPModuleRef>
<t>SIGPWR</t>
<mn>pcntl</mn>
<ft>C</ft>
<p4>integer SIGPWR</p4>
<p5>integer SIGPWR</p5>
</PHPModuleRef><PHPModuleRef>
<t>SIGQUIT</t>
<mn>pcntl</mn>
<ft>C</ft>
<p4>integer SIGQUIT</p4>
<p5>integer SIGQUIT</p5>
</PHPModuleRef><PHPModuleRef>
<t>SIGSEGV</t>
<mn>pcntl</mn>
<ft>C</ft>
<p4>integer SIGSEGV</p4>
<p5>integer SIGSEGV</p5>
</PHPModuleRef><PHPModuleRef>
<t>SIGSTKFLT</t>
<mn>pcntl</mn>
<ft>C</ft>
<p4>integer SIGSTKFLT</p4>
<p5>integer SIGSTKFLT</p5>
</PHPModuleRef><PHPModuleRef>
<t>SIGSTOP</t>
<mn>pcntl</mn>
<ft>C</ft>
<p4>integer SIGSTOP</p4>
<p5>integer SIGSTOP</p5>
</PHPModuleRef><PHPModuleRef>
<t>SIGSYS</t>
<mn>pcntl</mn>
<ft>C</ft>
<p4>integer SIGSYS</p4>
<p5>integer SIGSYS</p5>
</PHPModuleRef><PHPModuleRef>
<t>SIGTERM</t>
<mn>pcntl</mn>
<ft>C</ft>
<p4>integer SIGTERM</p4>
<p5>integer SIGTERM</p5>
</PHPModuleRef><PHPModuleRef>
<t>SIGTRAP</t>
<mn>pcntl</mn>
<ft>C</ft>
<p4>integer SIGTRAP</p4>
<p5>integer SIGTRAP</p5>
</PHPModuleRef><PHPModuleRef>
<t>SIGTSTP</t>
<mn>pcntl</mn>
<ft>C</ft>
<p4>integer SIGTSTP</p4>
<p5>integer SIGTSTP</p5>
</PHPModuleRef><PHPModuleRef>
<t>SIGTTIN</t>
<mn>pcntl</mn>
<ft>C</ft>
<p4>integer SIGTTIN</p4>
<p5>integer SIGTTIN</p5>
</PHPModuleRef><PHPModuleRef>
<t>SIGTTOU</t>
<mn>pcntl</mn>
<ft>C</ft>
<p4>integer SIGTTOU</p4>
<p5>integer SIGTTOU</p5>
</PHPModuleRef><PHPModuleRef>
<t>SIGURG</t>
<mn>pcntl</mn>
<ft>C</ft>
<p4>integer SIGURG</p4>
<p5>integer SIGURG</p5>
</PHPModuleRef><PHPModuleRef>
<t>SIGUSR1</t>
<mn>pcntl</mn>
<ft>C</ft>
<p4>integer SIGUSR1</p4>
<p5>integer SIGUSR1</p5>
</PHPModuleRef><PHPModuleRef>
<t>SIGUSR2</t>
<mn>pcntl</mn>
<ft>C</ft>
<p4>integer SIGUSR2</p4>
<p5>integer SIGUSR2</p5>
</PHPModuleRef><PHPModuleRef>
<t>SIGVTALRM</t>
<mn>pcntl</mn>
<ft>C</ft>
<p4>integer SIGVTALRM</p4>
<p5>integer SIGVTALRM</p5>
</PHPModuleRef><PHPModuleRef>
<t>SIGWINCH</t>
<mn>pcntl</mn>
<ft>C</ft>
<p4>integer SIGWINCH</p4>
<p5>integer SIGWINCH</p5>
</PHPModuleRef><PHPModuleRef>
<t>SIGXCPU</t>
<mn>pcntl</mn>
<ft>C</ft>
<p4>integer SIGXCPU</p4>
<p5>integer SIGXCPU</p5>
</PHPModuleRef><PHPModuleRef>
<t>SIGXFSZ</t>
<mn>pcntl</mn>
<ft>C</ft>
<p4>integer SIGXFSZ</p4>
<p5>integer SIGXFSZ</p5>
</PHPModuleRef><PHPModuleRef>
<t>SIG_DFL</t>
<mn>pcntl</mn>
<ft>C</ft>
<p4>integer SIG_DFL</p4>
<p5>integer SIG_DFL</p5>
</PHPModuleRef><PHPModuleRef>
<t>SIG_ERR</t>
<mn>pcntl</mn>
<ft>C</ft>
<p4>integer SIG_ERR</p4>
<p5>integer SIG_ERR</p5>
</PHPModuleRef><PHPModuleRef>
<t>SIG_IGN</t>
<mn>pcntl</mn>
<ft>C</ft>
<p4>integer SIG_IGN</p4>
<p5>integer SIG_IGN</p5>
</PHPModuleRef><PHPModuleRef>
<t>WNOHANG</t>
<mn>pcntl</mn>
<ft>C</ft>
<p4>integer WNOHANG</p4>
<p5>integer WNOHANG</p5>
</PHPModuleRef><PHPModuleRef>
<t>WUNTRACED</t>
<mn>pcntl</mn>
<ft>C</ft>
<p4>integer WUNTRACED</p4>
<p5>integer WUNTRACED</p5>
</PHPModuleRef></PHPModuleRef-List>
