<?xml version="1.0" encoding="utf-8"?>
<PHPModuleRef-List>
<PHPModuleRef>
<t>preg_grep</t>
<mn>pcre</mn>
<ft>F</ft>
<ver>4_0_0,4_0_1,4_0_2,4_0_3,4_0_4,4_0_5,4_0_6,4_1_0,4_1_1,4_1_2,4_2_0,4_2_1,4_2_2,4_2_3,4_3_0,4_3_1,4_3_10,4_3_11,4_3_2,4_3_3,4_3_4,4_3_5,4_3_6,4_3_7,4_3_8,4_3_9,4_4_0,4_4_1,4_4_2,4_4_3,4_4_4,4_4_5,4_4_6,4_cvs,5_0_0,5_0_1,5_0_2,5_0_3,5_1_0,5_1_1,5_1_2,5_1_3,5_1_4,5_1_5,5_1_6,5_2_0,5_2_1,5_cvs</ver>
<p4>array preg_grep(string regex, array input)</p4>
<p4d>Searches array and returns entries which match regex </p4d>
<p5>array preg_grep(string regex, array input [, int flags]) U</p5>
<p5d>Searches array and returns entries which match regex </p5d>
<texts><text><lng>de</lng>
<d>Liefert Array-Elemente, die auf ein Suchmuster passen</d>
</text><text><lng>en</lng>
<d>Return array entries that match the pattern</d>
</text><text><lng>es</lng>
<d>Devuelve una matriz con las entradas que coinciden con elpatrón</d>
</text></texts></PHPModuleRef><PHPModuleRef>
<t>preg_last_error</t>
<mn>pcre</mn>
<ft>F</ft>
<ver>5_2_0,5_2_1,5_cvs</ver>
<p5>int preg_last_error()</p5>
<p5d>Returns the error code of the last regexp execution. </p5d>
<texts><text><lng>de</lng>
<d>Liefert den Fehlercode der letzten PCRE RegEx-Auswertung</d>
</text><text><lng>en</lng>
<d>Returns the error code of the last PCRE regex execution</d>
</text></texts></PHPModuleRef><PHPModuleRef>
<t>preg_match</t>
<mn>pcre</mn>
<ft>F</ft>
<ver>4_0_0,4_0_1,4_0_2,4_0_3,4_0_4,4_0_5,4_0_6,4_1_0,4_1_1,4_1_2,4_2_0,4_2_1,4_2_2,4_2_3,4_3_0,4_3_1,4_3_10,4_3_11,4_3_2,4_3_3,4_3_4,4_3_5,4_3_6,4_3_7,4_3_8,4_3_9,4_4_0,4_4_1,4_4_2,4_4_3,4_4_4,4_4_5,4_4_6,4_cvs,5_0_0,5_0_1,5_0_2,5_0_3,5_1_0,5_1_1,5_1_2,5_1_3,5_1_4,5_1_5,5_1_6,5_2_0,5_2_1,5_cvs</ver>
<p4>int preg_match(string pattern, string subject [, array subpatterns [, int flags [, int offset ]]])</p4>
<p4d>Perform a Perl-style regular expression match </p4d>
<p5>int preg_match(string pattern, string subject [, array subpatterns [, int flags [, int offset]]]) U</p5>
<p5d>Perform a Perl-style regular expression match </p5d>
<texts><text><lng>de</lng>
<d>Führt eine Suche mit einem regulären Ausdruck durch</d>
</text><text><lng>en</lng>
<d>Perform a regular expression match</d>
</text><text><lng>es</lng>
<d>Realizar una comparación de expresión
    regular</d>
</text></texts></PHPModuleRef><PHPModuleRef>
<t>preg_match_all</t>
<mn>pcre</mn>
<ft>F</ft>
<ver>4_0_0,4_0_1,4_0_2,4_0_3,4_0_4,4_0_5,4_0_6,4_1_0,4_1_1,4_1_2,4_2_0,4_2_1,4_2_2,4_2_3,4_3_0,4_3_1,4_3_10,4_3_11,4_3_2,4_3_3,4_3_4,4_3_5,4_3_6,4_3_7,4_3_8,4_3_9,4_4_0,4_4_1,4_4_2,4_4_3,4_4_4,4_4_5,4_4_6,4_cvs,5_0_0,5_0_1,5_0_2,5_0_3,5_1_0,5_1_1,5_1_2,5_1_3,5_1_4,5_1_5,5_1_6,5_2_0,5_2_1,5_cvs</ver>
<p4>int preg_match_all(string pattern, string subject, array subpatterns [, int flags [, int offset]])</p4>
<p4d>Perform a Perl-style global regular expression match </p4d>
<p5>int preg_match_all(string pattern, string subject, array subpatterns [, int flags [, int offset]]) U</p5>
<p5d>Perform a Perl-style global regular expression match </p5d>
<texts><text><lng>de</lng>
<d>Führt eine umfassende Suche nach Übereinstimmungen mit regulärem Ausdruck durch</d>
</text><text><lng>en</lng>
<d>Perform a global regular expression match</d>
</text><text><lng>es</lng>
<d>Realizar una comparación global con una expresión
  regular</d>
</text></texts></PHPModuleRef><PHPModuleRef>
<t>preg_quote</t>
<mn>pcre</mn>
<ft>F</ft>
<ver>4_0_0,4_0_1,4_0_2,4_0_3,4_0_4,4_0_5,4_0_6,4_1_0,4_1_1,4_1_2,4_2_0,4_2_1,4_2_2,4_2_3,4_3_0,4_3_1,4_3_10,4_3_11,4_3_2,4_3_3,4_3_4,4_3_5,4_3_6,4_3_7,4_3_8,4_3_9,4_4_0,4_4_1,4_4_2,4_4_3,4_4_4,4_4_5,4_4_6,4_cvs,5_0_0,5_0_1,5_0_2,5_0_3,5_1_0,5_1_1,5_1_2,5_1_3,5_1_4,5_1_5,5_1_6,5_2_0,5_2_1,5_cvs</ver>
<p4>string preg_quote(string str, string delim_char)</p4>
<p4d>Quote regular expression characters plus an optional character </p4d>
<p5>string preg_quote(string str [, string delim_char]) U</p5>
<p5d>Quote regular expression characters plus an optional character </p5d>
<texts><text><lng>de</lng>
<d>Maskiert Zeichen regulärer Ausdrücke</d>
</text><text><lng>en</lng>
<d>Quote regular expression characters</d>
</text><text><lng>es</lng>
<d>Escapar caracteres de expresionesregulares</d>
</text></texts></PHPModuleRef><PHPModuleRef>
<t>preg_replace</t>
<mn>pcre</mn>
<ft>F</ft>
<ver>4_0_0,4_0_1,4_0_2,4_0_3,4_0_4,4_0_5,4_0_6,4_1_0,4_1_1,4_1_2,4_2_0,4_2_1,4_2_2,4_2_3,4_3_0,4_3_1,4_3_10,4_3_11,4_3_2,4_3_3,4_3_4,4_3_5,4_3_6,4_3_7,4_3_8,4_3_9,4_4_0,4_4_1,4_4_2,4_4_3,4_4_4,4_4_5,4_4_6,4_cvs,5_0_0,5_0_1,5_0_2,5_0_3,5_1_0,5_1_1,5_1_2,5_1_3,5_1_4,5_1_5,5_1_6,5_2_0,5_2_1,5_cvs</ver>
<p4>string preg_replace(mixed regex, mixed replace, mixed subject [, int limit])</p4>
<p4d>Perform Perl-style regular expression replacement. </p4d>
<p5>string preg_replace(mixed regex, mixed replace, mixed subject [, int limit [, count]]) U</p5>
<p5d>Perform Perl-style regular expression replacement. </p5d>
<texts><text><lng>de</lng>
<d>Sucht und ersetzt einen regulären Ausdruck</d>
</text><text><lng>en</lng>
<d>Perform a regular expression search and replace</d>
</text><text><lng>es</lng>
<d>Realizar una operación de búsqueda y reemplazo con
  expresiones regulares</d>
</text></texts></PHPModuleRef><PHPModuleRef>
<t>preg_replace_callback</t>
<mn>pcre</mn>
<ft>F</ft>
<ver>4_0_5,4_0_6,4_1_0,4_1_1,4_1_2,4_2_0,4_2_1,4_2_2,4_2_3,4_3_0,4_3_1,4_3_10,4_3_11,4_3_2,4_3_3,4_3_4,4_3_5,4_3_6,4_3_7,4_3_8,4_3_9,4_4_0,4_4_1,4_4_2,4_4_3,4_4_4,4_4_5,4_4_6,4_cvs,5_0_0,5_0_1,5_0_2,5_0_3,5_1_0,5_1_1,5_1_2,5_1_3,5_1_4,5_1_5,5_1_6,5_2_0,5_2_1,5_cvs</ver>
<p4>string preg_replace_callback(mixed regex, mixed callback, mixed subject [, int limit])</p4>
<p4d>Perform Perl-style regular expression replacement using replacement callback. </p4d>
<p5>string preg_replace_callback(mixed regex, mixed callback, mixed subject [, int limit [, count]]) U</p5>
<p5d>Perform Perl-style regular expression replacement using replacement callback. </p5d>
<texts><text><lng>de</lng>
<d>Sucht und ersetzt einen regulären Ausdruck unter Verwendung eines Callbacks</d>
</text><text><lng>en</lng>
<d>Perform a regular expression search and replace using a callback</d>
</text><text><lng>es</lng>
<d>Realizar una búsqueda con expresiones regulares y
  generar reemplazos usando una llamada de retorno</d>
</text></texts></PHPModuleRef><PHPModuleRef>
<t>preg_split</t>
<mn>pcre</mn>
<ft>F</ft>
<ver>4_0_0,4_0_1,4_0_2,4_0_3,4_0_4,4_0_5,4_0_6,4_1_0,4_1_1,4_1_2,4_2_0,4_2_1,4_2_2,4_2_3,4_3_0,4_3_1,4_3_10,4_3_11,4_3_2,4_3_3,4_3_4,4_3_5,4_3_6,4_3_7,4_3_8,4_3_9,4_4_0,4_4_1,4_4_2,4_4_3,4_4_4,4_4_5,4_4_6,4_cvs,5_0_0,5_0_1,5_0_2,5_0_3,5_1_0,5_1_1,5_1_2,5_1_3,5_1_4,5_1_5,5_1_6,5_2_0,5_2_1,5_cvs</ver>
<p4>array preg_split(string pattern, string subject [, int limit [, int flags]]) </p4>
<p4d>Split string into an array using a perl-style regular expression as a delimiter </p4d>
<p5>array preg_split(string pattern, string subject [, int limit [, int flags]]) U</p5>
<p5d>Split string into an array using a perl-style regular expression as a delimiter </p5d>
<texts><text><lng>de</lng>
<d>Zerlegt eine Zeichenkette anhand eines regulären Ausdrucks</d>
</text><text><lng>en</lng>
<d>Split string by a regular expression</d>
</text><text><lng>es</lng>
<d>Separar una cadena por una expresión
    regular</d>
</text></texts></PHPModuleRef><PHPModuleRef>
<t>PREG_SPLIT_OFFSET_CAPTURE</t>
<mn>pcre</mn>
<ft>C</ft>
</PHPModuleRef></PHPModuleRef-List>
