<?xml version="1.0" encoding="utf-8"?>
<PHPModuleRef-List>
<PHPModuleRef>
<t>pdf_add_annotation</t>
<mn>pdf</mn>
<ft>F</ft>
<ver>4_0_0,4_0_1,4_0_2,4_0_3,4_0_4,4_0_5,4_0_6,4_1_0,4_1_1,4_1_2,4_2_0,4_2_1,4_2_2,4_2_3,4_3_0,4_3_1,4_3_10,4_3_11,4_3_2,4_3_3,4_3_4,4_3_5,4_3_6,4_3_7,4_3_8,4_3_9,4_4_0,4_4_1,4_4_2,4_4_3,4_4_4,4_4_5,4_4_6,4_cvs</ver>
<p4>void pdf_add_annotation(int pdfdoc, float xll, float yll, float xur, float xur, string title, string</p4>
<p4d>Sets annotation (depreciated use pdf_add_note instead) </p4d>
<texts><text><lng>es</lng>
<d>Adds annotation</d>
</text></texts></PHPModuleRef><PHPModuleRef>
<t>pdf_add_bookmark</t>
<mn>pdf</mn>
<ft>A</ft>
<af>pdf_add_outline</af>
<ver>4_0_1,4_0_2,4_0_3,4_0_4,4_0_5,4_0_6,4_1_0,4_1_1,4_1_2,4_2_0,4_2_1,4_2_2,4_2_3,4_3_0,4_3_1,4_3_10,4_3_11,4_3_2,4_3_3,4_3_4,4_3_5,4_3_6,4_3_7,4_3_8,4_3_9,4_4_0,4_4_1,4_4_2,4_4_3,4_4_4,4_4_5,4_4_6,4_cvs</ver>
</PHPModuleRef><PHPModuleRef>
<t>pdf_add_launchlink</t>
<mn>pdf</mn>
<ft>F</ft>
<ver>4_0_5,4_0_6,4_1_0,4_1_1,4_1_2,4_2_0,4_2_1,4_2_2,4_2_3,4_3_0,4_3_1,4_3_10,4_3_11,4_3_2,4_3_3,4_3_4,4_3_5,4_3_6,4_3_7,4_3_8,4_3_9,4_4_0,4_4_1,4_4_2,4_4_3,4_4_4,4_4_5,4_4_6,4_cvs</ver>
<p4>void pdf_add_launchlink(int pdfdoc, float llx, float lly, float urx, float ury, string filename)</p4>
<p4d>Adds link to web resource </p4d>
</PHPModuleRef><PHPModuleRef>
<t>pdf_add_locallink</t>
<mn>pdf</mn>
<ft>F</ft>
<ver>4_0_5,4_0_6,4_1_0,4_1_1,4_1_2,4_2_0,4_2_1,4_2_2,4_2_3,4_3_0,4_3_1,4_3_10,4_3_11,4_3_2,4_3_3,4_3_4,4_3_5,4_3_6,4_3_7,4_3_8,4_3_9,4_4_0,4_4_1,4_4_2,4_4_3,4_4_4,4_4_5,4_4_6,4_cvs</ver>
<p4>void pdf_add_locallink(int pdfdoc, float llx, float lly, float urx, float ury, int page, string dest</p4>
<p4d>Adds link to web resource </p4d>
</PHPModuleRef><PHPModuleRef>
<t>pdf_add_note</t>
<mn>pdf</mn>
<ft>F</ft>
<ver>4_0_5,4_0_6,4_1_0,4_1_1,4_1_2,4_2_0,4_2_1,4_2_2,4_2_3,4_3_0,4_3_1,4_3_10,4_3_11,4_3_2,4_3_3,4_3_4,4_3_5,4_3_6,4_3_7,4_3_8,4_3_9,4_4_0,4_4_1,4_4_2,4_4_3,4_4_4,4_4_5,4_4_6,4_cvs</ver>
<p4>void pdf_add_note(int pdfdoc, float llx, float lly, float urx, float ury, string contents, string ti</p4>
<p4d>Sets annotation </p4d>
</PHPModuleRef><PHPModuleRef>
<t>pdf_add_outline</t>
<mn>pdf</mn>
<ft>F</ft>
<ver>4_0_0,4_0_1,4_0_2,4_0_3,4_0_4,4_0_5,4_0_6,4_1_0,4_1_1,4_1_2,4_2_0,4_2_1,4_2_2,4_2_3,4_3_0,4_3_1,4_3_10,4_3_11,4_3_2,4_3_3,4_3_4,4_3_5,4_3_6,4_3_7,4_3_8,4_3_9,4_4_0,4_4_1,4_4_2,4_4_3,4_4_4,4_4_5,4_4_6,4_cvs</ver>
</PHPModuleRef><PHPModuleRef>
<t>pdf_add_pdflink</t>
<mn>pdf</mn>
<ft>F</ft>
<ver>4_0_0,4_0_1,4_0_2,4_0_3,4_0_4,4_0_5,4_0_6,4_1_0,4_1_1,4_1_2,4_2_0,4_2_1,4_2_2,4_2_3,4_3_0,4_3_1,4_3_10,4_3_11,4_3_2,4_3_3,4_3_4,4_3_5,4_3_6,4_3_7,4_3_8,4_3_9,4_4_0,4_4_1,4_4_2,4_4_3,4_4_4,4_4_5,4_4_6,4_cvs</ver>
<p4>void pdf_add_pdflink(int pdfdoc, float llx, float lly, float urx, float ury, string filename, int pa</p4>
<p4d>Adds link to PDF document </p4d>
</PHPModuleRef><PHPModuleRef>
<t>pdf_add_thumbnail</t>
<mn>pdf</mn>
<ft>F</ft>
<ver>4_0_5,4_0_6,4_1_0,4_1_1,4_1_2,4_2_0,4_2_1,4_2_2,4_2_3,4_3_0,4_3_1,4_3_10,4_3_11,4_3_2,4_3_3,4_3_4,4_3_5,4_3_6,4_3_7,4_3_8,4_3_9,4_4_0,4_4_1,4_4_2,4_4_3,4_4_4,4_4_5,4_4_6,4_cvs</ver>
<p4>void pdf_add_thumbnail(int pdf, int image);</p4>
<p4d>* Add an existing image as thumbnail for the current page. </p4d>
</PHPModuleRef><PHPModuleRef>
<t>pdf_add_weblink</t>
<mn>pdf</mn>
<ft>F</ft>
<ver>4_0_0,4_0_1,4_0_2,4_0_3,4_0_4,4_0_5,4_0_6,4_1_0,4_1_1,4_1_2,4_2_0,4_2_1,4_2_2,4_2_3,4_3_0,4_3_1,4_3_10,4_3_11,4_3_2,4_3_3,4_3_4,4_3_5,4_3_6,4_3_7,4_3_8,4_3_9,4_4_0,4_4_1,4_4_2,4_4_3,4_4_4,4_4_5,4_4_6,4_cvs</ver>
<p4>void pdf_add_weblink(int pdfdoc, float llx, float lly, float urx, float ury, string url)</p4>
<p4d>Adds link to web resource </p4d>
</PHPModuleRef><PHPModuleRef>
<t>pdf_arc</t>
<mn>pdf</mn>
<ft>F</ft>
<ver>4_0_0,4_0_1,4_0_2,4_0_3,4_0_4,4_0_5,4_0_6,4_1_0,4_1_1,4_1_2,4_2_0,4_2_1,4_2_2,4_2_3,4_3_0,4_3_1,4_3_10,4_3_11,4_3_2,4_3_3,4_3_4,4_3_5,4_3_6,4_3_7,4_3_8,4_3_9,4_4_0,4_4_1,4_4_2,4_4_3,4_4_4,4_4_5,4_4_6,4_cvs</ver>
<p4>void pdf_arc(int pdfdoc, float x, float y, float radius, float start, float end)</p4>
<p4d>Draws an arc </p4d>
</PHPModuleRef><PHPModuleRef>
<t>pdf_arcn</t>
<mn>pdf</mn>
<ft>F</ft>
<ver>4_0_5,4_0_6,4_1_0,4_1_1,4_1_2,4_2_0,4_2_1,4_2_2,4_2_3,4_3_0,4_3_1,4_3_10,4_3_11,4_3_2,4_3_3,4_3_4,4_3_5,4_3_6,4_3_7,4_3_8,4_3_9,4_4_0,4_4_1,4_4_2,4_4_3,4_4_4,4_4_5,4_4_6,4_cvs</ver>
<p4>void pdf_arcn(int pdf, float x, float y, float r, float alpha, float beta);</p4>
<p4d>* Draw a clockwise circular arc from alpha to beta degrees. </p4d>
</PHPModuleRef><PHPModuleRef>
<t>pdf_attach_file</t>
<mn>pdf</mn>
<ft>F</ft>
<ver>4_0_5,4_0_6,4_1_0,4_1_1,4_1_2,4_2_0,4_2_1,4_2_2,4_2_3,4_3_0,4_3_1,4_3_10,4_3_11,4_3_2,4_3_3,4_3_4,4_3_5,4_3_6,4_3_7,4_3_8,4_3_9,4_4_0,4_4_1,4_4_2,4_4_3,4_4_4,4_4_5,4_4_6,4_cvs</ver>
<p4>void pdf_attach_file(int pdf, float lly, float lly, float urx, float ury, string filename, string de</p4>
<p4d>Adds a file attachment annotation at the rectangle specified by his lower left and upper right corners </p4d>
</PHPModuleRef><PHPModuleRef>
<t>pdf_begin_page</t>
<mn>pdf</mn>
<ft>F</ft>
<ver>4_0_0,4_0_1,4_0_2,4_0_3,4_0_4,4_0_5,4_0_6,4_1_0,4_1_1,4_1_2,4_2_0,4_2_1,4_2_2,4_2_3,4_3_0,4_3_1,4_3_10,4_3_11,4_3_2,4_3_3,4_3_4,4_3_5,4_3_6,4_3_7,4_3_8,4_3_9,4_4_0,4_4_1,4_4_2,4_4_3,4_4_4,4_4_5,4_4_6,4_cvs</ver>
<p4>void pdf_begin_page(int pdfdoc, float width, float height)</p4>
<p4d>Starts page </p4d>
<texts><text><lng>cs</lng>
<d>Začít novou stranu</d>
</text></texts></PHPModuleRef><PHPModuleRef>
<t>pdf_begin_pattern</t>
<mn>pdf</mn>
<ft>F</ft>
<ver>4_0_5,4_0_6,4_1_0,4_1_1,4_1_2,4_2_0,4_2_1,4_2_2,4_2_3,4_3_0,4_3_1,4_3_10,4_3_11,4_3_2,4_3_3,4_3_4,4_3_5,4_3_6,4_3_7,4_3_8,4_3_9,4_4_0,4_4_1,4_4_2,4_4_3,4_4_4,4_4_5,4_4_6,4_cvs</ver>
<p4>int pdf_begin_pattern(int pdf, float width, float height, float xstep, float ystep, int painttype);</p4>
<p4d>* Start a new pattern definition. </p4d>
</PHPModuleRef><PHPModuleRef>
<t>pdf_begin_template</t>
<mn>pdf</mn>
<ft>F</ft>
<ver>4_0_5,4_0_6,4_1_0,4_1_1,4_1_2,4_2_0,4_2_1,4_2_2,4_2_3,4_3_0,4_3_1,4_3_10,4_3_11,4_3_2,4_3_3,4_3_4,4_3_5,4_3_6,4_3_7,4_3_8,4_3_9,4_4_0,4_4_1,4_4_2,4_4_3,4_4_4,4_4_5,4_4_6,4_cvs</ver>
<p4>int pdf_begin_template(int pdf, float width, float height);</p4>
<p4d>* Start a new template definition. </p4d>
</PHPModuleRef><PHPModuleRef>
<t>pdf_circle</t>
<mn>pdf</mn>
<ft>F</ft>
<ver>4_0_0,4_0_1,4_0_2,4_0_3,4_0_4,4_0_5,4_0_6,4_1_0,4_1_1,4_1_2,4_2_0,4_2_1,4_2_2,4_2_3,4_3_0,4_3_1,4_3_10,4_3_11,4_3_2,4_3_3,4_3_4,4_3_5,4_3_6,4_3_7,4_3_8,4_3_9,4_4_0,4_4_1,4_4_2,4_4_3,4_4_4,4_4_5,4_4_6,4_cvs</ver>
<p4>void pdf_circle(int pdfdoc, float x, float y, float radius)</p4>
<p4d>Draws a circle </p4d>
</PHPModuleRef><PHPModuleRef>
<t>pdf_clip</t>
<mn>pdf</mn>
<ft>F</ft>
<ver>4_0_0,4_0_1,4_0_2,4_0_3,4_0_4,4_0_5,4_0_6,4_1_0,4_1_1,4_1_2,4_2_0,4_2_1,4_2_2,4_2_3,4_3_0,4_3_1,4_3_10,4_3_11,4_3_2,4_3_3,4_3_4,4_3_5,4_3_6,4_3_7,4_3_8,4_3_9,4_4_0,4_4_1,4_4_2,4_4_3,4_4_4,4_4_5,4_4_6,4_cvs</ver>
<p4>void pdf_clip(int pdfdoc)</p4>
<p4d>Clips to current path </p4d>
</PHPModuleRef><PHPModuleRef>
<t>pdf_close</t>
<mn>pdf</mn>
<ft>F</ft>
<ver>4_0_0,4_0_1,4_0_2,4_0_3,4_0_4,4_0_5,4_0_6,4_1_0,4_1_1,4_1_2,4_2_0,4_2_1,4_2_2,4_2_3,4_3_0,4_3_1,4_3_10,4_3_11,4_3_2,4_3_3,4_3_4,4_3_5,4_3_6,4_3_7,4_3_8,4_3_9,4_4_0,4_4_1,4_4_2,4_4_3,4_4_4,4_4_5,4_4_6,4_cvs</ver>
<p4>void pdf_close(int pdfdoc)</p4>
<p4d>Closes the pdf document </p4d>
<texts><text><lng>cs</lng>
<d>Zavřít PDF dokument</d>
</text></texts></PHPModuleRef><PHPModuleRef>
<t>pdf_closepath</t>
<mn>pdf</mn>
<ft>F</ft>
<ver>4_0_0,4_0_1,4_0_2,4_0_3,4_0_4,4_0_5,4_0_6,4_1_0,4_1_1,4_1_2,4_2_0,4_2_1,4_2_2,4_2_3,4_3_0,4_3_1,4_3_10,4_3_11,4_3_2,4_3_3,4_3_4,4_3_5,4_3_6,4_3_7,4_3_8,4_3_9,4_4_0,4_4_1,4_4_2,4_4_3,4_4_4,4_4_5,4_4_6,4_cvs</ver>
<p4>void pdf_closepath(int pdfdoc)</p4>
<p4d>Close path </p4d>
</PHPModuleRef><PHPModuleRef>
<t>pdf_closepath_fill_stroke</t>
<mn>pdf</mn>
<ft>F</ft>
<ver>4_0_0,4_0_1,4_0_2,4_0_3,4_0_4,4_0_5,4_0_6,4_1_0,4_1_1,4_1_2,4_2_0,4_2_1,4_2_2,4_2_3,4_3_0,4_3_1,4_3_10,4_3_11,4_3_2,4_3_3,4_3_4,4_3_5,4_3_6,4_3_7,4_3_8,4_3_9,4_4_0,4_4_1,4_4_2,4_4_3,4_4_4,4_4_5,4_4_6,4_cvs</ver>
<p4>void pdf_closepath_fill_stroke(int pdfdoc)</p4>
<p4d>Close, fill and stroke current path </p4d>
</PHPModuleRef><PHPModuleRef>
<t>pdf_closepath_stroke</t>
<mn>pdf</mn>
<ft>F</ft>
<ver>4_0_0,4_0_1,4_0_2,4_0_3,4_0_4,4_0_5,4_0_6,4_1_0,4_1_1,4_1_2,4_2_0,4_2_1,4_2_2,4_2_3,4_3_0,4_3_1,4_3_10,4_3_11,4_3_2,4_3_3,4_3_4,4_3_5,4_3_6,4_3_7,4_3_8,4_3_9,4_4_0,4_4_1,4_4_2,4_4_3,4_4_4,4_4_5,4_4_6,4_cvs</ver>
<p4>void pdf_closepath_stroke(int pdfdoc)</p4>
<p4d>Close path and draw line along path </p4d>
</PHPModuleRef><PHPModuleRef>
<t>pdf_close_image</t>
<mn>pdf</mn>
<ft>F</ft>
<ver>4_0_0,4_0_1,4_0_2,4_0_3,4_0_4,4_0_5,4_0_6,4_1_0,4_1_1,4_1_2,4_2_0,4_2_1,4_2_2,4_2_3,4_3_0,4_3_1,4_3_10,4_3_11,4_3_2,4_3_3,4_3_4,4_3_5,4_3_6,4_3_7,4_3_8,4_3_9,4_4_0,4_4_1,4_4_2,4_4_3,4_4_4,4_4_5,4_4_6,4_cvs</ver>
<p4>void pdf_close_image(int pdf, int pdfimage)</p4>
<p4d>Closes the PDF image </p4d>
</PHPModuleRef><PHPModuleRef>
<t>pdf_close_pdi</t>
<mn>pdf</mn>
<ft>F</ft>
<ver>4_0_5,4_0_6,4_1_0,4_1_1,4_1_2,4_2_0,4_2_1,4_2_2,4_2_3,4_3_0,4_3_1,4_3_10,4_3_11,4_3_2,4_3_3,4_3_4,4_3_5,4_3_6,4_3_7,4_3_8,4_3_9,4_4_0,4_4_1,4_4_2,4_4_3,4_4_4,4_4_5,4_4_6,4_cvs</ver>
<p4>void pdf_close_pdi(int pdf, int doc);</p4>
<p4d>* Close all open page handles, and close the input PDF document. </p4d>
</PHPModuleRef><PHPModuleRef>
<t>pdf_close_pdi_page</t>
<mn>pdf</mn>
<ft>F</ft>
<ver>4_0_5,4_0_6,4_1_0,4_1_1,4_1_2,4_2_0,4_2_1,4_2_2,4_2_3,4_3_0,4_3_1,4_3_10,4_3_11,4_3_2,4_3_3,4_3_4,4_3_5,4_3_6,4_3_7,4_3_8,4_3_9,4_4_0,4_4_1,4_4_2,4_4_3,4_4_4,4_4_5,4_4_6,4_cvs</ver>
<p4>void pdf_close_pdi_page(int pdf, int page);</p4>
<p4d>* Close the page handle, and free all page-related resources. </p4d>
</PHPModuleRef><PHPModuleRef>
<t>pdf_concat</t>
<mn>pdf</mn>
<ft>F</ft>
<ver>4_0_5,4_0_6,4_1_0,4_1_1,4_1_2,4_2_0,4_2_1,4_2_2,4_2_3,4_3_0,4_3_1,4_3_10,4_3_11,4_3_2,4_3_3,4_3_4,4_3_5,4_3_6,4_3_7,4_3_8,4_3_9,4_4_0,4_4_1,4_4_2,4_4_3,4_4_4,4_4_5,4_4_6,4_cvs</ver>
<p4>void pdf_concat(int pdf, float a, float b, float c, float d, float e, float f)</p4>
<p4d>Concatenates a matrix to the current transformation matrix for text and graphics </p4d>
</PHPModuleRef><PHPModuleRef>
<t>pdf_continue_text</t>
<mn>pdf</mn>
<ft>F</ft>
<ver>4_0_0,4_0_1,4_0_2,4_0_3,4_0_4,4_0_5,4_0_6,4_1_0,4_1_1,4_1_2,4_2_0,4_2_1,4_2_2,4_2_3,4_3_0,4_3_1,4_3_10,4_3_11,4_3_2,4_3_3,4_3_4,4_3_5,4_3_6,4_3_7,4_3_8,4_3_9,4_4_0,4_4_1,4_4_2,4_4_3,4_4_4,4_4_5,4_4_6,4_cvs</ver>
<p4>void pdf_continue_text(int pdfdoc, string text)</p4>
<p4d>Output text in next line </p4d>
</PHPModuleRef><PHPModuleRef>
<t>pdf_curveto</t>
<mn>pdf</mn>
<ft>F</ft>
<ver>4_0_0,4_0_1,4_0_2,4_0_3,4_0_4,4_0_5,4_0_6,4_1_0,4_1_1,4_1_2,4_2_0,4_2_1,4_2_2,4_2_3,4_3_0,4_3_1,4_3_10,4_3_11,4_3_2,4_3_3,4_3_4,4_3_5,4_3_6,4_3_7,4_3_8,4_3_9,4_4_0,4_4_1,4_4_2,4_4_3,4_4_4,4_4_5,4_4_6,4_cvs</ver>
<p4>void pdf_curveto(int pdfdoc, float x1, float y1, float x2, float y2, float x3, float y3)</p4>
<p4d>Draws a curve </p4d>
</PHPModuleRef><PHPModuleRef>
<t>pdf_delete</t>
<mn>pdf</mn>
<ft>F</ft>
<ver>4_0_5,4_0_6,4_1_0,4_1_1,4_1_2,4_2_0,4_2_1,4_2_2,4_2_3,4_3_0,4_3_1,4_3_10,4_3_11,4_3_2,4_3_3,4_3_4,4_3_5,4_3_6,4_3_7,4_3_8,4_3_9,4_4_0,4_4_1,4_4_2,4_4_3,4_4_4,4_4_5,4_4_6,4_cvs</ver>
<p4>bool pdf_delete(int pdfdoc)</p4>
<p4d>Deletes the PDF object </p4d>
</PHPModuleRef><PHPModuleRef>
<t>pdf_endpath</t>
<mn>pdf</mn>
<ft>F</ft>
<ver>4_0_0,4_0_1,4_0_2,4_0_3,4_0_4,4_0_5,4_0_6,4_1_0,4_1_1,4_1_2,4_2_0,4_2_1,4_2_2,4_2_3,4_3_0,4_3_1,4_3_10,4_3_11,4_3_2,4_3_3,4_3_4,4_3_5,4_3_6,4_3_7,4_3_8,4_3_9,4_4_0,4_4_1,4_4_2,4_4_3,4_4_4,4_4_5,4_4_6,4_cvs</ver>
<p4>void pdf_endpath(int pdfdoc)</p4>
<p4d>Ends current path </p4d>
</PHPModuleRef><PHPModuleRef>
<t>pdf_end_page</t>
<mn>pdf</mn>
<ft>F</ft>
<ver>4_0_0,4_0_1,4_0_2,4_0_3,4_0_4,4_0_5,4_0_6,4_1_0,4_1_1,4_1_2,4_2_0,4_2_1,4_2_2,4_2_3,4_3_0,4_3_1,4_3_10,4_3_11,4_3_2,4_3_3,4_3_4,4_3_5,4_3_6,4_3_7,4_3_8,4_3_9,4_4_0,4_4_1,4_4_2,4_4_3,4_4_4,4_4_5,4_4_6,4_cvs</ver>
<p4>void pdf_end_page(int pdfdoc)</p4>
<p4d>Ends page </p4d>
<texts><text><lng>cs</lng>
<d>Ukončit stranu</d>
</text></texts></PHPModuleRef><PHPModuleRef>
<t>pdf_end_pattern</t>
<mn>pdf</mn>
<ft>F</ft>
<ver>4_0_5,4_0_6,4_1_0,4_1_1,4_1_2,4_2_0,4_2_1,4_2_2,4_2_3,4_3_0,4_3_1,4_3_10,4_3_11,4_3_2,4_3_3,4_3_4,4_3_5,4_3_6,4_3_7,4_3_8,4_3_9,4_4_0,4_4_1,4_4_2,4_4_3,4_4_4,4_4_5,4_4_6,4_cvs</ver>
<p4>void pdf_end_pattern(int pdf);</p4>
<p4d>* Finish the pattern definition. </p4d>
</PHPModuleRef><PHPModuleRef>
<t>pdf_end_template</t>
<mn>pdf</mn>
<ft>F</ft>
<ver>4_0_5,4_0_6,4_1_0,4_1_1,4_1_2,4_2_0,4_2_1,4_2_2,4_2_3,4_3_0,4_3_1,4_3_10,4_3_11,4_3_2,4_3_3,4_3_4,4_3_5,4_3_6,4_3_7,4_3_8,4_3_9,4_4_0,4_4_1,4_4_2,4_4_3,4_4_4,4_4_5,4_4_6,4_cvs</ver>
<p4>void pdf_end_template(int pdf);</p4>
<p4d>* Finish the template definition. </p4d>
</PHPModuleRef><PHPModuleRef>
<t>pdf_fill</t>
<mn>pdf</mn>
<ft>F</ft>
<ver>4_0_0,4_0_1,4_0_2,4_0_3,4_0_4,4_0_5,4_0_6,4_1_0,4_1_1,4_1_2,4_2_0,4_2_1,4_2_2,4_2_3,4_3_0,4_3_1,4_3_10,4_3_11,4_3_2,4_3_3,4_3_4,4_3_5,4_3_6,4_3_7,4_3_8,4_3_9,4_4_0,4_4_1,4_4_2,4_4_3,4_4_4,4_4_5,4_4_6,4_cvs</ver>
<p4>void pdf_fill(int pdfdoc)</p4>
<p4d>Fill current path </p4d>
</PHPModuleRef><PHPModuleRef>
<t>pdf_fill_stroke</t>
<mn>pdf</mn>
<ft>F</ft>
<ver>4_0_0,4_0_1,4_0_2,4_0_3,4_0_4,4_0_5,4_0_6,4_1_0,4_1_1,4_1_2,4_2_0,4_2_1,4_2_2,4_2_3,4_3_0,4_3_1,4_3_10,4_3_11,4_3_2,4_3_3,4_3_4,4_3_5,4_3_6,4_3_7,4_3_8,4_3_9,4_4_0,4_4_1,4_4_2,4_4_3,4_4_4,4_4_5,4_4_6,4_cvs</ver>
<p4>void pdf_fill_stroke(int pdfdoc)</p4>
<p4d>Fill and stroke current path </p4d>
</PHPModuleRef><PHPModuleRef>
<t>pdf_findfont</t>
<mn>pdf</mn>
<ft>F</ft>
<ver>4_0_5,4_0_6,4_1_0,4_1_1,4_1_2,4_2_0,4_2_1,4_2_2,4_2_3,4_3_0,4_3_1,4_3_10,4_3_11,4_3_2,4_3_3,4_3_4,4_3_5,4_3_6,4_3_7,4_3_8,4_3_9,4_4_0,4_4_1,4_4_2,4_4_3,4_4_4,4_4_5,4_4_6,4_cvs</ver>
<p4>int pdf_findfont(int pdfdoc, string fontname, string encoding [, int embed])</p4>
<p4d>Prepares the font fontname for later use with pdf_setfont() </p4d>
</PHPModuleRef><PHPModuleRef>
<t>pdf_get_buffer</t>
<mn>pdf</mn>
<ft>F</ft>
<ver>4_0_5,4_0_6,4_1_0,4_1_1,4_1_2,4_2_0,4_2_1,4_2_2,4_2_3,4_3_0,4_3_1,4_3_10,4_3_11,4_3_2,4_3_3,4_3_4,4_3_5,4_3_6,4_3_7,4_3_8,4_3_9,4_4_0,4_4_1,4_4_2,4_4_3,4_4_4,4_4_5,4_4_6,4_cvs</ver>
<p4>int pdf_get_buffer(int pdfdoc)</p4>
<p4d>Fetches the full buffer containig the generated PDF data </p4d>
</PHPModuleRef><PHPModuleRef>
<t>pdf_get_font</t>
<mn>pdf</mn>
<ft>F</ft>
<ver>4_0_0,4_0_1,4_0_2,4_0_3,4_0_4,4_0_5,4_0_6,4_1_0,4_1_1,4_1_2,4_2_0,4_2_1,4_2_2,4_2_3,4_3_0,4_3_1,4_3_10,4_3_11,4_3_2,4_3_3,4_3_4,4_3_5,4_3_6,4_3_7,4_3_8,4_3_9,4_4_0,4_4_1,4_4_2,4_4_3,4_4_4,4_4_5,4_4_6,4_cvs</ver>
<p4>int pdf_get_font(int pdfdoc)</p4>
<p4d>Gets the current font </p4d>
</PHPModuleRef><PHPModuleRef>
<t>pdf_get_fontname</t>
<mn>pdf</mn>
<ft>F</ft>
<ver>4_0_0,4_0_1,4_0_2,4_0_3,4_0_4,4_0_5,4_0_6,4_1_0,4_1_1,4_1_2,4_2_0,4_2_1,4_2_2,4_2_3,4_3_0,4_3_1,4_3_10,4_3_11,4_3_2,4_3_3,4_3_4,4_3_5,4_3_6,4_3_7,4_3_8,4_3_9,4_4_0,4_4_1,4_4_2,4_4_3,4_4_4,4_4_5,4_4_6,4_cvs</ver>
<p4>string pdf_get_fontname(int pdfdoc)</p4>
<p4d>Gets the current font name </p4d>
</PHPModuleRef><PHPModuleRef>
<t>pdf_get_fontsize</t>
<mn>pdf</mn>
<ft>F</ft>
<ver>4_0_0,4_0_1,4_0_2,4_0_3,4_0_4,4_0_5,4_0_6,4_1_0,4_1_1,4_1_2,4_2_0,4_2_1,4_2_2,4_2_3,4_3_0,4_3_1,4_3_10,4_3_11,4_3_2,4_3_3,4_3_4,4_3_5,4_3_6,4_3_7,4_3_8,4_3_9,4_4_0,4_4_1,4_4_2,4_4_3,4_4_4,4_4_5,4_4_6,4_cvs</ver>
<p4>float pdf_get_fontsize(int pdfdoc)</p4>
<p4d>Gets the current font size </p4d>
</PHPModuleRef><PHPModuleRef>
<t>pdf_get_image_height</t>
<mn>pdf</mn>
<ft>F</ft>
<ver>4_0_0,4_0_1,4_0_2,4_0_3,4_0_4,4_0_5,4_0_6,4_1_0,4_1_1,4_1_2,4_2_0,4_2_1,4_2_2,4_2_3,4_3_0,4_3_1,4_3_10,4_3_11,4_3_2,4_3_3,4_3_4,4_3_5,4_3_6,4_3_7,4_3_8,4_3_9,4_4_0,4_4_1,4_4_2,4_4_3,4_4_4,4_4_5,4_4_6,4_cvs</ver>
<p4>int pdf_get_image_height(int pdf, int pdfimage)</p4>
<p4d>Returns the height of an image </p4d>
</PHPModuleRef><PHPModuleRef>
<t>pdf_get_image_width</t>
<mn>pdf</mn>
<ft>F</ft>
<ver>4_0_0,4_0_1,4_0_2,4_0_3,4_0_4,4_0_5,4_0_6,4_1_0,4_1_1,4_1_2,4_2_0,4_2_1,4_2_2,4_2_3,4_3_0,4_3_1,4_3_10,4_3_11,4_3_2,4_3_3,4_3_4,4_3_5,4_3_6,4_3_7,4_3_8,4_3_9,4_4_0,4_4_1,4_4_2,4_4_3,4_4_4,4_4_5,4_4_6,4_cvs</ver>
<p4>int pdf_get_image_width(int pdf, int pdfimage)</p4>
<p4d>Returns the width of an image </p4d>
</PHPModuleRef><PHPModuleRef>
<t>pdf_get_majorversion</t>
<mn>pdf</mn>
<ft>F</ft>
<ver>4_2_0,4_2_1,4_2_2,4_2_3,4_3_0,4_3_1,4_3_10,4_3_11,4_3_2,4_3_3,4_3_4,4_3_5,4_3_6,4_3_7,4_3_8,4_3_9,4_4_0,4_4_1,4_4_2,4_4_3,4_4_4,4_4_5,4_4_6,4_cvs</ver>
<p4>int pdf_get_majorversion()</p4>
<p4d>Returns the major version number of the PDFlib </p4d>
</PHPModuleRef><PHPModuleRef>
<t>pdf_get_minorversion</t>
<mn>pdf</mn>
<ft>F</ft>
<ver>4_2_0,4_2_1,4_2_2,4_2_3,4_3_0,4_3_1,4_3_10,4_3_11,4_3_2,4_3_3,4_3_4,4_3_5,4_3_6,4_3_7,4_3_8,4_3_9,4_4_0,4_4_1,4_4_2,4_4_3,4_4_4,4_4_5,4_4_6,4_cvs</ver>
<p4>int pdf_get_minorversion()</p4>
<p4d>Returns the minor version number of the PDFlib </p4d>
</PHPModuleRef><PHPModuleRef>
<t>pdf_get_parameter</t>
<mn>pdf</mn>
<ft>F</ft>
<ver>4_0_1,4_0_2,4_0_3,4_0_4,4_0_5,4_0_6,4_1_0,4_1_1,4_1_2,4_2_0,4_2_1,4_2_2,4_2_3,4_3_0,4_3_1,4_3_10,4_3_11,4_3_2,4_3_3,4_3_4,4_3_5,4_3_6,4_3_7,4_3_8,4_3_9,4_4_0,4_4_1,4_4_2,4_4_3,4_4_4,4_4_5,4_4_6,4_cvs</ver>
<p4>string pdf_get_parameter(int pdfdoc, string key, mixed modifier)</p4>
<p4d>Gets arbitrary parameters </p4d>
</PHPModuleRef><PHPModuleRef>
<t>pdf_get_pdi_parameter</t>
<mn>pdf</mn>
<ft>F</ft>
<ver>4_0_5,4_0_6,4_1_0,4_1_1,4_1_2,4_2_0,4_2_1,4_2_2,4_2_3,4_3_0,4_3_1,4_3_10,4_3_11,4_3_2,4_3_3,4_3_4,4_3_5,4_3_6,4_3_7,4_3_8,4_3_9,4_4_0,4_4_1,4_4_2,4_4_3,4_4_4,4_4_5,4_4_6,4_cvs</ver>
<p4>string pdf_get_pdi_parameter(int pdf, string key, int doc, int page, int index);</p4>
<p4d>* Get the contents of some PDI document parameter with string type. </p4d>
</PHPModuleRef><PHPModuleRef>
<t>pdf_get_pdi_value</t>
<mn>pdf</mn>
<ft>F</ft>
<ver>4_0_5,4_0_6,4_1_0,4_1_1,4_1_2,4_2_0,4_2_1,4_2_2,4_2_3,4_3_0,4_3_1,4_3_10,4_3_11,4_3_2,4_3_3,4_3_4,4_3_5,4_3_6,4_3_7,4_3_8,4_3_9,4_4_0,4_4_1,4_4_2,4_4_3,4_4_4,4_4_5,4_4_6,4_cvs</ver>
<p4>float pdf_get_pdi_value(int pdf, string key, int doc, int page, int index);</p4>
<p4d>* Get the contents of some PDI document parameter with numerical type. </p4d>
</PHPModuleRef><PHPModuleRef>
<t>pdf_get_value</t>
<mn>pdf</mn>
<ft>F</ft>
<ver>4_0_1,4_0_2,4_0_3,4_0_4,4_0_5,4_0_6,4_1_0,4_1_1,4_1_2,4_2_0,4_2_1,4_2_2,4_2_3,4_3_0,4_3_1,4_3_10,4_3_11,4_3_2,4_3_3,4_3_4,4_3_5,4_3_6,4_3_7,4_3_8,4_3_9,4_4_0,4_4_1,4_4_2,4_4_3,4_4_4,4_4_5,4_4_6,4_cvs</ver>
<p4>float pdf_get_value(int pdfdoc, string key, float modifier)</p4>
<p4d>Gets arbitrary value </p4d>
</PHPModuleRef><PHPModuleRef>
<t>pdf_initgraphics</t>
<mn>pdf</mn>
<ft>F</ft>
<ver>4_0_5,4_0_6,4_1_0,4_1_1,4_1_2,4_2_0,4_2_1,4_2_2,4_2_3,4_3_0,4_3_1,4_3_10,4_3_11,4_3_2,4_3_3,4_3_4,4_3_5,4_3_6,4_3_7,4_3_8,4_3_9,4_4_0,4_4_1,4_4_2,4_4_3,4_4_4,4_4_5,4_4_6,4_cvs</ver>
<p4>void pdf_initgraphics(int pdf);</p4>
<p4d>* Reset all implicit color and graphics state parameters to their defaults. </p4d>
</PHPModuleRef><PHPModuleRef>
<t>pdf_lineto</t>
<mn>pdf</mn>
<ft>F</ft>
<ver>4_0_0,4_0_1,4_0_2,4_0_3,4_0_4,4_0_5,4_0_6,4_1_0,4_1_1,4_1_2,4_2_0,4_2_1,4_2_2,4_2_3,4_3_0,4_3_1,4_3_10,4_3_11,4_3_2,4_3_3,4_3_4,4_3_5,4_3_6,4_3_7,4_3_8,4_3_9,4_4_0,4_4_1,4_4_2,4_4_3,4_4_4,4_4_5,4_4_6,4_cvs</ver>
<p4>void pdf_lineto(int pdfdoc, float x, float y)</p4>
<p4d>Draws a line </p4d>
</PHPModuleRef><PHPModuleRef>
<t>pdf_makespotcolor</t>
<mn>pdf</mn>
<ft>F</ft>
<ver>4_0_5,4_0_6,4_1_0,4_1_1,4_1_2,4_2_0,4_2_1,4_2_2,4_2_3,4_3_0,4_3_1,4_3_10,4_3_11,4_3_2,4_3_3,4_3_4,4_3_5,4_3_6,4_3_7,4_3_8,4_3_9,4_4_0,4_4_1,4_4_2,4_4_3,4_4_4,4_4_5,4_4_6,4_cvs</ver>
<p4>int pdf_makespotcolor(int pdf, string spotname);</p4>
<p4d>* Make a named spot color from the current color. </p4d>
</PHPModuleRef><PHPModuleRef>
<t>pdf_moveto</t>
<mn>pdf</mn>
<ft>F</ft>
<ver>4_0_0,4_0_1,4_0_2,4_0_3,4_0_4,4_0_5,4_0_6,4_1_0,4_1_1,4_1_2,4_2_0,4_2_1,4_2_2,4_2_3,4_3_0,4_3_1,4_3_10,4_3_11,4_3_2,4_3_3,4_3_4,4_3_5,4_3_6,4_3_7,4_3_8,4_3_9,4_4_0,4_4_1,4_4_2,4_4_3,4_4_4,4_4_5,4_4_6,4_cvs</ver>
<p4>void pdf_moveto(int pdfdoc, float x, float y)</p4>
<p4d>Sets current point </p4d>
</PHPModuleRef><PHPModuleRef>
<t>pdf_new</t>
<mn>pdf</mn>
<ft>F</ft>
<ver>4_0_5,4_0_6,4_1_0,4_1_1,4_1_2,4_2_0,4_2_1,4_2_2,4_2_3,4_3_0,4_3_1,4_3_10,4_3_11,4_3_2,4_3_3,4_3_4,4_3_5,4_3_6,4_3_7,4_3_8,4_3_9,4_4_0,4_4_1,4_4_2,4_4_3,4_4_4,4_4_5,4_4_6,4_cvs</ver>
<p4>int pdf_new()</p4>
<p4d>Creates a new PDF object </p4d>
</PHPModuleRef><PHPModuleRef>
<t>pdf_open</t>
<mn>pdf</mn>
<ft>F</ft>
<ver>4_0_0,4_0_1,4_0_2,4_0_3,4_0_4,4_0_5,4_0_6,4_1_0,4_1_1,4_1_2,4_2_0,4_2_1,4_2_2,4_2_3,4_3_0,4_3_1,4_3_10,4_3_11,4_3_2,4_3_3,4_3_4,4_3_5,4_3_6,4_3_7,4_3_8,4_3_9,4_4_0,4_4_1,4_4_2,4_4_3,4_4_4,4_4_5,4_4_6,4_cvs</ver>
<p4>int pdf_open([int filedesc])</p4>
<p4d>Opens a new pdf document. If filedesc is NULL, document is created in memory. This is the old interface, only for compatibility use pdf_new + pdf_open_file instead </p4d>
<texts><text><lng>cs</lng>
<d>Otevřít nový PDF dokument</d>
</text><text><lng>de</lng>
<d>Öffnet ein neues PDF-Dokument</d>
</text></texts></PHPModuleRef><PHPModuleRef>
<t>pdf_open_ccitt</t>
<mn>pdf</mn>
<ft>F</ft>
<ver>4_0_5,4_0_6,4_1_0,4_1_1,4_1_2,4_2_0,4_2_1,4_2_2,4_2_3,4_3_0,4_3_1,4_3_10,4_3_11,4_3_2,4_3_3,4_3_4,4_3_5,4_3_6,4_3_7,4_3_8,4_3_9,4_4_0,4_4_1,4_4_2,4_4_3,4_4_4,4_4_5,4_4_6,4_cvs</ver>
<p4>int pdf_open_ccitt(int pdf, string filename, int width, int height, int bitreverse, int k, int black</p4>
<p4d>Opens an image file with raw CCITT G3 or G4 compresed bitmap data </p4d>
</PHPModuleRef><PHPModuleRef>
<t>pdf_open_file</t>
<mn>pdf</mn>
<ft>F</ft>
<ver>4_0_5,4_0_6,4_1_0,4_1_1,4_1_2,4_2_0,4_2_1,4_2_2,4_2_3,4_3_0,4_3_1,4_3_10,4_3_11,4_3_2,4_3_3,4_3_4,4_3_5,4_3_6,4_3_7,4_3_8,4_3_9,4_4_0,4_4_1,4_4_2,4_4_3,4_4_4,4_4_5,4_4_6,4_cvs</ver>
<p4>int pdf_open_file(int pdfdoc [, char filename])</p4>
<p4d>Opens a new PDF document. If filename is NULL, document is created in memory. This is not yet fully supported </p4d>
</PHPModuleRef><PHPModuleRef>
<t>pdf_open_gif</t>
<mn>pdf</mn>
<ft>F</ft>
<ver>4_0_0,4_0_1,4_0_2,4_0_3,4_0_4,4_0_5,4_0_6,4_1_0,4_1_1,4_1_2,4_2_0,4_2_1,4_2_2,4_2_3,4_3_0,4_3_1,4_3_10,4_3_11,4_3_2,4_3_3,4_3_4,4_3_5,4_3_6,4_3_7,4_3_8,4_3_9,4_4_0,4_4_1,4_4_2,4_4_3,4_4_4,4_4_5,4_4_6,4_cvs</ver>
<p4>int pdf_open_gif(int pdf, string giffile)</p4>
<p4d>Opens a GIF file and returns an image for placement in a pdf object </p4d>
</PHPModuleRef><PHPModuleRef>
<t>pdf_open_image</t>
<mn>pdf</mn>
<ft>F</ft>
<ver>4_0_5,4_0_6,4_1_0,4_1_1,4_1_2,4_2_0,4_2_1,4_2_2,4_2_3,4_3_0,4_3_1,4_3_10,4_3_11,4_3_2,4_3_3,4_3_4,4_3_5,4_3_6,4_3_7,4_3_8,4_3_9,4_4_0,4_4_1,4_4_2,4_4_3,4_4_4,4_4_5,4_4_6,4_cvs</ver>
<p4>int pdf_open_image(int pdf, string type, string source, string data, long length, int width, int hei</p4>
<p4d>Opens an image of the given type and returns an image for placement in a PDF document </p4d>
</PHPModuleRef><PHPModuleRef>
<t>pdf_open_image_file</t>
<mn>pdf</mn>
<ft>F</ft>
<ver>4_0_0,4_0_1,4_0_2,4_0_3,4_0_4,4_0_5,4_0_6,4_1_0,4_1_1,4_1_2,4_2_0,4_2_1,4_2_2,4_2_3,4_3_0,4_3_1,4_3_10,4_3_11,4_3_2,4_3_3,4_3_4,4_3_5,4_3_6,4_3_7,4_3_8,4_3_9,4_4_0,4_4_1,4_4_2,4_4_3,4_4_4,4_4_5,4_4_6,4_cvs</ver>
<p4>int pdf_open_image_file(int pdf, string type, string file, string stringparam, int intparam)</p4>
<p4d>Opens an image file of the given type and returns an image for placement in a PDF document </p4d>
</PHPModuleRef><PHPModuleRef>
<t>pdf_open_jpeg</t>
<mn>pdf</mn>
<ft>F</ft>
<ver>4_0_0,4_0_1,4_0_2,4_0_3,4_0_4,4_0_5,4_0_6,4_1_0,4_1_1,4_1_2,4_2_0,4_2_1,4_2_2,4_2_3,4_3_0,4_3_1,4_3_10,4_3_11,4_3_2,4_3_3,4_3_4,4_3_5,4_3_6,4_3_7,4_3_8,4_3_9,4_4_0,4_4_1,4_4_2,4_4_3,4_4_4,4_4_5,4_4_6,4_cvs</ver>
<p4>int pdf_open_jpeg(int pdf, string jpegfile)</p4>
<p4d>Opens a JPEG file and returns an image for placement in a PDF document </p4d>
</PHPModuleRef><PHPModuleRef>
<t>pdf_open_memory_image</t>
<mn>pdf</mn>
<ft>F</ft>
<ver>4_0_0,4_0_1,4_0_2,4_0_3,4_0_4,4_0_5,4_0_6,4_1_0,4_1_1,4_1_2,4_2_0,4_2_1,4_2_2,4_2_3,4_3_0,4_3_1,4_3_10,4_3_11,4_3_2,4_3_3,4_3_4,4_3_5,4_3_6,4_3_7,4_3_8,4_3_9,4_4_0,4_4_1,4_4_2,4_4_3,4_4_4,4_4_5,4_4_6,4_cvs</ver>
<p4>int pdf_open_memory_image(int pdf, int image)</p4>
<p4d>Takes an GD image and returns an image for placement in a PDF document </p4d>
</PHPModuleRef><PHPModuleRef>
<t>pdf_open_pdi</t>
<mn>pdf</mn>
<ft>F</ft>
<ver>4_0_5,4_0_6,4_1_0,4_1_1,4_1_2,4_2_0,4_2_1,4_2_2,4_2_3,4_3_0,4_3_1,4_3_10,4_3_11,4_3_2,4_3_3,4_3_4,4_3_5,4_3_6,4_3_7,4_3_8,4_3_9,4_4_0,4_4_1,4_4_2,4_4_3,4_4_4,4_4_5,4_4_6,4_cvs</ver>
<p4>int pdf_open_pdi(int pdf, string filename, string stringparam, int intparam);</p4>
<p4d>* Open an existing PDF document and prepare it for later use. </p4d>
</PHPModuleRef><PHPModuleRef>
<t>pdf_open_pdi_page</t>
<mn>pdf</mn>
<ft>F</ft>
<ver>4_0_5,4_0_6,4_1_0,4_1_1,4_1_2,4_2_0,4_2_1,4_2_2,4_2_3,4_3_0,4_3_1,4_3_10,4_3_11,4_3_2,4_3_3,4_3_4,4_3_5,4_3_6,4_3_7,4_3_8,4_3_9,4_4_0,4_4_1,4_4_2,4_4_3,4_4_4,4_4_5,4_4_6,4_cvs</ver>
<p4>int pdf_open_pdi_page(int pdf, int doc, int page, string label);</p4>
<p4d>* Prepare a page for later use with PDF_place_image(). </p4d>
</PHPModuleRef><PHPModuleRef>
<t>pdf_open_png</t>
<mn>pdf</mn>
<ft>F</ft>
<ver>4_0_0,4_0_1,4_0_2,4_0_3,4_0_4,4_0_5,4_0_6,4_1_0,4_1_1,4_1_2,4_2_0,4_2_1,4_2_2,4_2_3,4_3_0,4_3_1,4_3_10,4_3_11,4_3_2,4_3_3,4_3_4,4_3_5,4_3_6,4_3_7,4_3_8,4_3_9,4_4_0,4_4_1,4_4_2,4_4_3,4_4_4,4_4_5,4_4_6,4_cvs</ver>
<p4>int pdf_open_png(int pdf, string pngfile)</p4>
<p4d>Opens a PNG file and returns an image for placement in a PDF document </p4d>
<texts><text><lng>de</lng>
<d>Öffnet ein PNG-Bild</d>
</text></texts></PHPModuleRef><PHPModuleRef>
<t>pdf_open_tiff</t>
<mn>pdf</mn>
<ft>F</ft>
<ver>4_0_0,4_0_1,4_0_2,4_0_3,4_0_4,4_0_5,4_0_6,4_1_0,4_1_1,4_1_2,4_2_0,4_2_1,4_2_2,4_2_3,4_3_0,4_3_1,4_3_10,4_3_11,4_3_2,4_3_3,4_3_4,4_3_5,4_3_6,4_3_7,4_3_8,4_3_9,4_4_0,4_4_1,4_4_2,4_4_3,4_4_4,4_4_5,4_4_6,4_cvs</ver>
<p4>int pdf_open_tiff(int pdf, string tifffile)</p4>
<p4d>Opens a TIFF file and returns an image for placement in a PDF document </p4d>
</PHPModuleRef><PHPModuleRef>
<t>pdf_place_image</t>
<mn>pdf</mn>
<ft>F</ft>
<ver>4_0_0,4_0_1,4_0_2,4_0_3,4_0_4,4_0_5,4_0_6,4_1_0,4_1_1,4_1_2,4_2_0,4_2_1,4_2_2,4_2_3,4_3_0,4_3_1,4_3_10,4_3_11,4_3_2,4_3_3,4_3_4,4_3_5,4_3_6,4_3_7,4_3_8,4_3_9,4_4_0,4_4_1,4_4_2,4_4_3,4_4_4,4_4_5,4_4_6,4_cvs</ver>
<p4>void pdf_place_image(int pdf, int pdfimage, float x, float y, float scale)</p4>
<p4d>Places image in the PDF document </p4d>
</PHPModuleRef><PHPModuleRef>
<t>pdf_place_pdi_page</t>
<mn>pdf</mn>
<ft>F</ft>
<ver>4_0_6,4_1_0,4_1_1,4_1_2,4_2_0,4_2_1,4_2_2,4_2_3,4_3_0,4_3_1,4_3_10,4_3_11,4_3_2,4_3_3,4_3_4,4_3_5,4_3_6,4_3_7,4_3_8,4_3_9,4_4_0,4_4_1,4_4_2,4_4_3,4_4_4,4_4_5,4_4_6,4_cvs</ver>
<p4>void pdf_place_pdi_page(int pdf, int page, float x, float y, float sx, float sy)</p4>
<p4d>* Place a PDF page with the lower left corner at (x, y), and scale it. </p4d>
</PHPModuleRef><PHPModuleRef>
<t>pdf_rect</t>
<mn>pdf</mn>
<ft>F</ft>
<ver>4_0_0,4_0_1,4_0_2,4_0_3,4_0_4,4_0_5,4_0_6,4_1_0,4_1_1,4_1_2,4_2_0,4_2_1,4_2_2,4_2_3,4_3_0,4_3_1,4_3_10,4_3_11,4_3_2,4_3_3,4_3_4,4_3_5,4_3_6,4_3_7,4_3_8,4_3_9,4_4_0,4_4_1,4_4_2,4_4_3,4_4_4,4_4_5,4_4_6,4_cvs</ver>
<p4>void pdf_rect(int pdfdoc, float x, float y, float width, float height)</p4>
<p4d>Draws a rectangle </p4d>
</PHPModuleRef><PHPModuleRef>
<t>pdf_restore</t>
<mn>pdf</mn>
<ft>F</ft>
<ver>4_0_0,4_0_1,4_0_2,4_0_3,4_0_4,4_0_5,4_0_6,4_1_0,4_1_1,4_1_2,4_2_0,4_2_1,4_2_2,4_2_3,4_3_0,4_3_1,4_3_10,4_3_11,4_3_2,4_3_3,4_3_4,4_3_5,4_3_6,4_3_7,4_3_8,4_3_9,4_4_0,4_4_1,4_4_2,4_4_3,4_4_4,4_4_5,4_4_6,4_cvs</ver>
<p4>void pdf_restore(int pdfdoc)</p4>
<p4d>Restores formerly saved enviroment </p4d>
</PHPModuleRef><PHPModuleRef>
<t>pdf_rotate</t>
<mn>pdf</mn>
<ft>F</ft>
<ver>4_0_0,4_0_1,4_0_2,4_0_3,4_0_4,4_0_5,4_0_6,4_1_0,4_1_1,4_1_2,4_2_0,4_2_1,4_2_2,4_2_3,4_3_0,4_3_1,4_3_10,4_3_11,4_3_2,4_3_3,4_3_4,4_3_5,4_3_6,4_3_7,4_3_8,4_3_9,4_4_0,4_4_1,4_4_2,4_4_3,4_4_4,4_4_5,4_4_6,4_cvs</ver>
<p4>void pdf_rotate(int pdfdoc, float angle)</p4>
<p4d>Sets rotation </p4d>
</PHPModuleRef><PHPModuleRef>
<t>pdf_save</t>
<mn>pdf</mn>
<ft>F</ft>
<ver>4_0_0,4_0_1,4_0_2,4_0_3,4_0_4,4_0_5,4_0_6,4_1_0,4_1_1,4_1_2,4_2_0,4_2_1,4_2_2,4_2_3,4_3_0,4_3_1,4_3_10,4_3_11,4_3_2,4_3_3,4_3_4,4_3_5,4_3_6,4_3_7,4_3_8,4_3_9,4_4_0,4_4_1,4_4_2,4_4_3,4_4_4,4_4_5,4_4_6,4_cvs</ver>
<p4>void pdf_save(int pdfdoc)</p4>
<p4d>Saves current enviroment </p4d>
</PHPModuleRef><PHPModuleRef>
<t>pdf_scale</t>
<mn>pdf</mn>
<ft>F</ft>
<ver>4_0_0,4_0_1,4_0_2,4_0_3,4_0_4,4_0_5,4_0_6,4_1_0,4_1_1,4_1_2,4_2_0,4_2_1,4_2_2,4_2_3,4_3_0,4_3_1,4_3_10,4_3_11,4_3_2,4_3_3,4_3_4,4_3_5,4_3_6,4_3_7,4_3_8,4_3_9,4_4_0,4_4_1,4_4_2,4_4_3,4_4_4,4_4_5,4_4_6,4_cvs</ver>
<p4>void pdf_scale(int pdfdoc, float x_scale, float y_scale)</p4>
<p4d>Sets scaling </p4d>
</PHPModuleRef><PHPModuleRef>
<t>pdf_setcolor</t>
<mn>pdf</mn>
<ft>F</ft>
<ver>4_0_5,4_0_6,4_1_0,4_1_1,4_1_2,4_2_0,4_2_1,4_2_2,4_2_3,4_3_0,4_3_1,4_3_10,4_3_11,4_3_2,4_3_3,4_3_4,4_3_5,4_3_6,4_3_7,4_3_8,4_3_9,4_4_0,4_4_1,4_4_2,4_4_3,4_4_4,4_4_5,4_4_6,4_cvs</ver>
<p4>void pdf_setcolor(int pdf, string type, string colorspace, float c1 [, float c2 [, float c3 [, float</p4>
<p4d>* Set the current color space and color. </p4d>
</PHPModuleRef><PHPModuleRef>
<t>pdf_setdash</t>
<mn>pdf</mn>
<ft>F</ft>
<ver>4_0_0,4_0_1,4_0_2,4_0_3,4_0_4,4_0_5,4_0_6,4_1_0,4_1_1,4_1_2,4_2_0,4_2_1,4_2_2,4_2_3,4_3_0,4_3_1,4_3_10,4_3_11,4_3_2,4_3_3,4_3_4,4_3_5,4_3_6,4_3_7,4_3_8,4_3_9,4_4_0,4_4_1,4_4_2,4_4_3,4_4_4,4_4_5,4_4_6,4_cvs</ver>
<p4>void pdf_setdash(int pdfdoc, float black, float white)</p4>
<p4d>Sets dash pattern </p4d>
</PHPModuleRef><PHPModuleRef>
<t>pdf_setflat</t>
<mn>pdf</mn>
<ft>F</ft>
<ver>4_0_0,4_0_1,4_0_2,4_0_3,4_0_4,4_0_5,4_0_6,4_1_0,4_1_1,4_1_2,4_2_0,4_2_1,4_2_2,4_2_3,4_3_0,4_3_1,4_3_10,4_3_11,4_3_2,4_3_3,4_3_4,4_3_5,4_3_6,4_3_7,4_3_8,4_3_9,4_4_0,4_4_1,4_4_2,4_4_3,4_4_4,4_4_5,4_4_6,4_cvs</ver>
<p4>void pdf_setflat(int pdfdoc, float value)</p4>
<p4d>Sets flatness </p4d>
</PHPModuleRef><PHPModuleRef>
<t>pdf_setfont</t>
<mn>pdf</mn>
<ft>F</ft>
<ver>4_0_5,4_0_6,4_1_0,4_1_1,4_1_2,4_2_0,4_2_1,4_2_2,4_2_3,4_3_0,4_3_1,4_3_10,4_3_11,4_3_2,4_3_3,4_3_4,4_3_5,4_3_6,4_3_7,4_3_8,4_3_9,4_4_0,4_4_1,4_4_2,4_4_3,4_4_4,4_4_5,4_4_6,4_cvs</ver>
<p4>void pdf_setfont(int pdfdoc, int font, float fontsize)</p4>
<p4d>Sets the current font in the fiven fontsize </p4d>
</PHPModuleRef><PHPModuleRef>
<t>pdf_setgray</t>
<mn>pdf</mn>
<ft>F</ft>
<ver>4_0_0,4_0_1,4_0_2,4_0_3,4_0_4,4_0_5,4_0_6,4_1_0,4_1_1,4_1_2,4_2_0,4_2_1,4_2_2,4_2_3,4_3_0,4_3_1,4_3_10,4_3_11,4_3_2,4_3_3,4_3_4,4_3_5,4_3_6,4_3_7,4_3_8,4_3_9,4_4_0,4_4_1,4_4_2,4_4_3,4_4_4,4_4_5,4_4_6,4_cvs</ver>
<p4>void pdf_setgray(int pdfdoc, float value)</p4>
<p4d>Sets drawing and filling color to gray value </p4d>
</PHPModuleRef><PHPModuleRef>
<t>pdf_setgray_fill</t>
<mn>pdf</mn>
<ft>F</ft>
<ver>4_0_0,4_0_1,4_0_2,4_0_3,4_0_4,4_0_5,4_0_6,4_1_0,4_1_1,4_1_2,4_2_0,4_2_1,4_2_2,4_2_3,4_3_0,4_3_1,4_3_10,4_3_11,4_3_2,4_3_3,4_3_4,4_3_5,4_3_6,4_3_7,4_3_8,4_3_9,4_4_0,4_4_1,4_4_2,4_4_3,4_4_4,4_4_5,4_4_6,4_cvs</ver>
<p4>void pdf_setgray_fill(int pdfdoc, float value)</p4>
<p4d>Sets filling color to gray value </p4d>
</PHPModuleRef><PHPModuleRef>
<t>pdf_setgray_stroke</t>
<mn>pdf</mn>
<ft>F</ft>
<ver>4_0_0,4_0_1,4_0_2,4_0_3,4_0_4,4_0_5,4_0_6,4_1_0,4_1_1,4_1_2,4_2_0,4_2_1,4_2_2,4_2_3,4_3_0,4_3_1,4_3_10,4_3_11,4_3_2,4_3_3,4_3_4,4_3_5,4_3_6,4_3_7,4_3_8,4_3_9,4_4_0,4_4_1,4_4_2,4_4_3,4_4_4,4_4_5,4_4_6,4_cvs</ver>
<p4>void pdf_setgray_stroke(int pdfdoc, float value)</p4>
<p4d>Sets drawing color to gray value </p4d>
</PHPModuleRef><PHPModuleRef>
<t>pdf_setlinecap</t>
<mn>pdf</mn>
<ft>F</ft>
<ver>4_0_0,4_0_1,4_0_2,4_0_3,4_0_4,4_0_5,4_0_6,4_1_0,4_1_1,4_1_2,4_2_0,4_2_1,4_2_2,4_2_3,4_3_0,4_3_1,4_3_10,4_3_11,4_3_2,4_3_3,4_3_4,4_3_5,4_3_6,4_3_7,4_3_8,4_3_9,4_4_0,4_4_1,4_4_2,4_4_3,4_4_4,4_4_5,4_4_6,4_cvs</ver>
<p4>void pdf_setlinecap(int pdfdoc, int value)</p4>
<p4d>Sets linecap parameter </p4d>
</PHPModuleRef><PHPModuleRef>
<t>pdf_setlinejoin</t>
<mn>pdf</mn>
<ft>F</ft>
<ver>4_0_0,4_0_1,4_0_2,4_0_3,4_0_4,4_0_5,4_0_6,4_1_0,4_1_1,4_1_2,4_2_0,4_2_1,4_2_2,4_2_3,4_3_0,4_3_1,4_3_10,4_3_11,4_3_2,4_3_3,4_3_4,4_3_5,4_3_6,4_3_7,4_3_8,4_3_9,4_4_0,4_4_1,4_4_2,4_4_3,4_4_4,4_4_5,4_4_6,4_cvs</ver>
<p4>void pdf_setlinejoin(int pdfdoc, int value)</p4>
<p4d>Sets linejoin parameter </p4d>
</PHPModuleRef><PHPModuleRef>
<t>pdf_setlinewidth</t>
<mn>pdf</mn>
<ft>F</ft>
<ver>4_0_0,4_0_1,4_0_2,4_0_3,4_0_4,4_0_5,4_0_6,4_1_0,4_1_1,4_1_2,4_2_0,4_2_1,4_2_2,4_2_3,4_3_0,4_3_1,4_3_10,4_3_11,4_3_2,4_3_3,4_3_4,4_3_5,4_3_6,4_3_7,4_3_8,4_3_9,4_4_0,4_4_1,4_4_2,4_4_3,4_4_4,4_4_5,4_4_6,4_cvs</ver>
<p4>void pdf_setlinewidth(int pdfdoc, float width)</p4>
<p4d>Sets line width </p4d>
</PHPModuleRef><PHPModuleRef>
<t>pdf_setmatrix</t>
<mn>pdf</mn>
<ft>F</ft>
<ver>4_0_5,4_0_6,4_1_0,4_1_1,4_1_2,4_2_0,4_2_1,4_2_2,4_2_3,4_3_0,4_3_1,4_3_10,4_3_11,4_3_2,4_3_3,4_3_4,4_3_5,4_3_6,4_3_7,4_3_8,4_3_9,4_4_0,4_4_1,4_4_2,4_4_3,4_4_4,4_4_5,4_4_6,4_cvs</ver>
<p4>void pdf_setmatrix(int pdf, float a, float b, float c, float d, float e, float f)</p4>
<p4d>Explicitly set the current transformation matrix. </p4d>
</PHPModuleRef><PHPModuleRef>
<t>pdf_setmiterlimit</t>
<mn>pdf</mn>
<ft>F</ft>
<ver>4_0_0,4_0_1,4_0_2,4_0_3,4_0_4,4_0_5,4_0_6,4_1_0,4_1_1,4_1_2,4_2_0,4_2_1,4_2_2,4_2_3,4_3_0,4_3_1,4_3_10,4_3_11,4_3_2,4_3_3,4_3_4,4_3_5,4_3_6,4_3_7,4_3_8,4_3_9,4_4_0,4_4_1,4_4_2,4_4_3,4_4_4,4_4_5,4_4_6,4_cvs</ver>
<p4>void pdf_setmiterlimit(int pdfdoc, float value)</p4>
<p4d>Sets miter limit </p4d>
</PHPModuleRef><PHPModuleRef>
<t>pdf_setpolydash</t>
<mn>pdf</mn>
<ft>F</ft>
<ver>4_0_5,4_0_6,4_1_0,4_1_1,4_1_2,4_2_0,4_2_1,4_2_2,4_2_3,4_3_0,4_3_1,4_3_10,4_3_11,4_3_2,4_3_3,4_3_4,4_3_5,4_3_6,4_3_7,4_3_8,4_3_9,4_4_0,4_4_1,4_4_2,4_4_3,4_4_4,4_4_5,4_4_6,4_cvs</ver>
<p4>void pdf_setpolydash(int pdfdoc, float darray)</p4>
<p4d>Sets more complicated dash pattern </p4d>
</PHPModuleRef><PHPModuleRef>
<t>pdf_setrgbcolor</t>
<mn>pdf</mn>
<ft>F</ft>
<ver>4_0_0,4_0_1,4_0_2,4_0_3,4_0_4,4_0_5,4_0_6,4_1_0,4_1_1,4_1_2,4_2_0,4_2_1,4_2_2,4_2_3,4_3_0,4_3_1,4_3_10,4_3_11,4_3_2,4_3_3,4_3_4,4_3_5,4_3_6,4_3_7,4_3_8,4_3_9,4_4_0,4_4_1,4_4_2,4_4_3,4_4_4,4_4_5,4_4_6,4_cvs</ver>
<p4>void pdf_setrgbcolor(int pdfdoc, float red, float green, float blue)</p4>
<p4d>Sets drawing and filling color to RGB color value </p4d>
</PHPModuleRef><PHPModuleRef>
<t>pdf_setrgbcolor_fill</t>
<mn>pdf</mn>
<ft>F</ft>
<ver>4_0_0,4_0_1,4_0_2,4_0_3,4_0_4,4_0_5,4_0_6,4_1_0,4_1_1,4_1_2,4_2_0,4_2_1,4_2_2,4_2_3,4_3_0,4_3_1,4_3_10,4_3_11,4_3_2,4_3_3,4_3_4,4_3_5,4_3_6,4_3_7,4_3_8,4_3_9,4_4_0,4_4_1,4_4_2,4_4_3,4_4_4,4_4_5,4_4_6,4_cvs</ver>
<p4>void pdf_setrgbcolor_fill(int pdfdoc, float red, float green, float blue)</p4>
<p4d>Sets filling color to RGB color value </p4d>
</PHPModuleRef><PHPModuleRef>
<t>pdf_setrgbcolor_stroke</t>
<mn>pdf</mn>
<ft>F</ft>
<ver>4_0_0,4_0_1,4_0_2,4_0_3,4_0_4,4_0_5,4_0_6,4_1_0,4_1_1,4_1_2,4_2_0,4_2_1,4_2_2,4_2_3,4_3_0,4_3_1,4_3_10,4_3_11,4_3_2,4_3_3,4_3_4,4_3_5,4_3_6,4_3_7,4_3_8,4_3_9,4_4_0,4_4_1,4_4_2,4_4_3,4_4_4,4_4_5,4_4_6,4_cvs</ver>
<p4>void pdf_setrgbcolor_stroke(int pdfdoc, float red, float green, float blue)</p4>
<p4d>Sets drawing color to RGB color value </p4d>
</PHPModuleRef><PHPModuleRef>
<t>pdf_set_border_color</t>
<mn>pdf</mn>
<ft>F</ft>
<ver>4_0_0,4_0_1,4_0_2,4_0_3,4_0_4,4_0_5,4_0_6,4_1_0,4_1_1,4_1_2,4_2_0,4_2_1,4_2_2,4_2_3,4_3_0,4_3_1,4_3_10,4_3_11,4_3_2,4_3_3,4_3_4,4_3_5,4_3_6,4_3_7,4_3_8,4_3_9,4_4_0,4_4_1,4_4_2,4_4_3,4_4_4,4_4_5,4_4_6,4_cvs</ver>
<p4>void pdf_set_border_color(int pdfdoc, float red, float green, float blue)</p4>
<p4d>Sets color of box surounded all kinds of annotations and links </p4d>
</PHPModuleRef><PHPModuleRef>
<t>pdf_set_border_dash</t>
<mn>pdf</mn>
<ft>F</ft>
<ver>4_0_1,4_0_2,4_0_3,4_0_4,4_0_5,4_0_6,4_1_0,4_1_1,4_1_2,4_2_0,4_2_1,4_2_2,4_2_3,4_3_0,4_3_1,4_3_10,4_3_11,4_3_2,4_3_3,4_3_4,4_3_5,4_3_6,4_3_7,4_3_8,4_3_9,4_4_0,4_4_1,4_4_2,4_4_3,4_4_4,4_4_5,4_4_6,4_cvs</ver>
<p4>void pdf_set_border_dash(int pdfdoc, float black, float white)</p4>
<p4d>Sets the border dash style of all kinds of annotations and links </p4d>
</PHPModuleRef><PHPModuleRef>
<t>pdf_set_border_style</t>
<mn>pdf</mn>
<ft>F</ft>
<ver>4_0_0,4_0_1,4_0_2,4_0_3,4_0_4,4_0_5,4_0_6,4_1_0,4_1_1,4_1_2,4_2_0,4_2_1,4_2_2,4_2_3,4_3_0,4_3_1,4_3_10,4_3_11,4_3_2,4_3_3,4_3_4,4_3_5,4_3_6,4_3_7,4_3_8,4_3_9,4_4_0,4_4_1,4_4_2,4_4_3,4_4_4,4_4_5,4_4_6,4_cvs</ver>
<p4>void pdf_set_border_style(int pdfdoc, string style, float width)</p4>
<p4d>Sets style of box surounding all kinds of annotations and link </p4d>
</PHPModuleRef><PHPModuleRef>
<t>pdf_set_char_spacing</t>
<mn>pdf</mn>
<ft>F</ft>
<ver>4_0_0,4_0_1,4_0_2,4_0_3,4_0_4,4_0_5,4_0_6,4_1_0,4_1_1,4_1_2,4_2_0,4_2_1,4_2_2,4_2_3,4_3_0,4_3_1,4_3_10,4_3_11,4_3_2,4_3_3,4_3_4,4_3_5,4_3_6,4_3_7,4_3_8,4_3_9,4_4_0,4_4_1,4_4_2,4_4_3,4_4_4,4_4_5,4_4_6,4_cvs</ver>
<p4>void pdf_set_char_spacing(int pdfdoc, float space)</p4>
<p4d>Sets character spacing </p4d>
</PHPModuleRef><PHPModuleRef>
<t>pdf_set_duration</t>
<mn>pdf</mn>
<ft>F</ft>
<ver>4_0_0,4_0_1,4_0_2,4_0_3,4_0_4,4_0_5,4_0_6,4_1_0,4_1_1,4_1_2,4_2_0,4_2_1,4_2_2,4_2_3,4_3_0,4_3_1,4_3_10,4_3_11,4_3_2,4_3_3,4_3_4,4_3_5,4_3_6,4_3_7,4_3_8,4_3_9,4_4_0,4_4_1,4_4_2,4_4_3,4_4_4,4_4_5,4_4_6,4_cvs</ver>
<p4>void pdf_set_duration(int pdfdoc, float duration)</p4>
<p4d>Sets duration between pages </p4d>
</PHPModuleRef><PHPModuleRef>
<t>pdf_set_font</t>
<mn>pdf</mn>
<ft>F</ft>
<ver>4_0_0,4_0_1,4_0_2,4_0_3,4_0_4,4_0_5,4_0_6,4_1_0,4_1_1,4_1_2,4_2_0,4_2_1,4_2_2,4_2_3,4_3_0,4_3_1,4_3_10,4_3_11,4_3_2,4_3_3,4_3_4,4_3_5,4_3_6,4_3_7,4_3_8,4_3_9,4_4_0,4_4_1,4_4_2,4_4_3,4_4_4,4_4_5,4_4_6,4_cvs</ver>
<p4>void pdf_set_font(int pdfdoc, string font, float size, string encoding [, int embed])</p4>
<p4d>Select the current font face, size and encoding </p4d>
<texts><text><lng>cs</lng>
<d>Určit font a velikost</d>
</text><text><lng>de</lng>
<d>Wählt einen Zeichensatz und dessen Größe aus</d>
</text></texts></PHPModuleRef><PHPModuleRef>
<t>pdf_set_horiz_scaling</t>
<mn>pdf</mn>
<ft>F</ft>
<ver>4_0_0,4_0_1,4_0_2,4_0_3,4_0_4,4_0_5,4_0_6,4_1_0,4_1_1,4_1_2,4_2_0,4_2_1,4_2_2,4_2_3,4_3_0,4_3_1,4_3_10,4_3_11,4_3_2,4_3_3,4_3_4,4_3_5,4_3_6,4_3_7,4_3_8,4_3_9,4_4_0,4_4_1,4_4_2,4_4_3,4_4_4,4_4_5,4_4_6,4_cvs</ver>
<p4>void pdf_set_horiz_scaling(int pdfdoc, float scale)</p4>
<p4d>Sets horizontal scaling of text </p4d>
</PHPModuleRef><PHPModuleRef>
<t>pdf_set_info</t>
<mn>pdf</mn>
<ft>F</ft>
<ver>4_0_1,4_0_2,4_0_3,4_0_4,4_0_5,4_0_6,4_1_0,4_1_1,4_1_2,4_2_0,4_2_1,4_2_2,4_2_3,4_3_0,4_3_1,4_3_10,4_3_11,4_3_2,4_3_3,4_3_4,4_3_5,4_3_6,4_3_7,4_3_8,4_3_9,4_4_0,4_4_1,4_4_2,4_4_3,4_4_4,4_4_5,4_4_6,4_cvs</ver>
<p4>bool pdf_set_info(int pdfdoc, string fieldname, string value)</p4>
<p4d>Fills an info field of the document </p4d>
<texts><text><lng>cs</lng>
<d>Vyplnit položku informací o dokumentu</d>
</text></texts></PHPModuleRef><PHPModuleRef>
<t>pdf_set_info_author</t>
<mn>pdf</mn>
<ft>F</ft>
<ver>4_0_0,4_0_1,4_0_2,4_0_3,4_0_4,4_0_5,4_0_6,4_1_0,4_1_1,4_1_2,4_2_0,4_2_1,4_2_2,4_2_3,4_3_0,4_3_1,4_3_10,4_3_11,4_3_2,4_3_3,4_3_4,4_3_5,4_3_6,4_3_7,4_3_8,4_3_9,4_4_0,4_4_1,4_4_2,4_4_3,4_4_4,4_4_5,4_4_6,4_cvs</ver>
<p4>bool pdf_set_info_author(int pdfdoc, string author)</p4>
<p4d>Fills the author field of the document </p4d>
</PHPModuleRef><PHPModuleRef>
<t>pdf_set_info_creator</t>
<mn>pdf</mn>
<ft>F</ft>
<ver>4_0_0,4_0_1,4_0_2,4_0_3,4_0_4,4_0_5,4_0_6,4_1_0,4_1_1,4_1_2,4_2_0,4_2_1,4_2_2,4_2_3,4_3_0,4_3_1,4_3_10,4_3_11,4_3_2,4_3_3,4_3_4,4_3_5,4_3_6,4_3_7,4_3_8,4_3_9,4_4_0,4_4_1,4_4_2,4_4_3,4_4_4,4_4_5,4_4_6,4_cvs</ver>
<p4>bool pdf_set_info_creator(int pdfdoc, string creator)</p4>
<p4d>Fills the creator field of the document </p4d>
</PHPModuleRef><PHPModuleRef>
<t>pdf_set_info_keywords</t>
<mn>pdf</mn>
<ft>F</ft>
<ver>4_0_0,4_0_1,4_0_2,4_0_3,4_0_4,4_0_5,4_0_6,4_1_0,4_1_1,4_1_2,4_2_0,4_2_1,4_2_2,4_2_3,4_3_0,4_3_1,4_3_10,4_3_11,4_3_2,4_3_3,4_3_4,4_3_5,4_3_6,4_3_7,4_3_8,4_3_9,4_4_0,4_4_1,4_4_2,4_4_3,4_4_4,4_4_5,4_4_6,4_cvs</ver>
<p4>bool pdf_set_info_keywords(int pdfdoc, string keywords)</p4>
<p4d>Fills the keywords field of the document </p4d>
</PHPModuleRef><PHPModuleRef>
<t>pdf_set_info_subject</t>
<mn>pdf</mn>
<ft>F</ft>
<ver>4_0_0,4_0_1,4_0_2,4_0_3,4_0_4,4_0_5,4_0_6,4_1_0,4_1_1,4_1_2,4_2_0,4_2_1,4_2_2,4_2_3,4_3_0,4_3_1,4_3_10,4_3_11,4_3_2,4_3_3,4_3_4,4_3_5,4_3_6,4_3_7,4_3_8,4_3_9,4_4_0,4_4_1,4_4_2,4_4_3,4_4_4,4_4_5,4_4_6,4_cvs</ver>
<p4>bool pdf_set_info_subject(int pdfdoc, string subject)</p4>
<p4d>Fills the subject field of the document </p4d>
</PHPModuleRef><PHPModuleRef>
<t>pdf_set_info_title</t>
<mn>pdf</mn>
<ft>F</ft>
<ver>4_0_0,4_0_1,4_0_2,4_0_3,4_0_4,4_0_5,4_0_6,4_1_0,4_1_1,4_1_2,4_2_0,4_2_1,4_2_2,4_2_3,4_3_0,4_3_1,4_3_10,4_3_11,4_3_2,4_3_3,4_3_4,4_3_5,4_3_6,4_3_7,4_3_8,4_3_9,4_4_0,4_4_1,4_4_2,4_4_3,4_4_4,4_4_5,4_4_6,4_cvs</ver>
<p4>bool pdf_set_info_title(int pdfdoc, string title)</p4>
<p4d>Fills the title field of the document </p4d>
</PHPModuleRef><PHPModuleRef>
<t>pdf_set_leading</t>
<mn>pdf</mn>
<ft>F</ft>
<ver>4_0_0,4_0_1,4_0_2,4_0_3,4_0_4,4_0_5,4_0_6,4_1_0,4_1_1,4_1_2,4_2_0,4_2_1,4_2_2,4_2_3,4_3_0,4_3_1,4_3_10,4_3_11,4_3_2,4_3_3,4_3_4,4_3_5,4_3_6,4_3_7,4_3_8,4_3_9,4_4_0,4_4_1,4_4_2,4_4_3,4_4_4,4_4_5,4_4_6,4_cvs</ver>
<p4>void pdf_set_leading(int pdfdoc, float distance)</p4>
<p4d>Sets distance between text lines </p4d>
<texts><text><lng>cs</lng>
<d>Nastavit vzdálenost mezi řádky</d>
</text></texts></PHPModuleRef><PHPModuleRef>
<t>pdf_set_parameter</t>
<mn>pdf</mn>
<ft>F</ft>
<ver>4_0_0,4_0_1,4_0_2,4_0_3,4_0_4,4_0_5,4_0_6,4_1_0,4_1_1,4_1_2,4_2_0,4_2_1,4_2_2,4_2_3,4_3_0,4_3_1,4_3_10,4_3_11,4_3_2,4_3_3,4_3_4,4_3_5,4_3_6,4_3_7,4_3_8,4_3_9,4_4_0,4_4_1,4_4_2,4_4_3,4_4_4,4_4_5,4_4_6,4_cvs</ver>
<p4>void pdf_set_parameter(int pdfdoc, string key, string value)</p4>
<p4d>Sets arbitrary parameters </p4d>
<texts><text><lng>cs</lng>
<d>Nastavit určité parametry</d>
</text></texts></PHPModuleRef><PHPModuleRef>
<t>pdf_set_text_pos</t>
<mn>pdf</mn>
<ft>F</ft>
<ver>4_0_0,4_0_1,4_0_2,4_0_3,4_0_4,4_0_5,4_0_6,4_1_0,4_1_1,4_1_2,4_2_0,4_2_1,4_2_2,4_2_3,4_3_0,4_3_1,4_3_10,4_3_11,4_3_2,4_3_3,4_3_4,4_3_5,4_3_6,4_3_7,4_3_8,4_3_9,4_4_0,4_4_1,4_4_2,4_4_3,4_4_4,4_4_5,4_4_6,4_cvs</ver>
<p4>void pdf_set_text_pos(int pdfdoc, float x, float y)</p4>
<p4d>Sets the position of text for the next pdf_show call </p4d>
</PHPModuleRef><PHPModuleRef>
<t>pdf_set_text_rendering</t>
<mn>pdf</mn>
<ft>F</ft>
<ver>4_0_0,4_0_1,4_0_2,4_0_3,4_0_4,4_0_5,4_0_6,4_1_0,4_1_1,4_1_2,4_2_0,4_2_1,4_2_2,4_2_3,4_3_0,4_3_1,4_3_10,4_3_11,4_3_2,4_3_3,4_3_4,4_3_5,4_3_6,4_3_7,4_3_8,4_3_9,4_4_0,4_4_1,4_4_2,4_4_3,4_4_4,4_4_5,4_4_6,4_cvs</ver>
<p4>void pdf_set_text_rendering(int pdfdoc, int mode)</p4>
<p4d>Determines how text is rendered </p4d>
</PHPModuleRef><PHPModuleRef>
<t>pdf_set_text_rise</t>
<mn>pdf</mn>
<ft>F</ft>
<ver>4_0_0,4_0_1,4_0_2,4_0_3,4_0_4,4_0_5,4_0_6,4_1_0,4_1_1,4_1_2,4_2_0,4_2_1,4_2_2,4_2_3,4_3_0,4_3_1,4_3_10,4_3_11,4_3_2,4_3_3,4_3_4,4_3_5,4_3_6,4_3_7,4_3_8,4_3_9,4_4_0,4_4_1,4_4_2,4_4_3,4_4_4,4_4_5,4_4_6,4_cvs</ver>
<p4>void pdf_set_text_rise(int pdfdoc, float value)</p4>
<p4d>Sets the text rise </p4d>
</PHPModuleRef><PHPModuleRef>
<t>pdf_set_transition</t>
<mn>pdf</mn>
<ft>F</ft>
<ver>4_0_0,4_0_1,4_0_2,4_0_3,4_0_4,4_0_5,4_0_6,4_1_0,4_1_1,4_1_2,4_2_0,4_2_1,4_2_2,4_2_3,4_3_0,4_3_1,4_3_10,4_3_11,4_3_2,4_3_3,4_3_4,4_3_5,4_3_6,4_3_7,4_3_8,4_3_9,4_4_0,4_4_1,4_4_2,4_4_3,4_4_4,4_4_5,4_4_6,4_cvs</ver>
<p4>void pdf_set_transition(int pdfdoc, int transition)</p4>
<p4d>Sets transition between pages </p4d>
<texts><text><lng>de</lng>
<d>Setzt denÜbergang zur nächsten Seite</d>
</text></texts></PHPModuleRef><PHPModuleRef>
<t>pdf_set_value</t>
<mn>pdf</mn>
<ft>F</ft>
<ver>4_0_1,4_0_2,4_0_3,4_0_4,4_0_5,4_0_6,4_1_0,4_1_1,4_1_2,4_2_0,4_2_1,4_2_2,4_2_3,4_3_0,4_3_1,4_3_10,4_3_11,4_3_2,4_3_3,4_3_4,4_3_5,4_3_6,4_3_7,4_3_8,4_3_9,4_4_0,4_4_1,4_4_2,4_4_3,4_4_4,4_4_5,4_4_6,4_cvs</ver>
<p4>void pdf_set_value(int pdfdoc, string key, float value)</p4>
<p4d>Sets arbitrary value </p4d>
</PHPModuleRef><PHPModuleRef>
<t>pdf_set_word_spacing</t>
<mn>pdf</mn>
<ft>F</ft>
<ver>4_0_0,4_0_1,4_0_2,4_0_3,4_0_4,4_0_5,4_0_6,4_1_0,4_1_1,4_1_2,4_2_0,4_2_1,4_2_2,4_2_3,4_3_0,4_3_1,4_3_10,4_3_11,4_3_2,4_3_3,4_3_4,4_3_5,4_3_6,4_3_7,4_3_8,4_3_9,4_4_0,4_4_1,4_4_2,4_4_3,4_4_4,4_4_5,4_4_6,4_cvs</ver>
<p4>void pdf_set_word_spacing(int pdfdoc, float space)</p4>
<p4d>Sets spacing between words </p4d>
</PHPModuleRef><PHPModuleRef>
<t>pdf_show</t>
<mn>pdf</mn>
<ft>F</ft>
<ver>4_0_0,4_0_1,4_0_2,4_0_3,4_0_4,4_0_5,4_0_6,4_1_0,4_1_1,4_1_2,4_2_0,4_2_1,4_2_2,4_2_3,4_3_0,4_3_1,4_3_10,4_3_11,4_3_2,4_3_3,4_3_4,4_3_5,4_3_6,4_3_7,4_3_8,4_3_9,4_4_0,4_4_1,4_4_2,4_4_3,4_4_4,4_4_5,4_4_6,4_cvs</ver>
<p4>void pdf_show(int pdfdoc, string text)</p4>
<p4d>Output text at current position </p4d>
<texts><text><lng>cs</lng>
<d>Umístit text na aktuální pozici</d>
</text></texts></PHPModuleRef><PHPModuleRef>
<t>pdf_show_boxed</t>
<mn>pdf</mn>
<ft>F</ft>
<ver>4_0_0,4_0_1,4_0_2,4_0_3,4_0_4,4_0_5,4_0_6,4_1_0,4_1_1,4_1_2,4_2_0,4_2_1,4_2_2,4_2_3,4_3_0,4_3_1,4_3_10,4_3_11,4_3_2,4_3_3,4_3_4,4_3_5,4_3_6,4_3_7,4_3_8,4_3_9,4_4_0,4_4_1,4_4_2,4_4_3,4_4_4,4_4_5,4_4_6,4_cvs</ver>
<p4>int pdf_show_boxed(int pdfdoc, string text, float x_koor, float y_koor, float width, float height, s</p4>
<p4d>Output text formated in a boxed </p4d>
<texts><text><lng>cs</lng>
<d>Vytisknout text v rámečku</d>
</text></texts></PHPModuleRef><PHPModuleRef>
<t>pdf_show_xy</t>
<mn>pdf</mn>
<ft>F</ft>
<ver>4_0_0,4_0_1,4_0_2,4_0_3,4_0_4,4_0_5,4_0_6,4_1_0,4_1_1,4_1_2,4_2_0,4_2_1,4_2_2,4_2_3,4_3_0,4_3_1,4_3_10,4_3_11,4_3_2,4_3_3,4_3_4,4_3_5,4_3_6,4_3_7,4_3_8,4_3_9,4_4_0,4_4_1,4_4_2,4_4_3,4_4_4,4_4_5,4_4_6,4_cvs</ver>
<p4>void pdf_show_xy(int pdfdoc, string text, float x_koor, float y_koor)</p4>
<p4d>Output text at position </p4d>
<texts><text><lng>cs</lng>
<d>Vytisknout text na určené pozici</d>
</text></texts></PHPModuleRef><PHPModuleRef>
<t>pdf_skew</t>
<mn>pdf</mn>
<ft>F</ft>
<ver>4_0_0,4_0_1,4_0_2,4_0_3,4_0_4,4_0_5,4_0_6,4_1_0,4_1_1,4_1_2,4_2_0,4_2_1,4_2_2,4_2_3,4_3_0,4_3_1,4_3_10,4_3_11,4_3_2,4_3_3,4_3_4,4_3_5,4_3_6,4_3_7,4_3_8,4_3_9,4_4_0,4_4_1,4_4_2,4_4_3,4_4_4,4_4_5,4_4_6,4_cvs</ver>
<p4>void pdf_skew(int pdfdoc, float xangle, float yangle)</p4>
<p4d>Skew the coordinate system </p4d>
</PHPModuleRef><PHPModuleRef>
<t>pdf_stringwidth</t>
<mn>pdf</mn>
<ft>F</ft>
<ver>4_0_0,4_0_1,4_0_2,4_0_3,4_0_4,4_0_5,4_0_6,4_1_0,4_1_1,4_1_2,4_2_0,4_2_1,4_2_2,4_2_3,4_3_0,4_3_1,4_3_10,4_3_11,4_3_2,4_3_3,4_3_4,4_3_5,4_3_6,4_3_7,4_3_8,4_3_9,4_4_0,4_4_1,4_4_2,4_4_3,4_4_4,4_4_5,4_4_6,4_cvs</ver>
<p4>float pdf_stringwidth(int pdfdoc, string text [, int font, float size])</p4>
<p4d>Returns width of text in current font </p4d>
</PHPModuleRef><PHPModuleRef>
<t>pdf_stroke</t>
<mn>pdf</mn>
<ft>F</ft>
<ver>4_0_0,4_0_1,4_0_2,4_0_3,4_0_4,4_0_5,4_0_6,4_1_0,4_1_1,4_1_2,4_2_0,4_2_1,4_2_2,4_2_3,4_3_0,4_3_1,4_3_10,4_3_11,4_3_2,4_3_3,4_3_4,4_3_5,4_3_6,4_3_7,4_3_8,4_3_9,4_4_0,4_4_1,4_4_2,4_4_3,4_4_4,4_4_5,4_4_6,4_cvs</ver>
<p4>void pdf_stroke(int pdfdoc)</p4>
<p4d>Draw line along path path </p4d>
</PHPModuleRef><PHPModuleRef>
<t>pdf_translate</t>
<mn>pdf</mn>
<ft>F</ft>
<ver>4_0_0,4_0_1,4_0_2,4_0_3,4_0_4,4_0_5,4_0_6,4_1_0,4_1_1,4_1_2,4_2_0,4_2_1,4_2_2,4_2_3,4_3_0,4_3_1,4_3_10,4_3_11,4_3_2,4_3_3,4_3_4,4_3_5,4_3_6,4_3_7,4_3_8,4_3_9,4_4_0,4_4_1,4_4_2,4_4_3,4_4_4,4_4_5,4_4_6,4_cvs</ver>
<p4>void pdf_translate(int pdfdoc, float x, float y)</p4>
<p4d>Sets origin of coordinate system </p4d>
</PHPModuleRef><PHPModuleRef>
<t>PDF_add_annotation</t>
<mn>pdf</mn>
<ft>F</ft>
<ver></ver>
<texts><text><lng>de</lng>
<d>Fügt Notiz hinzu [veraltet]</d>
</text><text><lng>en</lng>
<d>Add annotation [deprecated]</d>
</text></texts></PHPModuleRef><PHPModuleRef>
<t>PDF_add_bookmark</t>
<mn>pdf</mn>
<ft>F</ft>
<ver></ver>
<texts><text><lng>de</lng>
<d>Fügt Lesezeichen für aktuelle Seite ein [veraltet]</d>
</text><text><lng>en</lng>
<d>Add bookmark for current page [deprecated]</d>
</text></texts></PHPModuleRef><PHPModuleRef>
<t>PDF_add_launchlink</t>
<mn>pdf</mn>
<ft>F</ft>
<ver></ver>
<texts><text><lng>de</lng>
<d>Fügt Webverknüpfung auf aktueller Seite ein [veraltet]</d>
</text><text><lng>en</lng>
<d>Add launch annotation for current page [deprecated]</d>
</text></texts></PHPModuleRef><PHPModuleRef>
<t>PDF_add_locallink</t>
<mn>pdf</mn>
<ft>F</ft>
<ver></ver>
<texts><text><lng>de</lng>
<d>Fügt Verknüpfung auf aktueller Seite ein [veraltet]</d>
</text><text><lng>en</lng>
<d>Add link annotation for current page [deprecated]</d>
</text></texts></PHPModuleRef><PHPModuleRef>
<t>PDF_add_note</t>
<mn>pdf</mn>
<ft>F</ft>
<ver></ver>
<texts><text><lng>de</lng>
<d>Fügt Notiz auf aktueller Seite ein [veraltet]</d>
</text><text><lng>en</lng>
<d>Set annotation for current page [deprecated]</d>
</text></texts></PHPModuleRef><PHPModuleRef>
<t>PDF_add_outline</t>
<mn>pdf</mn>
<ft>F</ft>
<ver></ver>
<texts><text><lng>de</lng>
<d>Fügt Lesezeichen für aktuelle Seite ein [veraltet]</d>
</text><text><lng>en</lng>
<d>Add bookmark for current page [deprecated]</d>
</text><text><lng>es</lng>
<d>Adds bookmark for current page</d>
</text></texts></PHPModuleRef><PHPModuleRef>
<t>PDF_add_pdflink</t>
<mn>pdf</mn>
<ft>F</ft>
<ver></ver>
<texts><text><lng>de</lng>
<d>Fügt Dateiverknüpfung auf aktueller Seite ein [veraltet]</d>
</text><text><lng>en</lng>
<d>Add file link annotation for current page [deprecated]</d>
</text></texts></PHPModuleRef><PHPModuleRef>
<t>PDF_add_thumbnail</t>
<mn>pdf</mn>
<ft>F</ft>
<ver></ver>
<texts><text><lng>de</lng>
<d>Fügt Piktogramm für aktuelle Seite ein</d>
</text><text><lng>en</lng>
<d>Add thumbnail for current page</d>
</text></texts></PHPModuleRef><PHPModuleRef>
<t>PDF_add_weblink</t>
<mn>pdf</mn>
<ft>F</ft>
<ver></ver>
<texts><text><lng>de</lng>
<d>Fügt Web-Verknüpfung auf aktueller Seite ein [veraltet]</d>
</text><text><lng>en</lng>
<d>Add weblink for current page [deprecated]</d>
</text></texts></PHPModuleRef><PHPModuleRef>
<t>PDF_arc</t>
<mn>pdf</mn>
<ft>F</ft>
<ver></ver>
<texts><text><lng>de</lng>
<d>Zeichnet Kreissegment gegen Uhrzeigersinn</d>
</text><text><lng>en</lng>
<d>Draw a counterclockwise circular arc segment</d>
</text><text><lng>es</lng>
<d>Draws an arc</d>
</text></texts></PHPModuleRef><PHPModuleRef>
<t>PDF_arcn</t>
<mn>pdf</mn>
<ft>F</ft>
<ver></ver>
<texts><text><lng>de</lng>
<d>Zeichnet Kreissegment im Uhrzeigersinn</d>
</text><text><lng>en</lng>
<d>Draw a clockwise circular arc segment</d>
</text></texts></PHPModuleRef><PHPModuleRef>
<t>PDF_attach_file</t>
<mn>pdf</mn>
<ft>F</ft>
<ver></ver>
<texts><text><lng>de</lng>
<d>Fügt Dateianhang auf aktueller Seite ein [veraltet]</d>
</text><text><lng>en</lng>
<d>Add file attachment for current page [deprecated]</d>
</text></texts></PHPModuleRef><PHPModuleRef>
<t>PDF_begin_page</t>
<mn>pdf</mn>
<ft>F</ft>
<ver></ver>
<texts><text><lng>de</lng>
<d>Beginnt neue Seite [veraltet]</d>
</text><text><lng>en</lng>
<d>Start new page [deprecated]</d>
</text><text><lng>es</lng>
<d>Starts new page</d>
</text></texts></PHPModuleRef><PHPModuleRef>
<t>PDF_begin_pattern</t>
<mn>pdf</mn>
<ft>F</ft>
<ver></ver>
<texts><text><lng>de</lng>
<d>Beginnt Definition eines Füllmusters</d>
</text><text><lng>en</lng>
<d>Start pattern definition</d>
</text></texts></PHPModuleRef><PHPModuleRef>
<t>PDF_begin_template</t>
<mn>pdf</mn>
<ft>F</ft>
<ver></ver>
<texts><text><lng>de</lng>
<d>Beginnt Template-Definition</d>
</text><text><lng>en</lng>
<d>Start template definition</d>
</text></texts></PHPModuleRef><PHPModuleRef>
<t>PDF_circle</t>
<mn>pdf</mn>
<ft>F</ft>
<ver></ver>
<texts><text><lng>de</lng>
<d>Zeichnet Kreis</d>
</text><text><lng>en</lng>
<d>Draw a circle</d>
</text><text><lng>es</lng>
<d>Draws a circle</d>
</text></texts></PHPModuleRef><PHPModuleRef>
<t>PDF_clip</t>
<mn>pdf</mn>
<ft>F</ft>
<ver></ver>
<texts><text><lng>de</lng>
<d>Verwendet aktuellen Pfad als Clipping-Pfad</d>
</text><text><lng>en</lng>
<d>Clip to current path</d>
</text><text><lng>es</lng>
<d>Clips to current path</d>
</text></texts></PHPModuleRef><PHPModuleRef>
<t>PDF_close</t>
<mn>pdf</mn>
<ft>F</ft>
<ver></ver>
<texts><text><lng>de</lng>
<d>Schließt PDF-Ressource [veraltet]</d>
</text><text><lng>en</lng>
<d>Close pdf resource [deprecated]</d>
</text><text><lng>es</lng>
<d>Closes a pdf document</d>
</text></texts></PHPModuleRef><PHPModuleRef>
<t>PDF_closepath</t>
<mn>pdf</mn>
<ft>F</ft>
<ver></ver>
<texts><text><lng>de</lng>
<d>Schließt aktuellen Pfad</d>
</text><text><lng>en</lng>
<d>Close current path</d>
</text><text><lng>es</lng>
<d>Closes path</d>
</text></texts></PHPModuleRef><PHPModuleRef>
<t>PDF_closepath_fill_stroke</t>
<mn>pdf</mn>
<ft>F</ft>
<ver></ver>
<texts><text><lng>de</lng>
<d>Schließt, zeichnet und füllt Pfad</d>
</text><text><lng>en</lng>
<d>Close, fill and stroke current path</d>
</text><text><lng>es</lng>
<d>Closes, fills and strokes current path</d>
</text></texts></PHPModuleRef><PHPModuleRef>
<t>PDF_closepath_stroke</t>
<mn>pdf</mn>
<ft>F</ft>
<ver></ver>
<texts><text><lng>de</lng>
<d>Schließt und zeichnet Pfad</d>
</text><text><lng>en</lng>
<d>Close and stroke path</d>
</text><text><lng>es</lng>
<d>Closes path and draws line along path</d>
</text></texts></PHPModuleRef><PHPModuleRef>
<t>PDF_close_image</t>
<mn>pdf</mn>
<ft>F</ft>
<ver></ver>
<texts><text><lng>de</lng>
<d>Schließt Bild</d>
</text><text><lng>en</lng>
<d>Close image</d>
</text><text><lng>es</lng>
<d>Closes an image</d>
</text></texts></PHPModuleRef><PHPModuleRef>
<t>PDF_close_pdi</t>
<mn>pdf</mn>
<ft>F</ft>
<ver></ver>
<texts><text><lng>de</lng>
<d>Schließt PDF-Importdokument</d>
</text><text><lng>en</lng>
<d>Close the input PDF document</d>
</text></texts></PHPModuleRef><PHPModuleRef>
<t>PDF_close_pdi_page</t>
<mn>pdf</mn>
<ft>F</ft>
<ver></ver>
<texts><text><lng>de</lng>
<d>Schließt Seiten-Handle</d>
</text><text><lng>en</lng>
<d>Close the page handle</d>
</text></texts></PHPModuleRef><PHPModuleRef>
<t>PDF_concat</t>
<mn>pdf</mn>
<ft>F</ft>
<ver></ver>
<texts><text><lng>de</lng>
<d>Konkateniert Matrix zur Transformationsmatrix</d>
</text><text><lng>en</lng>
<d>Concatenate a matrix to the CTM</d>
</text></texts></PHPModuleRef><PHPModuleRef>
<t>PDF_continue_text</t>
<mn>pdf</mn>
<ft>F</ft>
<ver></ver>
<texts><text><lng>de</lng>
<d>Gibt Text in nächster Zeile aus</d>
</text><text><lng>en</lng>
<d>Output text in next line</d>
</text><text><lng>es</lng>
<d>Outputs text in next line</d>
</text></texts></PHPModuleRef><PHPModuleRef>
<t>PDF_curveto</t>
<mn>pdf</mn>
<ft>F</ft>
<ver></ver>
<texts><text><lng>de</lng>
<d>Zeichnet Bézier-Kurve</d>
</text><text><lng>en</lng>
<d>Draw Bezier curve</d>
</text><text><lng>es</lng>
<d>Draws a curve</d>
</text></texts></PHPModuleRef><PHPModuleRef>
<t>PDF_delete</t>
<mn>pdf</mn>
<ft>F</ft>
<ver></ver>
<texts><text><lng>de</lng>
<d>Löscht PDF-Objekt</d>
</text><text><lng>en</lng>
<d>Delete PDFlib object</d>
</text></texts></PHPModuleRef><PHPModuleRef>
<t>PDF_endpath</t>
<mn>pdf</mn>
<ft>F</ft>
<ver></ver>
<texts><text><lng>de</lng>
<d>Beendet Pfad</d>
</text><text><lng>en</lng>
<d>End current path</d>
</text><text><lng>es</lng>
<d>Ends current path</d>
</text></texts></PHPModuleRef><PHPModuleRef>
<t>PDF_end_page</t>
<mn>pdf</mn>
<ft>F</ft>
<ver></ver>
<texts><text><lng>de</lng>
<d>Unterbricht Seitenausgabe</d>
</text><text><lng>en</lng>
<d>Finish page</d>
</text><text><lng>es</lng>
<d>Ends a page</d>
</text></texts></PHPModuleRef><PHPModuleRef>
<t>PDF_end_pattern</t>
<mn>pdf</mn>
<ft>F</ft>
<ver></ver>
<texts><text><lng>de</lng>
<d>Beendet Füllmusterdefinition</d>
</text><text><lng>en</lng>
<d>Finish pattern</d>
</text></texts></PHPModuleRef><PHPModuleRef>
<t>PDF_end_template</t>
<mn>pdf</mn>
<ft>F</ft>
<ver></ver>
<texts><text><lng>de</lng>
<d>Beendet Template-Definition</d>
</text><text><lng>en</lng>
<d>Finish template</d>
</text></texts></PHPModuleRef><PHPModuleRef>
<t>PDF_fill</t>
<mn>pdf</mn>
<ft>F</ft>
<ver></ver>
<texts><text><lng>de</lng>
<d>Füllt Pfad</d>
</text><text><lng>en</lng>
<d>Fill current path</d>
</text><text><lng>es</lng>
<d>Fills current path</d>
</text></texts></PHPModuleRef><PHPModuleRef>
<t>PDF_fill_stroke</t>
<mn>pdf</mn>
<ft>F</ft>
<ver></ver>
<texts><text><lng>de</lng>
<d>Zeichnet und füllt Pfad</d>
</text><text><lng>en</lng>
<d>Fill and stroke path</d>
</text><text><lng>es</lng>
<d>Fills and strokes current path</d>
</text></texts></PHPModuleRef><PHPModuleRef>
<t>PDF_findfont</t>
<mn>pdf</mn>
<ft>F</ft>
<ver></ver>
<texts><text><lng>de</lng>
<d>Bereitet Schrift vor [veraltet]</d>
</text><text><lng>en</lng>
<d>Prepare font for later use [deprecated]</d>
</text></texts></PHPModuleRef><PHPModuleRef>
<t>PDF_get_buffer</t>
<mn>pdf</mn>
<ft>F</ft>
<ver></ver>
<texts><text><lng>de</lng>
<d>Holt PDF-Ausgabepuffer</d>
</text><text><lng>en</lng>
<d>Get PDF output buffer</d>
</text></texts></PHPModuleRef><PHPModuleRef>
<t>PDF_get_font</t>
<mn>pdf</mn>
<ft>F</ft>
<ver></ver>
<texts><text><lng>de</lng>
<d>Ermittelt Schrift [veraltet]</d>
</text><text><lng>en</lng>
<d>Get font [deprecated]</d>
</text></texts></PHPModuleRef><PHPModuleRef>
<t>PDF_get_fontname</t>
<mn>pdf</mn>
<ft>F</ft>
<ver></ver>
<texts><text><lng>de</lng>
<d>Ermittelt Schriftnamen [veraltet]</d>
</text><text><lng>en</lng>
<d>Get font name [deprecated]</d>
</text></texts></PHPModuleRef><PHPModuleRef>
<t>PDF_get_fontsize</t>
<mn>pdf</mn>
<ft>F</ft>
<ver></ver>
<texts><text><lng>de</lng>
<d>Schriftbehandlung [veraltet]</d>
</text><text><lng>en</lng>
<d>Font handling [deprecated]</d>
</text></texts></PHPModuleRef><PHPModuleRef>
<t>PDF_get_image_height</t>
<mn>pdf</mn>
<ft>F</ft>
<ver></ver>
<texts><text><lng>de</lng>
<d>Ermittelt Bildhöhe [veraltet]</d>
</text><text><lng>en</lng>
<d>Get image height [deprecated]</d>
</text></texts></PHPModuleRef><PHPModuleRef>
<t>PDF_get_image_width</t>
<mn>pdf</mn>
<ft>F</ft>
<ver></ver>
<texts><text><lng>de</lng>
<d>Ermittelt Bildbreite [veraltet]</d>
</text><text><lng>en</lng>
<d>Get image width [deprecated]</d>
</text></texts></PHPModuleRef><PHPModuleRef>
<t>PDF_get_majorversion</t>
<mn>pdf</mn>
<ft>F</ft>
<ver></ver>
<texts><text><lng>de</lng>
<d>Ermittelt Major-Versionsnummer [veraltet]</d>
</text><text><lng>en</lng>
<d>Get major version number [deprecated]</d>
</text></texts></PHPModuleRef><PHPModuleRef>
<t>PDF_get_minorversion</t>
<mn>pdf</mn>
<ft>F</ft>
<ver></ver>
<texts><text><lng>de</lng>
<d>Ermittelt Minor-Versionsnummer [veraltet]</d>
</text><text><lng>en</lng>
<d>Get minor version number [deprecated]</d>
</text></texts></PHPModuleRef><PHPModuleRef>
<t>PDF_get_parameter</t>
<mn>pdf</mn>
<ft>F</ft>
<ver></ver>
<texts><text><lng>de</lng>
<d>Ermittelt String-Parameter</d>
</text><text><lng>en</lng>
<d>Get string parameter</d>
</text><text><lng>es</lng>
<d>Gets certain parameters</d>
</text></texts></PHPModuleRef><PHPModuleRef>
<t>PDF_get_pdi_parameter</t>
<mn>pdf</mn>
<ft>F</ft>
<ver></ver>
<texts><text><lng>de</lng>
<d>Ermittelt String-PDI-Dokumentparameter</d>
</text><text><lng>en</lng>
<d>Get PDI string parameter</d>
</text></texts></PHPModuleRef><PHPModuleRef>
<t>PDF_get_pdi_value</t>
<mn>pdf</mn>
<ft>F</ft>
<ver></ver>
<texts><text><lng>de</lng>
<d>Ermittelt numerischen PDI-Dokumentparameter</d>
</text><text><lng>en</lng>
<d>Get PDI numerical parameter</d>
</text></texts></PHPModuleRef><PHPModuleRef>
<t>PDF_get_value</t>
<mn>pdf</mn>
<ft>F</ft>
<ver></ver>
<texts><text><lng>de</lng>
<d>Ermittelt numerischen Parameter</d>
</text><text><lng>en</lng>
<d>Get numerical parameter</d>
</text><text><lng>es</lng>
<d>Gets certain numerical value</d>
</text></texts></PHPModuleRef><PHPModuleRef>
<t>PDF_initgraphics</t>
<mn>pdf</mn>
<ft>F</ft>
<ver></ver>
<texts><text><lng>de</lng>
<d>Setzt Grafikzustand zurück</d>
</text><text><lng>en</lng>
<d>Reset graphic state</d>
</text></texts></PHPModuleRef><PHPModuleRef>
<t>PDF_lineto</t>
<mn>pdf</mn>
<ft>F</ft>
<ver></ver>
<texts><text><lng>de</lng>
<d>Zeichnet Linie</d>
</text><text><lng>en</lng>
<d>Draw a line</d>
</text><text><lng>es</lng>
<d>Draws a line</d>
</text></texts></PHPModuleRef><PHPModuleRef>
<t>PDF_makespotcolor</t>
<mn>pdf</mn>
<ft>F</ft>
<ver></ver>
<texts><text><lng>de</lng>
<d>Erstellt Schmuckfarbe</d>
</text><text><lng>en</lng>
<d>Make spot color</d>
</text></texts></PHPModuleRef><PHPModuleRef>
<t>PDF_moveto</t>
<mn>pdf</mn>
<ft>F</ft>
<ver></ver>
<texts><text><lng>de</lng>
<d>Setzt aktuelle Position</d>
</text><text><lng>en</lng>
<d>Set current point</d>
</text><text><lng>es</lng>
<d>Sets current point</d>
</text></texts></PHPModuleRef><PHPModuleRef>
<t>PDF_new</t>
<mn>pdf</mn>
<ft>F</ft>
<ver></ver>
<texts><text><lng>de</lng>
<d>Erzeugt PDFlib-Objekt</d>
</text><text><lng>en</lng>
<d>Create PDFlib object</d>
</text></texts></PHPModuleRef><PHPModuleRef>
<t>PDF_open</t>
<mn>pdf</mn>
<ft>F</ft>
<ver></ver>
<texts><text><lng>es</lng>
<d>Opens a new pdf document</d>
</text></texts></PHPModuleRef><PHPModuleRef>
<t>PDF_open_ccitt</t>
<mn>pdf</mn>
<ft>F</ft>
<ver></ver>
<texts><text><lng>de</lng>
<d>Öffnet CCITT-Rasterbild [veraltet]</d>
</text><text><lng>en</lng>
<d>Open raw CCITT image [deprecated]</d>
</text></texts></PHPModuleRef><PHPModuleRef>
<t>PDF_open_file</t>
<mn>pdf</mn>
<ft>F</ft>
<ver></ver>
<texts><text><lng>de</lng>
<d>Erzeugt PDF-Datei [veraltet]</d>
</text><text><lng>en</lng>
<d>Create PDF file [deprecated]</d>
</text></texts></PHPModuleRef><PHPModuleRef>
<t>PDF_open_gif</t>
<mn>pdf</mn>
<ft>F</ft>
<ver></ver>
<texts><text><lng>de</lng>
<d>Öffnet GIF-Rasterbild [veraltet]</d>
</text><text><lng>en</lng>
<d>Open GIF image [deprecated]</d>
</text><text><lng>es</lng>
<d>Opens a GIF image</d>
</text></texts></PHPModuleRef><PHPModuleRef>
<t>PDF_open_image</t>
<mn>pdf</mn>
<ft>F</ft>
<ver></ver>
<texts><text><lng>de</lng>
<d>Ermittelt Bilddaten [veraltet]</d>
</text><text><lng>en</lng>
<d>Use image data [deprecated]</d>
</text></texts></PHPModuleRef><PHPModuleRef>
<t>PDF_open_image_file</t>
<mn>pdf</mn>
<ft>F</ft>
<ver></ver>
<texts><text><lng>de</lng>
<d>Öffnet Bilddatei [veraltet]</d>
</text><text><lng>en</lng>
<d>Read image from file [deprecated]</d>
</text></texts></PHPModuleRef><PHPModuleRef>
<t>PDF_open_jpeg</t>
<mn>pdf</mn>
<ft>F</ft>
<ver></ver>
<texts><text><lng>de</lng>
<d>Öffnet JPEG-Bild [veraltet]</d>
</text><text><lng>en</lng>
<d>Open JPEG image [deprecated]</d>
</text><text><lng>es</lng>
<d>Opens a JPEG image</d>
</text></texts></PHPModuleRef><PHPModuleRef>
<t>PDF_open_memory_image</t>
<mn>pdf</mn>
<ft>F</ft>
<ver></ver>
<texts><text><lng>de</lng>
<d>Öffnet mit PHP-Bildfunktionen erzeugtes Bild [nicht unterstützt]</d>
</text><text><lng>en</lng>
<d>Open image created with PHP's image functions [not supported]</d>
</text><text><lng>es</lng>
<d>Opens an image created with PHP's image functions</d>
</text></texts></PHPModuleRef><PHPModuleRef>
<t>PDF_open_pdi</t>
<mn>pdf</mn>
<ft>F</ft>
<ver></ver>
<texts><text><lng>de</lng>
<d>Öffnet PDF-Dokument</d>
</text><text><lng>en</lng>
<d>Open PDF file</d>
</text></texts></PHPModuleRef><PHPModuleRef>
<t>PDF_open_pdi_page</t>
<mn>pdf</mn>
<ft>F</ft>
<ver></ver>
<texts><text><lng>de</lng>
<d>Bereitet Seite vor</d>
</text><text><lng>en</lng>
<d>Prepare a page</d>
</text></texts></PHPModuleRef><PHPModuleRef>
<t>PDF_open_png</t>
<mn>pdf</mn>
<ft>F</ft>
<ver></ver>
<texts><text><lng>es</lng>
<d>Opens a PNG image</d>
</text></texts></PHPModuleRef><PHPModuleRef>
<t>PDF_open_tiff</t>
<mn>pdf</mn>
<ft>F</ft>
<ver></ver>
<texts><text><lng>de</lng>
<d>Öffnet TIFF-Bild [veraltet]</d>
</text><text><lng>en</lng>
<d>Open TIFF image [deprecated]</d>
</text></texts></PHPModuleRef><PHPModuleRef>
<t>PDF_place_image</t>
<mn>pdf</mn>
<ft>F</ft>
<ver></ver>
<texts><text><lng>de</lng>
<d>Platziert Bild [veraltet]</d>
</text><text><lng>en</lng>
<d>Place image on the page [deprecated]</d>
</text><text><lng>es</lng>
<d>Places an image on the page</d>
</text></texts></PHPModuleRef><PHPModuleRef>
<t>PDF_place_pdi_page</t>
<mn>pdf</mn>
<ft>F</ft>
<ver></ver>
<texts><text><lng>de</lng>
<d>Platziert PDF-Seite [veraltet]</d>
</text><text><lng>en</lng>
<d>Place PDF page [deprecated]</d>
</text></texts></PHPModuleRef><PHPModuleRef>
<t>PDF_rect</t>
<mn>pdf</mn>
<ft>F</ft>
<ver></ver>
<texts><text><lng>de</lng>
<d>Zeichnet Rechteck</d>
</text><text><lng>en</lng>
<d>Draw rectangle</d>
</text><text><lng>es</lng>
<d>Draws a rectangle</d>
</text></texts></PHPModuleRef><PHPModuleRef>
<t>PDF_restore</t>
<mn>pdf</mn>
<ft>F</ft>
<ver></ver>
<texts><text><lng>de</lng>
<d>Stellt Grafikzustand wieder her</d>
</text><text><lng>en</lng>
<d>Restore graphics state</d>
</text><text><lng>es</lng>
<d>Restores formerly saved environment</d>
</text></texts></PHPModuleRef><PHPModuleRef>
<t>PDF_rotate</t>
<mn>pdf</mn>
<ft>F</ft>
<ver></ver>
<texts><text><lng>de</lng>
<d>Dreht Koordinatensystem</d>
</text><text><lng>en</lng>
<d>Rotate coordinate system</d>
</text><text><lng>es</lng>
<d>Sets rotation</d>
</text></texts></PHPModuleRef><PHPModuleRef>
<t>PDF_save</t>
<mn>pdf</mn>
<ft>F</ft>
<ver></ver>
<texts><text><lng>de</lng>
<d>Speichert aktuellen Grafikzustand</d>
</text><text><lng>en</lng>
<d>Save graphics state</d>
</text><text><lng>es</lng>
<d>Saves the current environment</d>
</text></texts></PHPModuleRef><PHPModuleRef>
<t>PDF_scale</t>
<mn>pdf</mn>
<ft>F</ft>
<ver></ver>
<texts><text><lng>de</lng>
<d>Skaliert Koordinatensystem</d>
</text><text><lng>en</lng>
<d>Scale coordinate system</d>
</text><text><lng>es</lng>
<d>Sets scaling</d>
</text></texts></PHPModuleRef><PHPModuleRef>
<t>PDF_setcolor</t>
<mn>pdf</mn>
<ft>F</ft>
<ver></ver>
<texts><text><lng>de</lng>
<d>Setzt Zeichen- und Füllfarbe</d>
</text><text><lng>en</lng>
<d>Set fill and stroke color</d>
</text></texts></PHPModuleRef><PHPModuleRef>
<t>PDF_setdash</t>
<mn>pdf</mn>
<ft>F</ft>
<ver></ver>
<texts><text><lng>de</lng>
<d>Setzt einfaches Strichmuster</d>
</text><text><lng>en</lng>
<d>Set simple dash pattern</d>
</text><text><lng>es</lng>
<d>Sets dash pattern</d>
</text></texts></PHPModuleRef><PHPModuleRef>
<t>PDF_setflat</t>
<mn>pdf</mn>
<ft>F</ft>
<ver></ver>
<texts><text><lng>de</lng>
<d>Setzt Flatness-Parameter</d>
</text><text><lng>en</lng>
<d>Set flatness</d>
</text><text><lng>es</lng>
<d>Sets flatness</d>
</text></texts></PHPModuleRef><PHPModuleRef>
<t>PDF_setfont</t>
<mn>pdf</mn>
<ft>F</ft>
<ver></ver>
<texts><text><lng>de</lng>
<d>Setzt aktuelle Schrift</d>
</text><text><lng>en</lng>
<d>Set font</d>
</text></texts></PHPModuleRef><PHPModuleRef>
<t>PDF_setgray</t>
<mn>pdf</mn>
<ft>F</ft>
<ver></ver>
<texts><text><lng>de</lng>
<d>Setzt Farbe auf Grauwert [veraltet]</d>
</text><text><lng>en</lng>
<d>Set color to gray [deprecated]</d>
</text><text><lng>es</lng>
<d>Sets drawing and filling color to gray value</d>
</text></texts></PHPModuleRef><PHPModuleRef>
<t>PDF_setgray_fill</t>
<mn>pdf</mn>
<ft>F</ft>
<ver></ver>
<texts><text><lng>de</lng>
<d>Setzt Füllfarbe auf Grauwert [veraltet]</d>
</text><text><lng>en</lng>
<d>Set fill color to gray [deprecated]</d>
</text><text><lng>es</lng>
<d>Sets filling color to gray value</d>
</text></texts></PHPModuleRef><PHPModuleRef>
<t>PDF_setgray_stroke</t>
<mn>pdf</mn>
<ft>F</ft>
<ver></ver>
<texts><text><lng>de</lng>
<d>Setzt Zeichenfarbe auf Grauwert [veraltet]</d>
</text><text><lng>en</lng>
<d>Set stroke color to gray [deprecated]</d>
</text><text><lng>es</lng>
<d>Sets drawing color to gray value</d>
</text></texts></PHPModuleRef><PHPModuleRef>
<t>PDF_setlinecap</t>
<mn>pdf</mn>
<ft>F</ft>
<ver></ver>
<texts><text><lng>de</lng>
<d>Setzt linecap-Parameter</d>
</text><text><lng>en</lng>
<d>Set linecap parameter</d>
</text><text><lng>es</lng>
<d>Sets linecap parameter</d>
</text></texts></PHPModuleRef><PHPModuleRef>
<t>PDF_setlinejoin</t>
<mn>pdf</mn>
<ft>F</ft>
<ver></ver>
<texts><text><lng>de</lng>
<d>Setzt linejoin-Parameter</d>
</text><text><lng>en</lng>
<d>Set linejoin parameter</d>
</text><text><lng>es</lng>
<d>Sets linejoin parameter</d>
</text></texts></PHPModuleRef><PHPModuleRef>
<t>PDF_setlinewidth</t>
<mn>pdf</mn>
<ft>F</ft>
<ver></ver>
<texts><text><lng>de</lng>
<d>Setzt aktuelle Strichstärke</d>
</text><text><lng>en</lng>
<d>Set line width</d>
</text><text><lng>es</lng>
<d>Sets line width</d>
</text></texts></PHPModuleRef><PHPModuleRef>
<t>PDF_setmatrix</t>
<mn>pdf</mn>
<ft>F</ft>
<ver></ver>
<texts><text><lng>de</lng>
<d>Setzt aktuelle Transformationsmatrix</d>
</text><text><lng>en</lng>
<d>Set current transformation matrix</d>
</text></texts></PHPModuleRef><PHPModuleRef>
<t>PDF_setmiterlimit</t>
<mn>pdf</mn>
<ft>F</ft>
<ver></ver>
<texts><text><lng>de</lng>
<d>Setzt miterlimit-Parameter</d>
</text><text><lng>en</lng>
<d>Set miter limit</d>
</text><text><lng>es</lng>
<d>Sets miter limit</d>
</text></texts></PHPModuleRef><PHPModuleRef>
<t>PDF_setpolydash</t>
<mn>pdf</mn>
<ft>F</ft>
<ver></ver>
<texts><text><lng>de</lng>
<d>Setzt komplexes Strichmuster [veraltet]</d>
</text><text><lng>en</lng>
<d>Set complicated dash pattern [deprecated]</d>
</text></texts></PHPModuleRef><PHPModuleRef>
<t>PDF_setrgbcolor</t>
<mn>pdf</mn>
<ft>F</ft>
<ver></ver>
<texts><text><lng>de</lng>
<d>Setzt Füll- und Zeichenfarbe in RGB [veraltet]</d>
</text><text><lng>en</lng>
<d>Set fill and stroke rgb color values [deprecated]</d>
</text><text><lng>es</lng>
<d>Sets drawing and filling color to rgb color value</d>
</text></texts></PHPModuleRef><PHPModuleRef>
<t>PDF_setrgbcolor_fill</t>
<mn>pdf</mn>
<ft>F</ft>
<ver></ver>
<texts><text><lng>de</lng>
<d>Setzt Füllfarbe in RGB [veraltet]</d>
</text><text><lng>en</lng>
<d>Set fill rgb color values [deprecated]</d>
</text><text><lng>es</lng>
<d>Sets filling color to rgb color value</d>
</text></texts></PHPModuleRef><PHPModuleRef>
<t>PDF_setrgbcolor_stroke</t>
<mn>pdf</mn>
<ft>F</ft>
<ver></ver>
<texts><text><lng>de</lng>
<d>Setzt Zeichenfarbe in RGB [veraltet]</d>
</text><text><lng>en</lng>
<d>Set stroke rgb color values [deprecated]</d>
</text><text><lng>es</lng>
<d>Sets drawing color to rgb color value</d>
</text></texts></PHPModuleRef><PHPModuleRef>
<t>PDF_set_border_color</t>
<mn>pdf</mn>
<ft>F</ft>
<ver></ver>
<texts><text><lng>de</lng>
<d>Setzt Randfarbe von Anmerkungen [veraltet]</d>
</text><text><lng>en</lng>
<d>Set border color of annotations [deprecated]</d>
</text><text><lng>es</lng>
<d>Sets color of border around links and annotations</d>
</text></texts></PHPModuleRef><PHPModuleRef>
<t>PDF_set_border_dash</t>
<mn>pdf</mn>
<ft>F</ft>
<ver></ver>
<texts><text><lng>de</lng>
<d>Setzt Strichmuster für Rand von Anmerkungen [veraltet]</d>
</text><text><lng>en</lng>
<d>Set border dash style of annotations [deprecated]</d>
</text><text><lng>es</lng>
<d>Sets dash style of border around links and annotations</d>
</text></texts></PHPModuleRef><PHPModuleRef>
<t>PDF_set_border_style</t>
<mn>pdf</mn>
<ft>F</ft>
<ver></ver>
<texts><text><lng>de</lng>
<d>Setzt Randstil von Anmerkungen [veraltet]</d>
</text><text><lng>en</lng>
<d>Set border style of annotations [deprecated]</d>
</text><text><lng>es</lng>
<d>Sets style of border around links and annotations</d>
</text></texts></PHPModuleRef><PHPModuleRef>
<t>PDF_set_char_spacing</t>
<mn>pdf</mn>
<ft>F</ft>
<ver></ver>
<texts><text><lng>de</lng>
<d>Bestimmt den Zeichenabstand [veraltet]</d>
</text><text><lng>en</lng>
<d>Set character spacing [deprecated]</d>
</text><text><lng>es</lng>
<d>Sets character spacing</d>
</text></texts></PHPModuleRef><PHPModuleRef>
<t>PDF_set_duration</t>
<mn>pdf</mn>
<ft>F</ft>
<ver></ver>
<texts><text><lng>de</lng>
<d>Setzt Anzeigedauer von Seiten [veraltet]</d>
</text><text><lng>en</lng>
<d>Set duration between pages [deprecated]</d>
</text><text><lng>es</lng>
<d>Sets duration between pages</d>
</text></texts></PHPModuleRef><PHPModuleRef>
<t>PDF_set_font</t>
<mn>pdf</mn>
<ft>F</ft>
<ver></ver>
<texts><text><lng>es</lng>
<d>Selects a font face and size</d>
</text></texts></PHPModuleRef><PHPModuleRef>
<t>PDF_set_horiz_scaling</t>
<mn>pdf</mn>
<ft>F</ft>
<ver></ver>
<texts><text><lng>de</lng>
<d>Setzt horizontalen Textabstand [veraltet]</d>
</text><text><lng>en</lng>
<d>Set horizontal text scaling [deprecated]</d>
</text><text><lng>es</lng>
<d>Sets horizontal scaling of text</d>
</text></texts></PHPModuleRef><PHPModuleRef>
<t>PDF_set_info</t>
<mn>pdf</mn>
<ft>F</ft>
<ver></ver>
<texts><text><lng>de</lng>
<d>Füllt Dokumentinfofeld</d>
</text><text><lng>en</lng>
<d>Fill document info field</d>
</text><text><lng>es</lng>
<d>Fills a field of the document information</d>
</text></texts></PHPModuleRef><PHPModuleRef>
<t>PDF_set_info_author</t>
<mn>pdf</mn>
<ft>F</ft>
<ver></ver>
<texts><text><lng>de</lng>
<d>Füllt Dokumentinfofeld für Verfasser [veraltet]</d>
</text><text><lng>en</lng>
<d>Fill the author document info field [deprecated]</d>
</text></texts></PHPModuleRef><PHPModuleRef>
<t>PDF_set_info_creator</t>
<mn>pdf</mn>
<ft>F</ft>
<ver></ver>
<texts><text><lng>de</lng>
<d>Füllt Dokumentinfofeld für Anwendung [veraltet]</d>
</text><text><lng>en</lng>
<d>Fill the creator document info field [deprecated]</d>
</text></texts></PHPModuleRef><PHPModuleRef>
<t>PDF_set_info_keywords</t>
<mn>pdf</mn>
<ft>F</ft>
<ver></ver>
<texts><text><lng>de</lng>
<d>Füllt Dokumentinfofeld für Stichwörter [veraltet]</d>
</text><text><lng>en</lng>
<d>Fill the keywords document info field [deprecated]</d>
</text></texts></PHPModuleRef><PHPModuleRef>
<t>PDF_set_info_subject</t>
<mn>pdf</mn>
<ft>F</ft>
<ver></ver>
<texts><text><lng>de</lng>
<d>Füllt Dokumentinfofeld für Thema [veraltet]</d>
</text><text><lng>en</lng>
<d>Fill the subject document info field [deprecated]</d>
</text></texts></PHPModuleRef><PHPModuleRef>
<t>PDF_set_info_title</t>
<mn>pdf</mn>
<ft>F</ft>
<ver></ver>
<texts><text><lng>de</lng>
<d>Füllt Dokumentinfofeld für Titel [veraltet]</d>
</text><text><lng>en</lng>
<d>Fill the title document info field [deprecated]</d>
</text></texts></PHPModuleRef><PHPModuleRef>
<t>PDF_set_leading</t>
<mn>pdf</mn>
<ft>F</ft>
<ver></ver>
<texts><text><lng>de</lng>
<d>Bestimmt Zeilenabstand [veraltet]</d>
</text><text><lng>en</lng>
<d>Set distance between text lines [deprecated]</d>
</text><text><lng>es</lng>
<d>Sets distance between text lines</d>
</text></texts></PHPModuleRef><PHPModuleRef>
<t>PDF_set_parameter</t>
<mn>pdf</mn>
<ft>F</ft>
<ver></ver>
<texts><text><lng>de</lng>
<d>Setzt PDFlib-Parameter vom Typ String</d>
</text><text><lng>en</lng>
<d>Set string parameter</d>
</text><text><lng>es</lng>
<d>Sets certain parameters</d>
</text></texts></PHPModuleRef><PHPModuleRef>
<t>PDF_set_text_pos</t>
<mn>pdf</mn>
<ft>F</ft>
<ver></ver>
<texts><text><lng>de</lng>
<d>Setzt aktuelle Textposition</d>
</text><text><lng>en</lng>
<d>Set text position</d>
</text><text><lng>es</lng>
<d>Sets text position</d>
</text></texts></PHPModuleRef><PHPModuleRef>
<t>PDF_set_text_rendering</t>
<mn>pdf</mn>
<ft>F</ft>
<ver></ver>
<texts><text><lng>de</lng>
<d>Bestimmt Darstellungsmodus für Text [veraltet]</d>
</text><text><lng>en</lng>
<d>Determine text rendering [deprecated]</d>
</text><text><lng>es</lng>
<d>Determines how text is rendered</d>
</text></texts></PHPModuleRef><PHPModuleRef>
<t>PDF_set_text_rise</t>
<mn>pdf</mn>
<ft>F</ft>
<ver></ver>
<texts><text><lng>de</lng>
<d>Bestimmt vertikalen Textversatz [veraltet]</d>
</text><text><lng>en</lng>
<d>Set text rise [deprecated]</d>
</text><text><lng>es</lng>
<d>Sets the text rise</d>
</text></texts></PHPModuleRef><PHPModuleRef>
<t>PDF_set_value</t>
<mn>pdf</mn>
<ft>F</ft>
<ver></ver>
<texts><text><lng>de</lng>
<d>Setzt numerischen PDFlib-Parameter</d>
</text><text><lng>en</lng>
<d>Set numerical parameter</d>
</text><text><lng>es</lng>
<d>Sets certain numerical value</d>
</text></texts></PHPModuleRef><PHPModuleRef>
<t>PDF_set_word_spacing</t>
<mn>pdf</mn>
<ft>F</ft>
<ver></ver>
<texts><text><lng>de</lng>
<d>Setzt Wortabstand [veraltet]</d>
</text><text><lng>en</lng>
<d>Set spacing between words [deprecated]</d>
</text><text><lng>es</lng>
<d>Sets spacing between words</d>
</text></texts></PHPModuleRef><PHPModuleRef>
<t>PDF_show</t>
<mn>pdf</mn>
<ft>F</ft>
<ver></ver>
<texts><text><lng>de</lng>
<d>Gibt Text an aktueller Textposition aus</d>
</text><text><lng>en</lng>
<d>Output text at current position</d>
</text><text><lng>es</lng>
<d>Output text at current position</d>
</text></texts></PHPModuleRef><PHPModuleRef>
<t>PDF_show_boxed</t>
<mn>pdf</mn>
<ft>F</ft>
<ver></ver>
<texts><text><lng>de</lng>
<d>Gibt Text in eine Box aus [veraltet]</d>
</text><text><lng>en</lng>
<d>Output text in a box [deprecated]</d>
</text><text><lng>es</lng>
<d>Output text in a box</d>
</text></texts></PHPModuleRef><PHPModuleRef>
<t>PDF_show_xy</t>
<mn>pdf</mn>
<ft>F</ft>
<ver></ver>
<texts><text><lng>de</lng>
<d>Gibt Text an festgelegter Position aus</d>
</text><text><lng>en</lng>
<d>Output text at given position</d>
</text><text><lng>es</lng>
<d>Output text at given position</d>
</text></texts></PHPModuleRef><PHPModuleRef>
<t>PDF_skew</t>
<mn>pdf</mn>
<ft>F</ft>
<ver></ver>
<texts><text><lng>de</lng>
<d>Schert Koordinatensystem</d>
</text><text><lng>en</lng>
<d>Skew the coordinate system</d>
</text><text><lng>es</lng>
<d>Skews the coordinate system</d>
</text></texts></PHPModuleRef><PHPModuleRef>
<t>PDF_stringwidth</t>
<mn>pdf</mn>
<ft>F</ft>
<ver></ver>
<texts><text><lng>de</lng>
<d>Return width of text</d>
</text><text><lng>en</lng>
<d>Return width of text</d>
</text><text><lng>es</lng>
<d>Returns width of text using current font</d>
</text></texts></PHPModuleRef><PHPModuleRef>
<t>PDF_stroke</t>
<mn>pdf</mn>
<ft>F</ft>
<ver></ver>
<texts><text><lng>de</lng>
<d>Zeichnet Pfad</d>
</text><text><lng>en</lng>
<d>Stroke path</d>
</text><text><lng>es</lng>
<d>Draws line along path</d>
</text></texts></PHPModuleRef><PHPModuleRef>
<t>PDF_translate</t>
<mn>pdf</mn>
<ft>F</ft>
<ver></ver>
<texts><text><lng>de</lng>
<d>Verschiebt Ursprung des Koordinatensystems</d>
</text><text><lng>en</lng>
<d>Set origin of coordinate system</d>
</text><text><lng>es</lng>
<d>Sets origin of coordinate system</d>
</text></texts></PHPModuleRef></PHPModuleRef-List>
