<?xml version="1.0" encoding="utf-8"?>
<PHPModuleRef-List>
<PHPModuleRef>
<t>pfpro_cleanup</t>
<mn>pfpro</mn>
<ft>F</ft>
<ver>4_0_2,4_0_3,4_0_4,4_0_5,4_0_6,4_1_0,4_1_1,4_1_2,4_2_0,4_2_1,4_2_2,4_2_3,4_3_0,4_3_1,4_3_10,4_3_11,4_3_2,4_3_3,4_3_4,4_3_5,4_3_6,4_3_7,4_3_8,4_3_9,4_4_0,4_4_1,4_4_2,4_4_3,4_4_4,4_4_5,4_4_6,4_cvs,5_0_0,5_0_1,5_0_2,5_0_3</ver>
<p4>void pfpro_cleanup()</p4>
<p4d>Shuts down the Payflow Pro library </p4d>
<texts><text><lng>cs</lng>
<d>Zavřít Payflow Pro knihovnu</d>
</text><text><lng>de</lng>
<d>Schliesst Payflow Pro Bibliothek</d>
</text><text><lng>en</lng>
<d>Shuts down the Payflow Pro library</d>
</text><text><lng>es</lng>
<d>Shuts down the Payflow Pro library</d>
</text></texts></PHPModuleRef><PHPModuleRef>
<t>pfpro_init</t>
<mn>pfpro</mn>
<ft>F</ft>
<ver>4_0_2,4_0_3,4_0_4,4_0_5,4_0_6,4_1_0,4_1_1,4_1_2,4_2_0,4_2_1,4_2_2,4_2_3,4_3_0,4_3_1,4_3_10,4_3_11,4_3_2,4_3_3,4_3_4,4_3_5,4_3_6,4_3_7,4_3_8,4_3_9,4_4_0,4_4_1,4_4_2,4_4_3,4_4_4,4_4_5,4_4_6,4_cvs,5_0_0,5_0_1,5_0_2,5_0_3</ver>
<p4>void pfpro_init()</p4>
<p4d>Initializes the Payflow Pro library </p4d>
<texts><text><lng>cs</lng>
<d>Inicializovat Payflow Pro knihovnu</d>
</text><text><lng>de</lng>
<d>Initialisiert die Payflow Pro Bibliothek</d>
</text><text><lng>en</lng>
<d>Initialises the Payflow Pro library</d>
</text><text><lng>es</lng>
<d>Initialises the Payflow Pro library</d>
</text></texts></PHPModuleRef><PHPModuleRef>
<t>pfpro_process</t>
<mn>pfpro</mn>
<ft>F</ft>
<ver>4_0_2,4_0_3,4_0_4,4_0_5,4_0_6,4_1_0,4_1_1,4_1_2,4_2_0,4_2_1,4_2_2,4_2_3,4_3_0,4_3_1,4_3_10,4_3_11,4_3_2,4_3_3,4_3_4,4_3_5,4_3_6,4_3_7,4_3_8,4_3_9,4_4_0,4_4_1,4_4_2,4_4_3,4_4_4,4_4_5,4_4_6,4_cvs,5_0_0,5_0_1,5_0_2,5_0_3</ver>
<p4>array pfpro_process(array parmlist [, string hostaddress [, int port, [, int timeout [, string proxy</p4>
<p4d>Payflow Pro transaction processing using arrays </p4d>
<texts><text><lng>cs</lng>
<d>Zpracovat transakci s Payflow Pro</d>
</text><text><lng>de</lng>
<d>Führt eine Transaktion mit Payflow Pro aus</d>
</text><text><lng>en</lng>
<d>Process a transaction with Payflow Pro</d>
</text><text><lng>es</lng>
<d>Process a transaction with Payflow Pro</d>
</text></texts></PHPModuleRef><PHPModuleRef>
<t>pfpro_process_raw</t>
<mn>pfpro</mn>
<ft>F</ft>
<ver>4_0_2,4_0_3,4_0_4,4_0_5,4_0_6,4_1_0,4_1_1,4_1_2,4_2_0,4_2_1,4_2_2,4_2_3,4_3_0,4_3_1,4_3_10,4_3_11,4_3_2,4_3_3,4_3_4,4_3_5,4_3_6,4_3_7,4_3_8,4_3_9,4_4_0,4_4_1,4_4_2,4_4_3,4_4_4,4_4_5,4_4_6,4_cvs,5_0_0,5_0_1,5_0_2,5_0_3</ver>
<p4>string pfpro_process_raw(string parmlist [, string hostaddress [, int port, [, int timeout [, string</p4>
<p4d>Raw Payflow Pro transaction processing </p4d>
<texts><text><lng>cs</lng>
<d>Zpracovat raw transakci s Payflow Pro</d>
</text><text><lng>de</lng>
<d>Führt eine rohe Transaktion mit Payflow Pro aus</d>
</text><text><lng>en</lng>
<d>Process a raw transaction with Payflow Pro</d>
</text><text><lng>es</lng>
<d>Process a raw transaction with Payflow Pro</d>
</text></texts></PHPModuleRef><PHPModuleRef>
<t>pfpro_version</t>
<mn>pfpro</mn>
<ft>F</ft>
<ver>4_0_2,4_0_3,4_0_4,4_0_5,4_0_6,4_1_0,4_1_1,4_1_2,4_2_0,4_2_1,4_2_2,4_2_3,4_3_0,4_3_1,4_3_10,4_3_11,4_3_2,4_3_3,4_3_4,4_3_5,4_3_6,4_3_7,4_3_8,4_3_9,4_4_0,4_4_1,4_4_2,4_4_3,4_4_4,4_4_5,4_4_6,4_cvs,5_0_0,5_0_1,5_0_2,5_0_3</ver>
<p4>string pfpro_version()</p4>
<p4d>Returns the version of the Payflow Pro library </p4d>
<texts><text><lng>cs</lng>
<d>Vrátit verzi Payflow Pro knihovny</d>
</text><text><lng>de</lng>
<d>Gibt die Versionsinformationen der Payflow Pro Softwarezurück</d>
</text><text><lng>en</lng>
<d>Returns the version of the Payflow Pro software</d>
</text><text><lng>es</lng>
<d>Returns the version of the Payflow Pro software</d>
</text></texts></PHPModuleRef></PHPModuleRef-List>
