<?xml version="1.0" encoding="utf-8"?>
<PHPModuleRef-List>
<PHPModuleRef>
<t>pg_affected_rows</t>
<mn>pgsql</mn>
<ft>F</ft>
<ver>4_2_0,4_2_1,4_2_2,4_2_3,4_3_0,4_3_1,4_3_10,4_3_11,4_3_2,4_3_3,4_3_4,4_3_5,4_3_6,4_3_7,4_3_8,4_3_9,4_4_0,4_4_1,4_4_2,4_4_3,4_4_4,4_4_5,4_4_6,4_cvs,5_0_0,5_0_1,5_0_2,5_0_3,5_1_0,5_1_1,5_1_2,5_1_3,5_1_4,5_1_5,5_1_6,5_2_0,5_2_1,5_cvs</ver>
<p4>int pg_affected_rows(resource result)</p4>
<p4d>Returns the number of affected tuples </p4d>
<p5>int pg_affected_rows(resource result)</p5>
<p5d>Returns the number of affected tuples </p5d>
<texts><text><lng>de</lng>
<d>Gibt die Anzahl betroffener Datensätze (Tupel) zurück</d>
</text><text><lng>en</lng>
<d>Returns number of affected records (tuples)</d>
</text></texts></PHPModuleRef><PHPModuleRef>
<t>pg_cancel_query</t>
<mn>pgsql</mn>
<ft>F</ft>
<ver>4_2_0,4_2_1,4_2_2,4_2_3,4_3_0,4_3_1,4_3_10,4_3_11,4_3_2,4_3_3,4_3_4,4_3_5,4_3_6,4_3_7,4_3_8,4_3_9,4_4_0,4_4_1,4_4_2,4_4_3,4_4_4,4_4_5,4_4_6,4_cvs,5_0_0,5_0_1,5_0_2,5_0_3,5_1_0,5_1_1,5_1_2,5_1_3,5_1_4,5_1_5,5_1_6,5_2_0,5_2_1,5_cvs</ver>
<p4>bool pg_cancel_query(resource connection)</p4>
<p4d>Cancel request </p4d>
<p5>bool pg_cancel_query(resource connection)</p5>
<p5d>Cancel request </p5d>
<texts><text><lng>de</lng>
<d>Löscht eine asynchrone Abfrage</d>
</text><text><lng>en</lng>
<d>Cancel an asynchronous query</d>
</text></texts></PHPModuleRef><PHPModuleRef>
<t>pg_clientencoding</t>
<mn>pgsql</mn>
<ft>F</ft>
<ver>4_0_2,4_0_3,4_0_4,4_0_5,4_0_6,4_1_0,4_1_1,4_1_2,4_2_0,4_2_1,4_2_2,4_2_3,4_3_0,4_3_1,4_3_10,4_3_11,4_3_2,4_3_3,4_3_4,4_3_5,4_3_6,4_3_7,4_3_8,4_3_9,4_4_0,4_4_1,4_4_2,4_4_3,4_4_4,4_4_5,4_4_6,4_cvs,5_0_0,5_0_1,5_0_2,5_0_3,5_1_0,5_1_1,5_1_2,5_1_3,5_1_4,5_1_5,5_1_6,5_2_0,5_2_1,5_cvs</ver>
</PHPModuleRef><PHPModuleRef>
<t>pg_client_encoding</t>
<mn>pgsql</mn>
<ft>F</ft>
<ver>4_0_3,4_0_4,4_0_5,4_0_6,4_1_0,4_1_1,4_1_2,4_2_0,4_2_1,4_2_2,4_2_3,4_3_0,4_3_1,4_3_10,4_3_11,4_3_2,4_3_3,4_3_4,4_3_5,4_3_6,4_3_7,4_3_8,4_3_9,4_4_0,4_4_1,4_4_2,4_4_3,4_4_4,4_4_5,4_4_6,4_cvs,5_0_0,5_0_1,5_0_2,5_0_3,5_1_0,5_1_1,5_1_2,5_1_3,5_1_4,5_1_5,5_1_6,5_2_0,5_2_1,5_cvs</ver>
<p4>string pg_client_encoding([resource connection])</p4>
<p4d>Get the current client encoding </p4d>
<p5>string pg_client_encoding([resource connection])</p5>
<p5d>Get the current client encoding </p5d>
<texts><text><lng>de</lng>
<d>Gibt die Kodierung des Clients zurück</d>
</text><text><lng>en</lng>
<d>Gets the client encoding</d>
</text></texts></PHPModuleRef><PHPModuleRef>
<t>pg_close</t>
<mn>pgsql</mn>
<ft>F</ft>
<ver>4_0_0,4_0_1,4_0_2,4_0_3,4_0_4,4_0_5,4_0_6,4_1_0,4_1_1,4_1_2,4_2_0,4_2_1,4_2_2,4_2_3,4_3_0,4_3_1,4_3_10,4_3_11,4_3_2,4_3_3,4_3_4,4_3_5,4_3_6,4_3_7,4_3_8,4_3_9,4_4_0,4_4_1,4_4_2,4_4_3,4_4_4,4_4_5,4_4_6,4_cvs,5_0_0,5_0_1,5_0_2,5_0_3,5_1_0,5_1_1,5_1_2,5_1_3,5_1_4,5_1_5,5_1_6,5_2_0,5_2_1,5_cvs</ver>
<p4>bool pg_close([resource connection])</p4>
<p4d>Close a PostgreSQL connection </p4d>
<p5>bool pg_close([resource connection])</p5>
<p5d>Close a PostgreSQL connection </p5d>
<texts><text><lng>de</lng>
<d>Schließt eine PostgreSQL-Verbindung</d>
</text><text><lng>en</lng>
<d>Closes a PostgreSQL connection</d>
</text></texts></PHPModuleRef><PHPModuleRef>
<t>pg_cmdtuples</t>
<mn>pgsql</mn>
<ft>F</ft>
<ver>4_0_0,4_0_1,4_0_2,4_0_3,4_0_4,4_0_5,4_0_6,4_1_0,4_1_1,4_1_2,4_2_0,4_2_1,4_2_2,4_2_3,4_3_0,4_3_1,4_3_10,4_3_11,4_3_2,4_3_3,4_3_4,4_3_5,4_3_6,4_3_7,4_3_8,4_3_9,4_4_0,4_4_1,4_4_2,4_4_3,4_4_4,4_4_5,4_4_6,4_cvs,5_0_0,5_0_1,5_0_2,5_0_3,5_1_0,5_1_1,5_1_2,5_1_3,5_1_4,5_1_5,5_1_6,5_2_0,5_2_1,5_cvs</ver>
</PHPModuleRef><PHPModuleRef>
<t>pg_connect</t>
<mn>pgsql</mn>
<ft>F</ft>
<ver>4_0_0,4_0_1,4_0_2,4_0_3,4_0_4,4_0_5,4_0_6,4_1_0,4_1_1,4_1_2,4_2_0,4_2_1,4_2_2,4_2_3,4_3_0,4_3_1,4_3_10,4_3_11,4_3_2,4_3_3,4_3_4,4_3_5,4_3_6,4_3_7,4_3_8,4_3_9,4_4_0,4_4_1,4_4_2,4_4_3,4_4_4,4_4_5,4_4_6,4_cvs,5_0_0,5_0_1,5_0_2,5_0_3,5_1_0,5_1_1,5_1_2,5_1_3,5_1_4,5_1_5,5_1_6,5_2_0,5_2_1,5_cvs</ver>
<p4>resource pg_connect(string connection_string[, int connect_type] | [string host, string port [, stri</p4>
<p4d>Open a PostgreSQL connection </p4d>
<p5>resource pg_connect(string connection_string[, int connect_type] | [string host, string port [, stri</p5>
<p5d>Open a PostgreSQL connection </p5d>
<texts><text><lng>de</lng>
<d>Öffnet eine PostgreSQL Verbindung</d>
</text><text><lng>en</lng>
<d>Open a PostgreSQL connection</d>
</text></texts></PHPModuleRef><PHPModuleRef>
<t>pg_connection_busy</t>
<mn>pgsql</mn>
<ft>F</ft>
<ver>4_2_0,4_2_1,4_2_2,4_2_3,4_3_0,4_3_1,4_3_10,4_3_11,4_3_2,4_3_3,4_3_4,4_3_5,4_3_6,4_3_7,4_3_8,4_3_9,4_4_0,4_4_1,4_4_2,4_4_3,4_4_4,4_4_5,4_4_6,4_cvs,5_0_0,5_0_1,5_0_2,5_0_3,5_1_0,5_1_1,5_1_2,5_1_3,5_1_4,5_1_5,5_1_6,5_2_0,5_2_1,5_cvs</ver>
<p4>bool pg_connection_busy(resource connection)</p4>
<p4d>Get connection is busy or not </p4d>
<p5>bool pg_connection_busy(resource connection)</p5>
<p5d>Get connection is busy or not </p5d>
<texts><text><lng>de</lng>
<d>Gibt den Status der Verbindung zurück (busy/not busy)</d>
</text><text><lng>en</lng>
<d>Get connection is busy or not</d>
</text></texts></PHPModuleRef><PHPModuleRef>
<t>pg_connection_reset</t>
<mn>pgsql</mn>
<ft>F</ft>
<ver>4_2_0,4_2_1,4_2_2,4_2_3,4_3_0,4_3_1,4_3_10,4_3_11,4_3_2,4_3_3,4_3_4,4_3_5,4_3_6,4_3_7,4_3_8,4_3_9,4_4_0,4_4_1,4_4_2,4_4_3,4_4_4,4_4_5,4_4_6,4_cvs,5_0_0,5_0_1,5_0_2,5_0_3,5_1_0,5_1_1,5_1_2,5_1_3,5_1_4,5_1_5,5_1_6,5_2_0,5_2_1,5_cvs</ver>
<p4>bool pg_connection_reset(resource connection)</p4>
<p4d>Reset connection (reconnect) </p4d>
<p5>bool pg_connection_reset(resource connection)</p5>
<p5d>Reset connection (reconnect) </p5d>
<texts><text><lng>de</lng>
<d>Setzt die Verbindung zurück und verbindet neu</d>
</text><text><lng>en</lng>
<d>Reset connection (reconnect)</d>
</text></texts></PHPModuleRef><PHPModuleRef>
<t>pg_connection_status</t>
<mn>pgsql</mn>
<ft>F</ft>
<ver>4_2_0,4_2_1,4_2_2,4_2_3,4_3_0,4_3_1,4_3_10,4_3_11,4_3_2,4_3_3,4_3_4,4_3_5,4_3_6,4_3_7,4_3_8,4_3_9,4_4_0,4_4_1,4_4_2,4_4_3,4_4_4,4_4_5,4_4_6,4_cvs,5_0_0,5_0_1,5_0_2,5_0_3,5_1_0,5_1_1,5_1_2,5_1_3,5_1_4,5_1_5,5_1_6,5_2_0,5_2_1,5_cvs</ver>
<p4>int pg_connection_status(resource connnection)</p4>
<p4d>Get connection status </p4d>
<p5>int pg_connection_status(resource connnection)</p5>
<p5d>Get connection status </p5d>
<texts><text><lng>de</lng>
<d>Gibt den Verbindungsstatus zurück</d>
</text><text><lng>en</lng>
<d>Get connection status</d>
</text></texts></PHPModuleRef><PHPModuleRef>
<t>pg_convert</t>
<mn>pgsql</mn>
<ft>F</ft>
<ver>4_3_0,4_3_1,4_3_10,4_3_11,4_3_2,4_3_3,4_3_4,4_3_5,4_3_6,4_3_7,4_3_8,4_3_9,4_4_0,4_4_1,4_4_2,4_4_3,4_4_4,4_4_5,4_4_6,4_cvs,5_0_0,5_0_1,5_0_2,5_0_3,5_1_0,5_1_1,5_1_2,5_1_3,5_1_4,5_1_5,5_1_6,5_2_0,5_2_1,5_cvs</ver>
<p4>array pg_convert(resource db, string table, array values[, int options])</p4>
<p4d>Check and convert values for PostgreSQL SQL statement </p4d>
<p5>array pg_convert(resource db, string table, array values[, int options])</p5>
<p5d>Check and convert values for PostgreSQL SQL statement </p5d>
<texts><text><lng>de</lng>
<d>Konvertiert die Werte eines assoziativen Arrays in passende Werte für SQL-Kommandos.</d>
</text><text><lng>en</lng>
<d>Convert associative array values into suitable for SQL statement</d>
</text></texts></PHPModuleRef><PHPModuleRef>
<t>pg_copy_from</t>
<mn>pgsql</mn>
<ft>F</ft>
<ver>4_2_0,4_2_1,4_2_2,4_2_3,4_3_0,4_3_1,4_3_10,4_3_11,4_3_2,4_3_3,4_3_4,4_3_5,4_3_6,4_3_7,4_3_8,4_3_9,4_4_0,4_4_1,4_4_2,4_4_3,4_4_4,4_4_5,4_4_6,4_cvs,5_0_0,5_0_1,5_0_2,5_0_3,5_1_0,5_1_1,5_1_2,5_1_3,5_1_4,5_1_5,5_1_6,5_2_0,5_2_1,5_cvs</ver>
<p4>bool pg_copy_from(resource connection, string table_name , array rows [, string delimiter [, string</p4>
<p4d>Copy table from array </p4d>
<p5>bool pg_copy_from(resource connection, string table_name , array rows [, string delimiter [, string</p5>
<p5d>Copy table from array </p5d>
<texts><text><lng>de</lng>
<d>Fügt Datensätze aus einem Array in eine Tabelle ein</d>
</text><text><lng>en</lng>
<d>Insert records into a table from an array</d>
</text></texts></PHPModuleRef><PHPModuleRef>
<t>pg_copy_to</t>
<mn>pgsql</mn>
<ft>F</ft>
<ver>4_2_0,4_2_1,4_2_2,4_2_3,4_3_0,4_3_1,4_3_10,4_3_11,4_3_2,4_3_3,4_3_4,4_3_5,4_3_6,4_3_7,4_3_8,4_3_9,4_4_0,4_4_1,4_4_2,4_4_3,4_4_4,4_4_5,4_4_6,4_cvs,5_0_0,5_0_1,5_0_2,5_0_3,5_1_0,5_1_1,5_1_2,5_1_3,5_1_4,5_1_5,5_1_6,5_2_0,5_2_1,5_cvs</ver>
<p4>array pg_copy_to(resource connection, string table_name [, string delimiter [, string null_as]])</p4>
<p4d>Copy table to array </p4d>
<p5>array pg_copy_to(resource connection, string table_name [, string delimiter [, string null_as]])</p5>
<p5d>Copy table to array </p5d>
<texts><text><lng>de</lng>
<d>Kopiert eine Tabelle in ein Array</d>
</text><text><lng>en</lng>
<d>Copy a table to an array</d>
</text></texts></PHPModuleRef><PHPModuleRef>
<t>pg_dbname</t>
<mn>pgsql</mn>
<ft>F</ft>
<ver>4_0_0,4_0_1,4_0_2,4_0_3,4_0_4,4_0_5,4_0_6,4_1_0,4_1_1,4_1_2,4_2_0,4_2_1,4_2_2,4_2_3,4_3_0,4_3_1,4_3_10,4_3_11,4_3_2,4_3_3,4_3_4,4_3_5,4_3_6,4_3_7,4_3_8,4_3_9,4_4_0,4_4_1,4_4_2,4_4_3,4_4_4,4_4_5,4_4_6,4_cvs,5_0_0,5_0_1,5_0_2,5_0_3,5_1_0,5_1_1,5_1_2,5_1_3,5_1_4,5_1_5,5_1_6,5_2_0,5_2_1,5_cvs</ver>
<p4>string pg_dbname([resource connection])</p4>
<p4d>Get the database name </p4d>
<p5>string pg_dbname([resource connection])</p5>
<p5d>Get the database name </p5d>
<texts><text><lng>de</lng>
<d>Gibt den Namen der Datenbank zurück</d>
</text><text><lng>en</lng>
<d>Get the database name</d>
</text></texts></PHPModuleRef><PHPModuleRef>
<t>pg_delete</t>
<mn>pgsql</mn>
<ft>F</ft>
<ver>4_3_0,4_3_1,4_3_10,4_3_11,4_3_2,4_3_3,4_3_4,4_3_5,4_3_6,4_3_7,4_3_8,4_3_9,4_4_0,4_4_1,4_4_2,4_4_3,4_4_4,4_4_5,4_4_6,4_cvs,5_0_0,5_0_1,5_0_2,5_0_3,5_1_0,5_1_1,5_1_2,5_1_3,5_1_4,5_1_5,5_1_6,5_2_0,5_2_1,5_cvs</ver>
<p4>mixed pg_delete(resource db, string table, array ids[, int options])</p4>
<p4d>Delete records has ids (id=&gt;value) </p4d>
<p5>mixed pg_delete(resource db, string table, array ids[, int options])</p5>
<p5d>Delete records has ids (id=&gt;value) </p5d>
<texts><text><lng>de</lng>
<d>Löscht Datensätze</d>
</text><text><lng>en</lng>
<d>Deletes records</d>
</text></texts></PHPModuleRef><PHPModuleRef>
<t>pg_end_copy</t>
<mn>pgsql</mn>
<ft>F</ft>
<ver>4_0_3,4_0_4,4_0_5,4_0_6,4_1_0,4_1_1,4_1_2,4_2_0,4_2_1,4_2_2,4_2_3,4_3_0,4_3_1,4_3_10,4_3_11,4_3_2,4_3_3,4_3_4,4_3_5,4_3_6,4_3_7,4_3_8,4_3_9,4_4_0,4_4_1,4_4_2,4_4_3,4_4_4,4_4_5,4_4_6,4_cvs,5_0_0,5_0_1,5_0_2,5_0_3,5_1_0,5_1_1,5_1_2,5_1_3,5_1_4,5_1_5,5_1_6,5_2_0,5_2_1,5_cvs</ver>
<p4>bool pg_end_copy([resource connection])</p4>
<p4d>Sync with backend. Completes the Copy command </p4d>
<p5>bool pg_end_copy([resource connection])</p5>
<p5d>Sync with backend. Completes the Copy command </p5d>
<texts><text><lng>de</lng>
<d>Synchronisation mit dem PostgreSQL-Server</d>
</text><text><lng>en</lng>
<d>Sync with PostgreSQL backend</d>
</text></texts></PHPModuleRef><PHPModuleRef>
<t>pg_errormessage</t>
<mn>pgsql</mn>
<ft>F</ft>
<ver>4_0_0,4_0_1,4_0_2,4_0_3,4_0_4,4_0_5,4_0_6,4_1_0,4_1_1,4_1_2,4_2_0,4_2_1,4_2_2,4_2_3,4_3_0,4_3_1,4_3_10,4_3_11,4_3_2,4_3_3,4_3_4,4_3_5,4_3_6,4_3_7,4_3_8,4_3_9,4_4_0,4_4_1,4_4_2,4_4_3,4_4_4,4_4_5,4_4_6,4_cvs,5_0_0,5_0_1,5_0_2,5_0_3,5_1_0,5_1_1,5_1_2,5_1_3,5_1_4,5_1_5,5_1_6,5_2_0,5_2_1,5_cvs</ver>
</PHPModuleRef><PHPModuleRef>
<t>pg_escape_bytea</t>
<mn>pgsql</mn>
<ft>F</ft>
<ver>4_2_0,4_2_1,4_2_2,4_2_3,4_3_0,4_3_1,4_3_10,4_3_11,4_3_2,4_3_3,4_3_4,4_3_5,4_3_6,4_3_7,4_3_8,4_3_9,4_4_0,4_4_1,4_4_2,4_4_3,4_4_4,4_4_5,4_4_6,4_cvs,5_0_0,5_0_1,5_0_2,5_0_3,5_1_0,5_1_1,5_1_2,5_1_3,5_1_4,5_1_5,5_1_6,5_2_0,5_2_1,5_cvs</ver>
<p4>string pg_escape_bytea(string data)</p4>
<p4d>Escape binary for bytea type  </p4d>
<p5>string pg_escape_bytea([resource connection,] string data)</p5>
<p5d>Escape binary for bytea type  </p5d>
<texts><text><lng>de</lng>
<d>Maskiert Binärdaten zum Einfügen in ein Feld vom Typ bytea</d>
</text><text><lng>en</lng>
<d>Escape a string for insertion into a bytea field</d>
</text></texts></PHPModuleRef><PHPModuleRef>
<t>pg_escape_string</t>
<mn>pgsql</mn>
<ft>F</ft>
<ver>4_2_0,4_2_1,4_2_2,4_2_3,4_3_0,4_3_1,4_3_10,4_3_11,4_3_2,4_3_3,4_3_4,4_3_5,4_3_6,4_3_7,4_3_8,4_3_9,4_4_0,4_4_1,4_4_2,4_4_3,4_4_4,4_4_5,4_4_6,4_cvs,5_0_0,5_0_1,5_0_2,5_0_3,5_1_0,5_1_1,5_1_2,5_1_3,5_1_4,5_1_5,5_1_6,5_2_0,5_2_1,5_cvs</ver>
<p4>string pg_escape_string(string data)</p4>
<p4d>Escape string for text/char type </p4d>
<p5>string pg_escape_string([resource connection,] string data)</p5>
<p5d>Escape string for text/char type </p5d>
<texts><text><lng>de</lng>
<d>Maskiert einen String zum Einfügen in Felder mit text/char Datentypen</d>
</text><text><lng>en</lng>
<d>Escape a string for insertion into a text field</d>
</text></texts></PHPModuleRef><PHPModuleRef>
<t>pg_exec</t>
<mn>pgsql</mn>
<ft>F</ft>
<ver>4_0_0,4_0_1,4_0_2,4_0_3,4_0_4,4_0_5,4_0_6,4_1_0,4_1_1,4_1_2,4_2_0,4_2_1,4_2_2,4_2_3,4_3_0,4_3_1,4_3_10,4_3_11,4_3_2,4_3_3,4_3_4,4_3_5,4_3_6,4_3_7,4_3_8,4_3_9,4_4_0,4_4_1,4_4_2,4_4_3,4_4_4,4_4_5,4_4_6,4_cvs,5_0_0,5_0_1,5_0_2,5_0_3,5_1_0,5_1_1,5_1_2,5_1_3,5_1_4,5_1_5,5_1_6,5_2_0,5_2_1,5_cvs</ver>
</PHPModuleRef><PHPModuleRef>
<t>pg_execute</t>
<mn>pgsql</mn>
<ft>F</ft>
<ver>5_1_0,5_1_1,5_1_2,5_1_3,5_1_4,5_1_5,5_1_6,5_2_0,5_2_1,5_cvs</ver>
<p5>resource pg_execute([resource connection,] string stmtname, array params)</p5>
<p5d>Execute a prepared query  </p5d>
<texts><text><lng>de</lng>
<d>Fordert den Datenankserver auf, eine vorbereitete Anfragemit den angegebenen Parametern auszuführen und wartet auf das
  Ergebnis.</d>
</text><text><lng>en</lng>
<d>Sends a request to execute a prepared statement with given parameters, and waits for the result.</d>
</text></texts></PHPModuleRef><PHPModuleRef>
<t>pg_fetch_all</t>
<mn>pgsql</mn>
<ft>F</ft>
<ver>4_3_0,4_3_1,4_3_10,4_3_11,4_3_2,4_3_3,4_3_4,4_3_5,4_3_6,4_3_7,4_3_8,4_3_9,4_4_0,4_4_1,4_4_2,4_4_3,4_4_4,4_4_5,4_4_6,4_cvs,5_0_0,5_0_1,5_0_2,5_0_3,5_1_0,5_1_1,5_1_2,5_1_3,5_1_4,5_1_5,5_1_6,5_2_0,5_2_1,5_cvs</ver>
<p4>array pg_fetch_all(resource result)</p4>
<p4d>Fetch all rows into array </p4d>
<p5>array pg_fetch_all(resource result)</p5>
<p5d>Fetch all rows into array </p5d>
<texts><text><lng>de</lng>
<d>Gibt alle Zeilen eines Abfrageergebnisses als Array zurück.</d>
</text><text><lng>en</lng>
<d>Fetches all rows from a result as an array</d>
</text></texts></PHPModuleRef><PHPModuleRef>
<t>pg_fetch_all_columns</t>
<mn>pgsql</mn>
<ft>F</ft>
<ver>5_1_0,5_1_1,5_1_2,5_1_3,5_1_4,5_1_5,5_1_6,5_2_0,5_2_1,5_cvs</ver>
<p5>array pg_fetch_all_columns(resource result [, int column_number])</p5>
<p5d>Fetch all rows into array </p5d>
<texts><text><lng>de</lng>
<d>Gibt alle Werte einer bestimmten Spalte eines Abfrageergebnisses in einem Array zurück</d>
</text><text><lng>en</lng>
<d>Fetches all rows in a particular result column as an array</d>
</text></texts></PHPModuleRef><PHPModuleRef>
<t>pg_fetch_array</t>
<mn>pgsql</mn>
<ft>F</ft>
<ver>4_0_0,4_0_1,4_0_2,4_0_3,4_0_4,4_0_5,4_0_6,4_1_0,4_1_1,4_1_2,4_2_0,4_2_1,4_2_2,4_2_3,4_3_0,4_3_1,4_3_10,4_3_11,4_3_2,4_3_3,4_3_4,4_3_5,4_3_6,4_3_7,4_3_8,4_3_9,4_4_0,4_4_1,4_4_2,4_4_3,4_4_4,4_4_5,4_4_6,4_cvs,5_0_0,5_0_1,5_0_2,5_0_3,5_1_0,5_1_1,5_1_2,5_1_3,5_1_4,5_1_5,5_1_6,5_2_0,5_2_1,5_cvs</ver>
<p4>array pg_fetch_array(resource result [, int row [, int result_type]])</p4>
<p4d>Fetch a row as an array </p4d>
<p5>array pg_fetch_array(resource result [, int row [, int result_type]])</p5>
<p5d>Fetch a row as an array </p5d>
<texts><text><lng>de</lng>
<d>Holt eine Zeile als Array</d>
</text><text><lng>en</lng>
<d>Fetch a row as an array</d>
</text></texts></PHPModuleRef><PHPModuleRef>
<t>pg_fetch_assoc</t>
<mn>pgsql</mn>
<ft>F</ft>
<ver>4_3_0,4_3_1,4_3_10,4_3_11,4_3_2,4_3_3,4_3_4,4_3_5,4_3_6,4_3_7,4_3_8,4_3_9,4_4_0,4_4_1,4_4_2,4_4_3,4_4_4,4_4_5,4_4_6,4_cvs,5_0_0,5_0_1,5_0_2,5_0_3,5_1_0,5_1_1,5_1_2,5_1_3,5_1_4,5_1_5,5_1_6,5_2_0,5_2_1,5_cvs</ver>
<p4>array pg_fetch_assoc(resource result [, int row])</p4>
<p4d>Fetch a row as an assoc array </p4d>
<p5>array pg_fetch_assoc(resource result [, int row])</p5>
<p5d>Fetch a row as an assoc array </p5d>
<texts><text><lng>de</lng>
<d>Holt eine Zeile als assoziatives Array</d>
</text><text><lng>en</lng>
<d>Fetch a row as an associative array</d>
</text></texts></PHPModuleRef><PHPModuleRef>
<t>pg_fetch_object</t>
<mn>pgsql</mn>
<ft>F</ft>
<ver>4_0_0,4_0_1,4_0_2,4_0_3,4_0_4,4_0_5,4_0_6,4_1_0,4_1_1,4_1_2,4_2_0,4_2_1,4_2_2,4_2_3,4_3_0,4_3_1,4_3_10,4_3_11,4_3_2,4_3_3,4_3_4,4_3_5,4_3_6,4_3_7,4_3_8,4_3_9,4_4_0,4_4_1,4_4_2,4_4_3,4_4_4,4_4_5,4_4_6,4_cvs,5_0_0,5_0_1,5_0_2,5_0_3,5_1_0,5_1_1,5_1_2,5_1_3,5_1_4,5_1_5,5_1_6,5_2_0,5_2_1,5_cvs</ver>
<p4>object pg_fetch_object(resource result [, int row])</p4>
<p4d>Fetch a row as an object </p4d>
<p5>object pg_fetch_object(resource result [, int row [, string class_name [, NULL|array ctor_params]]])</p5>
<p5d>Fetch a row as an object </p5d>
<texts><text><lng>de</lng>
<d>Holt einen Datensatz als Objekt</d>
</text><text><lng>en</lng>
<d>Fetch a row as an object</d>
</text></texts></PHPModuleRef><PHPModuleRef>
<t>pg_fetch_result</t>
<mn>pgsql</mn>
<ft>F</ft>
<ver>4_2_0,4_2_1,4_2_2,4_2_3,4_3_0,4_3_1,4_3_10,4_3_11,4_3_2,4_3_3,4_3_4,4_3_5,4_3_6,4_3_7,4_3_8,4_3_9,4_4_0,4_4_1,4_4_2,4_4_3,4_4_4,4_4_5,4_4_6,4_cvs,5_0_0,5_0_1,5_0_2,5_0_3,5_1_0,5_1_1,5_1_2,5_1_3,5_1_4,5_1_5,5_1_6,5_2_0,5_2_1,5_cvs</ver>
<p4>mixed pg_fetch_result(resource result, [int row_number,] mixed field_name)</p4>
<p4d>Returns values from a result identifier </p4d>
<p5>mixed pg_fetch_result(resource result, [int row_number,] mixed field_name)</p5>
<p5d>Returns values from a result identifier </p5d>
<texts><text><lng>de</lng>
<d>Liefert Werte aus einer Ergebnismenge</d>
</text><text><lng>en</lng>
<d>Returns values from a result resource</d>
</text></texts></PHPModuleRef><PHPModuleRef>
<t>pg_fetch_row</t>
<mn>pgsql</mn>
<ft>F</ft>
<ver>4_0_0,4_0_1,4_0_2,4_0_3,4_0_4,4_0_5,4_0_6,4_1_0,4_1_1,4_1_2,4_2_0,4_2_1,4_2_2,4_2_3,4_3_0,4_3_1,4_3_10,4_3_11,4_3_2,4_3_3,4_3_4,4_3_5,4_3_6,4_3_7,4_3_8,4_3_9,4_4_0,4_4_1,4_4_2,4_4_3,4_4_4,4_4_5,4_4_6,4_cvs,5_0_0,5_0_1,5_0_2,5_0_3,5_1_0,5_1_1,5_1_2,5_1_3,5_1_4,5_1_5,5_1_6,5_2_0,5_2_1,5_cvs</ver>
<p4>array pg_fetch_row(resource result [, int row [, int result_type]])</p4>
<p4d>Get a row as an enumerated array </p4d>
<p5>array pg_fetch_row(resource result [, int row [, int result_type]])</p5>
<p5d>Get a row as an enumerated array </p5d>
<texts><text><lng>de</lng>
<d>Holt einen Datensatz als numerisches Array</d>
</text><text><lng>en</lng>
<d>Get a row as an enumerated array</d>
</text></texts></PHPModuleRef><PHPModuleRef>
<t>pg_fieldisnull</t>
<mn>pgsql</mn>
<ft>F</ft>
<ver>4_0_0,4_0_1,4_0_2,4_0_3,4_0_4,4_0_5,4_0_6,4_1_0,4_1_1,4_1_2,4_2_0,4_2_1,4_2_2,4_2_3,4_3_0,4_3_1,4_3_10,4_3_11,4_3_2,4_3_3,4_3_4,4_3_5,4_3_6,4_3_7,4_3_8,4_3_9,4_4_0,4_4_1,4_4_2,4_4_3,4_4_4,4_4_5,4_4_6,4_cvs,5_0_0,5_0_1,5_0_2,5_0_3,5_1_0,5_1_1,5_1_2,5_1_3,5_1_4,5_1_5,5_1_6,5_2_0,5_2_1,5_cvs</ver>
</PHPModuleRef><PHPModuleRef>
<t>pg_fieldname</t>
<mn>pgsql</mn>
<ft>F</ft>
<ver>4_0_0,4_0_1,4_0_2,4_0_3,4_0_4,4_0_5,4_0_6,4_1_0,4_1_1,4_1_2,4_2_0,4_2_1,4_2_2,4_2_3,4_3_0,4_3_1,4_3_10,4_3_11,4_3_2,4_3_3,4_3_4,4_3_5,4_3_6,4_3_7,4_3_8,4_3_9,4_4_0,4_4_1,4_4_2,4_4_3,4_4_4,4_4_5,4_4_6,4_cvs,5_0_0,5_0_1,5_0_2,5_0_3,5_1_0,5_1_1,5_1_2,5_1_3,5_1_4,5_1_5,5_1_6,5_2_0,5_2_1,5_cvs</ver>
</PHPModuleRef><PHPModuleRef>
<t>pg_fieldnum</t>
<mn>pgsql</mn>
<ft>F</ft>
<ver>4_0_0,4_0_1,4_0_2,4_0_3,4_0_4,4_0_5,4_0_6,4_1_0,4_1_1,4_1_2,4_2_0,4_2_1,4_2_2,4_2_3,4_3_0,4_3_1,4_3_10,4_3_11,4_3_2,4_3_3,4_3_4,4_3_5,4_3_6,4_3_7,4_3_8,4_3_9,4_4_0,4_4_1,4_4_2,4_4_3,4_4_4,4_4_5,4_4_6,4_cvs,5_0_0,5_0_1,5_0_2,5_0_3,5_1_0,5_1_1,5_1_2,5_1_3,5_1_4,5_1_5,5_1_6,5_2_0,5_2_1,5_cvs</ver>
</PHPModuleRef><PHPModuleRef>
<t>pg_fieldprtlen</t>
<mn>pgsql</mn>
<ft>F</ft>
<ver>4_0_0,4_0_1,4_0_2,4_0_3,4_0_4,4_0_5,4_0_6,4_1_0,4_1_1,4_1_2,4_2_0,4_2_1,4_2_2,4_2_3,4_3_0,4_3_1,4_3_10,4_3_11,4_3_2,4_3_3,4_3_4,4_3_5,4_3_6,4_3_7,4_3_8,4_3_9,4_4_0,4_4_1,4_4_2,4_4_3,4_4_4,4_4_5,4_4_6,4_cvs,5_0_0,5_0_1,5_0_2,5_0_3,5_1_0,5_1_1,5_1_2,5_1_3,5_1_4,5_1_5,5_1_6,5_2_0,5_2_1,5_cvs</ver>
</PHPModuleRef><PHPModuleRef>
<t>pg_fieldsize</t>
<mn>pgsql</mn>
<ft>F</ft>
<ver>4_0_0,4_0_1,4_0_2,4_0_3,4_0_4,4_0_5,4_0_6,4_1_0,4_1_1,4_1_2,4_2_0,4_2_1,4_2_2,4_2_3,4_3_0,4_3_1,4_3_10,4_3_11,4_3_2,4_3_3,4_3_4,4_3_5,4_3_6,4_3_7,4_3_8,4_3_9,4_4_0,4_4_1,4_4_2,4_4_3,4_4_4,4_4_5,4_4_6,4_cvs,5_0_0,5_0_1,5_0_2,5_0_3,5_1_0,5_1_1,5_1_2,5_1_3,5_1_4,5_1_5,5_1_6,5_2_0,5_2_1,5_cvs</ver>
</PHPModuleRef><PHPModuleRef>
<t>pg_fieldtype</t>
<mn>pgsql</mn>
<ft>F</ft>
<ver>4_0_0,4_0_1,4_0_2,4_0_3,4_0_4,4_0_5,4_0_6,4_1_0,4_1_1,4_1_2,4_2_0,4_2_1,4_2_2,4_2_3,4_3_0,4_3_1,4_3_10,4_3_11,4_3_2,4_3_3,4_3_4,4_3_5,4_3_6,4_3_7,4_3_8,4_3_9,4_4_0,4_4_1,4_4_2,4_4_3,4_4_4,4_4_5,4_4_6,4_cvs,5_0_0,5_0_1,5_0_2,5_0_3,5_1_0,5_1_1,5_1_2,5_1_3,5_1_4,5_1_5,5_1_6,5_2_0,5_2_1,5_cvs</ver>
</PHPModuleRef><PHPModuleRef>
<t>pg_field_is_null</t>
<mn>pgsql</mn>
<ft>F</ft>
<ver>4_2_0,4_2_1,4_2_2,4_2_3,4_3_0,4_3_1,4_3_10,4_3_11,4_3_2,4_3_3,4_3_4,4_3_5,4_3_6,4_3_7,4_3_8,4_3_9,4_4_0,4_4_1,4_4_2,4_4_3,4_4_4,4_4_5,4_4_6,4_cvs,5_0_0,5_0_1,5_0_2,5_0_3,5_1_0,5_1_1,5_1_2,5_1_3,5_1_4,5_1_5,5_1_6,5_2_0,5_2_1,5_cvs</ver>
<p4>int pg_field_is_null(resource result, [int row,] mixed field_name_or_number)</p4>
<p4d>Test if a field is NULL </p4d>
<p5>int pg_field_is_null(resource result, [int row,] mixed field_name_or_number)</p5>
<p5d>Test if a field is NULL </p5d>
<texts><text><lng>de</lng>
<d>Prüft, ob ein Feld einen SQLNULL-Wert enthält</d>
</text><text><lng>en</lng>
<d>Test if a field is SQLNULL</d>
</text></texts></PHPModuleRef><PHPModuleRef>
<t>pg_field_name</t>
<mn>pgsql</mn>
<ft>F</ft>
<ver>4_2_0,4_2_1,4_2_2,4_2_3,4_3_0,4_3_1,4_3_10,4_3_11,4_3_2,4_3_3,4_3_4,4_3_5,4_3_6,4_3_7,4_3_8,4_3_9,4_4_0,4_4_1,4_4_2,4_4_3,4_4_4,4_4_5,4_4_6,4_cvs,5_0_0,5_0_1,5_0_2,5_0_3,5_1_0,5_1_1,5_1_2,5_1_3,5_1_4,5_1_5,5_1_6,5_2_0,5_2_1,5_cvs</ver>
<p4>string pg_field_name(resource result, int field_number)</p4>
<p4d>Returns the name of the field </p4d>
<p5>string pg_field_name(resource result, int field_number)</p5>
<p5d>Returns the name of the field </p5d>
<texts><text><lng>de</lng>
<d>Gibt den Namen eines Feldes zurück</d>
</text><text><lng>en</lng>
<d>Returns the name of a field</d>
</text></texts></PHPModuleRef><PHPModuleRef>
<t>pg_field_num</t>
<mn>pgsql</mn>
<ft>F</ft>
<ver>4_2_0,4_2_1,4_2_2,4_2_3,4_3_0,4_3_1,4_3_10,4_3_11,4_3_2,4_3_3,4_3_4,4_3_5,4_3_6,4_3_7,4_3_8,4_3_9,4_4_0,4_4_1,4_4_2,4_4_3,4_4_4,4_4_5,4_4_6,4_cvs,5_0_0,5_0_1,5_0_2,5_0_3,5_1_0,5_1_1,5_1_2,5_1_3,5_1_4,5_1_5,5_1_6,5_2_0,5_2_1,5_cvs</ver>
<p4>int pg_field_num(resource result, string field_name)</p4>
<p4d>Returns the field number of the named field </p4d>
<p5>int pg_field_num(resource result, string field_name)</p5>
<p5d>Returns the field number of the named field </p5d>
<texts><text><lng>de</lng>
<d>Gibt die Feldnummer des angegebenen Feldes zurück</d>
</text><text><lng>en</lng>
<d>Returns the field number of the named field</d>
</text></texts></PHPModuleRef><PHPModuleRef>
<t>pg_field_prtlen</t>
<mn>pgsql</mn>
<ft>F</ft>
<ver>4_2_0,4_2_1,4_2_2,4_2_3,4_3_0,4_3_1,4_3_10,4_3_11,4_3_2,4_3_3,4_3_4,4_3_5,4_3_6,4_3_7,4_3_8,4_3_9,4_4_0,4_4_1,4_4_2,4_4_3,4_4_4,4_4_5,4_4_6,4_cvs,5_0_0,5_0_1,5_0_2,5_0_3,5_1_0,5_1_1,5_1_2,5_1_3,5_1_4,5_1_5,5_1_6,5_2_0,5_2_1,5_cvs</ver>
<p4>int pg_field_prtlen(resource result, [int row,] mixed field_name_or_number)</p4>
<p4d>Returns the printed length </p4d>
<p5>int pg_field_prtlen(resource result, [int row,] mixed field_name_or_number)</p5>
<p5d>Returns the printed length </p5d>
<texts><text><lng>de</lng>
<d>Gibt die Länge des Feldes zurück</d>
</text><text><lng>en</lng>
<d>Returns the printed length</d>
</text></texts></PHPModuleRef><PHPModuleRef>
<t>pg_field_size</t>
<mn>pgsql</mn>
<ft>F</ft>
<ver>4_2_0,4_2_1,4_2_2,4_2_3,4_3_0,4_3_1,4_3_10,4_3_11,4_3_2,4_3_3,4_3_4,4_3_5,4_3_6,4_3_7,4_3_8,4_3_9,4_4_0,4_4_1,4_4_2,4_4_3,4_4_4,4_4_5,4_4_6,4_cvs,5_0_0,5_0_1,5_0_2,5_0_3,5_1_0,5_1_1,5_1_2,5_1_3,5_1_4,5_1_5,5_1_6,5_2_0,5_2_1,5_cvs</ver>
<p4>int pg_field_size(resource result, int field_number)</p4>
<p4d>Returns the internal size of the field </p4d>
<p5>int pg_field_size(resource result, int field_number)</p5>
<p5d>Returns the internal size of the field </p5d>
<texts><text><lng>de</lng>
<d>Gibt den belegten Speicher für ein Feld zurück</d>
</text><text><lng>en</lng>
<d>Returns the internal storage size of the named field</d>
</text></texts></PHPModuleRef><PHPModuleRef>
<t>pg_field_table</t>
<mn>pgsql</mn>
<ft>F</ft>
<ver>5_2_0,5_2_1,5_cvs</ver>
<p5>mixed pg_field_table(resource result, int field_number[, bool oid_only])</p5>
<p5d>Returns the name of the table field belongs to, or table's oid if oid_only is true </p5d>
<texts><text><lng>en</lng>
<d>Returns the name or oid of the tables field</d>
</text></texts></PHPModuleRef><PHPModuleRef>
<t>pg_field_type</t>
<mn>pgsql</mn>
<ft>F</ft>
<ver>4_2_0,4_2_1,4_2_2,4_2_3,4_3_0,4_3_1,4_3_10,4_3_11,4_3_2,4_3_3,4_3_4,4_3_5,4_3_6,4_3_7,4_3_8,4_3_9,4_4_0,4_4_1,4_4_2,4_4_3,4_4_4,4_4_5,4_4_6,4_cvs,5_0_0,5_0_1,5_0_2,5_0_3,5_1_0,5_1_1,5_1_2,5_1_3,5_1_4,5_1_5,5_1_6,5_2_0,5_2_1,5_cvs</ver>
<p4>string pg_field_type(resource result, int field_number)</p4>
<p4d>Returns the type name for the given field </p4d>
<p5>string pg_field_type(resource result, int field_number)</p5>
<p5d>Returns the type name for the given field </p5d>
<texts><text><lng>de</lng>
<d>Gibt den Datentyp eines Feldes zurück</d>
</text><text><lng>en</lng>
<d>Returns the type name for the corresponding field number</d>
</text></texts></PHPModuleRef><PHPModuleRef>
<t>pg_field_type_oid</t>
<mn>pgsql</mn>
<ft>F</ft>
<ver>5_1_0,5_1_1,5_1_2,5_1_3,5_1_4,5_1_5,5_1_6,5_2_0,5_2_1,5_cvs</ver>
<p5>string pg_field_type_oid(resource result, int field_number)</p5>
<p5d>Returns the type oid for the given field </p5d>
<texts><text><lng>de</lng>
<d>Gibt die ID des PostgreSQL-Datentyps (OID) eines Feldes zurück</d>
</text><text><lng>en</lng>
<d>Returns the type ID (OID) for the corresponding field number</d>
</text></texts></PHPModuleRef><PHPModuleRef>
<t>pg_freeresult</t>
<mn>pgsql</mn>
<ft>F</ft>
<ver>4_0_0,4_0_1,4_0_2,4_0_3,4_0_4,4_0_5,4_0_6,4_1_0,4_1_1,4_1_2,4_2_0,4_2_1,4_2_2,4_2_3,4_3_0,4_3_1,4_3_10,4_3_11,4_3_2,4_3_3,4_3_4,4_3_5,4_3_6,4_3_7,4_3_8,4_3_9,4_4_0,4_4_1,4_4_2,4_4_3,4_4_4,4_4_5,4_4_6,4_cvs,5_0_0,5_0_1,5_0_2,5_0_3,5_1_0,5_1_1,5_1_2,5_1_3,5_1_4,5_1_5,5_1_6,5_2_0,5_2_1,5_cvs</ver>
</PHPModuleRef><PHPModuleRef>
<t>pg_free_result</t>
<mn>pgsql</mn>
<ft>F</ft>
<ver>4_2_0,4_2_1,4_2_2,4_2_3,4_3_0,4_3_1,4_3_10,4_3_11,4_3_2,4_3_3,4_3_4,4_3_5,4_3_6,4_3_7,4_3_8,4_3_9,4_4_0,4_4_1,4_4_2,4_4_3,4_4_4,4_4_5,4_4_6,4_cvs,5_0_0,5_0_1,5_0_2,5_0_3,5_1_0,5_1_1,5_1_2,5_1_3,5_1_4,5_1_5,5_1_6,5_2_0,5_2_1,5_cvs</ver>
<p4>bool pg_free_result(resource result)</p4>
<p4d>Free result memory </p4d>
<p5>bool pg_free_result(resource result)</p5>
<p5d>Free result memory </p5d>
<texts><text><lng>de</lng>
<d>Gibt den durch Ergebnisse belegten Speicher frei</d>
</text><text><lng>en</lng>
<d>Free result memory</d>
</text></texts></PHPModuleRef><PHPModuleRef>
<t>pg_getlastoid</t>
<mn>pgsql</mn>
<ft>F</ft>
<ver>4_0_0,4_0_1,4_0_2,4_0_3,4_0_4,4_0_5,4_0_6,4_1_0,4_1_1,4_1_2,4_2_0,4_2_1,4_2_2,4_2_3,4_3_0,4_3_1,4_3_10,4_3_11,4_3_2,4_3_3,4_3_4,4_3_5,4_3_6,4_3_7,4_3_8,4_3_9,4_4_0,4_4_1,4_4_2,4_4_3,4_4_4,4_4_5,4_4_6,4_cvs,5_0_0,5_0_1,5_0_2,5_0_3,5_1_0,5_1_1,5_1_2,5_1_3,5_1_4,5_1_5,5_1_6,5_2_0,5_2_1,5_cvs</ver>
</PHPModuleRef><PHPModuleRef>
<t>pg_get_notify</t>
<mn>pgsql</mn>
<ft>F</ft>
<ver>4_3_0,4_3_1,4_3_10,4_3_11,4_3_2,4_3_3,4_3_4,4_3_5,4_3_6,4_3_7,4_3_8,4_3_9,4_4_0,4_4_1,4_4_2,4_4_3,4_4_4,4_4_5,4_4_6,4_cvs,5_0_0,5_0_1,5_0_2,5_0_3,5_1_0,5_1_1,5_1_2,5_1_3,5_1_4,5_1_5,5_1_6,5_2_0,5_2_1,5_cvs</ver>
<p4>array pg_get_notify([resource connection[, result_type]])</p4>
<p4d>Get asynchronous notification </p4d>
<p5>array pg_get_notify([resource connection[, result_type]])</p5>
<p5d>Get asynchronous notification </p5d>
<texts><text><lng>de</lng>
<d>Gibt eine SQL NOTIFY-Nachricht zurück</d>
</text><text><lng>en</lng>
<d>Gets SQL NOTIFY message</d>
</text></texts></PHPModuleRef><PHPModuleRef>
<t>pg_get_pid</t>
<mn>pgsql</mn>
<ft>F</ft>
<ver>4_3_0,4_3_1,4_3_10,4_3_11,4_3_2,4_3_3,4_3_4,4_3_5,4_3_6,4_3_7,4_3_8,4_3_9,4_4_0,4_4_1,4_4_2,4_4_3,4_4_4,4_4_5,4_4_6,4_cvs,5_0_0,5_0_1,5_0_2,5_0_3,5_1_0,5_1_1,5_1_2,5_1_3,5_1_4,5_1_5,5_1_6,5_2_0,5_2_1,5_cvs</ver>
<p4>int pg_get_pid([resource connection)</p4>
<p4d>Get backend(server) pid </p4d>
<p5>int pg_get_pid([resource connection)</p5>
<p5d>Get backend(server) pid </p5d>
<texts><text><lng>de</lng>
<d>Prüft die Datenbankverbindung</d>
</text><text><lng>en</lng>
<d>Gets the backend's process ID</d>
</text></texts></PHPModuleRef><PHPModuleRef>
<t>pg_get_result</t>
<mn>pgsql</mn>
<ft>F</ft>
<ver>4_2_0,4_2_1,4_2_2,4_2_3,4_3_0,4_3_1,4_3_10,4_3_11,4_3_2,4_3_3,4_3_4,4_3_5,4_3_6,4_3_7,4_3_8,4_3_9,4_4_0,4_4_1,4_4_2,4_4_3,4_4_4,4_4_5,4_4_6,4_cvs,5_0_0,5_0_1,5_0_2,5_0_3,5_1_0,5_1_1,5_1_2,5_1_3,5_1_4,5_1_5,5_1_6,5_2_0,5_2_1,5_cvs</ver>
<p4>resource pg_get_result(resource connection)</p4>
<p4d>Get asynchronous query result </p4d>
<p5>resource pg_get_result(resource connection)</p5>
<p5d>Get asynchronous query result </p5d>
<texts><text><lng>de</lng>
<d>Gibt asynchrone Abfrageergebnisse zurück</d>
</text><text><lng>en</lng>
<d>Get asynchronous query result</d>
</text></texts></PHPModuleRef><PHPModuleRef>
<t>pg_host</t>
<mn>pgsql</mn>
<ft>F</ft>
<ver>4_0_0,4_0_1,4_0_2,4_0_3,4_0_4,4_0_5,4_0_6,4_1_0,4_1_1,4_1_2,4_2_0,4_2_1,4_2_2,4_2_3,4_3_0,4_3_1,4_3_10,4_3_11,4_3_2,4_3_3,4_3_4,4_3_5,4_3_6,4_3_7,4_3_8,4_3_9,4_4_0,4_4_1,4_4_2,4_4_3,4_4_4,4_4_5,4_4_6,4_cvs,5_0_0,5_0_1,5_0_2,5_0_3,5_1_0,5_1_1,5_1_2,5_1_3,5_1_4,5_1_5,5_1_6,5_2_0,5_2_1,5_cvs</ver>
<p4>string pg_host([resource connection])</p4>
<p4d>Returns the host name associated with the connection </p4d>
<p5>string pg_host([resource connection])</p5>
<p5d>Returns the host name associated with the connection </p5d>
<texts><text><lng>de</lng>
<d>Gibt den Namen des Host zurück, zu dem verbunden wurde</d>
</text><text><lng>en</lng>
<d>Returns the host name associated with the connection</d>
</text></texts></PHPModuleRef><PHPModuleRef>
<t>pg_insert</t>
<mn>pgsql</mn>
<ft>F</ft>
<ver>4_3_0,4_3_1,4_3_10,4_3_11,4_3_2,4_3_3,4_3_4,4_3_5,4_3_6,4_3_7,4_3_8,4_3_9,4_4_0,4_4_1,4_4_2,4_4_3,4_4_4,4_4_5,4_4_6,4_cvs,5_0_0,5_0_1,5_0_2,5_0_3,5_1_0,5_1_1,5_1_2,5_1_3,5_1_4,5_1_5,5_1_6,5_2_0,5_2_1,5_cvs</ver>
<p4>mixed pg_insert(resource db, string table, array values[, int options])</p4>
<p4d>Insert values (filed=&gt;value) to table </p4d>
<p5>mixed pg_insert(resource db, string table, array values[, int options])</p5>
<p5d>Insert values (filed=&gt;value) to table </p5d>
<texts><text><lng>de</lng>
<d>Überträgt Werte aus einem Array in eine Tabelle</d>
</text><text><lng>en</lng>
<d>Insert array into table</d>
</text></texts></PHPModuleRef><PHPModuleRef>
<t>pg_last_error</t>
<mn>pgsql</mn>
<ft>F</ft>
<ver>4_2_0,4_2_1,4_2_2,4_2_3,4_3_0,4_3_1,4_3_10,4_3_11,4_3_2,4_3_3,4_3_4,4_3_5,4_3_6,4_3_7,4_3_8,4_3_9,4_4_0,4_4_1,4_4_2,4_4_3,4_4_4,4_4_5,4_4_6,4_cvs,5_0_0,5_0_1,5_0_2,5_0_3,5_1_0,5_1_1,5_1_2,5_1_3,5_1_4,5_1_5,5_1_6,5_2_0,5_2_1,5_cvs</ver>
<p4>string pg_last_error([resource connection])</p4>
<p4d>Get the error message string </p4d>
<p5>string pg_last_error([resource connection])</p5>
<p5d>Get the error message string </p5d>
<texts><text><lng>de</lng>
<d>Gibt die letzte Fehlermeldung einer Verbindung zurück</d>
</text><text><lng>en</lng>
<d>Get the last error message string of a connection</d>
</text></texts></PHPModuleRef><PHPModuleRef>
<t>pg_last_notice</t>
<mn>pgsql</mn>
<ft>F</ft>
<ver>4_0_6,4_1_0,4_1_1,4_1_2,4_2_0,4_2_1,4_2_2,4_2_3,4_3_0,4_3_1,4_3_10,4_3_11,4_3_2,4_3_3,4_3_4,4_3_5,4_3_6,4_3_7,4_3_8,4_3_9,4_4_0,4_4_1,4_4_2,4_4_3,4_4_4,4_4_5,4_4_6,4_cvs,5_0_0,5_0_1,5_0_2,5_0_3,5_1_0,5_1_1,5_1_2,5_1_3,5_1_4,5_1_5,5_1_6,5_2_0,5_2_1,5_cvs</ver>
<p4>string pg_last_notice(resource connection)</p4>
<p4d>Returns the last notice set by the backend </p4d>
<p5>string pg_last_notice(resource connection)</p5>
<p5d>Returns the last notice set by the backend </p5d>
<texts><text><lng>de</lng>
<d>Gibt die letzte NOTICE-Meldung des PostgreSQL-Servers zurück</d>
</text><text><lng>en</lng>
<d>Returns the last notice message from PostgreSQL server</d>
</text></texts></PHPModuleRef><PHPModuleRef>
<t>pg_last_oid</t>
<mn>pgsql</mn>
<ft>F</ft>
<ver>4_2_0,4_2_1,4_2_2,4_2_3,4_3_0,4_3_1,4_3_10,4_3_11,4_3_2,4_3_3,4_3_4,4_3_5,4_3_6,4_3_7,4_3_8,4_3_9,4_4_0,4_4_1,4_4_2,4_4_3,4_4_4,4_4_5,4_4_6,4_cvs,5_0_0,5_0_1,5_0_2,5_0_3,5_1_0,5_1_1,5_1_2,5_1_3,5_1_4,5_1_5,5_1_6,5_2_0,5_2_1,5_cvs</ver>
<p4>string pg_last_oid(resource result)</p4>
<p4d>Returns the last object identifier </p4d>
<p5>string pg_last_oid(resource result)</p5>
<p5d>Returns the last object identifier </p5d>
<texts><text><lng>de</lng>
<d>Gibt den Objektbezeichner (OID) des zuletzt eingefügten Datensatzes zurück</d>
</text><text><lng>en</lng>
<d>Returns the last row's OID</d>
</text></texts></PHPModuleRef><PHPModuleRef>
<t>pg_loclose</t>
<mn>pgsql</mn>
<ft>F</ft>
<ver>4_0_0,4_0_1,4_0_2,4_0_3,4_0_4,4_0_5,4_0_6,4_1_0,4_1_1,4_1_2,4_2_0,4_2_1,4_2_2,4_2_3,4_3_0,4_3_1,4_3_10,4_3_11,4_3_2,4_3_3,4_3_4,4_3_5,4_3_6,4_3_7,4_3_8,4_3_9,4_4_0,4_4_1,4_4_2,4_4_3,4_4_4,4_4_5,4_4_6,4_cvs,5_0_0,5_0_1,5_0_2,5_0_3,5_1_0,5_1_1,5_1_2,5_1_3,5_1_4,5_1_5,5_1_6,5_2_0,5_2_1,5_cvs</ver>
</PHPModuleRef><PHPModuleRef>
<t>pg_locreate</t>
<mn>pgsql</mn>
<ft>F</ft>
<ver>4_0_0,4_0_1,4_0_2,4_0_3,4_0_4,4_0_5,4_0_6,4_1_0,4_1_1,4_1_2,4_2_0,4_2_1,4_2_2,4_2_3,4_3_0,4_3_1,4_3_10,4_3_11,4_3_2,4_3_3,4_3_4,4_3_5,4_3_6,4_3_7,4_3_8,4_3_9,4_4_0,4_4_1,4_4_2,4_4_3,4_4_4,4_4_5,4_4_6,4_cvs,5_0_0,5_0_1,5_0_2,5_0_3,5_1_0,5_1_1,5_1_2,5_1_3,5_1_4,5_1_5,5_1_6,5_2_0,5_2_1,5_cvs</ver>
</PHPModuleRef><PHPModuleRef>
<t>pg_loexport</t>
<mn>pgsql</mn>
<ft>F</ft>
<ver>4_0_1,4_0_2,4_0_3,4_0_4,4_0_5,4_0_6,4_1_0,4_1_1,4_1_2,4_2_0,4_2_1,4_2_2,4_2_3,4_3_0,4_3_1,4_3_10,4_3_11,4_3_2,4_3_3,4_3_4,4_3_5,4_3_6,4_3_7,4_3_8,4_3_9,4_4_0,4_4_1,4_4_2,4_4_3,4_4_4,4_4_5,4_4_6,4_cvs,5_0_0,5_0_1,5_0_2,5_0_3,5_1_0,5_1_1,5_1_2,5_1_3,5_1_4,5_1_5,5_1_6,5_2_0,5_2_1,5_cvs</ver>
</PHPModuleRef><PHPModuleRef>
<t>pg_loimport</t>
<mn>pgsql</mn>
<ft>F</ft>
<ver>4_0_1,4_0_2,4_0_3,4_0_4,4_0_5,4_0_6,4_1_0,4_1_1,4_1_2,4_2_0,4_2_1,4_2_2,4_2_3,4_3_0,4_3_1,4_3_10,4_3_11,4_3_2,4_3_3,4_3_4,4_3_5,4_3_6,4_3_7,4_3_8,4_3_9,4_4_0,4_4_1,4_4_2,4_4_3,4_4_4,4_4_5,4_4_6,4_cvs,5_0_0,5_0_1,5_0_2,5_0_3,5_1_0,5_1_1,5_1_2,5_1_3,5_1_4,5_1_5,5_1_6,5_2_0,5_2_1,5_cvs</ver>
</PHPModuleRef><PHPModuleRef>
<t>pg_loopen</t>
<mn>pgsql</mn>
<ft>F</ft>
<ver>4_0_0,4_0_1,4_0_2,4_0_3,4_0_4,4_0_5,4_0_6,4_1_0,4_1_1,4_1_2,4_2_0,4_2_1,4_2_2,4_2_3,4_3_0,4_3_1,4_3_10,4_3_11,4_3_2,4_3_3,4_3_4,4_3_5,4_3_6,4_3_7,4_3_8,4_3_9,4_4_0,4_4_1,4_4_2,4_4_3,4_4_4,4_4_5,4_4_6,4_cvs,5_0_0,5_0_1,5_0_2,5_0_3,5_1_0,5_1_1,5_1_2,5_1_3,5_1_4,5_1_5,5_1_6,5_2_0,5_2_1,5_cvs</ver>
</PHPModuleRef><PHPModuleRef>
<t>pg_loread</t>
<mn>pgsql</mn>
<ft>F</ft>
<ver>4_0_0,4_0_1,4_0_2,4_0_3,4_0_4,4_0_5,4_0_6,4_1_0,4_1_1,4_1_2,4_2_0,4_2_1,4_2_2,4_2_3,4_3_0,4_3_1,4_3_10,4_3_11,4_3_2,4_3_3,4_3_4,4_3_5,4_3_6,4_3_7,4_3_8,4_3_9,4_4_0,4_4_1,4_4_2,4_4_3,4_4_4,4_4_5,4_4_6,4_cvs,5_0_0,5_0_1,5_0_2,5_0_3,5_1_0,5_1_1,5_1_2,5_1_3,5_1_4,5_1_5,5_1_6,5_2_0,5_2_1,5_cvs</ver>
</PHPModuleRef><PHPModuleRef>
<t>pg_loreadall</t>
<mn>pgsql</mn>
<ft>F</ft>
<ver>4_0_0,4_0_1,4_0_2,4_0_3,4_0_4,4_0_5,4_0_6,4_1_0,4_1_1,4_1_2,4_2_0,4_2_1,4_2_2,4_2_3,4_3_0,4_3_1,4_3_10,4_3_11,4_3_2,4_3_3,4_3_4,4_3_5,4_3_6,4_3_7,4_3_8,4_3_9,4_4_0,4_4_1,4_4_2,4_4_3,4_4_4,4_4_5,4_4_6,4_cvs,5_0_0,5_0_1,5_0_2,5_0_3,5_1_0,5_1_1,5_1_2,5_1_3,5_1_4,5_1_5,5_1_6,5_2_0,5_2_1,5_cvs</ver>
</PHPModuleRef><PHPModuleRef>
<t>pg_lounlink</t>
<mn>pgsql</mn>
<ft>F</ft>
<ver>4_0_0,4_0_1,4_0_2,4_0_3,4_0_4,4_0_5,4_0_6,4_1_0,4_1_1,4_1_2,4_2_0,4_2_1,4_2_2,4_2_3,4_3_0,4_3_1,4_3_10,4_3_11,4_3_2,4_3_3,4_3_4,4_3_5,4_3_6,4_3_7,4_3_8,4_3_9,4_4_0,4_4_1,4_4_2,4_4_3,4_4_4,4_4_5,4_4_6,4_cvs,5_0_0,5_0_1,5_0_2,5_0_3,5_1_0,5_1_1,5_1_2,5_1_3,5_1_4,5_1_5,5_1_6,5_2_0,5_2_1,5_cvs</ver>
</PHPModuleRef><PHPModuleRef>
<t>pg_lowrite</t>
<mn>pgsql</mn>
<ft>F</ft>
<ver>4_0_0,4_0_1,4_0_2,4_0_3,4_0_4,4_0_5,4_0_6,4_1_0,4_1_1,4_1_2,4_2_0,4_2_1,4_2_2,4_2_3,4_3_0,4_3_1,4_3_10,4_3_11,4_3_2,4_3_3,4_3_4,4_3_5,4_3_6,4_3_7,4_3_8,4_3_9,4_4_0,4_4_1,4_4_2,4_4_3,4_4_4,4_4_5,4_4_6,4_cvs,5_0_0,5_0_1,5_0_2,5_0_3,5_1_0,5_1_1,5_1_2,5_1_3,5_1_4,5_1_5,5_1_6,5_2_0,5_2_1,5_cvs</ver>
</PHPModuleRef><PHPModuleRef>
<t>pg_lo_close</t>
<mn>pgsql</mn>
<ft>F</ft>
<ver>4_2_0,4_2_1,4_2_2,4_2_3,4_3_0,4_3_1,4_3_10,4_3_11,4_3_2,4_3_3,4_3_4,4_3_5,4_3_6,4_3_7,4_3_8,4_3_9,4_4_0,4_4_1,4_4_2,4_4_3,4_4_4,4_4_5,4_4_6,4_cvs,5_0_0,5_0_1,5_0_2,5_0_3,5_1_0,5_1_1,5_1_2,5_1_3,5_1_4,5_1_5,5_1_6,5_2_0,5_2_1,5_cvs</ver>
<p4>bool pg_lo_close(resource large_object)</p4>
<p4d>Close a large object </p4d>
<p5>bool pg_lo_close(resource large_object)</p5>
<p5d>Close a large object </p5d>
<texts><text><lng>de</lng>
<d>Schließt ein Large Object</d>
</text><text><lng>en</lng>
<d>Close a large object</d>
</text></texts></PHPModuleRef><PHPModuleRef>
<t>pg_lo_create</t>
<mn>pgsql</mn>
<ft>F</ft>
<ver>4_2_0,4_2_1,4_2_2,4_2_3,4_3_0,4_3_1,4_3_10,4_3_11,4_3_2,4_3_3,4_3_4,4_3_5,4_3_6,4_3_7,4_3_8,4_3_9,4_4_0,4_4_1,4_4_2,4_4_3,4_4_4,4_4_5,4_4_6,4_cvs,5_0_0,5_0_1,5_0_2,5_0_3,5_1_0,5_1_1,5_1_2,5_1_3,5_1_4,5_1_5,5_1_6,5_2_0,5_2_1,5_cvs</ver>
<p4>int pg_lo_create([resource connection])</p4>
<p4d>Create a large object </p4d>
<p5>int pg_lo_create([resource connection])</p5>
<p5d>Create a large object </p5d>
<texts><text><lng>de</lng>
<d>Erzeugt ein Large Object</d>
</text><text><lng>en</lng>
<d>Create a large object</d>
</text></texts></PHPModuleRef><PHPModuleRef>
<t>pg_lo_export</t>
<mn>pgsql</mn>
<ft>F</ft>
<ver>4_2_0,4_2_1,4_2_2,4_2_3,4_3_0,4_3_1,4_3_10,4_3_11,4_3_2,4_3_3,4_3_4,4_3_5,4_3_6,4_3_7,4_3_8,4_3_9,4_4_0,4_4_1,4_4_2,4_4_3,4_4_4,4_4_5,4_4_6,4_cvs,5_0_0,5_0_1,5_0_2,5_0_3,5_1_0,5_1_1,5_1_2,5_1_3,5_1_4,5_1_5,5_1_6,5_2_0,5_2_1,5_cvs</ver>
<p4>bool pg_lo_export([resource connection, ] int objoid, string filename)</p4>
<p4d>Export large object direct to filesystem </p4d>
<p5>bool pg_lo_export([resource connection, ] int objoid, string filename)</p5>
<p5d>Export large object direct to filesystem </p5d>
<texts><text><lng>de</lng>
<d>Exportiert ein Large Object in eine Datei</d>
</text><text><lng>en</lng>
<d>Export a large object to file</d>
</text></texts></PHPModuleRef><PHPModuleRef>
<t>pg_lo_import</t>
<mn>pgsql</mn>
<ft>F</ft>
<ver>4_2_0,4_2_1,4_2_2,4_2_3,4_3_0,4_3_1,4_3_10,4_3_11,4_3_2,4_3_3,4_3_4,4_3_5,4_3_6,4_3_7,4_3_8,4_3_9,4_4_0,4_4_1,4_4_2,4_4_3,4_4_4,4_4_5,4_4_6,4_cvs,5_0_0,5_0_1,5_0_2,5_0_3,5_1_0,5_1_1,5_1_2,5_1_3,5_1_4,5_1_5,5_1_6,5_2_0,5_2_1,5_cvs</ver>
<p4>int pg_lo_import([resource connection, ] string filename)</p4>
<p4d>Import large object direct from filesystem </p4d>
<p5>int pg_lo_import([resource connection, ] string filename)</p5>
<p5d>Import large object direct from filesystem </p5d>
<texts><text><lng>de</lng>
<d>Importiert ein Large Object aus einer Datei</d>
</text><text><lng>en</lng>
<d>Import a large object from file</d>
</text></texts></PHPModuleRef><PHPModuleRef>
<t>pg_lo_open</t>
<mn>pgsql</mn>
<ft>F</ft>
<ver>4_2_0,4_2_1,4_2_2,4_2_3,4_3_0,4_3_1,4_3_10,4_3_11,4_3_2,4_3_3,4_3_4,4_3_5,4_3_6,4_3_7,4_3_8,4_3_9,4_4_0,4_4_1,4_4_2,4_4_3,4_4_4,4_4_5,4_4_6,4_cvs,5_0_0,5_0_1,5_0_2,5_0_3,5_1_0,5_1_1,5_1_2,5_1_3,5_1_4,5_1_5,5_1_6,5_2_0,5_2_1,5_cvs</ver>
<p4>resource pg_lo_open([resource connection,] int large_object_oid, string mode)</p4>
<p4d>Open a large object and return fd </p4d>
<p5>resource pg_lo_open([resource connection,] int large_object_oid, string mode)</p5>
<p5d>Open a large object and return fd </p5d>
<texts><text><lng>de</lng>
<d>Öffnet ein Large Object</d>
</text><text><lng>en</lng>
<d>Open a large object</d>
</text></texts></PHPModuleRef><PHPModuleRef>
<t>pg_lo_read</t>
<mn>pgsql</mn>
<ft>F</ft>
<ver>4_2_0,4_2_1,4_2_2,4_2_3,4_3_0,4_3_1,4_3_10,4_3_11,4_3_2,4_3_3,4_3_4,4_3_5,4_3_6,4_3_7,4_3_8,4_3_9,4_4_0,4_4_1,4_4_2,4_4_3,4_4_4,4_4_5,4_4_6,4_cvs,5_0_0,5_0_1,5_0_2,5_0_3,5_1_0,5_1_1,5_1_2,5_1_3,5_1_4,5_1_5,5_1_6,5_2_0,5_2_1,5_cvs</ver>
<p4>string pg_lo_read(resource large_object [, int len])</p4>
<p4d>Read a large object </p4d>
<p5>string pg_lo_read(resource large_object [, int len])</p5>
<p5d>Read a large object </p5d>
<texts><text><lng>de</lng>
<d>Liest ein Large Object</d>
</text><text><lng>en</lng>
<d>Read a large object</d>
</text></texts></PHPModuleRef><PHPModuleRef>
<t>pg_lo_read_all</t>
<mn>pgsql</mn>
<ft>F</ft>
<ver>4_2_0,4_2_1,4_2_2,4_2_3,4_3_0,4_3_1,4_3_10,4_3_11,4_3_2,4_3_3,4_3_4,4_3_5,4_3_6,4_3_7,4_3_8,4_3_9,4_4_0,4_4_1,4_4_2,4_4_3,4_4_4,4_4_5,4_4_6,4_cvs,5_0_0,5_0_1,5_0_2,5_0_3,5_1_0,5_1_1,5_1_2,5_1_3,5_1_4,5_1_5,5_1_6,5_2_0,5_2_1,5_cvs</ver>
<p4>int pg_lo_read_all(resource large_object)</p4>
<p4d>Read a large object and send straight to browser </p4d>
<p5>int pg_lo_read_all(resource large_object)</p5>
<p5d>Read a large object and send straight to browser </p5d>
<texts><text><lng>de</lng>
<d>Liest ein Large Object vollständig und reicht es direkt an den 
    Browser weiter</d>
</text><text><lng>en</lng>
<d>Reads an entire large object and send straight to browser</d>
</text></texts></PHPModuleRef><PHPModuleRef>
<t>pg_lo_seek</t>
<mn>pgsql</mn>
<ft>F</ft>
<ver>4_2_0,4_2_1,4_2_2,4_2_3,4_3_0,4_3_1,4_3_10,4_3_11,4_3_2,4_3_3,4_3_4,4_3_5,4_3_6,4_3_7,4_3_8,4_3_9,4_4_0,4_4_1,4_4_2,4_4_3,4_4_4,4_4_5,4_4_6,4_cvs,5_0_0,5_0_1,5_0_2,5_0_3,5_1_0,5_1_1,5_1_2,5_1_3,5_1_4,5_1_5,5_1_6,5_2_0,5_2_1,5_cvs</ver>
<p4>bool pg_lo_seek(resource large_object, int offset [, int whence])</p4>
<p4d>Seeks position of large object </p4d>
<p5>bool pg_lo_seek(resource large_object, int offset [, int whence])</p5>
<p5d>Seeks position of large object </p5d>
<texts><text><lng>de</lng>
<d>Setzt die Lese- oder Schreibposition in einem Large Object</d>
</text><text><lng>en</lng>
<d>Seeks position within a large object</d>
</text></texts></PHPModuleRef><PHPModuleRef>
<t>pg_lo_tell</t>
<mn>pgsql</mn>
<ft>F</ft>
<ver>4_2_0,4_2_1,4_2_2,4_2_3,4_3_0,4_3_1,4_3_10,4_3_11,4_3_2,4_3_3,4_3_4,4_3_5,4_3_6,4_3_7,4_3_8,4_3_9,4_4_0,4_4_1,4_4_2,4_4_3,4_4_4,4_4_5,4_4_6,4_cvs,5_0_0,5_0_1,5_0_2,5_0_3,5_1_0,5_1_1,5_1_2,5_1_3,5_1_4,5_1_5,5_1_6,5_2_0,5_2_1,5_cvs</ver>
<p4>int pg_lo_tell(resource large_object)</p4>
<p4d>Returns current position of large object </p4d>
<p5>int pg_lo_tell(resource large_object)</p5>
<p5d>Returns current position of large object </p5d>
<texts><text><lng>de</lng>
<d>Gibt die aktuelle Lese- oder Schreibposition in einem Large Object zurück</d>
</text><text><lng>en</lng>
<d>Returns current seek position a of large object</d>
</text></texts></PHPModuleRef><PHPModuleRef>
<t>pg_lo_unlink</t>
<mn>pgsql</mn>
<ft>F</ft>
<ver>4_2_0,4_2_1,4_2_2,4_2_3,4_3_0,4_3_1,4_3_10,4_3_11,4_3_2,4_3_3,4_3_4,4_3_5,4_3_6,4_3_7,4_3_8,4_3_9,4_4_0,4_4_1,4_4_2,4_4_3,4_4_4,4_4_5,4_4_6,4_cvs,5_0_0,5_0_1,5_0_2,5_0_3,5_1_0,5_1_1,5_1_2,5_1_3,5_1_4,5_1_5,5_1_6,5_2_0,5_2_1,5_cvs</ver>
<p4>bool pg_lo_unlink([resource connection,] string large_object_oid)</p4>
<p4d>Delete a large object </p4d>
<p5>bool pg_lo_unlink([resource connection,] string large_object_oid)</p5>
<p5d>Delete a large object </p5d>
<texts><text><lng>de</lng>
<d>Löscht ein Large Object</d>
</text><text><lng>en</lng>
<d>Delete a large object</d>
</text></texts></PHPModuleRef><PHPModuleRef>
<t>pg_lo_write</t>
<mn>pgsql</mn>
<ft>F</ft>
<ver>4_2_0,4_2_1,4_2_2,4_2_3,4_3_0,4_3_1,4_3_10,4_3_11,4_3_2,4_3_3,4_3_4,4_3_5,4_3_6,4_3_7,4_3_8,4_3_9,4_4_0,4_4_1,4_4_2,4_4_3,4_4_4,4_4_5,4_4_6,4_cvs,5_0_0,5_0_1,5_0_2,5_0_3,5_1_0,5_1_1,5_1_2,5_1_3,5_1_4,5_1_5,5_1_6,5_2_0,5_2_1,5_cvs</ver>
<p4>int pg_lo_write(resource large_object, string buf [, int len])</p4>
<p4d>Write a large object </p4d>
<p5>int pg_lo_write(resource large_object, string buf [, int len])</p5>
<p5d>Write a large object </p5d>
<texts><text><lng>de</lng>
<d>Schreibt in ein Large Object</d>
</text><text><lng>en</lng>
<d>Write to a large object</d>
</text></texts></PHPModuleRef><PHPModuleRef>
<t>pg_meta_data</t>
<mn>pgsql</mn>
<ft>F</ft>
<ver>4_3_0,4_3_1,4_3_10,4_3_11,4_3_2,4_3_3,4_3_4,4_3_5,4_3_6,4_3_7,4_3_8,4_3_9,4_4_0,4_4_1,4_4_2,4_4_3,4_4_4,4_4_5,4_4_6,4_cvs,5_0_0,5_0_1,5_0_2,5_0_3,5_1_0,5_1_1,5_1_2,5_1_3,5_1_4,5_1_5,5_1_6,5_2_0,5_2_1,5_cvs</ver>
<p4>array pg_meta_data(resource db, string table)</p4>
<p4d>Get meta_data </p4d>
<p5>array pg_meta_data(resource db, string table)</p5>
<p5d>Get meta_data </p5d>
<texts><text><lng>de</lng>
<d>Gibt Metadaten einer Tabelle als Array zurück</d>
</text><text><lng>en</lng>
<d>Get meta data for table</d>
</text></texts></PHPModuleRef><PHPModuleRef>
<t>pg_numfields</t>
<mn>pgsql</mn>
<ft>F</ft>
<ver>4_0_0,4_0_1,4_0_2,4_0_3,4_0_4,4_0_5,4_0_6,4_1_0,4_1_1,4_1_2,4_2_0,4_2_1,4_2_2,4_2_3,4_3_0,4_3_1,4_3_10,4_3_11,4_3_2,4_3_3,4_3_4,4_3_5,4_3_6,4_3_7,4_3_8,4_3_9,4_4_0,4_4_1,4_4_2,4_4_3,4_4_4,4_4_5,4_4_6,4_cvs,5_0_0,5_0_1,5_0_2,5_0_3,5_1_0,5_1_1,5_1_2,5_1_3,5_1_4,5_1_5,5_1_6,5_2_0,5_2_1,5_cvs</ver>
</PHPModuleRef><PHPModuleRef>
<t>pg_numrows</t>
<mn>pgsql</mn>
<ft>F</ft>
<ver>4_0_0,4_0_1,4_0_2,4_0_3,4_0_4,4_0_5,4_0_6,4_1_0,4_1_1,4_1_2,4_2_0,4_2_1,4_2_2,4_2_3,4_3_0,4_3_1,4_3_10,4_3_11,4_3_2,4_3_3,4_3_4,4_3_5,4_3_6,4_3_7,4_3_8,4_3_9,4_4_0,4_4_1,4_4_2,4_4_3,4_4_4,4_4_5,4_4_6,4_cvs,5_0_0,5_0_1,5_0_2,5_0_3,5_1_0,5_1_1,5_1_2,5_1_3,5_1_4,5_1_5,5_1_6,5_2_0,5_2_1,5_cvs</ver>
</PHPModuleRef><PHPModuleRef>
<t>pg_num_fields</t>
<mn>pgsql</mn>
<ft>F</ft>
<ver>4_2_0,4_2_1,4_2_2,4_2_3,4_3_0,4_3_1,4_3_10,4_3_11,4_3_2,4_3_3,4_3_4,4_3_5,4_3_6,4_3_7,4_3_8,4_3_9,4_4_0,4_4_1,4_4_2,4_4_3,4_4_4,4_4_5,4_4_6,4_cvs,5_0_0,5_0_1,5_0_2,5_0_3,5_1_0,5_1_1,5_1_2,5_1_3,5_1_4,5_1_5,5_1_6,5_2_0,5_2_1,5_cvs</ver>
<p4>int pg_num_fields(resource result)</p4>
<p4d>Return the number of fields in the result </p4d>
<p5>int pg_num_fields(resource result)</p5>
<p5d>Return the number of fields in the result </p5d>
<texts><text><lng>de</lng>
<d>Gibt die Anzahl der Felder in einem Abfrageergebnis zurück</d>
</text><text><lng>en</lng>
<d>Returns the number of fields in a result</d>
</text></texts></PHPModuleRef><PHPModuleRef>
<t>pg_num_rows</t>
<mn>pgsql</mn>
<ft>F</ft>
<ver>4_2_0,4_2_1,4_2_2,4_2_3,4_3_0,4_3_1,4_3_10,4_3_11,4_3_2,4_3_3,4_3_4,4_3_5,4_3_6,4_3_7,4_3_8,4_3_9,4_4_0,4_4_1,4_4_2,4_4_3,4_4_4,4_4_5,4_4_6,4_cvs,5_0_0,5_0_1,5_0_2,5_0_3,5_1_0,5_1_1,5_1_2,5_1_3,5_1_4,5_1_5,5_1_6,5_2_0,5_2_1,5_cvs</ver>
<p4>int pg_num_rows(resource result)</p4>
<p4d>Return the number of rows in the result </p4d>
<p5>int pg_num_rows(resource result)</p5>
<p5d>Return the number of rows in the result </p5d>
<texts><text><lng>de</lng>
<d>Gibt die Anzahl der Zeilen in einem Abfrageergebnis zurück</d>
</text><text><lng>en</lng>
<d>Returns the number of rows in a result</d>
</text></texts></PHPModuleRef><PHPModuleRef>
<t>pg_options</t>
<mn>pgsql</mn>
<ft>F</ft>
<ver>4_0_0,4_0_1,4_0_2,4_0_3,4_0_4,4_0_5,4_0_6,4_1_0,4_1_1,4_1_2,4_2_0,4_2_1,4_2_2,4_2_3,4_3_0,4_3_1,4_3_10,4_3_11,4_3_2,4_3_3,4_3_4,4_3_5,4_3_6,4_3_7,4_3_8,4_3_9,4_4_0,4_4_1,4_4_2,4_4_3,4_4_4,4_4_5,4_4_6,4_cvs,5_0_0,5_0_1,5_0_2,5_0_3,5_1_0,5_1_1,5_1_2,5_1_3,5_1_4,5_1_5,5_1_6,5_2_0,5_2_1,5_cvs</ver>
<p4>string pg_options([resource connection])</p4>
<p4d>Get the options associated with the connection </p4d>
<p5>string pg_options([resource connection])</p5>
<p5d>Get the options associated with the connection </p5d>
<texts><text><lng>de</lng>
<d>Gibt die Verbindungsoptionen der aktuellen Verbindung zurück</d>
</text><text><lng>en</lng>
<d>Get the options associated with the connection</d>
</text></texts></PHPModuleRef><PHPModuleRef>
<t>pg_parameter_status</t>
<mn>pgsql</mn>
<ft>F</ft>
<ver>5_0_0,5_0_1,5_0_2,5_0_3,5_1_0,5_1_1,5_1_2,5_1_3,5_1_4,5_1_5,5_1_6,5_2_0,5_2_1,5_cvs</ver>
<p5>string|false pg_parameter_status([resource connection,] string param_name)</p5>
<p5d>Returns the value of a server parameter </p5d>
<texts><text><lng>de</lng>
<d>Gibt den Wert einer aktuellen Server-Einstellung zurück.</d>
</text><text><lng>en</lng>
<d>Looks up a current parameter setting of the server.</d>
</text></texts></PHPModuleRef><PHPModuleRef>
<t>pg_pconnect</t>
<mn>pgsql</mn>
<ft>F</ft>
<ver>4_0_0,4_0_1,4_0_2,4_0_3,4_0_4,4_0_5,4_0_6,4_1_0,4_1_1,4_1_2,4_2_0,4_2_1,4_2_2,4_2_3,4_3_0,4_3_1,4_3_10,4_3_11,4_3_2,4_3_3,4_3_4,4_3_5,4_3_6,4_3_7,4_3_8,4_3_9,4_4_0,4_4_1,4_4_2,4_4_3,4_4_4,4_4_5,4_4_6,4_cvs,5_0_0,5_0_1,5_0_2,5_0_3,5_1_0,5_1_1,5_1_2,5_1_3,5_1_4,5_1_5,5_1_6,5_2_0,5_2_1,5_cvs</ver>
<p4>resource pg_pconnect(string connection_string | [string host, string port [, string options [, strin</p4>
<p4d>Open a persistent PostgreSQL connection </p4d>
<p5>resource pg_pconnect(string connection_string | [string host, string port [, string options [, strin</p5>
<p5d>Open a persistent PostgreSQL connection </p5d>
<texts><text><lng>de</lng>
<d>Öffnet eine persistente PostgreSQL-Verbindung</d>
</text><text><lng>en</lng>
<d>Open a persistent PostgreSQL connection</d>
</text></texts></PHPModuleRef><PHPModuleRef>
<t>pg_ping</t>
<mn>pgsql</mn>
<ft>F</ft>
<ver>4_3_0,4_3_1,4_3_10,4_3_11,4_3_2,4_3_3,4_3_4,4_3_5,4_3_6,4_3_7,4_3_8,4_3_9,4_4_0,4_4_1,4_4_2,4_4_3,4_4_4,4_4_5,4_4_6,4_cvs,5_0_0,5_0_1,5_0_2,5_0_3,5_1_0,5_1_1,5_1_2,5_1_3,5_1_4,5_1_5,5_1_6,5_2_0,5_2_1,5_cvs</ver>
<p4>bool pg_ping(resource connection)</p4>
<p4d>Ping database. If connection is bad, try to reconnect. </p4d>
<p5>bool pg_ping([resource connection])</p5>
<p5d>Ping database. If connection is bad, try to reconnect. </p5d>
<texts><text><lng>de</lng>
<d>Prüft die Datenbankverbindung</d>
</text><text><lng>en</lng>
<d>Ping database connection</d>
</text></texts></PHPModuleRef><PHPModuleRef>
<t>pg_port</t>
<mn>pgsql</mn>
<ft>F</ft>
<ver>4_0_0,4_0_1,4_0_2,4_0_3,4_0_4,4_0_5,4_0_6,4_1_0,4_1_1,4_1_2,4_2_0,4_2_1,4_2_2,4_2_3,4_3_0,4_3_1,4_3_10,4_3_11,4_3_2,4_3_3,4_3_4,4_3_5,4_3_6,4_3_7,4_3_8,4_3_9,4_4_0,4_4_1,4_4_2,4_4_3,4_4_4,4_4_5,4_4_6,4_cvs,5_0_0,5_0_1,5_0_2,5_0_3,5_1_0,5_1_1,5_1_2,5_1_3,5_1_4,5_1_5,5_1_6,5_2_0,5_2_1,5_cvs</ver>
<p4>int pg_port([resource connection])</p4>
<p4d>Return the port number associated with the connection </p4d>
<p5>int pg_port([resource connection])</p5>
<p5d>Return the port number associated with the connection </p5d>
<texts><text><lng>de</lng>
<d>Gibt die Portnummer zurück, über die die Verbindung aufgebaut wurde</d>
</text><text><lng>en</lng>
<d>Return the port number associated with the connection</d>
</text></texts></PHPModuleRef><PHPModuleRef>
<t>pg_prepare</t>
<mn>pgsql</mn>
<ft>F</ft>
<ver>5_1_0,5_1_1,5_1_2,5_1_3,5_1_4,5_1_5,5_1_6,5_2_0,5_2_1,5_cvs</ver>
<p5>resource pg_prepare([resource connection,] string stmtname, string query)</p5>
<p5d>Prepare a query for future execution </p5d>
<texts><text><lng>de</lng>
<d>Sendet eine Aufforderung an den Server, eine vorbereitete Anfrage mit denübergebenen Parametern zu erzeugen und wartet auf ihre Beendigung.</d>
</text><text><lng>en</lng>
<d>Submits a request to create a prepared statement with thegiven parameters, and waits for completion.</d>
</text></texts></PHPModuleRef><PHPModuleRef>
<t>pg_put_line</t>
<mn>pgsql</mn>
<ft>F</ft>
<ver>4_0_3,4_0_4,4_0_5,4_0_6,4_1_0,4_1_1,4_1_2,4_2_0,4_2_1,4_2_2,4_2_3,4_3_0,4_3_1,4_3_10,4_3_11,4_3_2,4_3_3,4_3_4,4_3_5,4_3_6,4_3_7,4_3_8,4_3_9,4_4_0,4_4_1,4_4_2,4_4_3,4_4_4,4_4_5,4_4_6,4_cvs,5_0_0,5_0_1,5_0_2,5_0_3,5_1_0,5_1_1,5_1_2,5_1_3,5_1_4,5_1_5,5_1_6,5_2_0,5_2_1,5_cvs</ver>
<p4>bool pg_put_line([resource connection,] string query)</p4>
<p4d>Send null-terminated string to backend server</p4d>
<p5>bool pg_put_line([resource connection,] string query)</p5>
<p5d>Send null-terminated string to backend server</p5d>
<texts><text><lng>de</lng>
<d>Sendet eine NULL-terminierte Zeichenkette zum PostgreSQL-Server</d>
</text><text><lng>en</lng>
<d>Send a NULL-terminated string to PostgreSQL backend</d>
</text></texts></PHPModuleRef><PHPModuleRef>
<t>pg_query</t>
<mn>pgsql</mn>
<ft>F</ft>
<ver>4_2_0,4_2_1,4_2_2,4_2_3,4_3_0,4_3_1,4_3_10,4_3_11,4_3_2,4_3_3,4_3_4,4_3_5,4_3_6,4_3_7,4_3_8,4_3_9,4_4_0,4_4_1,4_4_2,4_4_3,4_4_4,4_4_5,4_4_6,4_cvs,5_0_0,5_0_1,5_0_2,5_0_3,5_1_0,5_1_1,5_1_2,5_1_3,5_1_4,5_1_5,5_1_6,5_2_0,5_2_1,5_cvs</ver>
<p4>resource pg_query([resource connection,] string query)</p4>
<p4d>Execute a query </p4d>
<p5>resource pg_query([resource connection,] string query)</p5>
<p5d>Execute a query </p5d>
<texts><text><lng>de</lng>
<d>Führt eine Abfrage aus</d>
</text><text><lng>en</lng>
<d>Execute a query</d>
</text></texts></PHPModuleRef><PHPModuleRef>
<t>pg_query_params</t>
<mn>pgsql</mn>
<ft>F</ft>
<ver>5_1_0,5_1_1,5_1_2,5_1_3,5_1_4,5_1_5,5_1_6,5_2_0,5_2_1,5_cvs</ver>
<p5>resource pg_query_params([resource connection,] string query, array params)</p5>
<p5d>Execute a query </p5d>
<texts><text><lng>de</lng>
<d>Sendet ein Kommando zum Server und wartet seine Ausführung
  ab. Getrennt vom SQL-Kommando können dabei Parameter übergeben werden.</d>
</text><text><lng>en</lng>
<d>Submits a command to the server and waits for the result, with the ability to pass parameters separately from the SQL command text.</d>
</text></texts></PHPModuleRef><PHPModuleRef>
<t>pg_result</t>
<mn>pgsql</mn>
<ft>F</ft>
<ver>4_0_0,4_0_1,4_0_2,4_0_3,4_0_4,4_0_5,4_0_6,4_1_0,4_1_1,4_1_2,4_2_0,4_2_1,4_2_2,4_2_3,4_3_0,4_3_1,4_3_10,4_3_11,4_3_2,4_3_3,4_3_4,4_3_5,4_3_6,4_3_7,4_3_8,4_3_9,4_4_0,4_4_1,4_4_2,4_4_3,4_4_4,4_4_5,4_4_6,4_cvs,5_0_0,5_0_1,5_0_2,5_0_3,5_1_0,5_1_1,5_1_2,5_1_3,5_1_4,5_1_5,5_1_6,5_2_0,5_2_1,5_cvs</ver>
</PHPModuleRef><PHPModuleRef>
<t>pg_result_error</t>
<mn>pgsql</mn>
<ft>F</ft>
<ver>4_2_0,4_2_1,4_2_2,4_2_3,4_3_0,4_3_1,4_3_10,4_3_11,4_3_2,4_3_3,4_3_4,4_3_5,4_3_6,4_3_7,4_3_8,4_3_9,4_4_0,4_4_1,4_4_2,4_4_3,4_4_4,4_4_5,4_4_6,4_cvs,5_0_0,5_0_1,5_0_2,5_0_3,5_1_0,5_1_1,5_1_2,5_1_3,5_1_4,5_1_5,5_1_6,5_2_0,5_2_1,5_cvs</ver>
<p4>string pg_result_error(resource result)</p4>
<p4d>Get error message associated with result </p4d>
<p5>string pg_result_error(resource result)</p5>
<p5d>Get error message associated with result </p5d>
<texts><text><lng>de</lng>
<d>Gibt die mit der Ergebniskennung verknüpfte Fehlermeldung zurück</d>
</text><text><lng>en</lng>
<d>Get error message associated with result</d>
</text></texts></PHPModuleRef><PHPModuleRef>
<t>pg_result_error_field</t>
<mn>pgsql</mn>
<ft>F</ft>
<ver>5_1_0,5_1_1,5_1_2,5_1_3,5_1_4,5_1_5,5_1_6,5_2_0,5_2_1,5_cvs</ver>
<p5>string pg_result_error_field(resource result, int fieldcode)</p5>
<p5d>Get error message field associated with result </p5d>
<texts><text><lng>de</lng>
<d>Gibt den Inhalt eines bestimmtes Feldes zu einer Fehlermeldung zurück.</d>
</text><text><lng>en</lng>
<d>Returns an individual field of an error report.</d>
</text></texts></PHPModuleRef><PHPModuleRef>
<t>pg_result_seek</t>
<mn>pgsql</mn>
<ft>F</ft>
<ver>4_3_0,4_3_1,4_3_10,4_3_11,4_3_2,4_3_3,4_3_4,4_3_5,4_3_6,4_3_7,4_3_8,4_3_9,4_4_0,4_4_1,4_4_2,4_4_3,4_4_4,4_4_5,4_4_6,4_cvs,5_0_0,5_0_1,5_0_2,5_0_3,5_1_0,5_1_1,5_1_2,5_1_3,5_1_4,5_1_5,5_1_6,5_2_0,5_2_1,5_cvs</ver>
<p4>bool pg_result_seek(resource result, int offset)</p4>
<p4d>Set internal row offset </p4d>
<p5>bool pg_result_seek(resource result, int offset)</p5>
<p5d>Set internal row offset </p5d>
<texts><text><lng>de</lng>
<d>Setzt den internen Datensatzzeiger auf die angegebenePosition in einem Abfrageergebnis</d>
</text><text><lng>en</lng>
<d>Set internal row offset in result resource</d>
</text></texts></PHPModuleRef><PHPModuleRef>
<t>pg_result_status</t>
<mn>pgsql</mn>
<ft>F</ft>
<ver>4_2_0,4_2_1,4_2_2,4_2_3,4_3_0,4_3_1,4_3_10,4_3_11,4_3_2,4_3_3,4_3_4,4_3_5,4_3_6,4_3_7,4_3_8,4_3_9,4_4_0,4_4_1,4_4_2,4_4_3,4_4_4,4_4_5,4_4_6,4_cvs,5_0_0,5_0_1,5_0_2,5_0_3,5_1_0,5_1_1,5_1_2,5_1_3,5_1_4,5_1_5,5_1_6,5_2_0,5_2_1,5_cvs</ver>
<p4>int pg_result_status(resource result[, long result_type])</p4>
<p4d>Get status of query result </p4d>
<p5>mixed pg_result_status(resource result[, long result_type])</p5>
<p5d>Get status of query result </p5d>
<texts><text><lng>de</lng>
<d>Gibt den Status eines Abfrageergebnisses zurück</d>
</text><text><lng>en</lng>
<d>Get status of query result</d>
</text></texts></PHPModuleRef><PHPModuleRef>
<t>pg_select</t>
<mn>pgsql</mn>
<ft>F</ft>
<ver>4_3_0,4_3_1,4_3_10,4_3_11,4_3_2,4_3_3,4_3_4,4_3_5,4_3_6,4_3_7,4_3_8,4_3_9,4_4_0,4_4_1,4_4_2,4_4_3,4_4_4,4_4_5,4_4_6,4_cvs,5_0_0,5_0_1,5_0_2,5_0_3,5_1_0,5_1_1,5_1_2,5_1_3,5_1_4,5_1_5,5_1_6,5_2_0,5_2_1,5_cvs</ver>
<p4>mixed pg_select(resource db, string table, array ids[, int options])</p4>
<p4d>Select records that has ids (id=&gt;value) </p4d>
<p5>mixed pg_select(resource db, string table, array ids[, int options])</p5>
<p5d>Select records that has ids (id=&gt;value) </p5d>
<texts><text><lng>de</lng>
<d>Wählt Datensätze aus</d>
</text><text><lng>en</lng>
<d>Select records</d>
</text></texts></PHPModuleRef><PHPModuleRef>
<t>pg_send_execute</t>
<mn>pgsql</mn>
<ft>F</ft>
<ver>5_1_0,5_1_1,5_1_2,5_1_3,5_1_4,5_1_5,5_1_6,5_2_0,5_2_1,5_cvs</ver>
<p5>bool pg_send_execute(resource connection, string stmtname, array params)</p5>
<p5d>Executes prevriously prepared stmtname asynchronously </p5d>
<texts><text><lng>de</lng>
<d>Sendet eine Aufforderung an den Server, eine vorbereitete Abfrage mit denübergebenen Parametern auszuführen, ohne auf die Ergebnisse zu warten.</d>
</text><text><lng>en</lng>
<d>Sends a request to execute a prepared statement with given parameters, without waiting for the result(s).</d>
</text></texts></PHPModuleRef><PHPModuleRef>
<t>pg_send_prepare</t>
<mn>pgsql</mn>
<ft>F</ft>
<ver>5_1_0,5_1_1,5_1_2,5_1_3,5_1_4,5_1_5,5_1_6,5_2_0,5_2_1,5_cvs</ver>
<p5>bool pg_send_prepare(resource connection, string stmtname, string query)</p5>
<p5d>Asynchronously prepare a query for future execution </p5d>
<texts><text><lng>de</lng>
<d>Sendet eine Aufforderung an den Server, eine vorbereitete Abfrage mit denübergebenen Parametern zu erzeugen, ohne auf ihre Beendigung zu warten.</d>
</text><text><lng>en</lng>
<d>Sends a request to create a prepared statement with the given parameters, without waiting for completion.</d>
</text></texts></PHPModuleRef><PHPModuleRef>
<t>pg_send_query</t>
<mn>pgsql</mn>
<ft>F</ft>
<ver>4_2_0,4_2_1,4_2_2,4_2_3,4_3_0,4_3_1,4_3_10,4_3_11,4_3_2,4_3_3,4_3_4,4_3_5,4_3_6,4_3_7,4_3_8,4_3_9,4_4_0,4_4_1,4_4_2,4_4_3,4_4_4,4_4_5,4_4_6,4_cvs,5_0_0,5_0_1,5_0_2,5_0_3,5_1_0,5_1_1,5_1_2,5_1_3,5_1_4,5_1_5,5_1_6,5_2_0,5_2_1,5_cvs</ver>
<p4>bool pg_send_query(resource connection, string qeury)</p4>
<p4d>Send asynchronous query </p4d>
<p5>bool pg_send_query(resource connection, string query)</p5>
<p5d>Send asynchronous query </p5d>
<texts><text><lng>de</lng>
<d>Sendet eine asynchrone Abfrage</d>
</text><text><lng>en</lng>
<d>Sends asynchronous query</d>
</text></texts></PHPModuleRef><PHPModuleRef>
<t>pg_send_query_params</t>
<mn>pgsql</mn>
<ft>F</ft>
<ver>5_1_0,5_1_1,5_1_2,5_1_3,5_1_4,5_1_5,5_1_6,5_2_0,5_2_1,5_cvs</ver>
<p5>bool pg_send_query_params(resource connection, string query)</p5>
<p5d>Send asynchronous parameterized query </p5d>
<texts><text><lng>de</lng>
<d>Sendet ein Kommando und separate Parameter zum Server,ohne auf die Rückgabe der Ergebnisse zu warten.</d>
</text><text><lng>en</lng>
<d>Submits a command and separate parameters to the server without waiting for the result(s).</d>
</text></texts></PHPModuleRef><PHPModuleRef>
<t>pg_setclientencoding</t>
<mn>pgsql</mn>
<ft>F</ft>
<ver>4_0_2,4_0_3,4_0_4,4_0_5,4_0_6,4_1_0,4_1_1,4_1_2,4_2_0,4_2_1,4_2_2,4_2_3,4_3_0,4_3_1,4_3_10,4_3_11,4_3_2,4_3_3,4_3_4,4_3_5,4_3_6,4_3_7,4_3_8,4_3_9,4_4_0,4_4_1,4_4_2,4_4_3,4_4_4,4_4_5,4_4_6,4_cvs,5_0_0,5_0_1,5_0_2,5_0_3,5_1_0,5_1_1,5_1_2,5_1_3,5_1_4,5_1_5,5_1_6,5_2_0,5_2_1,5_cvs</ver>
</PHPModuleRef><PHPModuleRef>
<t>pg_set_client_encoding</t>
<mn>pgsql</mn>
<ft>F</ft>
<ver>4_0_3,4_0_4,4_0_5,4_0_6,4_1_0,4_1_1,4_1_2,4_2_0,4_2_1,4_2_2,4_2_3,4_3_0,4_3_1,4_3_10,4_3_11,4_3_2,4_3_3,4_3_4,4_3_5,4_3_6,4_3_7,4_3_8,4_3_9,4_4_0,4_4_1,4_4_2,4_4_3,4_4_4,4_4_5,4_4_6,4_cvs,5_0_0,5_0_1,5_0_2,5_0_3,5_1_0,5_1_1,5_1_2,5_1_3,5_1_4,5_1_5,5_1_6,5_2_0,5_2_1,5_cvs</ver>
<p4>int pg_set_client_encoding([resource connection,] string encoding)</p4>
<p4d>Set client encoding </p4d>
<p5>int pg_set_client_encoding([resource connection,] string encoding)</p5>
<p5d>Set client encoding </p5d>
<texts><text><lng>de</lng>
<d>Setzt die Kodierung des Clients</d>
</text><text><lng>en</lng>
<d>Set the client encoding</d>
</text></texts></PHPModuleRef><PHPModuleRef>
<t>pg_set_error_verbosity</t>
<mn>pgsql</mn>
<ft>F</ft>
<ver>5_1_0,5_1_1,5_1_2,5_1_3,5_1_4,5_1_5,5_1_6,5_2_0,5_2_1,5_cvs</ver>
<p5>int pg_set_error_verbosity([resource connection,] int verbosity)</p5>
<p5d>Set error verbosity </p5d>
<texts><text><lng>de</lng>
<d>Bestimmt den Detaillierungsgrad von Fehlermeldungen, die vonpg_last_errorundpg_result_errorzurückgegeben werden.</d>
</text><text><lng>en</lng>
<d>Determines the verbosity of messages returned bypg_last_errorandpg_result_error.</d>
</text></texts></PHPModuleRef><PHPModuleRef>
<t>pg_trace</t>
<mn>pgsql</mn>
<ft>F</ft>
<ver>4_0_1,4_0_2,4_0_3,4_0_4,4_0_5,4_0_6,4_1_0,4_1_1,4_1_2,4_2_0,4_2_1,4_2_2,4_2_3,4_3_0,4_3_1,4_3_10,4_3_11,4_3_2,4_3_3,4_3_4,4_3_5,4_3_6,4_3_7,4_3_8,4_3_9,4_4_0,4_4_1,4_4_2,4_4_3,4_4_4,4_4_5,4_4_6,4_cvs,5_0_0,5_0_1,5_0_2,5_0_3,5_1_0,5_1_1,5_1_2,5_1_3,5_1_4,5_1_5,5_1_6,5_2_0,5_2_1,5_cvs</ver>
<p4>bool pg_trace(string filename [, string mode [, resource connection]])</p4>
<p4d>Enable tracing a PostgreSQL connection </p4d>
<p5>bool pg_trace(string filename [, string mode [, resource connection]])</p5>
<p5d>Enable tracing a PostgreSQL connection </p5d>
<texts><text><lng>de</lng>
<d>Ermöglicht die Ablaufverfolgung einer Verbindung</d>
</text><text><lng>en</lng>
<d>Enable tracing a PostgreSQL connection</d>
</text></texts></PHPModuleRef><PHPModuleRef>
<t>pg_transaction_status</t>
<mn>pgsql</mn>
<ft>F</ft>
<ver>5_1_0,5_1_1,5_1_2,5_1_3,5_1_4,5_1_5,5_1_6,5_2_0,5_2_1,5_cvs</ver>
<p5>int pg_transaction_status(resource connnection)</p5>
<p5d>Get transaction status </p5d>
<texts><text><lng>de</lng>
<d>Gibt den aktuellen Transaktionsstatus des Servers zurück.</d>
</text><text><lng>en</lng>
<d>Returns the current in-transaction status of the server.</d>
</text></texts></PHPModuleRef><PHPModuleRef>
<t>pg_tty</t>
<mn>pgsql</mn>
<ft>F</ft>
<ver>4_0_0,4_0_1,4_0_2,4_0_3,4_0_4,4_0_5,4_0_6,4_1_0,4_1_1,4_1_2,4_2_0,4_2_1,4_2_2,4_2_3,4_3_0,4_3_1,4_3_10,4_3_11,4_3_2,4_3_3,4_3_4,4_3_5,4_3_6,4_3_7,4_3_8,4_3_9,4_4_0,4_4_1,4_4_2,4_4_3,4_4_4,4_4_5,4_4_6,4_cvs,5_0_0,5_0_1,5_0_2,5_0_3,5_1_0,5_1_1,5_1_2,5_1_3,5_1_4,5_1_5,5_1_6,5_2_0,5_2_1,5_cvs</ver>
<p4>string pg_tty([resource connection])</p4>
<p4d>Return the tty name associated with the connection </p4d>
<p5>string pg_tty([resource connection])</p5>
<p5d>Return the tty name associated with the connection </p5d>
<texts><text><lng>de</lng>
<d>Gibt den TTY Namen für die Verbindung zurück</d>
</text><text><lng>en</lng>
<d>Return the TTY name associated with the connection</d>
</text><text><lng>es</lng>
<d>Devuelve el nombre del tty</d>
</text></texts></PHPModuleRef><PHPModuleRef>
<t>pg_unescape_bytea</t>
<mn>pgsql</mn>
<ft>F</ft>
<ver>4_3_0,4_3_1,4_3_10,4_3_11,4_3_2,4_3_3,4_3_4,4_3_5,4_3_6,4_3_7,4_3_8,4_3_9,4_4_0,4_4_1,4_4_2,4_4_3,4_4_4,4_4_5,4_4_6,4_cvs,5_0_0,5_0_1,5_0_2,5_0_3,5_1_0,5_1_1,5_1_2,5_1_3,5_1_4,5_1_5,5_1_6,5_2_0,5_2_1,5_cvs</ver>
<p4>string pg_unescape_bytea(string data)</p4>
<p4d>Unescape binary for bytea type  </p4d>
<p5>string pg_unescape_bytea(string data)</p5>
<p5d>Unescape binary for bytea type  </p5d>
<texts><text><lng>de</lng>
<d>Entfernt Maskierungen für den Typ bytea</d>
</text><text><lng>en</lng>
<d>Unescape binary for bytea type</d>
</text></texts></PHPModuleRef><PHPModuleRef>
<t>pg_untrace</t>
<mn>pgsql</mn>
<ft>F</ft>
<ver>4_0_1,4_0_2,4_0_3,4_0_4,4_0_5,4_0_6,4_1_0,4_1_1,4_1_2,4_2_0,4_2_1,4_2_2,4_2_3,4_3_0,4_3_1,4_3_10,4_3_11,4_3_2,4_3_3,4_3_4,4_3_5,4_3_6,4_3_7,4_3_8,4_3_9,4_4_0,4_4_1,4_4_2,4_4_3,4_4_4,4_4_5,4_4_6,4_cvs,5_0_0,5_0_1,5_0_2,5_0_3,5_1_0,5_1_1,5_1_2,5_1_3,5_1_4,5_1_5,5_1_6,5_2_0,5_2_1,5_cvs</ver>
<p4>bool pg_untrace([resource connection])</p4>
<p4d>Disable tracing of a PostgreSQL connection </p4d>
<p5>bool pg_untrace([resource connection])</p5>
<p5d>Disable tracing of a PostgreSQL connection </p5d>
<texts><text><lng>de</lng>
<d>Beendet die Ablaufverfolgung einer PostgreSQL-Verbindung</d>
</text><text><lng>en</lng>
<d>Disable tracing of a PostgreSQL connection</d>
</text></texts></PHPModuleRef><PHPModuleRef>
<t>pg_update</t>
<mn>pgsql</mn>
<ft>F</ft>
<ver>4_3_0,4_3_1,4_3_10,4_3_11,4_3_2,4_3_3,4_3_4,4_3_5,4_3_6,4_3_7,4_3_8,4_3_9,4_4_0,4_4_1,4_4_2,4_4_3,4_4_4,4_4_5,4_4_6,4_cvs,5_0_0,5_0_1,5_0_2,5_0_3,5_1_0,5_1_1,5_1_2,5_1_3,5_1_4,5_1_5,5_1_6,5_2_0,5_2_1,5_cvs</ver>
<p4>mixed pg_update(resource db, string table, array fields, array ids[, int options])</p4>
<p4d>Update table using values (field=&gt;value) and ids (id=&gt;value) </p4d>
<p5>mixed pg_update(resource db, string table, array fields, array ids[, int options])</p5>
<p5d>Update table using values (field=&gt;value) and ids (id=&gt;value) </p5d>
<texts><text><lng>de</lng>
<d>Aktualisiert eine Tabelle</d>
</text><text><lng>en</lng>
<d>Update table</d>
</text></texts></PHPModuleRef><PHPModuleRef>
<t>pg_version</t>
<mn>pgsql</mn>
<ft>F</ft>
<ver>5_0_0,5_0_1,5_0_2,5_0_3,5_1_0,5_1_1,5_1_2,5_1_3,5_1_4,5_1_5,5_1_6,5_2_0,5_2_1,5_cvs</ver>
<p5>array pg_version([resource connection])</p5>
<p5d>Returns an array with client, protocol and server version (when available) </p5d>
<texts><text><lng>de</lng>
<d>Gibt ein Array zurück, das die Versionen von Client, Protokoll und Server zurückgibt (falls verfügbar)</d>
</text><text><lng>en</lng>
<d>Returns an array with client, protocol and server version (when available)</d>
</text></texts></PHPModuleRef><PHPModuleRef>
<t>pg_Close</t>
<mn>pgsql</mn>
<ft>F</ft>
<ver></ver>
<texts><text><lng>es</lng>
<d>Cierra una conexión PostgreSQL</d>
</text></texts></PHPModuleRef><PHPModuleRef>
<t>pg_Connect</t>
<mn>pgsql</mn>
<ft>F</ft>
<ver></ver>
<texts><text><lng>es</lng>
<d>Abre una conexión</d>
</text></texts></PHPModuleRef><PHPModuleRef>
<t>pg_DBname</t>
<mn>pgsql</mn>
<ft>F</ft>
<ver></ver>
<texts><text><lng>es</lng>
<d>Nombre de la base de datos</d>
</text></texts></PHPModuleRef><PHPModuleRef>
<t>pg_Fetch_Array</t>
<mn>pgsql</mn>
<ft>F</ft>
<ver></ver>
<texts><text><lng>es</lng>
<d>obtiene una fila en la forma de un array</d>
</text></texts></PHPModuleRef><PHPModuleRef>
<t>pg_Fetch_Object</t>
<mn>pgsql</mn>
<ft>F</ft>
<ver></ver>
<texts><text><lng>es</lng>
<d>obtener una fila en forma de objeto</d>
</text></texts></PHPModuleRef><PHPModuleRef>
<t>pg_Fetch_Row</t>
<mn>pgsql</mn>
<ft>F</ft>
<ver></ver>
<texts><text><lng>es</lng>
<d>obtiene la fila como un array enumerado</d>
</text></texts></PHPModuleRef><PHPModuleRef>
<t>pg_Host</t>
<mn>pgsql</mn>
<ft>F</ft>
<ver></ver>
<texts><text><lng>es</lng>
<d>Devuelve el nombre del host</d>
</text></texts></PHPModuleRef><PHPModuleRef>
<t>pg_Options</t>
<mn>pgsql</mn>
<ft>F</ft>
<ver></ver>
<texts><text><lng>es</lng>
<d>Devuelve opciones</d>
</text></texts></PHPModuleRef><PHPModuleRef>
<t>pg_pConnect</t>
<mn>pgsql</mn>
<ft>F</ft>
<ver></ver>
<texts><text><lng>es</lng>
<d>Crea una conexión persistente con una base de datos</d>
</text></texts></PHPModuleRef><PHPModuleRef>
<t>pg_Port</t>
<mn>pgsql</mn>
<ft>F</ft>
<ver></ver>
<texts><text><lng>es</lng>
<d>Devuelve el número de puerto</d>
</text></texts></PHPModuleRef><PHPModuleRef>
<t>PGSQL_ASSOC</t>
<mn>pgsql</mn>
<ft>C</ft>
<p4>integer PGSQL_ASSOC</p4>
<p5>integer PGSQL_ASSOC</p5>
<texts><text><lng>de</lng>
<d>Wird an die Funktion pg_fetch_arrayübergeben. Gibt ein assoziatives Array zurück, mit den Feldnamen
	  als Indizes und den entsprechenden Werten.</d>
</text><text><lng>en</lng>
<d>Passed to pg_fetch_array. Return an associative array of field
      names and values.</d>
</text><text><lng>es</lng>
<d>Pasada a pg_fetch_array. Devolver una matriz
     asociativa de nombres y valores de campo.</d>
</text></texts></PHPModuleRef><PHPModuleRef>
<t>PGSQL_BAD_RESPONSE</t>
<mn>pgsql</mn>
<ft>C</ft>
<p4>integer PGSQL_BAD_RESPONSE</p4>
<p5>integer PGSQL_BAD_RESPONSE</p5>
<texts><text><lng>de</lng>
<d>Wird von der Funktion pg_result_status
	 zurückgegeben. Die Serverantwort wurde nicht verstanden.</d>
</text><text><lng>en</lng>
<d>Returned by pg_result_status. The server's response 
     was not understood.</d>
</text><text><lng>es</lng>
<d>Devuelta por pg_result_status. La respuesta
     del servidor no fue entendida.</d>
</text></texts></PHPModuleRef><PHPModuleRef>
<t>PGSQL_BOTH</t>
<mn>pgsql</mn>
<ft>C</ft>
<p4>integer PGSQL_BOTH</p4>
<p5>integer PGSQL_BOTH</p5>
<texts><text><lng>de</lng>
<d>Wird an die Funktion pg_fetch_arrayübergeben. Gibt ein Array zurück, das sowohl assoziativ (mit den Feldnamen) als auch numerisch (mit den Feldnummern) indiziert ist, und den entsprechenden Werten.</d>
</text><text><lng>en</lng>
<d>Passed to pg_fetch_array. Return an array of field values
      that is both numerically indexed (by field number) and associated (by field name).</d>
</text><text><lng>es</lng>
<d>Pasada a pg_fetch_array. Devolver una matriz
     de valores de campo que sea indexada numéricamente (por
     número de campo) y asociativamente (por nombre de campo).</d>
</text></texts></PHPModuleRef><PHPModuleRef>
<t>PGSQL_COMMAND_OK</t>
<mn>pgsql</mn>
<ft>C</ft>
<p4>integer PGSQL_COMMAND_OK</p4>
<p5>integer PGSQL_COMMAND_OK</p5>
<texts><text><lng>de</lng>
<d>Wird von der Funktion pg_result_status
	 zurückgegeben. Ein Kommando wurde erfolgreich ausgeführt, aber es
	 wurden keine Daten zurückgegeben.</d>
</text><text><lng>en</lng>
<d>Returned by pg_result_status. Successful completion of a 
     command returning no data.</d>
</text><text><lng>es</lng>
<d>Devuelta porpg_result_status. Culminación exitosa
     de un comando que no devuelve datos.</d>
</text></texts></PHPModuleRef><PHPModuleRef>
<t>PGSQL_CONNECTION_BAD</t>
<mn>pgsql</mn>
<ft>C</ft>
<p4>integer PGSQL_CONNECTION_BAD</p4>
<p5>integer PGSQL_CONNECTION_BAD</p5>
<texts><text><lng>de</lng>
<d>Wird von der Funktion pg_connection_status
	  zurückgegeben und  zeigt an, dass der Status der
	  Datenbankverbindung ungültig ist.</d>
</text><text><lng>en</lng>
<d>Returned by pg_connection_status indicating that the database
      connection is in an invalid state.</d>
</text><text><lng>es</lng>
<d>Devuelta por pg_connection_status indicando
     que la conexión de base de datos está en un estado
     inválido.</d>
</text></texts></PHPModuleRef><PHPModuleRef>
<t>PGSQL_CONNECTION_OK</t>
<mn>pgsql</mn>
<ft>C</ft>
<p4>integer PGSQL_CONNECTION_OK</p4>
<p5>integer PGSQL_CONNECTION_OK</p5>
<texts><text><lng>de</lng>
<d>Wird von der Funktion pg_connection_status
	  zurückgegeben und zeigt an, dass der Status der
	  Datenbankverbindung gültig ist.</d>
</text><text><lng>en</lng>
<d>Returned by pg_connection_status indicating that the database
      connection is in a valid state.</d>
</text><text><lng>es</lng>
<d>Devuelta por pg_connection_status indicando
     que la conexión de base de datos está en un estado
     válido.</d>
</text></texts></PHPModuleRef><PHPModuleRef>
<t>PGSQL_CONNECT_FORCE_NEW</t>
<mn>pgsql</mn>
<ft>C</ft>
<p4>integer PGSQL_CONNECT_FORCE_NEW</p4>
<p5>integer PGSQL_CONNECT_FORCE_NEW</p5>
<texts><text><lng>de</lng>
<d>Wird an die Funktion pg_connectübergeben, um
	  eine neue Verbindung zu erzwingen, anstatt eine identische,
	  bereits geöffnete Verbindung wieder zu benutzen.</d>
</text><text><lng>en</lng>
<d>Passed to pg_connect to force the creation of a new connection,
      rather then re-using an existing identical connection.</d>
</text><text><lng>es</lng>
<d>Pasada a pg_connect para forzar la
     creación de una nueva conexión, en lugar de re-usar
     una conexión existente idéntica.</d>
</text></texts></PHPModuleRef><PHPModuleRef>
<t>PGSQL_CONV_FORCE_NULL</t>
<mn>pgsql</mn>
<ft>C</ft>
<p4>integer PGSQL_CONV_FORCE_NULL</p4>
<p5>integer PGSQL_CONV_FORCE_NULL</p5>
<texts><text><lng>de</lng>
<d>Wird an die Funktion pg_convertübergeben.
     Anstelle eines leeren Strings string wird der SQL
	 Nullwert NULL benutzt.</d>
</text><text><lng>en</lng>
<d>Passed to pg_convert.
     Use SQL NULL in place of an empty string.</d>
</text><text><lng>es</lng>
<d>Pasada a pg_convert. Usar el valor SQLNULL en lugar de un valor string
     vacío.</d>
</text></texts></PHPModuleRef><PHPModuleRef>
<t>PGSQL_CONV_IGNORE_DEFAULT</t>
<mn>pgsql</mn>
<ft>C</ft>
<p4>integer PGSQL_CONV_IGNORE_DEFAULT</p4>
<p5>integer PGSQL_CONV_IGNORE_DEFAULT</p5>
<texts><text><lng>de</lng>
<d>Wird an die Funktion pg_convertübergeben.
	 Während der Konversion werden Standardwerte in der Tabelle
	 ignoriert.</d>
</text><text><lng>en</lng>
<d>Passed to pg_convert.
     Ignore default values in the table during conversion.</d>
</text><text><lng>es</lng>
<d>Pasada a pg_convert. Ignorar valores
     predeterminados en la tabla durante la conversión.</d>
</text></texts></PHPModuleRef><PHPModuleRef>
<t>PGSQL_COPY_IN</t>
<mn>pgsql</mn>
<ft>C</ft>
<p4>integer PGSQL_COPY_IN</p4>
<p5>integer PGSQL_COPY_IN</p5>
<texts><text><lng>de</lng>
<d>Wird von der Funktion pg_result_status
	 zurückgegeben. Ein Datentransfer zum Server wurde gestartet.</d>
</text><text><lng>en</lng>
<d>Returned by pg_result_status. Copy In (to server) data 
     transfer started.</d>
</text><text><lng>es</lng>
<d>Devuelta por pg_result_status. Transferencia
     de datos de copia hacia adentro (al servidor) ha iniciado.</d>
</text></texts></PHPModuleRef><PHPModuleRef>
<t>PGSQL_COPY_OUT</t>
<mn>pgsql</mn>
<ft>C</ft>
<p4>integer PGSQL_COPY_OUT</p4>
<p5>integer PGSQL_COPY_OUT</p5>
<texts><text><lng>de</lng>
<d>Wird von der Funktion pg_result_status
	 zurückgegeben. Ein Datentransfer vom Server wurde gestartet.</d>
</text><text><lng>en</lng>
<d>Returned by pg_result_status. Copy Out (from server) data 
     transfer started.</d>
</text><text><lng>es</lng>
<d>Devuelta por pg_result_status. Transferencia
     de datos de copia hacia afuera (desde el servidor) ha iniciado.</d>
</text></texts></PHPModuleRef><PHPModuleRef>
<t>PGSQL_DIAG_CONTEXT</t>
<mn>pgsql</mn>
<ft>C</ft>
<p4>integer PGSQL_DIAG_CONTEXT</p4>
<p5>integer PGSQL_DIAG_CONTEXT</p5>
<texts><text><lng>de</lng>
<d>Wird an die Funktion pg_result_error_fieldübergeben. Dies gibt einen Hinweis auf den Kontext, in dem ein
	 Fehler auftrat. Gegenwärtig sind Zurückverfolgungen des
	 Aufrufstacks von Funktionen aktivierter prozeduraler Sprachen darin
	 enthalten, sowie intern generierte Abfragen. Die Ablaufverfolgung
	 enthält einen Eintrag pro Zeile, die neuesten Einträge zuerst.</d>
</text><text><lng>en</lng>
<d>Passed to pg_result_error_field.
     An indication of the context in which the error occurred. Presently 
     this includes a call stack traceback of active procedural language 
     functions and internally-generated queries. The trace is one entry 
     per line, most recent first.</d>
</text><text><lng>es</lng>
<d>Pasada a pg_result_error_field. Una
     indicación del contexto en el que ocurrió el
     error. Actualmente esto incluye una pila de llamadas hacia
     atrás de funciones de lenguaje procedimental activas y
     consulta generadas internamente. El rastreo es una entrada por
     línea, la más reciente primero.</d>
</text></texts></PHPModuleRef><PHPModuleRef>
<t>PGSQL_DIAG_INTERNAL_POSITION</t>
<mn>pgsql</mn>
<ft>C</ft>
<p4>integer PGSQL_DIAG_INTERNAL_POSITION</p4>
<p5>integer PGSQL_DIAG_INTERNAL_POSITION</p5>
<texts><text><lng>de</lng>
<d>Wird an die Funktion pg_result_error_fieldübergeben. Per Definition ist das dasselbe wie das Feld
	 PG_DIAG_STATEMENT_POSITION, es wird aber
	 benutzt, wenn die Cursorposition auf ein intern generiertes
	 Kommando verweist und nicht auf eines, das vom Benutzer eingegeben
	 wurde. Das Feld PG_DIAG_INTERNAL_QUERY wird
	 immer gesetzt, wenn dieses Feld gesetzt ist.</d>
</text><text><lng>en</lng>
<d>Passed to pg_result_error_field.
     This is defined the same as the PG_DIAG_STATEMENT_POSITION field, but 
     it is used when the cursor position refers to an internally generated 
     command rather than the one submitted by the client. The PG_DIAG_INTERNAL_QUERY field will always appear when this 
     field appears.</d>
</text><text><lng>es</lng>
<d>Pasada a pg_result_error_field. Este valor
     es definido igual que el campoPG_DIAG_STATEMENT_POSITION, pero es usado
     cuando la posición del cursor se refiere a un comando
     generado internamente en lugar de uno enviado por el cliente. El
     campo PG_DIAG_INTERNAL_QUERY siempre
     aparecerá cuando este campo aparece.</d>
</text></texts></PHPModuleRef><PHPModuleRef>
<t>PGSQL_DIAG_INTERNAL_QUERY</t>
<mn>pgsql</mn>
<ft>C</ft>
<p4>integer PGSQL_DIAG_INTERNAL_QUERY</p4>
<p5>integer PGSQL_DIAG_INTERNAL_QUERY</p5>
<texts><text><lng>de</lng>
<d>Wird an die Funktion pg_result_error_fieldübergeben. Dies ist der Text eines fehlgeschlagenen, intern
	 generierten Kommandos. Das kann beispielsweise eine SQL-Abfrage
	 sein, die von einer PL/pgSQL-Funktion gesendet wurde.</d>
</text><text><lng>en</lng>
<d>Passed to pg_result_error_field.
     The text of a failed internally-generated command. This could be, for example, a 
     SQL query issued by a PL/pgSQL function.</d>
</text><text><lng>es</lng>
<d>Pasada a pg_result_error_field. El texto de
     un comando fallido generado internamente. Éste puede ser,
     por ejemplo, una consulta SQL remitida por una función
     PL/pgSQL.</d>
</text></texts></PHPModuleRef><PHPModuleRef>
<t>PGSQL_DIAG_MESSAGE_DETAIL</t>
<mn>pgsql</mn>
<ft>C</ft>
<p4>integer PGSQL_DIAG_MESSAGE_DETAIL</p4>
<p5>integer PGSQL_DIAG_MESSAGE_DETAIL</p5>
<texts><text><lng>de</lng>
<d>Wird an die Funktion pg_result_error_fieldübergeben. Detail: eine optionale untergeordnete Fehlermeldung, in
	 der das Problem genauer beschrieben wird. Diese Meldung kann
	 mehrere Zeilen lang sein.</d>
</text><text><lng>en</lng>
<d>Passed to pg_result_error_field.
     Detail: an optional secondary error message carrying more detail about the problem. May run to multiple lines.</d>
</text><text><lng>es</lng>
<d>Pasada a pg_result_error_field. Detalle: un
     mensaje de error opcional secundario que lleva más
     detalles sobre el problema. Puede extenderse a múltiples
     líneas.</d>
</text></texts></PHPModuleRef><PHPModuleRef>
<t>PGSQL_DIAG_MESSAGE_HINT</t>
<mn>pgsql</mn>
<ft>C</ft>
<p4>integer PGSQL_DIAG_MESSAGE_HINT</p4>
<p5>integer PGSQL_DIAG_MESSAGE_HINT</p5>
<texts><text><lng>de</lng>
<d>Wird an die Funktion pg_result_error_fieldübergeben. Hint: ein optionaler Hinweis, wie mit dem Problem
	 umzugehen ist. Dies wurde eingeführt, um (möglicherweise
	 unpassende) Lösungen zur Verfügung zu stellen, anstatt harte
	 Fakten, wie bei Details. Diese Meldung kann mehrere Zeilen lang
	 sein.</d>
</text><text><lng>en</lng>
<d>Passed to pg_result_error_field.
     Hint: an optional suggestion what to do about the problem. This is intended to differ from detail in that it
     offers advice (potentially inappropriate) rather than hard facts. May run to multiple lines.</d>
</text><text><lng>es</lng>
<d>Pasada a pg_result_error_field. Pista: una
     sugerencia adicional sobre qué hacer acerca del
     problema. Se espera que este valor difiera del detalle en tanto
     que ofrece consejos (potencialmente inapropriados) en lugar de
     meros hechos. Puede extenderse por múltiples
     líneas.</d>
</text></texts></PHPModuleRef><PHPModuleRef>
<t>PGSQL_DIAG_MESSAGE_PRIMARY</t>
<mn>pgsql</mn>
<ft>C</ft>
<p4>integer PGSQL_DIAG_MESSAGE_PRIMARY</p4>
<p5>integer PGSQL_DIAG_MESSAGE_PRIMARY</p5>
<texts><text><lng>de</lng>
<d>Wird an die Funktion pg_result_error_fieldübergeben. Dies ist die primäre, für Menschen lesbare Fehlermeldung
	 (normalerweise in einer Zeile) und ist immer verfügbar.</d>
</text><text><lng>en</lng>
<d>Passed to pg_result_error_field.
     The primary human-readable error message (typically one line). Always present.</d>
</text><text><lng>es</lng>
<d>Pasada a pg_result_error_field. El mensaje
     de error principalmente legible para humanos (típicamente
     una línea). Siempre presente.</d>
</text></texts></PHPModuleRef><PHPModuleRef>
<t>PGSQL_DIAG_SEVERITY</t>
<mn>pgsql</mn>
<ft>C</ft>
<p4>integer PGSQL_DIAG_SEVERITY</p4>
<p5>integer PGSQL_DIAG_SEVERITY</p5>
<texts><text><lng>de</lng>
<d>Wird an die Funktion pg_result_error_fieldübergeben.
     Gibt den Schweregrad des Fehlers zurück. Die Feldinhalte sind ERROR, FATAL oder PANIC
	 (in einer Fehlermeldung) oder WARNING,NOTICE, DEBUG, INFO oder LOG
	 (in einer Notice-Meldung) oder eine lokalisierte Übersetzung davon.
	 Dieses Feld ist immer verfügbar.</d>
</text><text><lng>en</lng>
<d>Passed to pg_result_error_field.
     The severity; the field contents are ERROR, FATAL, or PANIC (in an error message), or WARNING, NOTICE, DEBUG, INFO, or LOG (in a notice message), or a localized 
     translation of one of these. Always present.</d>
</text><text><lng>es</lng>
<d>Pasada a pg_result_error_field. La
     severidad; los contenidos del campo son ERROR,FATAL, o PANIC (en un
     mensaje de error), o WARNING,NOTICE, DEBUG,INFO, o LOG (en un mensaje
     de noticia), o una traducción localizada de uno de
     éstos. Siempre presente.</d>
</text></texts></PHPModuleRef><PHPModuleRef>
<t>PGSQL_DIAG_SOURCE_FILE</t>
<mn>pgsql</mn>
<ft>C</ft>
<p4>integer PGSQL_DIAG_SOURCE_FILE</p4>
<p5>integer PGSQL_DIAG_SOURCE_FILE</p5>
<texts><text><lng>de</lng>
<d>Wird an die Funktion pg_result_error_fieldübergeben. Dies ist der Name der Datei im PostgreSQL Quellcode, bei
	 der der Fehler gemeldet wurde.</d>
</text><text><lng>en</lng>
<d>Passed to pg_result_error_field.
     The file name of the PostgreSQL source-code location where the error 
     was reported.</d>
</text><text><lng>es</lng>
<d>Pasada a pg_result_error_field. El nombre de
     archivo del código fuente de PostgreSQL en donde el error
     fue reportado.</d>
</text></texts></PHPModuleRef><PHPModuleRef>
<t>PGSQL_DIAG_SOURCE_FUNCTION</t>
<mn>pgsql</mn>
<ft>C</ft>
<p4>integer PGSQL_DIAG_SOURCE_FUNCTION</p4>
<p5>integer PGSQL_DIAG_SOURCE_FUNCTION</p5>
<texts><text><lng>de</lng>
<d>Wird an die Funktion pg_result_error_fieldübergeben. Der Name der Funktion im PostgreSQl-Quellcode, bei der
	 der Fehler gemeldet wurde.</d>
</text><text><lng>en</lng>
<d>Passed to pg_result_error_field.
     The name of the PostgreSQL source-code function reporting the error.</d>
</text><text><lng>es</lng>
<d>Pasada a pg_result_error_field. El nombre de
     la función en el código fuente de PostgreSQL en
     donde se reportó el error.</d>
</text></texts></PHPModuleRef><PHPModuleRef>
<t>PGSQL_DIAG_SOURCE_LINE</t>
<mn>pgsql</mn>
<ft>C</ft>
<p4>integer PGSQL_DIAG_SOURCE_LINE</p4>
<p5>integer PGSQL_DIAG_SOURCE_LINE</p5>
<texts><text><lng>de</lng>
<d>Wird an die Funktion pg_result_error_fieldübergeben. Die Zeilennummer in der Datei im PostgreSQL Quellcode,
	 bei der der Fehler gemeldet wurde.</d>
</text><text><lng>en</lng>
<d>Passed to pg_result_error_field.
     The line number of the PostgreSQL source-code location where the 
     error was reported.</d>
</text><text><lng>es</lng>
<d>Pasada a pg_result_error_field. El
     número de línea del código fuente de
     PostgreSQL en donde se reportó el error.</d>
</text></texts></PHPModuleRef><PHPModuleRef>
<t>PGSQL_DIAG_SQLSTATE</t>
<mn>pgsql</mn>
<ft>C</ft>
<p4>integer PGSQL_DIAG_SQLSTATE</p4>
<p5>integer PGSQL_DIAG_SQLSTATE</p5>
<texts><text><lng>de</lng>
<d>Wird an die Funktion pg_result_error_fieldübergeben. Gibt den SQLSTATE-Code des Fehlers zurück. Der
	 SQLSTATE-Code identifiziert den Typ des aufgetretenen Fehlers.
	 Dieser kann von Anwendungen ausgewertet werden, um entsprechende
	 Operationen auszuführen (beispielsweise Fehlerbehandlungsroutinen),
	 als Reaktion auf einen bestimmten Datenbankfehler. dieses Feld kann
	 nicht lokalisiert werden und ist immer verfügbar.</d>
</text><text><lng>en</lng>
<d>Passed to pg_result_error_field.
     The SQLSTATE code for the error. The SQLSTATE code identifies the type of error 
     that has occurred; it can be used by front-end applications to perform specific 
     operations (such as error handling) in response to a particular database error. 
     This field is not localizable, and is always present.</d>
</text><text><lng>es</lng>
<d>Pasada a pg_result_error_field. El
     código SQLSTATE del error. El código SQLSTATE
     identifica el tipo de error que ha ocurrido; puede usarse por
     aplicaciones cliente para realizar operaciones específicas
     (tales como manejo de errores) en respuesta a un error de base de
     datos particular. Este campo no es localizable, y está
     siempre presente.</d>
</text></texts></PHPModuleRef><PHPModuleRef>
<t>PGSQL_DIAG_STATEMENT_POSITION</t>
<mn>pgsql</mn>
<ft>C</ft>
<p4>integer PGSQL_DIAG_STATEMENT_POSITION</p4>
<p5>integer PGSQL_DIAG_STATEMENT_POSITION</p5>
<texts><text><lng>de</lng>
<d>Wird an die Funktion pg_result_error_fieldübergeben. Dies ist ein String, der eine dezimale Integerzahl
	 enthält, die die Cursorposition des originalen SQL-Strings angibt,
	 an der ein Fehler auftrat. Das erste Zeichen hat die Position 1 und
	 zur Bestimmung der Positionen werden Zeichen zugrundegelegt und
	 nicht Bytes.</d>
</text><text><lng>en</lng>
<d>Passed to pg_result_error_field.
     A string containing a decimal integer indicating an error cursor position as an index into the original 
     statement string. The first character has index 1, and positions are measured in characters not bytes.</d>
</text><text><lng>es</lng>
<d>Pasada a pg_result_error_field. Una cadena
     que contiene un entero decimal indicando la posición de un
     cursor de error como un índice en la cadena de sentencia
     original. El primer caracter tiene el índice 1, y las
     posiciones son medidas en caracteres, no bytes.</d>
</text></texts></PHPModuleRef><PHPModuleRef>
<t>PGSQL_EMPTY_QUERY</t>
<mn>pgsql</mn>
<ft>C</ft>
<p4>integer PGSQL_EMPTY_QUERY</p4>
<p5>integer PGSQL_EMPTY_QUERY</p5>
<texts><text><lng>de</lng>
<d>Wird von der Funktion pg_result_status
	 zurückgegeben, wenn der an den Server gesendete String leer war.</d>
</text><text><lng>en</lng>
<d>Returned by pg_result_status. The string sent to the server
     was empty.</d>
</text><text><lng>es</lng>
<d>Devuelta por pg_result_status. La cadena
     enviada al servidor era vacía.</d>
</text></texts></PHPModuleRef><PHPModuleRef>
<t>PGSQL_ERRORS_DEFAULT</t>
<mn>pgsql</mn>
<ft>C</ft>
<p4>integer PGSQL_ERRORS_DEFAULT</p4>
<p5>integer PGSQL_ERRORS_DEFAULT</p5>
<texts><text><lng>de</lng>
<d>Wird an die Funktion pg_set_error_verbosityübergeben. Die Standardeinstellung gibt Meldungen mit den oben
	 beschriebenen Inhalten zurück, zuzüglich aller Details, Hinweise
	 und Kontext-Informationen. (Dies kann mehrere Zeilen umfassen.)</d>
</text><text><lng>en</lng>
<d>Passed to pg_set_error_verbosity.
     The default mode produces messages that include the above 
     plus any detail, hint, or context fields (these may span 
     multiple lines).</d>
</text><text><lng>es</lng>
<d>Pasada a pg_set_error_verbosity. El modo
     predeterminado produce mensajes que incluyen lo anterior
     más cualquier detalle, pista, o campos de contexto
     (éstos pueden ocupar múltiples líneas).</d>
</text></texts></PHPModuleRef><PHPModuleRef>
<t>PGSQL_ERRORS_TERSE</t>
<mn>pgsql</mn>
<ft>C</ft>
<p4>integer PGSQL_ERRORS_TERSE</p4>
<p5>integer PGSQL_ERRORS_TERSE</p5>
<texts><text><lng>de</lng>
<d>Wird an die Funktion pg_set_error_verbosityübergeben. Damit wird festgelegt, dass Fehlermeldungen die Felder 
	 severity, primary text und position enthalten. Normalerweise passt
	 das alles in eine Zeile.</d>
</text><text><lng>en</lng>
<d>Passed to pg_set_error_verbosity.
     Specified that returned messages include severity, primary text, 
     and position only; this will normally fit on a single line.</d>
</text><text><lng>es</lng>
<d>Pasada a pg_set_error_verbosity. Especifica
     que los mensajes retornados incluyen severidad, texto primario, y
     posición solamente; esto por lo general cabe en una
     línea sencilla.</d>
</text></texts></PHPModuleRef><PHPModuleRef>
<t>PGSQL_ERRORS_VERBOSE</t>
<mn>pgsql</mn>
<ft>C</ft>
<p4>integer PGSQL_ERRORS_VERBOSE</p4>
<p5>integer PGSQL_ERRORS_VERBOSE</p5>
<texts><text><lng>de</lng>
<d>Wird an die Funktion pg_set_error_verbosityübergeben. In diesem Modus werden alle verfügbaren Felder
	 zurückgegeben.</d>
</text><text><lng>en</lng>
<d>Passed to pg_set_error_verbosity.
     The verbose mode includes all available fields.</d>
</text><text><lng>es</lng>
<d>Pasada a pg_set_error_verbosity. Este modo
     incluye todos los campos disponibles.</d>
</text></texts></PHPModuleRef><PHPModuleRef>
<t>PGSQL_FATAL_ERROR</t>
<mn>pgsql</mn>
<ft>C</ft>
<p4>integer PGSQL_FATAL_ERROR</p4>
<p5>integer PGSQL_FATAL_ERROR</p5>
<texts><text><lng>de</lng>
<d>Wird von der Funktion pg_result_status
	 zurückgegeben. Ein fataler Fehler ist aufgetreten.</d>
</text><text><lng>en</lng>
<d>Returned by pg_result_status. A fatal error 
     occurred.</d>
</text><text><lng>es</lng>
<d>Devuelta porpg_result_status. Ocurrió un error
     fatal.</d>
</text></texts></PHPModuleRef><PHPModuleRef>
<t>PGSQL_NONFATAL_ERROR</t>
<mn>pgsql</mn>
<ft>C</ft>
<p4>integer PGSQL_NONFATAL_ERROR</p4>
<p5>integer PGSQL_NONFATAL_ERROR</p5>
<texts><text><lng>de</lng>
<d>Wird von der Funktion pg_result_status
	 zurückgegeben. Ein nicht-fataler Fehler (eine Notiz oder Warnung)
	 ist aufgetreten.</d>
</text><text><lng>en</lng>
<d>Returned by pg_result_status. A nonfatal error 
     (a notice or warning) occurred.</d>
</text><text><lng>es</lng>
<d>Devuelta porpg_result_status. Ocurrió un error
     no-fatal (una noticia o una advertencia).</d>
</text></texts></PHPModuleRef><PHPModuleRef>
<t>PGSQL_NUM</t>
<mn>pgsql</mn>
<ft>C</ft>
<p4>integer PGSQL_NUM</p4>
<p5>integer PGSQL_NUM</p5>
<texts><text><lng>de</lng>
<d>Wird an die Funktion pg_fetch_arrayübergeben. Gibt eine numerisches Array zurück, mit den Feldnummern
	  als Indizes und den entsprechenden Werten.</d>
</text><text><lng>en</lng>
<d>Passed to pg_fetch_array. Return a numerically indexed array of field
      numbers and values.</d>
</text><text><lng>es</lng>
<d>Pasada a pg_fetch_array. Devolver una matriz
     indexada numéricamente con nombres y valores de campo.</d>
</text></texts></PHPModuleRef><PHPModuleRef>
<t>PGSQL_SEEK_CUR</t>
<mn>pgsql</mn>
<ft>C</ft>
<p4>integer PGSQL_SEEK_CUR</p4>
<p5>integer PGSQL_SEEK_CUR</p5>
<texts><text><lng>de</lng>
<d>Wird an die Funktion pg_lo_seekübergeben.
	 Das Objekt wird ab der aktuellen Position durchsucht.</d>
</text><text><lng>en</lng>
<d>Passed to pg_lo_seek. Seek operation is to begin
     from the current position.</d>
</text><text><lng>es</lng>
<d>Pasada a pg_lo_seek. La operación de
     búsqueda ha de comenzar desde la posición actual.</d>
</text></texts></PHPModuleRef><PHPModuleRef>
<t>PGSQL_SEEK_END</t>
<mn>pgsql</mn>
<ft>C</ft>
<p4>integer PGSQL_SEEK_END</p4>
<p5>integer PGSQL_SEEK_END</p5>
<texts><text><lng>de</lng>
<d>Wird an die Funktion pg_lo_seekübergeben.
	 Das Objekt wird, ausgehend vom Ende, durchsucht.</d>
</text><text><lng>en</lng>
<d>Passed to pg_lo_seek. Seek operation is to begin
     from the end of the object.</d>
</text><text><lng>es</lng>
<d>Pasada a pg_lo_seek. La operación de
     búsqueda ha de comenzar desde el final del objeto.</d>
</text></texts></PHPModuleRef><PHPModuleRef>
<t>PGSQL_SEEK_SET</t>
<mn>pgsql</mn>
<ft>C</ft>
<p4>integer PGSQL_SEEK_SET</p4>
<p5>integer PGSQL_SEEK_SET</p5>
<texts><text><lng>de</lng>
<d>Wird an die Funktion pg_lo_seekübergeben.
	 Das Objekt wird von Beginn an durchsucht.</d>
</text><text><lng>en</lng>
<d>Passed to pg_lo_seek. Seek operation is to begin
     from the start of the object.</d>
</text><text><lng>es</lng>
<d>Pasada a pg_lo_seek. La operación de
     búsqueda ha de comenzar desde el inicio del objeto.</d>
</text></texts></PHPModuleRef><PHPModuleRef>
<t>PGSQL_STATUS_LONG</t>
<mn>pgsql</mn>
<ft>C</ft>
<p4>integer PGSQL_STATUS_LONG</p4>
<p5>integer PGSQL_STATUS_LONG</p5>
<texts><text><lng>de</lng>
<d>Wird an die Funktion pg_result_statusübergeben. Zeigt an, dass ein numerischer Ergebniscode gewünscht
	 ist.</d>
</text><text><lng>en</lng>
<d>Passed to pg_result_status.  Indicates that
     numerical result code is desired.</d>
</text><text><lng>es</lng>
<d>Pasada a pg_result_status. Indica que se
     desea un código de resultado numérico.</d>
</text></texts></PHPModuleRef><PHPModuleRef>
<t>PGSQL_STATUS_STRING</t>
<mn>pgsql</mn>
<ft>C</ft>
<p4>integer PGSQL_STATUS_STRING</p4>
<p5>integer PGSQL_STATUS_STRING</p5>
<texts><text><lng>de</lng>
<d>Wird an die Funktion pg_result_statusübergeben. Zeigt an, dass eine textuelles Ergebnis gewünscht ist.</d>
</text><text><lng>en</lng>
<d>Passed to pg_result_status.  Indicates that
     textual result command tag is desired.</d>
</text><text><lng>es</lng>
<d>Pasada a pg_result_status. Indica que se
     desea una etiqueta de comando textual como resultado.</d>
</text></texts></PHPModuleRef><PHPModuleRef>
<t>PGSQL_TRANSACTION_ACTIVE</t>
<mn>pgsql</mn>
<ft>C</ft>
<p4>integer PGSQL_TRANSACTION_ACTIVE</p4>
<p5>integer PGSQL_TRANSACTION_ACTIVE</p5>
<texts><text><lng>de</lng>
<d>Wird von der Funktion pg_transaction_status
	 zurückgegeben. Die Verbindung wird momentan benutzt. Es wird eine
	 Abfrage  ausgeführt, die noch nicht beendet ist.</d>
</text><text><lng>en</lng>
<d>Returned by pg_transaction_status. A command
     is in progress on the connection.  A query has been sent via the connection
     and not yet completed.</d>
</text><text><lng>es</lng>
<d>Devuelta por pg_transaction_status. Un
     comando está en progreso en la conexión. Una
     consulta ha sido enviada a través de la conexión y
     no se ha completado aun.</d>
</text></texts></PHPModuleRef><PHPModuleRef>
<t>PGSQL_TRANSACTION_IDLE</t>
<mn>pgsql</mn>
<ft>C</ft>
<p4>integer PGSQL_TRANSACTION_IDLE</p4>
<p5>integer PGSQL_TRANSACTION_IDLE</p5>
<texts><text><lng>de</lng>
<d>Wird von der Funktion pg_transaction_status
	 zurückgegeben. Die Verbindung wird momentan nicht benutzt, es
	 findet aktuell keine Transaktion statt.</d>
</text><text><lng>en</lng>
<d>Returned by pg_transaction_status. Connection is
     currently idle, not in a transaction.</d>
</text><text><lng>es</lng>
<d>Devuelta por pg_transaction_status. La
     conexión está en espera actualmente, no en una
     transacción.</d>
</text></texts></PHPModuleRef><PHPModuleRef>
<t>PGSQL_TRANSACTION_INERROR</t>
<mn>pgsql</mn>
<ft>C</ft>
<p4>integer PGSQL_TRANSACTION_INERROR</p4>
<p5>integer PGSQL_TRANSACTION_INERROR</p5>
<texts><text><lng>de</lng>
<d>Wird von der Funktion pg_transaction_status
	 zurückgegeben. Die Verbindung wurde von einer abgebrochenen
	 Transaktion benutzt und ist momentan nicht aktiv.</d>
</text><text><lng>en</lng>
<d>Returned by pg_transaction_status. The connection
     is idle, in a failed transaction block.</d>
</text><text><lng>es</lng>
<d>Devuelta por pg_transaction_status. La
     conexión está en espera, en un bloque fallido de
     transacción.</d>
</text></texts></PHPModuleRef><PHPModuleRef>
<t>PGSQL_TRANSACTION_INTRANS</t>
<mn>pgsql</mn>
<ft>C</ft>
<p4>integer PGSQL_TRANSACTION_INTRANS</p4>
<p5>integer PGSQL_TRANSACTION_INTRANS</p5>
<texts><text><lng>de</lng>
<d>Wird von der Funktion pg_transaction_status
	 zurückgegeben. Die Verbindung wird von einer Transaktion benutzt,
	 ist aber momentan nicht aktiv.</d>
</text><text><lng>en</lng>
<d>Returned by pg_transaction_status. The connection
     is idle, in a transaction block.</d>
</text><text><lng>es</lng>
<d>Devuelta por pg_transaction_status. La
     conexión se encuentra en espera, en un bloque de
     transacción.</d>
</text></texts></PHPModuleRef><PHPModuleRef>
<t>PGSQL_TRANSACTION_UNKNOWN</t>
<mn>pgsql</mn>
<ft>C</ft>
<p4>integer PGSQL_TRANSACTION_UNKNOWN</p4>
<p5>integer PGSQL_TRANSACTION_UNKNOWN</p5>
<texts><text><lng>de</lng>
<d>Wird von der Funktion pg_transaction_status
	 zurückgegeben. Die Verbindung ist ungültig.</d>
</text><text><lng>en</lng>
<d>Returned by pg_transaction_status. The connection
     is bad.</d>
</text><text><lng>es</lng>
<d>Devuelta por pg_transaction_status. La
     conexión está mal.</d>
</text></texts></PHPModuleRef><PHPModuleRef>
<t>PGSQL_TUPLES_OK</t>
<mn>pgsql</mn>
<ft>C</ft>
<p4>integer PGSQL_TUPLES_OK</p4>
<p5>integer PGSQL_TUPLES_OK</p5>
<texts><text><lng>de</lng>
<d>Wird von der Funktion pg_result_status
	 zurückgegeben. Ein Kommando wurde erfolgreich ausgeführt und es
	 wurden Daten (wie etwa ein SELECT oderSHOW) zurückgegeben.</d>
</text><text><lng>en</lng>
<d>Returned by pg_result_status. Successful completion of a command 
     returning data (such as a SELECT or SHOW).</d>
</text><text><lng>es</lng>
<d>Devuelta porpg_result_status. Culminación exitosa
     de un comando que devuelve datos (como SELECT
     o SHOW).</d>
</text></texts></PHPModuleRef></PHPModuleRef-List>
