<?xml version="1.0" encoding="utf-8"?>
<PHPModuleRef-List>
<PHPModuleRef>
<t>pspell_add_to_personal</t>
<mn>pspell</mn>
<ft>F</ft>
<ver>4_0_2,4_0_3,4_0_4,4_0_5,4_0_6,4_1_0,4_1_1,4_1_2,4_2_0,4_2_1,4_2_2,4_2_3,4_3_0,4_3_1,4_3_10,4_3_11,4_3_2,4_3_3,4_3_4,4_3_5,4_3_6,4_3_7,4_3_8,4_3_9,4_4_0,4_4_1,4_4_2,4_4_3,4_4_4,4_4_5,4_4_6,4_cvs,5_0_0,5_0_1,5_0_2,5_0_3,5_1_0,5_1_1,5_1_2,5_1_3,5_1_4,5_1_5,5_1_6,5_2_0,5_2_1,5_cvs</ver>
<p4>int pspell_add_to_personal(int pspell, string word)</p4>
<p4d>Adds a word to a personal list </p4d>
<p5>bool pspell_add_to_personal(int pspell, string word)</p5>
<p5d>Adds a word to a personal list </p5d>
<texts><text><lng>de</lng>
<d>Fügt der persönlichen Wortliste ein Wort hinzu</d>
</text><text><lng>en</lng>
<d>Add the word to a personal wordlist</d>
</text></texts></PHPModuleRef><PHPModuleRef>
<t>pspell_add_to_session</t>
<mn>pspell</mn>
<ft>F</ft>
<ver>4_0_2,4_0_3,4_0_4,4_0_5,4_0_6,4_1_0,4_1_1,4_1_2,4_2_0,4_2_1,4_2_2,4_2_3,4_3_0,4_3_1,4_3_10,4_3_11,4_3_2,4_3_3,4_3_4,4_3_5,4_3_6,4_3_7,4_3_8,4_3_9,4_4_0,4_4_1,4_4_2,4_4_3,4_4_4,4_4_5,4_4_6,4_cvs,5_0_0,5_0_1,5_0_2,5_0_3,5_1_0,5_1_1,5_1_2,5_1_3,5_1_4,5_1_5,5_1_6,5_2_0,5_2_1,5_cvs</ver>
<p4>int pspell_add_to_session(int pspell, string word)</p4>
<p4d>Adds a word to the current session </p4d>
<p5>bool pspell_add_to_session(int pspell, string word)</p5>
<p5d>Adds a word to the current session </p5d>
<texts><text><lng>de</lng>
<d>Fügt der Wortliste der aktuellen Sitzung ein Wort hinzu</d>
</text><text><lng>en</lng>
<d>Add the word to the wordlist in the current session</d>
</text></texts></PHPModuleRef><PHPModuleRef>
<t>pspell_check</t>
<mn>pspell</mn>
<ft>F</ft>
<ver>4_0_2,4_0_3,4_0_4,4_0_5,4_0_6,4_1_0,4_1_1,4_1_2,4_2_0,4_2_1,4_2_2,4_2_3,4_3_0,4_3_1,4_3_10,4_3_11,4_3_2,4_3_3,4_3_4,4_3_5,4_3_6,4_3_7,4_3_8,4_3_9,4_4_0,4_4_1,4_4_2,4_4_3,4_4_4,4_4_5,4_4_6,4_cvs,5_0_0,5_0_1,5_0_2,5_0_3,5_1_0,5_1_1,5_1_2,5_1_3,5_1_4,5_1_5,5_1_6,5_2_0,5_2_1,5_cvs</ver>
<p4>int pspell_check(int pspell, string word)</p4>
<p4d>Returns true if word is valid </p4d>
<p5>bool pspell_check(int pspell, string word)</p5>
<p5d>Returns true if word is valid </p5d>
<texts><text><lng>de</lng>
<d>Überprüft ein Wort</d>
</text><text><lng>en</lng>
<d>Check a word</d>
</text></texts></PHPModuleRef><PHPModuleRef>
<t>pspell_clear_session</t>
<mn>pspell</mn>
<ft>F</ft>
<ver>4_0_2,4_0_3,4_0_4,4_0_5,4_0_6,4_1_0,4_1_1,4_1_2,4_2_0,4_2_1,4_2_2,4_2_3,4_3_0,4_3_1,4_3_10,4_3_11,4_3_2,4_3_3,4_3_4,4_3_5,4_3_6,4_3_7,4_3_8,4_3_9,4_4_0,4_4_1,4_4_2,4_4_3,4_4_4,4_4_5,4_4_6,4_cvs,5_0_0,5_0_1,5_0_2,5_0_3,5_1_0,5_1_1,5_1_2,5_1_3,5_1_4,5_1_5,5_1_6,5_2_0,5_2_1,5_cvs</ver>
<p4>int pspell_clear_session(int pspell)</p4>
<p4d>Clears the current session </p4d>
<p5>bool pspell_clear_session(int pspell)</p5>
<p5d>Clears the current session </p5d>
<texts><text><lng>de</lng>
<d>Löscht die aktuelle Sitzung</d>
</text><text><lng>en</lng>
<d>Clear the current session</d>
</text></texts></PHPModuleRef><PHPModuleRef>
<t>pspell_config_create</t>
<mn>pspell</mn>
<ft>F</ft>
<ver>4_0_2,4_0_3,4_0_4,4_0_5,4_0_6,4_1_0,4_1_1,4_1_2,4_2_0,4_2_1,4_2_2,4_2_3,4_3_0,4_3_1,4_3_10,4_3_11,4_3_2,4_3_3,4_3_4,4_3_5,4_3_6,4_3_7,4_3_8,4_3_9,4_4_0,4_4_1,4_4_2,4_4_3,4_4_4,4_4_5,4_4_6,4_cvs,5_0_0,5_0_1,5_0_2,5_0_3,5_1_0,5_1_1,5_1_2,5_1_3,5_1_4,5_1_5,5_1_6,5_2_0,5_2_1,5_cvs</ver>
<p4>int pspell_config_create(string language [, string spelling [, string jargon [, string encoding]]])</p4>
<p4d>Create a new config to be used later to create a manager </p4d>
<p5>int pspell_config_create(string language [, string spelling [, string jargon [, string encoding]]])</p5>
<p5d>Create a new config to be used later to create a manager </p5d>
<texts><text><lng>de</lng>
<d>Erzeugt eine Konfiguration zumÖffnen eines Wörterbuchs</d>
</text><text><lng>en</lng>
<d>Create a config used to open a dictionary</d>
</text></texts></PHPModuleRef><PHPModuleRef>
<t>pspell_config_data_dir</t>
<mn>pspell</mn>
<ft>F</ft>
<ver>5_0_0,5_0_1,5_0_2,5_0_3,5_1_0,5_1_1,5_1_2,5_1_3,5_1_4,5_1_5,5_1_6,5_2_0,5_2_1,5_cvs</ver>
<p5>bool pspell_config_data_dir(int conf, string directory)</p5>
<p5d>location of language data files </p5d>
<texts><text><lng>de</lng>
<d>Ort der Dateien mit den Daten für die Sprachen</d>
</text><text><lng>en</lng>
<d>location of language data files</d>
</text></texts></PHPModuleRef><PHPModuleRef>
<t>pspell_config_dict_dir</t>
<mn>pspell</mn>
<ft>F</ft>
<ver>5_0_0,5_0_1,5_0_2,5_0_3,5_1_0,5_1_1,5_1_2,5_1_3,5_1_4,5_1_5,5_1_6,5_2_0,5_2_1,5_cvs</ver>
<p5>bool pspell_config_dict_dir(int conf, string directory)</p5>
<p5d>location of the main word list </p5d>
<texts><text><lng>de</lng>
<d>Ort der Haupt-Wortliste</d>
</text><text><lng>en</lng>
<d>Location of the main word list</d>
</text></texts></PHPModuleRef><PHPModuleRef>
<t>pspell_config_ignore</t>
<mn>pspell</mn>
<ft>F</ft>
<ver>4_0_2,4_0_3,4_0_4,4_0_5,4_0_6,4_1_0,4_1_1,4_1_2,4_2_0,4_2_1,4_2_2,4_2_3,4_3_0,4_3_1,4_3_10,4_3_11,4_3_2,4_3_3,4_3_4,4_3_5,4_3_6,4_3_7,4_3_8,4_3_9,4_4_0,4_4_1,4_4_2,4_4_3,4_4_4,4_4_5,4_4_6,4_cvs,5_0_0,5_0_1,5_0_2,5_0_3,5_1_0,5_1_1,5_1_2,5_1_3,5_1_4,5_1_5,5_1_6,5_2_0,5_2_1,5_cvs</ver>
<p4>int pspell_config_ignore(int conf, int ignore)</p4>
<p4d>Ignore words &lt;= n chars </p4d>
<p5>bool pspell_config_ignore(int conf, int ignore)</p5>
<p5d>Ignore words &lt;= n chars </p5d>
<texts><text><lng>de</lng>
<d>Ignoriert Wörter mit weniger als N Buchstaben</d>
</text><text><lng>en</lng>
<d>Ignore words less than N characters long</d>
</text></texts></PHPModuleRef><PHPModuleRef>
<t>pspell_config_mode</t>
<mn>pspell</mn>
<ft>F</ft>
<ver>4_0_2,4_0_3,4_0_4,4_0_5,4_0_6,4_1_0,4_1_1,4_1_2,4_2_0,4_2_1,4_2_2,4_2_3,4_3_0,4_3_1,4_3_10,4_3_11,4_3_2,4_3_3,4_3_4,4_3_5,4_3_6,4_3_7,4_3_8,4_3_9,4_4_0,4_4_1,4_4_2,4_4_3,4_4_4,4_4_5,4_4_6,4_cvs,5_0_0,5_0_1,5_0_2,5_0_3,5_1_0,5_1_1,5_1_2,5_1_3,5_1_4,5_1_5,5_1_6,5_2_0,5_2_1,5_cvs</ver>
<p4>int pspell_config_mode(int conf, long mode)</p4>
<p4d>Select mode for config (PSPELL_FAST, PSPELL_NORMAL or PSPELL_BAD_SPELLERS) </p4d>
<p5>bool pspell_config_mode(int conf, long mode)</p5>
<p5d>Select mode for config (PSPELL_FAST, PSPELL_NORMAL or PSPELL_BAD_SPELLERS) </p5d>
<texts><text><lng>de</lng>
<d>Ändert den Modus für die Anzahl gelieferter Vorschläge</d>
</text><text><lng>en</lng>
<d>Change the mode number of suggestions returned</d>
</text></texts></PHPModuleRef><PHPModuleRef>
<t>pspell_config_personal</t>
<mn>pspell</mn>
<ft>F</ft>
<ver>4_0_2,4_0_3,4_0_4,4_0_5,4_0_6,4_1_0,4_1_1,4_1_2,4_2_0,4_2_1,4_2_2,4_2_3,4_3_0,4_3_1,4_3_10,4_3_11,4_3_2,4_3_3,4_3_4,4_3_5,4_3_6,4_3_7,4_3_8,4_3_9,4_4_0,4_4_1,4_4_2,4_4_3,4_4_4,4_4_5,4_4_6,4_cvs,5_0_0,5_0_1,5_0_2,5_0_3,5_1_0,5_1_1,5_1_2,5_1_3,5_1_4,5_1_5,5_1_6,5_2_0,5_2_1,5_cvs</ver>
<p4>int pspell_config_personal(int conf, string personal)</p4>
<p4d>Use a personal dictionary for this config </p4d>
<p5>bool pspell_config_personal(int conf, string personal)</p5>
<p5d>Use a personal dictionary for this config </p5d>
<texts><text><lng>de</lng>
<d>Setzt die Datei, die die persönliche Wortliste enthält</d>
</text><text><lng>en</lng>
<d>Set a file that contains personal wordlist</d>
</text></texts></PHPModuleRef><PHPModuleRef>
<t>pspell_config_repl</t>
<mn>pspell</mn>
<ft>F</ft>
<ver>4_0_2,4_0_3,4_0_4,4_0_5,4_0_6,4_1_0,4_1_1,4_1_2,4_2_0,4_2_1,4_2_2,4_2_3,4_3_0,4_3_1,4_3_10,4_3_11,4_3_2,4_3_3,4_3_4,4_3_5,4_3_6,4_3_7,4_3_8,4_3_9,4_4_0,4_4_1,4_4_2,4_4_3,4_4_4,4_4_5,4_4_6,4_cvs,5_0_0,5_0_1,5_0_2,5_0_3,5_1_0,5_1_1,5_1_2,5_1_3,5_1_4,5_1_5,5_1_6,5_2_0,5_2_1,5_cvs</ver>
<p4>int pspell_config_repl(int conf, string repl)</p4>
<p4d>Use a personal dictionary with replacement pairs for this config </p4d>
<p5>bool pspell_config_repl(int conf, string repl)</p5>
<p5d>Use a personal dictionary with replacement pairs for this config </p5d>
<texts><text><lng>de</lng>
<d>Setzt die Datei, welche die Ersetzen-Paare enthält</d>
</text><text><lng>en</lng>
<d>Set a file that contains replacement pairs</d>
</text></texts></PHPModuleRef><PHPModuleRef>
<t>pspell_config_runtogether</t>
<mn>pspell</mn>
<ft>F</ft>
<ver>4_0_2,4_0_3,4_0_4,4_0_5,4_0_6,4_1_0,4_1_1,4_1_2,4_2_0,4_2_1,4_2_2,4_2_3,4_3_0,4_3_1,4_3_10,4_3_11,4_3_2,4_3_3,4_3_4,4_3_5,4_3_6,4_3_7,4_3_8,4_3_9,4_4_0,4_4_1,4_4_2,4_4_3,4_4_4,4_4_5,4_4_6,4_cvs,5_0_0,5_0_1,5_0_2,5_0_3,5_1_0,5_1_1,5_1_2,5_1_3,5_1_4,5_1_5,5_1_6,5_2_0,5_2_1,5_cvs</ver>
<p4>int pspell_config_runtogether(int conf, bool runtogether)</p4>
<p4d>Consider run-together words as valid components </p4d>
<p5>bool pspell_config_runtogether(int conf, bool runtogether)</p5>
<p5d>Consider run-together words as valid components </p5d>
<texts><text><lng>de</lng>
<d>Betrachtet zusammengesetzte Wörter als gültige Verbindungen</d>
</text><text><lng>en</lng>
<d>Consider run-together words as valid compounds</d>
</text></texts></PHPModuleRef><PHPModuleRef>
<t>pspell_config_save_repl</t>
<mn>pspell</mn>
<ft>F</ft>
<ver>4_0_2,4_0_3,4_0_4,4_0_5,4_0_6,4_1_0,4_1_1,4_1_2,4_2_0,4_2_1,4_2_2,4_2_3,4_3_0,4_3_1,4_3_10,4_3_11,4_3_2,4_3_3,4_3_4,4_3_5,4_3_6,4_3_7,4_3_8,4_3_9,4_4_0,4_4_1,4_4_2,4_4_3,4_4_4,4_4_5,4_4_6,4_cvs,5_0_0,5_0_1,5_0_2,5_0_3,5_1_0,5_1_1,5_1_2,5_1_3,5_1_4,5_1_5,5_1_6,5_2_0,5_2_1,5_cvs</ver>
<p4>int pspell_config_save_repl(int conf, bool save)</p4>
<p4d>Save replacement pairs when personal list is saved for this config </p4d>
<p5>bool pspell_config_save_repl(int conf, bool save)</p5>
<p5d>Save replacement pairs when personal list is saved for this config </p5d>
<texts><text><lng>de</lng>
<d>Bestimmt, ob Ersetzen-Paare zusammen mit der Wortliste gespeichert werden</d>
</text><text><lng>en</lng>
<d>Determine whether to save a replacement pairs listalong with the wordlist</d>
</text></texts></PHPModuleRef><PHPModuleRef>
<t>pspell_new</t>
<mn>pspell</mn>
<ft>F</ft>
<ver>4_0_2,4_0_3,4_0_4,4_0_5,4_0_6,4_1_0,4_1_1,4_1_2,4_2_0,4_2_1,4_2_2,4_2_3,4_3_0,4_3_1,4_3_10,4_3_11,4_3_2,4_3_3,4_3_4,4_3_5,4_3_6,4_3_7,4_3_8,4_3_9,4_4_0,4_4_1,4_4_2,4_4_3,4_4_4,4_4_5,4_4_6,4_cvs,5_0_0,5_0_1,5_0_2,5_0_3,5_1_0,5_1_1,5_1_2,5_1_3,5_1_4,5_1_5,5_1_6,5_2_0,5_2_1,5_cvs</ver>
<p4>int pspell_new(string language [, string spelling [, string jargon [, string encoding [, int mode]]]</p4>
<p4d>Load a dictionary </p4d>
<p5>int pspell_new(string language [, string spelling [, string jargon [, string encoding [, int mode]]]</p5>
<p5d>Load a dictionary </p5d>
<texts><text><lng>de</lng>
<d>Lädt ein neues Wörterbuch</d>
</text><text><lng>en</lng>
<d>Load a new dictionary</d>
</text></texts></PHPModuleRef><PHPModuleRef>
<t>pspell_new_config</t>
<mn>pspell</mn>
<ft>F</ft>
<ver>4_0_2,4_0_3,4_0_4,4_0_5,4_0_6,4_1_0,4_1_1,4_1_2,4_2_0,4_2_1,4_2_2,4_2_3,4_3_0,4_3_1,4_3_10,4_3_11,4_3_2,4_3_3,4_3_4,4_3_5,4_3_6,4_3_7,4_3_8,4_3_9,4_4_0,4_4_1,4_4_2,4_4_3,4_4_4,4_4_5,4_4_6,4_cvs,5_0_0,5_0_1,5_0_2,5_0_3,5_1_0,5_1_1,5_1_2,5_1_3,5_1_4,5_1_5,5_1_6,5_2_0,5_2_1,5_cvs</ver>
<p4>int pspell_new_config(int config)</p4>
<p4d>Load a dictionary based on the given config </p4d>
<p5>int pspell_new_config(int config)</p5>
<p5d>Load a dictionary based on the given config </p5d>
<texts><text><lng>de</lng>
<d>Lädt ein neues Wörterbuch mit den Einstellungen einer angegebenen
     Konfiguration</d>
</text><text><lng>en</lng>
<d>Load a new dictionary with settings based on a given config</d>
</text></texts></PHPModuleRef><PHPModuleRef>
<t>pspell_new_personal</t>
<mn>pspell</mn>
<ft>F</ft>
<ver>4_0_2,4_0_3,4_0_4,4_0_5,4_0_6,4_1_0,4_1_1,4_1_2,4_2_0,4_2_1,4_2_2,4_2_3,4_3_0,4_3_1,4_3_10,4_3_11,4_3_2,4_3_3,4_3_4,4_3_5,4_3_6,4_3_7,4_3_8,4_3_9,4_4_0,4_4_1,4_4_2,4_4_3,4_4_4,4_4_5,4_4_6,4_cvs,5_0_0,5_0_1,5_0_2,5_0_3,5_1_0,5_1_1,5_1_2,5_1_3,5_1_4,5_1_5,5_1_6,5_2_0,5_2_1,5_cvs</ver>
<p4>int pspell_new_personal(string personal, string language [, string spelling [, string jargon [, stri</p4>
<p4d>Load a dictionary with a personal wordlist</p4d>
<p5>int pspell_new_personal(string personal, string language [, string spelling [, string jargon [, stri</p5>
<p5d>Load a dictionary with a personal wordlist</p5d>
<texts><text><lng>de</lng>
<d>Lädt ein neues Wörterbuch mit persönlicher Wortliste</d>
</text><text><lng>en</lng>
<d>Load a new dictionary with personal wordlist</d>
</text></texts></PHPModuleRef><PHPModuleRef>
<t>pspell_save_wordlist</t>
<mn>pspell</mn>
<ft>F</ft>
<ver>4_0_2,4_0_3,4_0_4,4_0_5,4_0_6,4_1_0,4_1_1,4_1_2,4_2_0,4_2_1,4_2_2,4_2_3,4_3_0,4_3_1,4_3_10,4_3_11,4_3_2,4_3_3,4_3_4,4_3_5,4_3_6,4_3_7,4_3_8,4_3_9,4_4_0,4_4_1,4_4_2,4_4_3,4_4_4,4_4_5,4_4_6,4_cvs,5_0_0,5_0_1,5_0_2,5_0_3,5_1_0,5_1_1,5_1_2,5_1_3,5_1_4,5_1_5,5_1_6,5_2_0,5_2_1,5_cvs</ver>
<p4>int pspell_save_wordlist(int pspell)</p4>
<p4d>Saves the current (personal) wordlist </p4d>
<p5>bool pspell_save_wordlist(int pspell)</p5>
<p5d>Saves the current (personal) wordlist </p5d>
<texts><text><lng>de</lng>
<d>Speichert die persönliche Wortliste in einer Datei</d>
</text><text><lng>en</lng>
<d>Save the personal wordlist to a file</d>
</text></texts></PHPModuleRef><PHPModuleRef>
<t>pspell_store_replacement</t>
<mn>pspell</mn>
<ft>F</ft>
<ver>4_0_2,4_0_3,4_0_4,4_0_5,4_0_6,4_1_0,4_1_1,4_1_2,4_2_0,4_2_1,4_2_2,4_2_3,4_3_0,4_3_1,4_3_10,4_3_11,4_3_2,4_3_3,4_3_4,4_3_5,4_3_6,4_3_7,4_3_8,4_3_9,4_4_0,4_4_1,4_4_2,4_4_3,4_4_4,4_4_5,4_4_6,4_cvs,5_0_0,5_0_1,5_0_2,5_0_3,5_1_0,5_1_1,5_1_2,5_1_3,5_1_4,5_1_5,5_1_6,5_2_0,5_2_1,5_cvs</ver>
<p4>int pspell_store_replacement(int pspell, string misspell, string correct)</p4>
<p4d>Notify the dictionary of a user-selected replacement </p4d>
<p5>bool pspell_store_replacement(int pspell, string misspell, string correct)</p5>
<p5d>Notify the dictionary of a user-selected replacement </p5d>
<texts><text><lng>de</lng>
<d>Speichert das Ersetzen-Paar für ein Wort</d>
</text><text><lng>en</lng>
<d>Store a replacement pair for a word</d>
</text></texts></PHPModuleRef><PHPModuleRef>
<t>pspell_suggest</t>
<mn>pspell</mn>
<ft>F</ft>
<ver>4_0_2,4_0_3,4_0_4,4_0_5,4_0_6,4_1_0,4_1_1,4_1_2,4_2_0,4_2_1,4_2_2,4_2_3,4_3_0,4_3_1,4_3_10,4_3_11,4_3_2,4_3_3,4_3_4,4_3_5,4_3_6,4_3_7,4_3_8,4_3_9,4_4_0,4_4_1,4_4_2,4_4_3,4_4_4,4_4_5,4_4_6,4_cvs,5_0_0,5_0_1,5_0_2,5_0_3,5_1_0,5_1_1,5_1_2,5_1_3,5_1_4,5_1_5,5_1_6,5_2_0,5_2_1,5_cvs</ver>
<p4>array pspell_suggest(int pspell, string word)</p4>
<p4d>Returns array of suggestions </p4d>
<p5>array pspell_suggest(int pspell, string word)</p5>
<p5d>Returns array of suggestions </p5d>
<texts><text><lng>de</lng>
<d>Macht Vorschläge für die Schreibweise eines Wortes</d>
</text><text><lng>en</lng>
<d>Suggest spellings of a word</d>
</text></texts></PHPModuleRef><PHPModuleRef>
<t>PSPELL_BAD_SPELLERS</t>
<mn>pspell</mn>
<ft>C</ft>
<p4>integer PSPELL_BAD_SPELLERS</p4>
<p5>integer PSPELL_BAD_SPELLERS</p5>
</PHPModuleRef><PHPModuleRef>
<t>PSPELL_FAST</t>
<mn>pspell</mn>
<ft>C</ft>
<p4>integer PSPELL_FAST</p4>
<p5>integer PSPELL_FAST</p5>
</PHPModuleRef><PHPModuleRef>
<t>PSPELL_NORMAL</t>
<mn>pspell</mn>
<ft>C</ft>
<p4>integer PSPELL_NORMAL</p4>
<p5>integer PSPELL_NORMAL</p5>
</PHPModuleRef><PHPModuleRef>
<t>PSPELL_RUN_TOGETHER</t>
<mn>pspell</mn>
<ft>C</ft>
<p4>integer PSPELL_RUN_TOGETHER</p4>
<p5>integer PSPELL_RUN_TOGETHER</p5>
</PHPModuleRef></PHPModuleRef-List>
