<?xml version="1.0" encoding="utf-8"?>
<PHPModuleRef-List>
<PHPModuleRef>
<t>qdom_error</t>
<mn>qtdom</mn>
<ft>F</ft>
<ver>4_0_5,4_0_6,4_1_0,4_1_1,4_1_2,4_2_0,4_2_1,4_2_2,4_2_3,4_3_0,4_3_1,4_3_10,4_3_11,4_3_2,4_3_3,4_3_4,4_3_5,4_3_6,4_3_7,4_3_8,4_3_9,4_4_0,4_4_1,4_4_2,4_4_3,4_4_4,4_4_5,4_4_6,4_cvs</ver>
<p4>string qdom_error()</p4>
<p4d>Returns the error string from the last QDOM operation or FALSE if no errors occured.</p4d>
<texts><text><lng>en</lng>
<d>Returns the error string from the last QDOM operation or FALSE if no errors occurred</d>
</text></texts></PHPModuleRef><PHPModuleRef>
<t>qdom_tree</t>
<mn>qtdom</mn>
<ft>F</ft>
<ver>4_0_4,4_0_5,4_0_6,4_1_0,4_1_1,4_1_2,4_2_0,4_2_1,4_2_2,4_2_3,4_3_0,4_3_1,4_3_10,4_3_11,4_3_2,4_3_3,4_3_4,4_3_5,4_3_6,4_3_7,4_3_8,4_3_9,4_4_0,4_4_1,4_4_2,4_4_3,4_4_4,4_4_5,4_4_6,4_cvs</ver>
<p4>object qdom_tree( string )</p4>
<p4d>creates a tree of an xml string </p4d>
<texts><text><lng>en</lng>
<d>Creates a tree of an XML string</d>
</text></texts></PHPModuleRef></PHPModuleRef-List>
