<?xml version="1.0" encoding="utf-8"?>
<PHPModuleRef-List>
<PHPModuleRef>
<t>readline</t>
<mn>readline</mn>
<ft>F</ft>
<ver>4_0_0,4_0_1,4_0_2,4_0_3,4_0_4,4_0_5,4_0_6,4_1_0,4_1_1,4_1_2,4_2_0,4_2_1,4_2_2,4_2_3,4_3_0,4_3_1,4_3_10,4_3_11,4_3_2,4_3_3,4_3_4,4_3_5,4_3_6,4_3_7,4_3_8,4_3_9,4_4_0,4_4_1,4_4_2,4_4_3,4_4_4,4_4_5,4_4_6,4_cvs,5_0_0,5_0_1,5_0_2,5_0_3,5_1_0,5_1_1,5_1_2,5_1_3,5_1_4,5_1_5,5_1_6,5_2_0,5_2_1,5_cvs</ver>
<p4>string readline([string prompt]) </p4>
<p4d>Reads a line </p4d>
<p5>string readline([string prompt]) </p5>
<p5d>Reads a line </p5d>
<texts><text><lng>cs</lng>
<d>Přečíst řádek</d>
</text><text><lng>de</lng>
<d>Liest eine Zeile</d>
</text><text><lng>en</lng>
<d>Reads a line</d>
</text></texts></PHPModuleRef><PHPModuleRef>
<t>readline_add_history</t>
<mn>readline</mn>
<ft>F</ft>
<ver>4_0_0,4_0_1,4_0_2,4_0_3,4_0_4,4_0_5,4_0_6,4_1_0,4_1_1,4_1_2,4_2_0,4_2_1,4_2_2,4_2_3,4_3_0,4_3_1,4_3_10,4_3_11,4_3_2,4_3_3,4_3_4,4_3_5,4_3_6,4_3_7,4_3_8,4_3_9,4_4_0,4_4_1,4_4_2,4_4_3,4_4_4,4_4_5,4_4_6,4_cvs,5_0_0,5_0_1,5_0_2,5_0_3,5_1_0,5_1_1,5_1_2,5_1_3,5_1_4,5_1_5,5_1_6,5_2_0,5_2_1,5_cvs</ver>
<p4>void readline_add_history([string prompt]) </p4>
<p4d>Adds a line to the history </p4d>
<p5>bool readline_add_history([string prompt]) </p5>
<p5d>Adds a line to the history </p5d>
<texts><text><lng>cs</lng>
<d>Přidat řádek do historie</d>
</text><text><lng>de</lng>
<d>Fügt eine Zeile zur History hinzu</d>
</text><text><lng>en</lng>
<d>Adds a line to the history</d>
</text></texts></PHPModuleRef><PHPModuleRef>
<t>readline_callback_handler_install</t>
<mn>readline</mn>
<ft>F</ft>
<ver>5_1_0,5_1_1,5_1_2,5_1_3,5_1_4,5_1_5,5_1_6,5_2_0,5_2_1,5_cvs</ver>
<p5>void readline_callback_handler_install(string prompt, mixed callback)</p5>
<p5d>Initializes the readline callback interface and terminal, prints the prompt and returns immediately </p5d>
<texts><text><lng>en</lng>
<d>Initializes the readline callback interface and terminal, prints the prompt and returns immediately</d>
</text></texts></PHPModuleRef><PHPModuleRef>
<t>readline_callback_handler_remove</t>
<mn>readline</mn>
<ft>F</ft>
<ver>5_1_0,5_1_1,5_1_2,5_1_3,5_1_4,5_1_5,5_1_6,5_2_0,5_2_1,5_cvs</ver>
<p5>bool readline_callback_handler_remove()</p5>
<p5d>Removes a previously installed callback handler and restores terminal settings </p5d>
<texts><text><lng>en</lng>
<d>Removes a previously installed callback handler and restores terminal settings</d>
</text></texts></PHPModuleRef><PHPModuleRef>
<t>readline_callback_read_char</t>
<mn>readline</mn>
<ft>F</ft>
<ver>5_1_0,5_1_1,5_1_2,5_1_3,5_1_4,5_1_5,5_1_6,5_2_0,5_2_1,5_cvs</ver>
<p5>void readline_callback_read_char()</p5>
<p5d>Informs the readline callback interface that a character is ready for input </p5d>
<texts><text><lng>en</lng>
<d>Reads a character and informs the readline callback interface when a line is received</d>
</text></texts></PHPModuleRef><PHPModuleRef>
<t>readline_clear_history</t>
<mn>readline</mn>
<ft>F</ft>
<ver>4_0_0,4_0_1,4_0_2,4_0_3,4_0_4,4_0_5,4_0_6,4_1_0,4_1_1,4_1_2,4_2_0,4_2_1,4_2_2,4_2_3,4_3_0,4_3_1,4_3_10,4_3_11,4_3_2,4_3_3,4_3_4,4_3_5,4_3_6,4_3_7,4_3_8,4_3_9,4_4_0,4_4_1,4_4_2,4_4_3,4_4_4,4_4_5,4_4_6,4_cvs,5_0_0,5_0_1,5_0_2,5_0_3,5_1_0,5_1_1,5_1_2,5_1_3,5_1_4,5_1_5,5_1_6,5_2_0,5_2_1,5_cvs</ver>
<p4>void readline_clear_history(void) </p4>
<p4d>Clears the history </p4d>
<p5>bool readline_clear_history(void) </p5>
<p5d>Clears the history </p5d>
<texts><text><lng>cs</lng>
<d>Smazat historii</d>
</text><text><lng>de</lng>
<d>Löscht die History</d>
</text><text><lng>en</lng>
<d>Clears the history</d>
</text></texts></PHPModuleRef><PHPModuleRef>
<t>readline_completion_function</t>
<mn>readline</mn>
<ft>F</ft>
<ver>4_0_0,4_0_1,4_0_2,4_0_3,4_0_4,4_0_5,4_0_6,4_1_0,4_1_1,4_1_2,4_2_0,4_2_1,4_2_2,4_2_3,4_3_0,4_3_1,4_3_10,4_3_11,4_3_2,4_3_3,4_3_4,4_3_5,4_3_6,4_3_7,4_3_8,4_3_9,4_4_0,4_4_1,4_4_2,4_4_3,4_4_4,4_4_5,4_4_6,4_cvs,5_0_0,5_0_1,5_0_2,5_0_3,5_1_0,5_1_1,5_1_2,5_1_3,5_1_4,5_1_5,5_1_6,5_2_0,5_2_1,5_cvs</ver>
<p4>void readline_completion_function(string funcname) </p4>
<p4d>Readline completion function? </p4d>
<p5>bool readline_completion_function(string funcname) </p5>
<p5d>Readline completion function? </p5d>
<texts><text><lng>cs</lng>
<d>Zaregistrovat dokončující funkci</d>
</text><text><lng>de</lng>
<d>Registriert eine Vervollständigungsfunktion</d>
</text><text><lng>en</lng>
<d>Registers a completion function</d>
</text></texts></PHPModuleRef><PHPModuleRef>
<t>readline_info</t>
<mn>readline</mn>
<ft>F</ft>
<ver>4_0_0,4_0_1,4_0_2,4_0_3,4_0_4,4_0_5,4_0_6,4_1_0,4_1_1,4_1_2,4_2_0,4_2_1,4_2_2,4_2_3,4_3_0,4_3_1,4_3_10,4_3_11,4_3_2,4_3_3,4_3_4,4_3_5,4_3_6,4_3_7,4_3_8,4_3_9,4_4_0,4_4_1,4_4_2,4_4_3,4_4_4,4_4_5,4_4_6,4_cvs,5_0_0,5_0_1,5_0_2,5_0_3,5_1_0,5_1_1,5_1_2,5_1_3,5_1_4,5_1_5,5_1_6,5_2_0,5_2_1,5_cvs</ver>
<p4>mixed readline_info([string varname] [, string newvalue]) </p4>
<p4d>Gets/sets various internal readline variables. </p4d>
<p5>mixed readline_info([string varname] [, string newvalue]) </p5>
<p5d>Gets/sets various internal readline variables. </p5d>
<texts><text><lng>cs</lng>
<d>Zjistit/nastavit různé interní proměnné readline</d>
</text><text><lng>de</lng>
<d>Liest/Setzt verschiedene interne readlineVariablen</d>
</text><text><lng>en</lng>
<d>Gets/sets various internal readline variables</d>
</text></texts></PHPModuleRef><PHPModuleRef>
<t>readline_list_history</t>
<mn>readline</mn>
<ft>F</ft>
<ver>4_0_0,4_0_1,4_0_2,4_0_3,4_0_4,4_0_5,4_0_6,4_1_0,4_1_1,4_1_2,4_2_0,4_2_1,4_2_2,4_2_3,4_3_0,4_3_1,4_3_10,4_3_11,4_3_2,4_3_3,4_3_4,4_3_5,4_3_6,4_3_7,4_3_8,4_3_9,4_4_0,4_4_1,4_4_2,4_4_3,4_4_4,4_4_5,4_4_6,4_cvs,5_0_0,5_0_1,5_0_2,5_0_3,5_1_0,5_1_1,5_1_2,5_1_3,5_1_4,5_1_5,5_1_6,5_2_0,5_2_1,5_cvs</ver>
<p4>array readline_list_history(void) </p4>
<p4d>Lists the history </p4d>
<p5>array readline_list_history(void) </p5>
<p5d>Lists the history </p5d>
<texts><text><lng>cs</lng>
<d>Vypsat historii</d>
</text><text><lng>de</lng>
<d>Auflistung der History</d>
</text><text><lng>en</lng>
<d>Lists the history</d>
</text></texts></PHPModuleRef><PHPModuleRef>
<t>readline_on_new_line</t>
<mn>readline</mn>
<ft>F</ft>
<ver>5_1_0,5_1_1,5_1_2,5_1_3,5_1_4,5_1_5,5_1_6,5_2_0,5_2_1,5_cvs</ver>
<p5>void readline_on_new_line(void)</p5>
<p5d>Inform readline that the cursor has moved to a new line </p5d>
<texts><text><lng>en</lng>
<d>Inform readline that the cursor has moved to a new line</d>
</text></texts></PHPModuleRef><PHPModuleRef>
<t>readline_read_history</t>
<mn>readline</mn>
<ft>F</ft>
<ver>4_0_0,4_0_1,4_0_2,4_0_3,4_0_4,4_0_5,4_0_6,4_1_0,4_1_1,4_1_2,4_2_0,4_2_1,4_2_2,4_2_3,4_3_0,4_3_1,4_3_10,4_3_11,4_3_2,4_3_3,4_3_4,4_3_5,4_3_6,4_3_7,4_3_8,4_3_9,4_4_0,4_4_1,4_4_2,4_4_3,4_4_4,4_4_5,4_4_6,4_cvs,5_0_0,5_0_1,5_0_2,5_0_3,5_1_0,5_1_1,5_1_2,5_1_3,5_1_4,5_1_5,5_1_6,5_2_0,5_2_1,5_cvs</ver>
<p4>int readline_read_history([string filename] [, int from] [,int to]) </p4>
<p4d>Reads the history </p4d>
<p5>bool readline_read_history([string filename] [, int from] [,int to]) </p5>
<p5d>Reads the history </p5d>
<texts><text><lng>cs</lng>
<d>Vrátit historii</d>
</text><text><lng>de</lng>
<d>Liest die History</d>
</text><text><lng>en</lng>
<d>Reads the history</d>
</text></texts></PHPModuleRef><PHPModuleRef>
<t>readline_redisplay</t>
<mn>readline</mn>
<ft>F</ft>
<ver>5_1_0,5_1_1,5_1_2,5_1_3,5_1_4,5_1_5,5_1_6,5_2_0,5_2_1,5_cvs</ver>
<p5>void readline_redisplay(void)</p5>
<p5d>Ask readline to redraw the display </p5d>
<texts><text><lng>en</lng>
<d>Redraws the display</d>
</text></texts></PHPModuleRef><PHPModuleRef>
<t>readline_write_history</t>
<mn>readline</mn>
<ft>F</ft>
<ver>4_0_0,4_0_1,4_0_2,4_0_3,4_0_4,4_0_5,4_0_6,4_1_0,4_1_1,4_1_2,4_2_0,4_2_1,4_2_2,4_2_3,4_3_0,4_3_1,4_3_10,4_3_11,4_3_2,4_3_3,4_3_4,4_3_5,4_3_6,4_3_7,4_3_8,4_3_9,4_4_0,4_4_1,4_4_2,4_4_3,4_4_4,4_4_5,4_4_6,4_cvs,5_0_0,5_0_1,5_0_2,5_0_3,5_1_0,5_1_1,5_1_2,5_1_3,5_1_4,5_1_5,5_1_6,5_2_0,5_2_1,5_cvs</ver>
<p4>int readline_write_history([string filename]) </p4>
<p4d>Writes the history </p4d>
<p5>bool readline_write_history([string filename]) </p5>
<p5d>Writes the history </p5d>
<texts><text><lng>cs</lng>
<d>Zapsat historii</d>
</text><text><lng>de</lng>
<d>Schreibt die History</d>
</text><text><lng>en</lng>
<d>Writes the history</d>
</text></texts></PHPModuleRef></PHPModuleRef-List>
