<?xml version="1.0" encoding="utf-8"?>
<PHPModuleRef-List>
<PHPModuleRef>
<t>recode</t>
<mn>recode</mn>
<ft>A</ft>
<af>recode_string</af>
<ver>4_0_0,4_0_1,4_0_2,4_0_3,4_0_4,4_0_5,4_0_6,4_1_0,4_1_1,4_1_2,4_2_0,4_2_1,4_2_2,4_2_3,4_3_0,4_3_1,4_3_10,4_3_11,4_3_2,4_3_3,4_3_4,4_3_5,4_3_6,4_3_7,4_3_8,4_3_9,4_4_0,4_4_1,4_4_2,4_4_3,4_4_4,4_4_5,4_4_6,4_cvs,5_0_0,5_0_1,5_0_2,5_0_3,5_1_0,5_1_1,5_1_2,5_1_3,5_1_4,5_1_5,5_1_6,5_2_0,5_2_1,5_cvs</ver>
</PHPModuleRef><PHPModuleRef>
<t>recode_file</t>
<mn>recode</mn>
<ft>F</ft>
<ver>4_0_0,4_0_1,4_0_2,4_0_3,4_0_4,4_0_5,4_0_6,4_1_0,4_1_1,4_1_2,4_2_0,4_2_1,4_2_2,4_2_3,4_3_0,4_3_1,4_3_10,4_3_11,4_3_2,4_3_3,4_3_4,4_3_5,4_3_6,4_3_7,4_3_8,4_3_9,4_4_0,4_4_1,4_4_2,4_4_3,4_4_4,4_4_5,4_4_6,4_cvs,5_0_0,5_0_1,5_0_2,5_0_3,5_1_0,5_1_1,5_1_2,5_1_3,5_1_4,5_1_5,5_1_6,5_2_0,5_2_1,5_cvs</ver>
<p4>bool recode_file(string request, resource input, resource output)</p4>
<p4d>Recode file input into file output according to request </p4d>
<p5>bool recode_file(string request, resource input, resource output)</p5>
<p5d>Recode file input into file output according to request </p5d>
<texts><text><lng>cs</lng>
<d>Překóduje soubor na soubor podle požadavku</d>
</text><text><lng>de</lng>
<d>Umkodierung von Dateien entsprechend der Recode Anweisung</d>
</text><text><lng>en</lng>
<d>Recode from file to file according to recode request</d>
</text></texts></PHPModuleRef><PHPModuleRef>
<t>recode_string</t>
<mn>recode</mn>
<ft>F</ft>
<ver>4_0_0,4_0_1,4_0_2,4_0_3,4_0_4,4_0_5,4_0_6,4_1_0,4_1_1,4_1_2,4_2_0,4_2_1,4_2_2,4_2_3,4_3_0,4_3_1,4_3_10,4_3_11,4_3_2,4_3_3,4_3_4,4_3_5,4_3_6,4_3_7,4_3_8,4_3_9,4_4_0,4_4_1,4_4_2,4_4_3,4_4_4,4_4_5,4_4_6,4_cvs,5_0_0,5_0_1,5_0_2,5_0_3,5_1_0,5_1_1,5_1_2,5_1_3,5_1_4,5_1_5,5_1_6,5_2_0,5_2_1,5_cvs</ver>
<p4>string recode_string(string request, string str)</p4>
<p4d>Recode string str according to request string </p4d>
<p5>string recode_string(string request, string str)</p5>
<p5d>Recode string str according to request string </p5d>
<texts><text><lng>cs</lng>
<d>Překóduje řetězec podle požadavku</d>
</text><text><lng>de</lng>
<d>Umkodierung eines Strings entsprechend einer Recode Anweisung</d>
</text><text><lng>en</lng>
<d>Recode a string according to a recode request</d>
</text></texts></PHPModuleRef></PHPModuleRef-List>
