<?xml version="1.0" encoding="utf-8"?>
<PHPModuleRef-List>
<PHPModuleRef>
<t>xslt_closelog</t>
<mn>sablot</mn>
<ft>F</ft>
<ver>4_0_3,4_0_4,4_0_5,4_0_6</ver>
<texts><text><lng>de</lng>
<d>Löschen der Log-Datei zu einer gegebenen Sablotron Instanz</d>
</text></texts></PHPModuleRef><PHPModuleRef>
<t>xslt_create</t>
<mn>sablot</mn>
<ft>F</ft>
<ver>4_0_3,4_0_4,4_0_5,4_0_6,4_1_0,4_1_1,4_1_2,4_2_0,4_2_1,4_2_2,4_2_3,4_3_0,4_3_1,4_3_10,4_3_11,4_3_2,4_3_3,4_3_4,4_3_5,4_3_6,4_3_7,4_3_8,4_3_9,4_4_0,4_4_1,4_4_2,4_4_3,4_4_4,4_4_5,4_4_6,4_cvs</ver>
<p4>resource xslt_create(void) </p4>
<p4d>Create a new XSLT processor </p4d>
<texts><text><lng>cs</lng>
<d>Vytvořit nový XSL procesor</d>
</text><text><lng>de</lng>
<d>Erzeugt einen neuen XSLT-Prozessor.</d>
</text><text><lng>en</lng>
<d>Create a new XSLT processor</d>
</text></texts></PHPModuleRef><PHPModuleRef>
<t>xslt_errno</t>
<mn>sablot</mn>
<ft>F</ft>
<ver>4_0_3,4_0_4,4_0_5,4_0_6,4_1_0,4_1_1,4_1_2,4_2_0,4_2_1,4_2_2,4_2_3,4_3_0,4_3_1,4_3_10,4_3_11,4_3_2,4_3_3,4_3_4,4_3_5,4_3_6,4_3_7,4_3_8,4_3_9,4_4_0,4_4_1,4_4_2,4_4_3,4_4_4,4_4_5,4_4_6,4_cvs</ver>
<p4>int xslt_errno(resource processor)</p4>
<p4d>Error number </p4d>
<texts><text><lng>cs</lng>
<d>Vrátit číslo současné chyby</d>
</text><text><lng>de</lng>
<d>Gibt die aktuelle Fehlernummer zurück</d>
</text><text><lng>en</lng>
<d>Returns an error number</d>
</text></texts></PHPModuleRef><PHPModuleRef>
<t>xslt_error</t>
<mn>sablot</mn>
<ft>F</ft>
<ver>4_0_3,4_0_4,4_0_5,4_0_6,4_1_0,4_1_1,4_1_2,4_2_0,4_2_1,4_2_2,4_2_3,4_3_0,4_3_1,4_3_10,4_3_11,4_3_2,4_3_3,4_3_4,4_3_5,4_3_6,4_3_7,4_3_8,4_3_9,4_4_0,4_4_1,4_4_2,4_4_3,4_4_4,4_4_5,4_4_6,4_cvs</ver>
<p4>string xslt_error(resource processor)</p4>
<p4d>Error string </p4d>
<texts><text><lng>cs</lng>
<d>Vrátit text poslední chyby</d>
</text><text><lng>de</lng>
<d>Gibt den aktuellen Fehlerstring zurück.</d>
</text><text><lng>en</lng>
<d>Returns an error string</d>
</text></texts></PHPModuleRef><PHPModuleRef>
<t>xslt_fetch_result</t>
<mn>sablot</mn>
<ft>F</ft>
<ver>4_0_3,4_0_4,4_0_5,4_0_6</ver>
<texts><text><lng>de</lng>
<d>Ruft einen (benannten) Resultatspeicher ab</d>
</text></texts></PHPModuleRef><PHPModuleRef>
<t>xslt_free</t>
<mn>sablot</mn>
<ft>F</ft>
<ver>4_0_3,4_0_4,4_0_5,4_0_6,4_1_0,4_1_1,4_1_2,4_2_0,4_2_1,4_2_2,4_2_3,4_3_0,4_3_1,4_3_10,4_3_11,4_3_2,4_3_3,4_3_4,4_3_5,4_3_6,4_3_7,4_3_8,4_3_9,4_4_0,4_4_1,4_4_2,4_4_3,4_4_4,4_4_5,4_4_6,4_cvs</ver>
<p4>void xslt_free(resource processor)</p4>
<p4d>Free the xslt processor up </p4d>
<texts><text><lng>cs</lng>
<d>Uvolnit XSLT procesor</d>
</text><text><lng>de</lng>
<d>Freigabe eines XSLT Prozessors</d>
</text><text><lng>en</lng>
<d>Free XSLT processor</d>
</text></texts></PHPModuleRef><PHPModuleRef>
<t>xslt_openlog</t>
<mn>sablot</mn>
<ft>F</ft>
<ver>4_0_3,4_0_4,4_0_5,4_0_6</ver>
<texts><text><lng>de</lng>
<d>Benennen einer Log-Datei für XSLT-Prozessor-Meldungen</d>
</text></texts></PHPModuleRef><PHPModuleRef>
<t>xslt_output_begintransform</t>
<mn>sablot</mn>
<ft>F</ft>
<ver>4_0_3,4_0_4,4_0_5,4_0_6</ver>
<texts><text><lng>de</lng>
<d>unknown</d>
</text></texts></PHPModuleRef><PHPModuleRef>
<t>xslt_output_endtransform</t>
<mn>sablot</mn>
<ft>F</ft>
<ver>4_0_3,4_0_4,4_0_5,4_0_6</ver>
<texts><text><lng>de</lng>
<d>unknown</d>
</text></texts></PHPModuleRef><PHPModuleRef>
<t>xslt_process</t>
<mn>sablot</mn>
<ft>F</ft>
<ver>4_0_3,4_0_4,4_0_5,4_0_6,4_1_0,4_1_1,4_1_2,4_2_0,4_2_1,4_2_2,4_2_3,4_3_0,4_3_1,4_3_10,4_3_11,4_3_2,4_3_3,4_3_4,4_3_5,4_3_6,4_3_7,4_3_8,4_3_9,4_4_0,4_4_1,4_4_2,4_4_3,4_4_4,4_4_5,4_4_6,4_cvs</ver>
<p4>string xslt_process(resource processor, string xml, string xslt[, mixed result[, array args[, array</p4>
<p4d>Perform the xslt transformation </p4d>
<texts><text><lng>cs</lng>
<d>Transformovat XML datařetězcem obsahujícím XSL data</d>
</text><text><lng>de</lng>
<d>unknown</d>
</text><text><lng>en</lng>
<d>Perform an XSLT transformation</d>
</text></texts></PHPModuleRef><PHPModuleRef>
<t>xslt_run</t>
<mn>sablot</mn>
<ft>F</ft>
<ver>4_0_3,4_0_4,4_0_5,4_0_6</ver>
<texts><text><lng>de</lng>
<d>Ein XSL-Stylesheet einer XML-Datei zuweisen.</d>
</text></texts></PHPModuleRef><PHPModuleRef>
<t>xslt_set_base</t>
<mn>sablot</mn>
<ft>F</ft>
<ver>4_0_5,4_0_6,4_1_0,4_1_1,4_1_2,4_2_0,4_2_1,4_2_2,4_2_3,4_3_0,4_3_1,4_3_10,4_3_11,4_3_2,4_3_3,4_3_4,4_3_5,4_3_6,4_3_7,4_3_8,4_3_9,4_4_0,4_4_1,4_4_2,4_4_3,4_4_4,4_4_5,4_4_6,4_cvs</ver>
<p4>void xslt_set_base(resource processor, string base)</p4>
<p4d>Sets the base URI for all XSLT transformations </p4d>
<texts><text><lng>en</lng>
<d>Set the base URI for all XSLT transformations</d>
</text></texts></PHPModuleRef><PHPModuleRef>
<t>xslt_set_encoding</t>
<mn>sablot</mn>
<ft>F</ft>
<ver>4_0_5,4_0_6,4_1_0,4_1_1,4_1_2,4_2_0,4_2_1,4_2_2,4_2_3,4_3_0,4_3_1,4_3_10,4_3_11,4_3_2,4_3_3,4_3_4,4_3_5,4_3_6,4_3_7,4_3_8,4_3_9,4_4_0,4_4_1,4_4_2,4_4_3,4_4_4,4_4_5,4_4_6,4_cvs</ver>
<p4>void xslt_set_encoding(resource processor, string encoding)</p4>
<p4d>Set the output encoding for the current stylesheet </p4d>
<texts><text><lng>en</lng>
<d>Set the encoding for the parsing of XML documents</d>
</text></texts></PHPModuleRef><PHPModuleRef>
<t>xslt_set_error_handler</t>
<mn>sablot</mn>
<ft>F</ft>
<ver>4_0_4,4_0_5,4_0_6,4_1_0,4_1_1,4_1_2,4_2_0,4_2_1,4_2_2,4_2_3,4_3_0,4_3_1,4_3_10,4_3_11,4_3_2,4_3_3,4_3_4,4_3_5,4_3_6,4_3_7,4_3_8,4_3_9,4_4_0,4_4_1,4_4_2,4_4_3,4_4_4,4_4_5,4_4_6,4_cvs</ver>
<p4>void xslt_set_error_handler(resource processor, mixed error_func)</p4>
<p4d>Set the error handler, to be called when an XSLT error happens </p4d>
<texts><text><lng>en</lng>
<d>Set an error handler for a XSLT processor</d>
</text></texts></PHPModuleRef><PHPModuleRef>
<t>xslt_set_sax_handler</t>
<mn>sablot</mn>
<ft>F</ft>
<ver>4_0_3,4_0_4,4_0_5,4_0_6</ver>
<texts><text><lng>cs</lng>
<d>Určit SAX handlery XSLT procesoru</d>
</text><text><lng>de</lng>
<d>Setzen des SAX handlers für einen XSLT-Prozessor</d>
</text><text><lng>en</lng>
<d>Set SAX handlers for a XSLT processor</d>
</text></texts></PHPModuleRef><PHPModuleRef>
<t>xslt_set_scheme_handler</t>
<mn>sablot</mn>
<ft>F</ft>
<ver>4_0_5,4_0_6</ver>
<texts><text><lng>en</lng>
<d>Set Scheme handlers for a XSLT processor</d>
</text></texts></PHPModuleRef><PHPModuleRef>
<t>xslt_transform</t>
<mn>sablot</mn>
<ft>F</ft>
<ver>4_0_3,4_0_4,4_0_5,4_0_6</ver>
<texts><text><lng>de</lng>
<d>unknown</d>
</text></texts></PHPModuleRef></PHPModuleRef-List>
