<?xml version="1.0" encoding="utf-8"?>
<PHPModuleRef-List>
<PHPModuleRef>
<t>orbit_caught_exception</t>
<mn>satellite</mn>
<ft>A</ft>
<af>satellite_caught_exception</af>
<ver>4_0_3,4_0_4,4_0_5,4_0_6,4_1_0,4_1_1,4_1_2</ver>
</PHPModuleRef><PHPModuleRef>
<t>orbit_exception_id</t>
<mn>satellite</mn>
<ft>A</ft>
<af>satellite_exception_id</af>
<ver>4_0_3,4_0_4,4_0_5,4_0_6,4_1_0,4_1_1,4_1_2</ver>
</PHPModuleRef><PHPModuleRef>
<t>orbit_exception_value</t>
<mn>satellite</mn>
<ft>A</ft>
<af>satellite_exception_value</af>
<ver>4_0_3,4_0_4,4_0_5,4_0_6,4_1_0,4_1_1,4_1_2</ver>
</PHPModuleRef><PHPModuleRef>
<t>orbit_get_repository_id</t>
<mn>satellite</mn>
<ft>A</ft>
<af>satellite_get_repository_id</af>
<ver>4_0_3,4_0_4,4_0_5,4_0_6,4_1_0,4_1_1,4_1_2</ver>
</PHPModuleRef><PHPModuleRef>
<t>orbit_load_idl</t>
<mn>satellite</mn>
<ft>A</ft>
<af>satellite_load_idl</af>
<ver>4_0_3,4_0_4,4_0_5,4_0_6,4_1_0,4_1_1,4_1_2</ver>
</PHPModuleRef><PHPModuleRef>
<t>satellite_caught_exception</t>
<mn>satellite</mn>
<ft>F</ft>
<ver>4_0_3,4_0_4,4_0_5,4_0_6,4_1_0,4_1_1,4_1_2</ver>
<texts><text><lng>cs</lng>
<d>Zjistit, jestli byla v předchozí funkci zachycena výjimka</d>
</text><text><lng>en</lng>
<d>See if an exception was caught from the previous function</d>
</text></texts></PHPModuleRef><PHPModuleRef>
<t>satellite_exception_id</t>
<mn>satellite</mn>
<ft>F</ft>
<ver>4_0_3,4_0_4,4_0_5,4_0_6,4_1_0,4_1_1,4_1_2</ver>
<texts><text><lng>cs</lng>
<d>Zjistit repository id poslední výjimky</d>
</text><text><lng>en</lng>
<d>Get the repository id for the latest exception.</d>
</text></texts></PHPModuleRef><PHPModuleRef>
<t>satellite_exception_value</t>
<mn>satellite</mn>
<ft>F</ft>
<ver>4_0_3,4_0_4,4_0_5,4_0_6,4_1_0,4_1_1,4_1_2</ver>
<texts><text><lng>cs</lng>
<d>Získat strukturu poslední výjimky</d>
</text><text><lng>en</lng>
<d>Get the exception struct for the latest exception</d>
</text></texts></PHPModuleRef><PHPModuleRef>
<t>satellite_get_repository_id</t>
<mn>satellite</mn>
<ft>F</ft>
<ver>4_0_3,4_0_4,4_0_5,4_0_6,4_1_0,4_1_1,4_1_2</ver>
<texts><text><lng>en</lng>
<d>NOT IMPLEMENTED</d>
</text></texts></PHPModuleRef><PHPModuleRef>
<t>satellite_load_idl</t>
<mn>satellite</mn>
<ft>F</ft>
<ver>4_0_3,4_0_4,4_0_5,4_0_6,4_1_0,4_1_1,4_1_2</ver>
<texts><text><lng>en</lng>
<d>Instruct the type manager to load an IDL file</d>
</text></texts></PHPModuleRef><PHPModuleRef>
<t>satellite_object_to_string</t>
<mn>satellite</mn>
<ft>F</ft>
<ver>4_1_0,4_1_1,4_1_2</ver>
<texts><text><lng>en</lng>
<d>Convert an object to its string representation</d>
</text></texts></PHPModuleRef></PHPModuleRef-List>
