<?xml version="1.0" encoding="utf-8"?>
<PHPModuleRef-List>
<PHPModuleRef>
<t>session_cache_expire</t>
<mn>session</mn>
<ft>F</ft>
<ver>4_2_0,4_2_1,4_2_2,4_2_3,4_3_0,4_3_1,4_3_10,4_3_11,4_3_2,4_3_3,4_3_4,4_3_5,4_3_6,4_3_7,4_3_8,4_3_9,4_4_0,4_4_1,4_4_2,4_4_3,4_4_4,4_4_5,4_4_6,4_cvs,5_0_0,5_0_1,5_0_2,5_0_3,5_1_0,5_1_1,5_1_2,5_1_3,5_1_4,5_1_5,5_1_6,5_2_0,5_2_1,5_cvs</ver>
<p4>int session_cache_expire([int new_cache_expire])</p4>
<p4d>Return the current cache expire. If new_cache_expire is given, the current cache_expire is replaced with new_cache_expire </p4d>
<p5>int session_cache_expire([int new_cache_expire]) U</p5>
<p5d>Return the current cache expire. If new_cache_expire is given, the current cache_expire is replaced with new_cache_expire </p5d>
<texts><text><lng>de</lng>
<d>Liefert die aktuelle Cache-Verfallszeit</d>
</text><text><lng>en</lng>
<d>Return current cache expire</d>
</text></texts></PHPModuleRef><PHPModuleRef>
<t>session_cache_limiter</t>
<mn>session</mn>
<ft>F</ft>
<ver>4_0_3,4_0_4,4_0_5,4_0_6,4_1_0,4_1_1,4_1_2,4_2_0,4_2_1,4_2_2,4_2_3,4_3_0,4_3_1,4_3_10,4_3_11,4_3_2,4_3_3,4_3_4,4_3_5,4_3_6,4_3_7,4_3_8,4_3_9,4_4_0,4_4_1,4_4_2,4_4_3,4_4_4,4_4_5,4_4_6,4_cvs,5_0_0,5_0_1,5_0_2,5_0_3,5_1_0,5_1_1,5_1_2,5_1_3,5_1_4,5_1_5,5_1_6,5_2_0,5_2_1,5_cvs</ver>
<p4>string session_cache_limiter([string new_cache_limiter])</p4>
<p4d>Return the current cache limiter. If new_cache_limited is given, the current cache_limiter is replaced with new_cache_limiter </p4d>
<p5>string session_cache_limiter([string new_cache_limiter]) U</p5>
<p5d>Return the current cache limiter. If new_cache_limited is given, the current cache_limiter is replaced with new_cache_limiter </p5d>
<texts><text><lng>de</lng>
<d>Liefert und/oder setzt die aktuelle Cacheverwaltung</d>
</text><text><lng>en</lng>
<d>Get and/or set the current cache limiter</d>
</text></texts></PHPModuleRef><PHPModuleRef>
<t>session_commit</t>
<mn>session</mn>
<ft>A</ft>
<af>session_write_close</af>
<ver>4_3_11,4_4_0,4_4_1,4_4_2,4_4_3,4_4_4,4_4_5,4_4_6,4_cvs,5_0_0,5_0_1,5_0_2,5_0_3,5_1_0,5_1_1,5_1_2,5_1_3,5_1_4,5_1_5,5_1_6,5_2_0,5_2_1,5_cvs</ver>
</PHPModuleRef><PHPModuleRef>
<t>session_decode</t>
<mn>session</mn>
<ft>F</ft>
<ver>4_0_0,4_0_1,4_0_2,4_0_3,4_0_4,4_0_5,4_0_6,4_1_0,4_1_1,4_1_2,4_2_0,4_2_1,4_2_2,4_2_3,4_3_0,4_3_1,4_3_10,4_3_11,4_3_2,4_3_3,4_3_4,4_3_5,4_3_6,4_3_7,4_3_8,4_3_9,4_4_0,4_4_1,4_4_2,4_4_3,4_4_4,4_4_5,4_4_6,4_cvs,5_0_0,5_0_1,5_0_2,5_0_3,5_1_0,5_1_1,5_1_2,5_1_3,5_1_4,5_1_5,5_1_6,5_2_0,5_2_1,5_cvs</ver>
<p4>bool session_decode(string data)</p4>
<p4d>Deserializes data and reinitializes the variables </p4d>
<p5>bool session_decode(string data) U</p5>
<p5d>Deserializes data and reinitializes the variables </p5d>
<texts><text><lng>de</lng>
<d>Dekodiert die Daten einer Session aus einer Zeichenkette</d>
</text><text><lng>en</lng>
<d>Decodes session data from a string</d>
</text></texts></PHPModuleRef><PHPModuleRef>
<t>session_destroy</t>
<mn>session</mn>
<ft>F</ft>
<ver>4_0_0,4_0_1,4_0_2,4_0_3,4_0_4,4_0_5,4_0_6,4_1_0,4_1_1,4_1_2,4_2_0,4_2_1,4_2_2,4_2_3,4_3_0,4_3_1,4_3_10,4_3_11,4_3_2,4_3_3,4_3_4,4_3_5,4_3_6,4_3_7,4_3_8,4_3_9,4_4_0,4_4_1,4_4_2,4_4_3,4_4_4,4_4_5,4_4_6,4_cvs,5_0_0,5_0_1,5_0_2,5_0_3,5_1_0,5_1_1,5_1_2,5_1_3,5_1_4,5_1_5,5_1_6,5_2_0,5_2_1,5_cvs</ver>
<p4>bool session_destroy(void)</p4>
<p4d>Destroy the current session and all data associated with it </p4d>
<p5>bool session_destroy(void) U</p5>
<p5d>Destroy the current session and all data associated with it </p5d>
<texts><text><lng>de</lng>
<d>Löscht alle in einer Session registrierten Daten</d>
</text><text><lng>en</lng>
<d>Destroys all data registered to a session</d>
</text></texts></PHPModuleRef><PHPModuleRef>
<t>session_encode</t>
<mn>session</mn>
<ft>F</ft>
<ver>4_0_0,4_0_1,4_0_2,4_0_3,4_0_4,4_0_5,4_0_6,4_1_0,4_1_1,4_1_2,4_2_0,4_2_1,4_2_2,4_2_3,4_3_0,4_3_1,4_3_10,4_3_11,4_3_2,4_3_3,4_3_4,4_3_5,4_3_6,4_3_7,4_3_8,4_3_9,4_4_0,4_4_1,4_4_2,4_4_3,4_4_4,4_4_5,4_4_6,4_cvs,5_0_0,5_0_1,5_0_2,5_0_3,5_1_0,5_1_1,5_1_2,5_1_3,5_1_4,5_1_5,5_1_6,5_2_0,5_2_1,5_cvs</ver>
<p4>string session_encode(void)</p4>
<p4d>Serializes the current setup and returns the serialized representation </p4d>
<p5>string session_encode(void) U</p5>
<p5d>Serializes the current setup and returns the serialized representation </p5d>
<texts><text><lng>de</lng>
<d>Kodiert die Daten der aktuellen Session als Zeichenkette</d>
</text><text><lng>en</lng>
<d>Encodes the current session data as a string</d>
</text></texts></PHPModuleRef><PHPModuleRef>
<t>session_get_cookie_params</t>
<mn>session</mn>
<ft>F</ft>
<ver>4_0_0,4_0_1,4_0_2,4_0_3,4_0_4,4_0_5,4_0_6,4_1_0,4_1_1,4_1_2,4_2_0,4_2_1,4_2_2,4_2_3,4_3_0,4_3_1,4_3_10,4_3_11,4_3_2,4_3_3,4_3_4,4_3_5,4_3_6,4_3_7,4_3_8,4_3_9,4_4_0,4_4_1,4_4_2,4_4_3,4_4_4,4_4_5,4_4_6,4_cvs,5_0_0,5_0_1,5_0_2,5_0_3,5_1_0,5_1_1,5_1_2,5_1_3,5_1_4,5_1_5,5_1_6,5_2_0,5_2_1,5_cvs</ver>
<p4>array session_get_cookie_params(void)</p4>
<p4d>Return the session cookie parameters </p4d>
<p5>array session_get_cookie_params(void) U</p5>
<p5d>Return the session cookie parameters </p5d>
<texts><text><lng>de</lng>
<d>Liefert die Session-Cookie Parameter</d>
</text><text><lng>en</lng>
<d>Get the session cookie parameters</d>
</text></texts></PHPModuleRef><PHPModuleRef>
<t>session_id</t>
<mn>session</mn>
<ft>F</ft>
<ver>4_0_0,4_0_1,4_0_2,4_0_3,4_0_4,4_0_5,4_0_6,4_1_0,4_1_1,4_1_2,4_2_0,4_2_1,4_2_2,4_2_3,4_3_0,4_3_1,4_3_10,4_3_11,4_3_2,4_3_3,4_3_4,4_3_5,4_3_6,4_3_7,4_3_8,4_3_9,4_4_0,4_4_1,4_4_2,4_4_3,4_4_4,4_4_5,4_4_6,4_cvs,5_0_0,5_0_1,5_0_2,5_0_3,5_1_0,5_1_1,5_1_2,5_1_3,5_1_4,5_1_5,5_1_6,5_2_0,5_2_1,5_cvs</ver>
<p4>string session_id([string newid])</p4>
<p4d>Return the current session id. If newid is given, the session id is replaced with newid </p4d>
<p5>string session_id([string newid]) U</p5>
<p5d>Return the current session id. If newid is given, the session id is replaced with newid </p5d>
<texts><text><lng>de</lng>
<d>Liefert und/oder setzt die aktuelle Session-ID</d>
</text><text><lng>en</lng>
<d>Get and/or set the current session id</d>
</text></texts></PHPModuleRef><PHPModuleRef>
<t>session_is_registered</t>
<mn>session</mn>
<ft>F</ft>
<ver>4_0_0,4_0_1,4_0_2,4_0_3,4_0_4,4_0_5,4_0_6,4_1_0,4_1_1,4_1_2,4_2_0,4_2_1,4_2_2,4_2_3,4_3_0,4_3_1,4_3_10,4_3_11,4_3_2,4_3_3,4_3_4,4_3_5,4_3_6,4_3_7,4_3_8,4_3_9,4_4_0,4_4_1,4_4_2,4_4_3,4_4_4,4_4_5,4_4_6,4_cvs,5_0_0,5_0_1,5_0_2,5_0_3,5_1_0,5_1_1,5_1_2,5_1_3,5_1_4,5_1_5,5_1_6,5_2_0,5_2_1</ver>
<p4>bool session_is_registered(string varname)</p4>
<p4d>Checks if a variable is registered in session </p4d>
<texts><text><lng>de</lng>
<d>Überprüft, ob eine globale Variable in einer Session registriert
     ist</d>
</text><text><lng>en</lng>
<d>Find out whether a global variable is registered in a session</d>
</text></texts></PHPModuleRef><PHPModuleRef>
<t>session_module_name</t>
<mn>session</mn>
<ft>F</ft>
<ver>4_0_0,4_0_1,4_0_2,4_0_3,4_0_4,4_0_5,4_0_6,4_1_0,4_1_1,4_1_2,4_2_0,4_2_1,4_2_2,4_2_3,4_3_0,4_3_1,4_3_10,4_3_11,4_3_2,4_3_3,4_3_4,4_3_5,4_3_6,4_3_7,4_3_8,4_3_9,4_4_0,4_4_1,4_4_2,4_4_3,4_4_4,4_4_5,4_4_6,4_cvs,5_0_0,5_0_1,5_0_2,5_0_3,5_1_0,5_1_1,5_1_2,5_1_3,5_1_4,5_1_5,5_1_6,5_2_0,5_2_1,5_cvs</ver>
<p4>string session_module_name([string newname])</p4>
<p4d>Return the current module name used for accessing session data. If newname is given, the module name is replaced with newname </p4d>
<p5>string session_module_name([string newname]) U</p5>
<p5d>Return the current module name used for accessing session data. If newname is given, the module name is replaced with newname </p5d>
<texts><text><lng>de</lng>
<d>Liefert und/oder setzt das aktuelle Session-Modul</d>
</text><text><lng>en</lng>
<d>Get and/or set the current session module</d>
</text></texts></PHPModuleRef><PHPModuleRef>
<t>session_name</t>
<mn>session</mn>
<ft>F</ft>
<ver>4_0_0,4_0_1,4_0_2,4_0_3,4_0_4,4_0_5,4_0_6,4_1_0,4_1_1,4_1_2,4_2_0,4_2_1,4_2_2,4_2_3,4_3_0,4_3_1,4_3_10,4_3_11,4_3_2,4_3_3,4_3_4,4_3_5,4_3_6,4_3_7,4_3_8,4_3_9,4_4_0,4_4_1,4_4_2,4_4_3,4_4_4,4_4_5,4_4_6,4_cvs,5_0_0,5_0_1,5_0_2,5_0_3,5_1_0,5_1_1,5_1_2,5_1_3,5_1_4,5_1_5,5_1_6,5_2_0,5_2_1,5_cvs</ver>
<p4>string session_name([string newname])</p4>
<p4d>Return the current session name. If newname is given, the session name is replaced with newname </p4d>
<p5>string session_name([string newname]) U</p5>
<p5d>Return the current session name. If newname is given, the session name is replaced with newname </p5d>
<texts><text><lng>de</lng>
<d>Liefert und/oder setzt den Namen der aktuellen Session</d>
</text><text><lng>en</lng>
<d>Get and/or set the current session name</d>
</text></texts></PHPModuleRef><PHPModuleRef>
<t>session_regenerate_id</t>
<mn>session</mn>
<ft>F</ft>
<ver>4_3_10,4_3_11,4_3_2,4_3_3,4_3_4,4_3_5,4_3_6,4_3_7,4_3_8,4_3_9,4_4_0,4_4_1,4_4_2,4_4_3,4_4_4,4_4_5,4_4_6,4_cvs,5_0_0,5_0_1,5_0_2,5_0_3,5_1_0,5_1_1,5_1_2,5_1_3,5_1_4,5_1_5,5_1_6,5_2_0,5_2_1,5_cvs</ver>
<p4>bool session_regenerate_id()</p4>
<p4d>Update the current session id with a newly generated one. </p4d>
<p5>bool session_regenerate_id([bool delete_old_session]) U</p5>
<p5d>Update the current session id with a newly generated one. If delete_old_session is set to true, remove the old session. </p5d>
<texts><text><lng>de</lng>
<d>Ersetzt die aktuelle Session-ID durch eine neu erzeugte</d>
</text><text><lng>en</lng>
<d>Update the current session id with a newly generated one</d>
</text></texts></PHPModuleRef><PHPModuleRef>
<t>session_register</t>
<mn>session</mn>
<ft>F</ft>
<ver>4_0_0,4_0_1,4_0_2,4_0_3,4_0_4,4_0_5,4_0_6,4_1_0,4_1_1,4_1_2,4_2_0,4_2_1,4_2_2,4_2_3,4_3_0,4_3_1,4_3_10,4_3_11,4_3_2,4_3_3,4_3_4,4_3_5,4_3_6,4_3_7,4_3_8,4_3_9,4_4_0,4_4_1,4_4_2,4_4_3,4_4_4,4_4_5,4_4_6,4_cvs,5_0_0,5_0_1,5_0_2,5_0_3,5_1_0,5_1_1,5_1_2,5_1_3,5_1_4,5_1_5,5_1_6,5_2_0,5_2_1</ver>
<p4>bool session_register(mixed var_names [, mixed ...])</p4>
<p4d>Adds varname(s) to the list of variables which are freezed at the session end </p4d>
<texts><text><lng>de</lng>
<d>Registriert eine oder mehrere globale Variablen in der aktuellenSession</d>
</text><text><lng>en</lng>
<d>Register one or more global variables with the current session</d>
</text></texts></PHPModuleRef><PHPModuleRef>
<t>session_save_path</t>
<mn>session</mn>
<ft>F</ft>
<ver>4_0_0,4_0_1,4_0_2,4_0_3,4_0_4,4_0_5,4_0_6,4_1_0,4_1_1,4_1_2,4_2_0,4_2_1,4_2_2,4_2_3,4_3_0,4_3_1,4_3_10,4_3_11,4_3_2,4_3_3,4_3_4,4_3_5,4_3_6,4_3_7,4_3_8,4_3_9,4_4_0,4_4_1,4_4_2,4_4_3,4_4_4,4_4_5,4_4_6,4_cvs,5_0_0,5_0_1,5_0_2,5_0_3,5_1_0,5_1_1,5_1_2,5_1_3,5_1_4,5_1_5,5_1_6,5_2_0,5_2_1,5_cvs</ver>
<p4>string session_save_path([string newname])</p4>
<p4d>Return the current save path passed to module_name. If newname is given, the save path is replaced with newname </p4d>
<p5>string session_save_path([string newname]) U</p5>
<p5d>Return the current save path passed to module_name. If newname is given, the save path is replaced with newname </p5d>
<texts><text><lng>de</lng>
<d>Liefert und/oder setzt den aktuellen Speicherpfad der Session</d>
</text><text><lng>en</lng>
<d>Get and/or set the current session save path</d>
</text></texts></PHPModuleRef><PHPModuleRef>
<t>session_set_cookie_params</t>
<mn>session</mn>
<ft>F</ft>
<ver>4_0_0,4_0_1,4_0_2,4_0_3,4_0_4,4_0_5,4_0_6,4_1_0,4_1_1,4_1_2,4_2_0,4_2_1,4_2_2,4_2_3,4_3_0,4_3_1,4_3_10,4_3_11,4_3_2,4_3_3,4_3_4,4_3_5,4_3_6,4_3_7,4_3_8,4_3_9,4_4_0,4_4_1,4_4_2,4_4_3,4_4_4,4_4_5,4_4_6,4_cvs,5_0_0,5_0_1,5_0_2,5_0_3,5_1_0,5_1_1,5_1_2,5_1_3,5_1_4,5_1_5,5_1_6,5_2_0,5_2_1,5_cvs</ver>
<p4>void session_set_cookie_params(int lifetime [, string path [, string domain [, bool secure]]])</p4>
<p4d>Set session cookie parameters </p4d>
<p5>void session_set_cookie_params(int lifetime [, string path [, string domain [, bool secure[, bool ht</p5>
<p5d>Set session cookie parameters </p5d>
<texts><text><lng>de</lng>
<d>Setzt die Session-Cookie Parameter</d>
</text><text><lng>en</lng>
<d>Set the session cookie parameters</d>
</text></texts></PHPModuleRef><PHPModuleRef>
<t>session_set_save_handler</t>
<mn>session</mn>
<ft>F</ft>
<ver>4_0_0,4_0_1,4_0_2,4_0_3,4_0_4,4_0_5,4_0_6,4_1_0,4_1_1,4_1_2,4_2_0,4_2_1,4_2_2,4_2_3,4_3_0,4_3_1,4_3_10,4_3_11,4_3_2,4_3_3,4_3_4,4_3_5,4_3_6,4_3_7,4_3_8,4_3_9,4_4_0,4_4_1,4_4_2,4_4_3,4_4_4,4_4_5,4_4_6,4_cvs,5_0_0,5_0_1,5_0_2,5_0_3,5_1_0,5_1_1,5_1_2,5_1_3,5_1_4,5_1_5,5_1_6,5_2_0,5_2_1,5_cvs</ver>
<p4>void session_set_save_handler(string open, string close, string read, string write, string destroy,</p4>
<p4d>Sets user-level functions </p4d>
<p5>void session_set_save_handler(string open, string close, string read, string write, string destroy,</p5>
<p5d>Sets user-level functions </p5d>
<texts><text><lng>de</lng>
<d>Setzt benutzerdefinierte Session-Speicherfunktionen</d>
</text><text><lng>en</lng>
<d>Sets user-level session storage functions</d>
</text></texts></PHPModuleRef><PHPModuleRef>
<t>session_start</t>
<mn>session</mn>
<ft>F</ft>
<ver>4_0_0,4_0_1,4_0_2,4_0_3,4_0_4,4_0_5,4_0_6,4_1_0,4_1_1,4_1_2,4_2_0,4_2_1,4_2_2,4_2_3,4_3_0,4_3_1,4_3_10,4_3_11,4_3_2,4_3_3,4_3_4,4_3_5,4_3_6,4_3_7,4_3_8,4_3_9,4_4_0,4_4_1,4_4_2,4_4_3,4_4_4,4_4_5,4_4_6,4_cvs,5_0_0,5_0_1,5_0_2,5_0_3,5_1_0,5_1_1,5_1_2,5_1_3,5_1_4,5_1_5,5_1_6,5_2_0,5_2_1,5_cvs</ver>
<p4>bool session_start(void)</p4>
<p4d>Begin session - reinitializes freezed variables, registers browsers etc </p4d>
<p5>bool session_start(void) U</p5>
<p5d>Begin session - reinitializes freezed variables, registers browsers etc </p5d>
<texts><text><lng>de</lng>
<d>Initialisiert eine Session</d>
</text><text><lng>en</lng>
<d>Initialize session data</d>
</text></texts></PHPModuleRef><PHPModuleRef>
<t>session_unregister</t>
<mn>session</mn>
<ft>F</ft>
<ver>4_0_0,4_0_1,4_0_2,4_0_3,4_0_4,4_0_5,4_0_6,4_1_0,4_1_1,4_1_2,4_2_0,4_2_1,4_2_2,4_2_3,4_3_0,4_3_1,4_3_10,4_3_11,4_3_2,4_3_3,4_3_4,4_3_5,4_3_6,4_3_7,4_3_8,4_3_9,4_4_0,4_4_1,4_4_2,4_4_3,4_4_4,4_4_5,4_4_6,4_cvs,5_0_0,5_0_1,5_0_2,5_0_3,5_1_0,5_1_1,5_1_2,5_1_3,5_1_4,5_1_5,5_1_6,5_2_0,5_2_1</ver>
<p4>bool session_unregister(string varname)</p4>
<p4d>Removes varname from the list of variables which are freezed at the session end </p4d>
<texts><text><lng>de</lng>
<d>Hebt die Registrierung einer globalen Variablen in der aktuellenSession auf</d>
</text><text><lng>en</lng>
<d>Unregister a global variable from the current session</d>
</text></texts></PHPModuleRef><PHPModuleRef>
<t>session_unset</t>
<mn>session</mn>
<ft>F</ft>
<ver>4_0_0,4_0_1,4_0_2,4_0_3,4_0_4,4_0_5,4_0_6,4_1_0,4_1_1,4_1_2,4_2_0,4_2_1,4_2_2,4_2_3,4_3_0,4_3_1,4_3_10,4_3_11,4_3_2,4_3_3,4_3_4,4_3_5,4_3_6,4_3_7,4_3_8,4_3_9,4_4_0,4_4_1,4_4_2,4_4_3,4_4_4,4_4_5,4_4_6,4_cvs,5_0_0,5_0_1,5_0_2,5_0_3,5_1_0,5_1_1,5_1_2,5_1_3,5_1_4,5_1_5,5_1_6,5_2_0,5_2_1,5_cvs</ver>
<p4>void session_unset(void)</p4>
<p4d>Unset all registered variables </p4d>
<p5>void session_unset(void) U</p5>
<p5d>Unset all registered variables </p5d>
<texts><text><lng>de</lng>
<d>Löscht alle Session-Variablen</d>
</text><text><lng>en</lng>
<d>Free all session variables</d>
</text></texts></PHPModuleRef><PHPModuleRef>
<t>session_write_close</t>
<mn>session</mn>
<ft>F</ft>
<ver>4_0_4,4_0_5,4_0_6,4_1_0,4_1_1,4_1_2,4_2_0,4_2_1,4_2_2,4_2_3,4_3_0,4_3_1,4_3_10,4_3_11,4_3_2,4_3_3,4_3_4,4_3_5,4_3_6,4_3_7,4_3_8,4_3_9,4_4_0,4_4_1,4_4_2,4_4_3,4_4_4,4_4_5,4_4_6,4_cvs,5_0_0,5_0_1,5_0_2,5_0_3,5_1_0,5_1_1,5_1_2,5_1_3,5_1_4,5_1_5,5_1_6,5_2_0,5_2_1,5_cvs</ver>
<p4>void session_write_close(void)</p4>
<p4d>Write session data and end session </p4d>
<p5>void session_write_close(void) U</p5>
<p5d>Write session data and end session </p5d>
<texts><text><lng>de</lng>
<d>Speichert die Session-Daten und beendet die Session</d>
</text><text><lng>en</lng>
<d>Write session data and end session</d>
</text></texts></PHPModuleRef><PHPModuleRef>
<t>SID</t>
<mn>session</mn>
<ft>C</ft>
<p4>string SID</p4>
<p5>string SID</p5>
<texts><text><lng>de</lng>
<d>Konstante, die entweder den Namen und die ID der Session in der
     Form &quot;name=ID&quot; enthält oder eine leere
     Zeichenkette, falls die Session-ID in einem entsprechenden
     Cookie gesetzt wurde.</d>
</text><text><lng>en</lng>
<d>Constant containing either the session name and session ID in
     the form of &quot;name=ID&quot; or empty string
     if session ID was set in an appropriate session cookie.</d>
</text></texts></PHPModuleRef></PHPModuleRef-List>
