<?xml version="1.0" encoding="utf-8"?>
<PHPModuleRef-List>
<PHPModuleRef>
<t>shmop_close</t>
<mn>shmop</mn>
<ft>F</ft>
<ver>4_0_4,4_0_5,4_0_6,4_1_0,4_1_1,4_1_2,4_2_0,4_2_1,4_2_2,4_2_3,4_3_0,4_3_1,4_3_10,4_3_11,4_3_2,4_3_3,4_3_4,4_3_5,4_3_6,4_3_7,4_3_8,4_3_9,4_4_0,4_4_1,4_4_2,4_4_3,4_4_4,4_4_5,4_4_6,4_cvs,5_0_0,5_0_1,5_0_2,5_0_3,5_1_0,5_1_1,5_1_2,5_1_3,5_1_4,5_1_5,5_1_6,5_2_0,5_2_1,5_cvs</ver>
<p4>void shmop_close (int shmid)</p4>
<p4d>closes a shared memory segment </p4d>
<p5>void shmop_close (int shmid) U</p5>
<p5d>closes a shared memory segment </p5d>
<texts><text><lng>cs</lng>
<d>Zavřít blok sdílené paměti</d>
</text><text><lng>de</lng>
<d>Schliesst einen gemeinsamen Speicherblock</d>
</text><text><lng>en</lng>
<d>Close shared memory block</d>
</text></texts></PHPModuleRef><PHPModuleRef>
<t>shmop_delete</t>
<mn>shmop</mn>
<ft>F</ft>
<ver>4_0_4,4_0_5,4_0_6,4_1_0,4_1_1,4_1_2,4_2_0,4_2_1,4_2_2,4_2_3,4_3_0,4_3_1,4_3_10,4_3_11,4_3_2,4_3_3,4_3_4,4_3_5,4_3_6,4_3_7,4_3_8,4_3_9,4_4_0,4_4_1,4_4_2,4_4_3,4_4_4,4_4_5,4_4_6,4_cvs,5_0_0,5_0_1,5_0_2,5_0_3,5_1_0,5_1_1,5_1_2,5_1_3,5_1_4,5_1_5,5_1_6,5_2_0,5_2_1,5_cvs</ver>
<p4>bool shmop_delete (int shmid)</p4>
<p4d>mark segment for deletion </p4d>
<p5>bool shmop_delete (int shmid) U</p5>
<p5d>mark segment for deletion </p5d>
<texts><text><lng>cs</lng>
<d>Smazat blok sdílené paměti</d>
</text><text><lng>de</lng>
<d>Einen gemeinsamen Speicherblock löschen</d>
</text><text><lng>en</lng>
<d>Delete shared memory block</d>
</text></texts></PHPModuleRef><PHPModuleRef>
<t>shmop_open</t>
<mn>shmop</mn>
<ft>F</ft>
<ver>4_0_4,4_0_5,4_0_6,4_1_0,4_1_1,4_1_2,4_2_0,4_2_1,4_2_2,4_2_3,4_3_0,4_3_1,4_3_10,4_3_11,4_3_2,4_3_3,4_3_4,4_3_5,4_3_6,4_3_7,4_3_8,4_3_9,4_4_0,4_4_1,4_4_2,4_4_3,4_4_4,4_4_5,4_4_6,4_cvs,5_0_0,5_0_1,5_0_2,5_0_3,5_1_0,5_1_1,5_1_2,5_1_3,5_1_4,5_1_5,5_1_6,5_2_0,5_2_1,5_cvs</ver>
<p4>int shmop_open (int key, string flags, int mode, int size)</p4>
<p4d>gets and attaches a shared memory segment </p4d>
<p5>int shmop_open (int key, string flags, int mode, int size) U</p5>
<p5d>gets and attaches a shared memory segment </p5d>
<texts><text><lng>cs</lng>
<d>Vytvořit nebo otevřít blok sdílené paměti</d>
</text><text><lng>de</lng>
<d>Erstellt oderöffnet einen gemeinsamen Speicherblock</d>
</text><text><lng>en</lng>
<d>Create or open shared memory block</d>
</text></texts></PHPModuleRef><PHPModuleRef>
<t>shmop_read</t>
<mn>shmop</mn>
<ft>F</ft>
<ver>4_0_4,4_0_5,4_0_6,4_1_0,4_1_1,4_1_2,4_2_0,4_2_1,4_2_2,4_2_3,4_3_0,4_3_1,4_3_10,4_3_11,4_3_2,4_3_3,4_3_4,4_3_5,4_3_6,4_3_7,4_3_8,4_3_9,4_4_0,4_4_1,4_4_2,4_4_3,4_4_4,4_4_5,4_4_6,4_cvs,5_0_0,5_0_1,5_0_2,5_0_3,5_1_0,5_1_1,5_1_2,5_1_3,5_1_4,5_1_5,5_1_6,5_2_0,5_2_1,5_cvs</ver>
<p4>string shmop_read (int shmid, int start, int count)</p4>
<p4d>reads from a shm segment </p4d>
<p5>string shmop_read (int shmid, int start, int count) U</p5>
<p5d>reads from a shm segment </p5d>
<texts><text><lng>cs</lng>
<d>Přečíst data z bloku sdílené paměti</d>
</text><text><lng>de</lng>
<d>Daten aus dem gemeinsamen Speicherblock auslesen</d>
</text><text><lng>en</lng>
<d>Read data from shared memory block</d>
</text></texts></PHPModuleRef><PHPModuleRef>
<t>shmop_size</t>
<mn>shmop</mn>
<ft>F</ft>
<ver>4_0_4,4_0_5,4_0_6,4_1_0,4_1_1,4_1_2,4_2_0,4_2_1,4_2_2,4_2_3,4_3_0,4_3_1,4_3_10,4_3_11,4_3_2,4_3_3,4_3_4,4_3_5,4_3_6,4_3_7,4_3_8,4_3_9,4_4_0,4_4_1,4_4_2,4_4_3,4_4_4,4_4_5,4_4_6,4_cvs,5_0_0,5_0_1,5_0_2,5_0_3,5_1_0,5_1_1,5_1_2,5_1_3,5_1_4,5_1_5,5_1_6,5_2_0,5_2_1,5_cvs</ver>
<p4>int shmop_size (int shmid)</p4>
<p4d>returns the shm size </p4d>
<p5>int shmop_size (int shmid) U</p5>
<p5d>returns the shm size </p5d>
<texts><text><lng>cs</lng>
<d>Zjistit velikost bloku sdílené paměti</d>
</text><text><lng>de</lng>
<d>Gibt die Grösse des gemeinsamen Speicherblocks zurück</d>
</text><text><lng>en</lng>
<d>Get size of shared memory block</d>
</text></texts></PHPModuleRef><PHPModuleRef>
<t>shmop_write</t>
<mn>shmop</mn>
<ft>F</ft>
<ver>4_0_4,4_0_5,4_0_6,4_1_0,4_1_1,4_1_2,4_2_0,4_2_1,4_2_2,4_2_3,4_3_0,4_3_1,4_3_10,4_3_11,4_3_2,4_3_3,4_3_4,4_3_5,4_3_6,4_3_7,4_3_8,4_3_9,4_4_0,4_4_1,4_4_2,4_4_3,4_4_4,4_4_5,4_4_6,4_cvs,5_0_0,5_0_1,5_0_2,5_0_3,5_1_0,5_1_1,5_1_2,5_1_3,5_1_4,5_1_5,5_1_6,5_2_0,5_2_1,5_cvs</ver>
<p4>int shmop_write (int shmid, string data, int offset)</p4>
<p4d>writes to a shared memory segment </p4d>
<p5>int shmop_write (int shmid, string data, int offset) U</p5>
<p5d>writes to a shared memory segment </p5d>
<texts><text><lng>cs</lng>
<d>Zapsat data do bloku sdílené paměti</d>
</text><text><lng>de</lng>
<d>Schreibt Daten in einen gemeinsamen Speicherblock</d>
</text><text><lng>en</lng>
<d>Write data into shared memory block</d>
</text></texts></PHPModuleRef><PHPModuleRef>
<t>shm_close</t>
<mn>shmop</mn>
<ft>F</ft>
<ver>4_0_3</ver>
</PHPModuleRef><PHPModuleRef>
<t>shm_delete</t>
<mn>shmop</mn>
<ft>F</ft>
<ver>4_0_3</ver>
</PHPModuleRef><PHPModuleRef>
<t>shm_open</t>
<mn>shmop</mn>
<ft>F</ft>
<ver>4_0_3</ver>
</PHPModuleRef><PHPModuleRef>
<t>shm_read</t>
<mn>shmop</mn>
<ft>F</ft>
<ver>4_0_3</ver>
</PHPModuleRef><PHPModuleRef>
<t>shm_size</t>
<mn>shmop</mn>
<ft>F</ft>
<ver>4_0_3</ver>
</PHPModuleRef><PHPModuleRef>
<t>shm_write</t>
<mn>shmop</mn>
<ft>F</ft>
<ver>4_0_3</ver>
</PHPModuleRef></PHPModuleRef-List>
