<?xml version="1.0" encoding="utf-8"?>
<PHPModuleRef-List>
<PHPModuleRef>
<t>simplexml_import_dom</t>
<mn>simplexml</mn>
<ft>F</ft>
<ver>5_0_0,5_0_1,5_0_2,5_0_3,5_1_0,5_1_1,5_1_2,5_1_3,5_1_4,5_1_5,5_1_6,5_2_0,5_2_1,5_cvs</ver>
<p5>simplemxml_element simplexml_import_dom(domNode node [, string class_name]) U</p5>
<p5d>Get a simplexml_element object from dom to allow for processing </p5d>
<texts><text><lng>en</lng>
<d>Get aSimpleXMLElementobject from a DOM node.</d>
</text></texts></PHPModuleRef><PHPModuleRef>
<t>simplexml_load_file</t>
<mn>simplexml</mn>
<ft>F</ft>
<ver>5_0_0,5_0_1,5_0_2,5_0_3,5_1_0,5_1_1,5_1_2,5_1_3,5_1_4,5_1_5,5_1_6,5_2_0,5_2_1,5_cvs</ver>
<p5>simplemxml_element simplexml_load_file(string filename [, string class_name [, int options [, string</p5>
<p5d>Load a filename and return a simplexml_element object to allow for processing </p5d>
<texts><text><lng>en</lng>
<d>Interprets an XML file into an object</d>
</text></texts></PHPModuleRef><PHPModuleRef>
<t>simplexml_load_string</t>
<mn>simplexml</mn>
<ft>F</ft>
<ver>5_0_0,5_0_1,5_0_2,5_0_3,5_1_0,5_1_1,5_1_2,5_1_3,5_1_4,5_1_5,5_1_6,5_2_0,5_2_1,5_cvs</ver>
<p5>simplemxml_element simplexml_load_string(string data [, string class_name [, int options [, string n</p5>
<p5d>Load a string and return a simplexml_element object to allow for processing </p5d>
<texts><text><lng>en</lng>
<d>Interprets a string of XML into an object</d>
</text></texts></PHPModuleRef></PHPModuleRef-List>
