<?xml version="1.0" encoding="utf-8"?>
<PHPModuleRef-List>
<PHPModuleRef>
<t>snmp2_get</t>
<mn>snmp</mn>
<ft>F</ft>
<ver>4_3_11,4_4_0,4_4_1,4_4_2,4_4_3,4_4_4,4_4_5,4_4_6,4_cvs,5_1_0,5_1_1,5_1_2,5_1_3,5_1_4,5_1_5,5_1_6,5_2_0,5_2_1,5_cvs</ver>
<p4>string snmp2_get(string host, string community, string object_id [, int timeout [, int retries]]) </p4>
<p4d>Fetch a SNMP object </p4d>
<p5>string snmp2_get(string host, string community, string object_id [, int timeout [, int retries]]) </p5>
<p5d>Fetch a SNMP object </p5d>
</PHPModuleRef><PHPModuleRef>
<t>snmp2_getnext</t>
<mn>snmp</mn>
<ft>F</ft>
<ver>5_1_0,5_1_1,5_1_2,5_1_3,5_1_4,5_1_5,5_1_6,5_2_0,5_2_1,5_cvs</ver>
<p5>string snmp2_getnext(string host, string community, string object_id [, int timeout [, int retries]]</p5>
<p5d>Fetch a SNMP object </p5d>
</PHPModuleRef><PHPModuleRef>
<t>snmp2_real_walk</t>
<mn>snmp</mn>
<ft>F</ft>
<ver>4_3_11,4_4_0,4_4_1,4_4_2,4_4_3,4_4_4,4_4_5,4_4_6,4_cvs,5_1_0,5_1_1,5_1_2,5_1_3,5_1_4,5_1_5,5_1_6,5_2_0,5_2_1,5_cvs</ver>
<p4>array snmp2_real_walk(string host, string community, string object_id [, int timeout [, int retries]</p4>
<p4d>Return all objects including their respective object id withing the specified one </p4d>
<p5>array snmp2_real_walk(string host, string community, string object_id [, int timeout [, int retries]</p5>
<p5d>Return all objects including their respective object id withing the specified one </p5d>
</PHPModuleRef><PHPModuleRef>
<t>snmp2_set</t>
<mn>snmp</mn>
<ft>F</ft>
<ver>4_3_11,4_4_0,4_4_1,4_4_2,4_4_3,4_4_4,4_4_5,4_4_6,4_cvs,5_1_0,5_1_1,5_1_2,5_1_3,5_1_4,5_1_5,5_1_6,5_2_0,5_2_1,5_cvs</ver>
<p4>int snmp2_set(string host, string community, string object_id, string type, mixed value [, int timeo</p4>
<p4d>Set the value of a SNMP object </p4d>
<p5>int snmp2_set(string host, string community, string object_id, string type, mixed value [, int timeo</p5>
<p5d>Set the value of a SNMP object </p5d>
</PHPModuleRef><PHPModuleRef>
<t>snmp2_walk</t>
<mn>snmp</mn>
<ft>F</ft>
<ver>4_3_11,4_4_0,4_4_1,4_4_2,4_4_3,4_4_4,4_4_5,4_4_6,4_cvs,5_1_0,5_1_1,5_1_2,5_1_3,5_1_4,5_1_5,5_1_6,5_2_0,5_2_1,5_cvs</ver>
<p4>array snmp2_walk(string host, string community, string object_id [, int timeout [, int retries]]) </p4>
<p4d>Return all objects under the specified object id </p4d>
<p5>array snmp2_walk(string host, string community, string object_id [, int timeout [, int retries]]) </p5>
<p5d>Return all objects under the specified object id </p5d>
</PHPModuleRef><PHPModuleRef>
<t>snmp3_get</t>
<mn>snmp</mn>
<ft>F</ft>
<ver>4_3_0,4_3_1,4_3_10,4_3_11,4_3_2,4_3_3,4_3_4,4_3_5,4_3_6,4_3_7,4_3_8,4_3_9,4_4_0,4_4_1,4_4_2,4_4_3,4_4_4,4_4_5,4_4_6,4_cvs,5_0_0,5_0_1,5_0_2,5_0_3,5_1_0,5_1_1,5_1_2,5_1_3,5_1_4,5_1_5,5_1_6,5_2_0,5_2_1,5_cvs</ver>
<p4>int snmp3_get(string host, string sec_name, string sec_level, string auth_protocol, string auth_pass</p4>
<p4d>Fetch the value of a SNMP object </p4d>
<p5>int snmp3_get(string host, string sec_name, string sec_level, string auth_protocol, string auth_pass</p5>
<p5d>Fetch the value of a SNMP object </p5d>
</PHPModuleRef><PHPModuleRef>
<t>snmp3_getnext</t>
<mn>snmp</mn>
<ft>F</ft>
<ver>5_0_0,5_0_1,5_0_2,5_0_3,5_1_0,5_1_1,5_1_2,5_1_3,5_1_4,5_1_5,5_1_6,5_2_0,5_2_1,5_cvs</ver>
<p5>int snmp3_getnext(string host, string sec_name, string sec_level, string auth_protocol, string auth_</p5>
<p5d>Fetch the value of a SNMP object </p5d>
</PHPModuleRef><PHPModuleRef>
<t>snmp3_real_walk</t>
<mn>snmp</mn>
<ft>F</ft>
<ver>4_3_0,4_3_1,4_3_10,4_3_11,4_3_2,4_3_3,4_3_4,4_3_5,4_3_6,4_3_7,4_3_8,4_3_9,4_4_0,4_4_1,4_4_2,4_4_3,4_4_4,4_4_5,4_4_6,4_cvs,5_0_0,5_0_1,5_0_2,5_0_3,5_1_0,5_1_1,5_1_2,5_1_3,5_1_4,5_1_5,5_1_6,5_2_0,5_2_1,5_cvs</ver>
<p4>int snmp3_real_walk(string host, string sec_name, string sec_level, string auth_protocol, string aut</p4>
<p4d>Fetch the value of a SNMP object </p4d>
<p5>int snmp3_real_walk(string host, string sec_name, string sec_level, string auth_protocol, string aut</p5>
<p5d>Fetch the value of a SNMP object </p5d>
</PHPModuleRef><PHPModuleRef>
<t>snmp3_set</t>
<mn>snmp</mn>
<ft>F</ft>
<ver>4_3_0,4_3_1,4_3_10,4_3_11,4_3_2,4_3_3,4_3_4,4_3_5,4_3_6,4_3_7,4_3_8,4_3_9,4_4_0,4_4_1,4_4_2,4_4_3,4_4_4,4_4_5,4_4_6,4_cvs,5_0_0,5_0_1,5_0_2,5_0_3,5_1_0,5_1_1,5_1_2,5_1_3,5_1_4,5_1_5,5_1_6,5_2_0,5_2_1,5_cvs</ver>
<p4>int snmp3_set(string host, string sec_name, string sec_level, string auth_protocol, string auth_pass</p4>
<p4d>Fetch the value of a SNMP object </p4d>
<p5>int snmp3_set(string host, string sec_name, string sec_level, string auth_protocol, string auth_pass</p5>
<p5d>Fetch the value of a SNMP object </p5d>
</PHPModuleRef><PHPModuleRef>
<t>snmp3_walk</t>
<mn>snmp</mn>
<ft>F</ft>
<ver>4_3_0,4_3_1,4_3_10,4_3_11,4_3_2,4_3_3,4_3_4,4_3_5,4_3_6,4_3_7,4_3_8,4_3_9,4_4_0,4_4_1,4_4_2,4_4_3,4_4_4,4_4_5,4_4_6,4_cvs,5_0_0,5_0_1,5_0_2,5_0_3,5_1_0,5_1_1,5_1_2,5_1_3,5_1_4,5_1_5,5_1_6,5_2_0,5_2_1,5_cvs</ver>
<p4>int snmp3_walk(string host, string sec_name, string sec_level, string auth_protocol, string auth_pas</p4>
<p4d>Fetch the value of a SNMP object </p4d>
<p5>int snmp3_walk(string host, string sec_name, string sec_level, string auth_protocol, string auth_pas</p5>
<p5d>Fetch the value of a SNMP object </p5d>
</PHPModuleRef><PHPModuleRef>
<t>snmpget</t>
<mn>snmp</mn>
<ft>F</ft>
<ver>4_0_0,4_0_1,4_0_2,4_0_3,4_0_4,4_0_5,4_0_6,4_1_0,4_1_1,4_1_2,4_2_0,4_2_1,4_2_2,4_2_3,4_3_0,4_3_1,4_3_10,4_3_11,4_3_2,4_3_3,4_3_4,4_3_5,4_3_6,4_3_7,4_3_8,4_3_9,4_4_0,4_4_1,4_4_2,4_4_3,4_4_4,4_4_5,4_4_6,4_cvs,5_0_0,5_0_1,5_0_2,5_0_3,5_1_0,5_1_1,5_1_2,5_1_3,5_1_4,5_1_5,5_1_6,5_2_0,5_2_1,5_cvs</ver>
<p4>string snmpget(string host, string community, string object_id [, int timeout [, int retries]]) </p4>
<p4d>Fetch a SNMP object </p4d>
<p5>string snmpget(string host, string community, string object_id [, int timeout [, int retries]]) </p5>
<p5d>Fetch a SNMP object </p5d>
<texts><text><lng>de</lng>
<d>Ein SNMP Objekt holen</d>
</text><text><lng>en</lng>
<d>Fetch an SNMP object</d>
</text></texts></PHPModuleRef><PHPModuleRef>
<t>snmpgetnext</t>
<mn>snmp</mn>
<ft>F</ft>
<ver>5_0_0,5_0_1,5_0_2,5_0_3,5_1_0,5_1_1,5_1_2,5_1_3,5_1_4,5_1_5,5_1_6,5_2_0,5_2_1,5_cvs</ver>
<p5>string snmpgetnext(string host, string community, string object_id [, int timeout [, int retries]])</p5>
<p5d>Fetch a SNMP object </p5d>
<texts><text><lng>en</lng>
<d>Fetch a SNMP object</d>
</text></texts></PHPModuleRef><PHPModuleRef>
<t>snmprealwalk</t>
<mn>snmp</mn>
<ft>F</ft>
<ver>4_0_0,4_0_1,4_0_2,4_0_3,4_0_4,4_0_5,4_0_6,4_1_0,4_1_1,4_1_2,4_2_0,4_2_1,4_2_2,4_2_3,4_3_0,4_3_1,4_3_10,4_3_11,4_3_2,4_3_3,4_3_4,4_3_5,4_3_6,4_3_7,4_3_8,4_3_9,4_4_0,4_4_1,4_4_2,4_4_3,4_4_4,4_4_5,4_4_6,4_cvs,5_0_0,5_0_1,5_0_2,5_0_3,5_1_0,5_1_1,5_1_2,5_1_3,5_1_4,5_1_5,5_1_6,5_2_0,5_2_1,5_cvs</ver>
<p4>array snmprealwalk(string host, string community, string object_id [, int timeout [, int retries]])</p4>
<p4d>Return all objects including their respective object id withing the specified one </p4d>
<p5>array snmprealwalk(string host, string community, string object_id [, int timeout [, int retries]])</p5>
<p5d>Return all objects including their respective object id withing the specified one </p5d>
<texts><text><lng>en</lng>
<d>Return all objects including their respective object ID within the specified one</d>
</text></texts></PHPModuleRef><PHPModuleRef>
<t>snmpset</t>
<mn>snmp</mn>
<ft>F</ft>
<ver>4_0_0,4_0_1,4_0_2,4_0_3,4_0_4,4_0_5,4_0_6,4_1_0,4_1_1,4_1_2,4_2_0,4_2_1,4_2_2,4_2_3,4_3_0,4_3_1,4_3_10,4_3_11,4_3_2,4_3_3,4_3_4,4_3_5,4_3_6,4_3_7,4_3_8,4_3_9,4_4_0,4_4_1,4_4_2,4_4_3,4_4_4,4_4_5,4_4_6,4_cvs,5_0_0,5_0_1,5_0_2,5_0_3,5_1_0,5_1_1,5_1_2,5_1_3,5_1_4,5_1_5,5_1_6,5_2_0,5_2_1,5_cvs</ver>
<p4>int snmpset(string host, string community, string object_id, string type, mixed value [, int timeout</p4>
<p4d>Set the value of a SNMP object </p4d>
<p5>int snmpset(string host, string community, string object_id, string type, mixed value [, int timeout</p5>
<p5d>Set the value of a SNMP object </p5d>
<texts><text><lng>de</lng>
<d>Setzt ein SNMP Objekt</d>
</text><text><lng>en</lng>
<d>Set an SNMP object</d>
</text></texts></PHPModuleRef><PHPModuleRef>
<t>snmpwalk</t>
<mn>snmp</mn>
<ft>F</ft>
<ver>4_0_0,4_0_1,4_0_2,4_0_3,4_0_4,4_0_5,4_0_6,4_1_0,4_1_1,4_1_2,4_2_0,4_2_1,4_2_2,4_2_3,4_3_0,4_3_1,4_3_10,4_3_11,4_3_2,4_3_3,4_3_4,4_3_5,4_3_6,4_3_7,4_3_8,4_3_9,4_4_0,4_4_1,4_4_2,4_4_3,4_4_4,4_4_5,4_4_6,4_cvs,5_0_0,5_0_1,5_0_2,5_0_3,5_1_0,5_1_1,5_1_2,5_1_3,5_1_4,5_1_5,5_1_6,5_2_0,5_2_1,5_cvs</ver>
<p4>array snmpwalk(string host, string community, string object_id [, int timeout [, int retries]]) </p4>
<p4d>Return all objects under the specified object id </p4d>
<p5>array snmpwalk(string host, string community, string object_id [, int timeout [, int retries]]) </p5>
<p5d>Return all objects under the specified object id </p5d>
<texts><text><lng>de</lng>
<d>Holt alle SNMP Objekte eines Agenten</d>
</text><text><lng>en</lng>
<d>Fetch all the SNMP objects from an agent</d>
</text></texts></PHPModuleRef><PHPModuleRef>
<t>snmpwalkoid</t>
<mn>snmp</mn>
<ft>A</ft>
<af>snmprealwalk</af>
<ver>4_0_0,4_0_1,4_0_2,4_0_3,4_0_4,4_0_5,4_0_6,4_1_0,4_1_1,4_1_2,4_2_0,4_2_1,4_2_2,4_2_3,4_3_0,4_3_1,4_3_10,4_3_11,4_3_2,4_3_3,4_3_4,4_3_5,4_3_6,4_3_7,4_3_8,4_3_9,4_4_0,4_4_1,4_4_2,4_4_3,4_4_4,4_4_5,4_4_6,4_cvs,5_0_0,5_0_1,5_0_2,5_0_3,5_1_0,5_1_1,5_1_2,5_1_3,5_1_4,5_1_5,5_1_6,5_2_0,5_2_1,5_cvs</ver>
</PHPModuleRef><PHPModuleRef>
<t>snmp_get_quick_print</t>
<mn>snmp</mn>
<ft>F</ft>
<ver>4_0_0,4_0_1,4_0_2,4_0_3,4_0_4,4_0_5,4_0_6,4_1_0,4_1_1,4_1_2,4_2_0,4_2_1,4_2_2,4_2_3,4_3_0,4_3_1,4_3_10,4_3_11,4_3_2,4_3_3,4_3_4,4_3_5,4_3_6,4_3_7,4_3_8,4_3_9,4_4_0,4_4_1,4_4_2,4_4_3,4_4_4,4_4_5,4_4_6,4_cvs,5_0_0,5_0_1,5_0_2,5_0_3,5_1_0,5_1_1,5_1_2,5_1_3,5_1_4,5_1_5,5_1_6,5_2_0,5_2_1,5_cvs</ver>
<p4>bool snmp_get_quick_print(void)</p4>
<p4d>Return the current status of quick_print </p4d>
<p5>bool snmp_get_quick_print(void)</p5>
<p5d>Return the current status of quick_print </p5d>
<texts><text><lng>de</lng>
<d>Holt den aktuellen Wert der quick_print Einstellung der UCD Bibliothek</d>
</text><text><lng>en</lng>
<d>Fetches the current value of the UCD library's quick_print setting</d>
</text></texts></PHPModuleRef><PHPModuleRef>
<t>snmp_get_valueretrieval</t>
<mn>snmp</mn>
<ft>F</ft>
<ver>4_3_10,4_3_11,4_3_3,4_3_4,4_3_5,4_3_6,4_3_7,4_3_8,4_3_9,4_4_0,4_4_1,4_4_2,4_4_3,4_4_4,4_4_5,4_4_6,4_cvs,5_0_0,5_0_1,5_0_2,5_0_3,5_1_0,5_1_1,5_1_2,5_1_3,5_1_4,5_1_5,5_1_6,5_2_0,5_2_1,5_cvs</ver>
<p4>int snmp_get_valueretrieval()</p4>
<p4d>Return the method how the SNMP values will be returned </p4d>
<p5>int snmp_get_valueretrieval()</p5>
<p5d>Return the method how the SNMP values will be returned </p5d>
<texts><text><lng>en</lng>
<d>Return the method how the SNMP values will be returned</d>
</text></texts></PHPModuleRef><PHPModuleRef>
<t>snmp_read_mib</t>
<mn>snmp</mn>
<ft>F</ft>
<ver>5_0_0,5_0_1,5_0_2,5_0_3,5_1_0,5_1_1,5_1_2,5_1_3,5_1_4,5_1_5,5_1_6,5_2_0,5_2_1,5_cvs</ver>
<p5>int snmp_read_mib(string filename)</p5>
<p5d>Reads and parses a MIB file into the active MIB tree. </p5d>
<texts><text><lng>en</lng>
<d>Reads and parses a MIB file into the active MIB tree</d>
</text></texts></PHPModuleRef><PHPModuleRef>
<t>snmp_set_enum_print</t>
<mn>snmp</mn>
<ft>F</ft>
<ver>4_3_0,4_3_1,4_3_10,4_3_11,4_3_2,4_3_3,4_3_4,4_3_5,4_3_6,4_3_7,4_3_8,4_3_9,4_4_0,4_4_1,4_4_2,4_4_3,4_4_4,4_4_5,4_4_6,4_cvs,5_0_0,5_0_1,5_0_2,5_0_3,5_1_0,5_1_1,5_1_2,5_1_3,5_1_4,5_1_5,5_1_6,5_2_0,5_2_1,5_cvs</ver>
<p4>void snmp_set_enum_print(int enum_print)</p4>
<p4d>Return all values that are enums with their enum value instead of the raw integer </p4d>
<p5>void snmp_set_enum_print(int enum_print)</p5>
<p5d>Return all values that are enums with their enum value instead of the raw integer </p5d>
<texts><text><lng>en</lng>
<d>Return all values that are enums with their enum value instead of the raw integer</d>
</text></texts></PHPModuleRef><PHPModuleRef>
<t>snmp_set_oid_numeric_print</t>
<mn>snmp</mn>
<ft>F</ft>
<ver>4_3_0,4_3_1,4_3_10,4_3_11,4_3_2,4_3_3,4_3_4,4_3_5,4_3_6,4_3_7,4_3_8,4_3_9,4_4_0,4_4_1,4_4_2,4_4_3,4_4_4,4_4_5,4_4_6,4_cvs,5_0_0,5_0_1,5_0_2,5_0_3,5_1_0,5_1_1,5_1_2,5_1_3,5_1_4,5_1_5,5_1_6,5_2_0,5_2_1,5_cvs</ver>
<p4>void snmp_set_oid_numeric_print(int oid_numeric_print)</p4>
<p4d>Return all objects including their respective object id withing the specified one </p4d>
<texts><text><lng>en</lng>
<d>Return all objects including their respective object id within the specified one</d>
</text></texts></PHPModuleRef><PHPModuleRef>
<t>snmp_set_oid_output_format</t>
<mn>snmp</mn>
<ft>F</ft>
<ver>5_2_0,5_2_1,5_cvs</ver>
<p5>void snmp_set_oid_output_format(int oid_format)</p5>
<p5d>Set the OID output format. </p5d>
<texts><text><lng>en</lng>
<d>Set the OID output format</d>
</text></texts></PHPModuleRef><PHPModuleRef>
<t>snmp_set_quick_print</t>
<mn>snmp</mn>
<ft>F</ft>
<ver>4_0_0,4_0_1,4_0_2,4_0_3,4_0_4,4_0_5,4_0_6,4_1_0,4_1_1,4_1_2,4_2_0,4_2_1,4_2_2,4_2_3,4_3_0,4_3_1,4_3_10,4_3_11,4_3_2,4_3_3,4_3_4,4_3_5,4_3_6,4_3_7,4_3_8,4_3_9,4_4_0,4_4_1,4_4_2,4_4_3,4_4_4,4_4_5,4_4_6,4_cvs,5_0_0,5_0_1,5_0_2,5_0_3,5_1_0,5_1_1,5_1_2,5_1_3,5_1_4,5_1_5,5_1_6,5_2_0,5_2_1,5_cvs</ver>
<p4>void snmp_set_quick_print(int quick_print)</p4>
<p4d>Return all objects including their respective object id withing the specified one </p4d>
<p5>void snmp_set_quick_print(int quick_print)</p5>
<p5d>Return all objects including their respective object id withing the specified one </p5d>
<texts><text><lng>de</lng>
<d>Setzt den Wert von quick_print innerhalb der UCD SNMP Bibliothek.</d>
</text><text><lng>en</lng>
<d>Set the value of quick_print within the UCD SNMP library</d>
</text></texts></PHPModuleRef><PHPModuleRef>
<t>snmp_set_valueretrieval</t>
<mn>snmp</mn>
<ft>F</ft>
<ver>4_3_10,4_3_11,4_3_3,4_3_4,4_3_5,4_3_6,4_3_7,4_3_8,4_3_9,4_4_0,4_4_1,4_4_2,4_4_3,4_4_4,4_4_5,4_4_6,4_cvs,5_0_0,5_0_1,5_0_2,5_0_3,5_1_0,5_1_1,5_1_2,5_1_3,5_1_4,5_1_5,5_1_6,5_2_0,5_2_1,5_cvs</ver>
<p4>int snmp_set_valueretrieval(int method)</p4>
<p4d>Specify the method how the SNMP values will be returned </p4d>
<p5>int snmp_set_valueretrieval(int method)</p5>
<p5d>Specify the method how the SNMP values will be returned </p5d>
<texts><text><lng>en</lng>
<d>Specify the method how the SNMP values will be returned</d>
</text></texts></PHPModuleRef><PHPModuleRef>
<t>SNMP_BIT_STR</t>
<mn>snmp</mn>
<ft>C</ft>
<p4>integer SNMP_BIT_STR</p4>
<p5>integer SNMP_BIT_STR</p5>
</PHPModuleRef><PHPModuleRef>
<t>SNMP_COUNTER</t>
<mn>snmp</mn>
<ft>C</ft>
<p4>integer SNMP_COUNTER</p4>
<p5>integer SNMP_COUNTER</p5>
</PHPModuleRef><PHPModuleRef>
<t>SNMP_COUNTER64</t>
<mn>snmp</mn>
<ft>C</ft>
<p4>integer SNMP_COUNTER64</p4>
<p5>integer SNMP_COUNTER64</p5>
</PHPModuleRef><PHPModuleRef>
<t>SNMP_INTEGER</t>
<mn>snmp</mn>
<ft>C</ft>
<p4>integer SNMP_INTEGER</p4>
<p5>integer SNMP_INTEGER</p5>
</PHPModuleRef><PHPModuleRef>
<t>SNMP_IPADDRESS</t>
<mn>snmp</mn>
<ft>C</ft>
<p4>integer SNMP_IPADDRESS</p4>
<p5>integer SNMP_IPADDRESS</p5>
</PHPModuleRef><PHPModuleRef>
<t>SNMP_NULL</t>
<mn>snmp</mn>
<ft>C</ft>
<p4>integer SNMP_NULL</p4>
<p5>integer SNMP_NULL</p5>
</PHPModuleRef><PHPModuleRef>
<t>SNMP_OBJECT_ID</t>
<mn>snmp</mn>
<ft>C</ft>
<p4>integer SNMP_OBJECT_ID</p4>
<p5>integer SNMP_OBJECT_ID</p5>
</PHPModuleRef><PHPModuleRef>
<t>SNMP_OCTET_STR</t>
<mn>snmp</mn>
<ft>C</ft>
<p4>integer SNMP_OCTET_STR</p4>
<p5>integer SNMP_OCTET_STR</p5>
</PHPModuleRef><PHPModuleRef>
<t>SNMP_OID_OUTPUT_FULL</t>
<mn>snmp</mn>
<ft>C</ft>
<p4>integer SNMP_OID_OUTPUT_FULL</p4>
<p5>integer SNMP_OID_OUTPUT_FULL</p5>
<texts><text><lng>en</lng>
<d>As of 5.2.0</d>
</text></texts></PHPModuleRef><PHPModuleRef>
<t>SNMP_OID_OUTPUT_NUMERIC</t>
<mn>snmp</mn>
<ft>C</ft>
<p4>integer SNMP_OID_OUTPUT_NUMERIC</p4>
<p5>integer SNMP_OID_OUTPUT_NUMERIC</p5>
<texts><text><lng>en</lng>
<d>As of 5.2.0</d>
</text></texts></PHPModuleRef><PHPModuleRef>
<t>SNMP_OPAQUE</t>
<mn>snmp</mn>
<ft>C</ft>
<p4>integer SNMP_OPAQUE</p4>
<p5>integer SNMP_OPAQUE</p5>
</PHPModuleRef><PHPModuleRef>
<t>SNMP_TIMETICKS</t>
<mn>snmp</mn>
<ft>C</ft>
<p4>integer SNMP_TIMETICKS</p4>
<p5>integer SNMP_TIMETICKS</p5>
</PHPModuleRef><PHPModuleRef>
<t>SNMP_UINTEGER</t>
<mn>snmp</mn>
<ft>C</ft>
<p4>integer SNMP_UINTEGER</p4>
<p5>integer SNMP_UINTEGER</p5>
</PHPModuleRef><PHPModuleRef>
<t>SNMP_UNSIGNED</t>
<mn>snmp</mn>
<ft>C</ft>
<p4>integer SNMP_UNSIGNED</p4>
<p5>integer SNMP_UNSIGNED</p5>
</PHPModuleRef><PHPModuleRef>
<t>SNMP_VALUE_LIBRARY</t>
<mn>snmp</mn>
<ft>C</ft>
<p4>integer SNMP_VALUE_LIBRARY</p4>
<p5>integer SNMP_VALUE_LIBRARY</p5>
</PHPModuleRef><PHPModuleRef>
<t>SNMP_VALUE_OBJECT</t>
<mn>snmp</mn>
<ft>C</ft>
<p4>integer SNMP_VALUE_OBJECT</p4>
<p5>integer SNMP_VALUE_OBJECT</p5>
</PHPModuleRef><PHPModuleRef>
<t>SNMP_VALUE_PLAIN</t>
<mn>snmp</mn>
<ft>C</ft>
<p4>integer SNMP_VALUE_PLAIN</p4>
<p5>integer SNMP_VALUE_PLAIN</p5>
</PHPModuleRef></PHPModuleRef-List>
