<?xml version="1.0" encoding="utf-8"?>
<PHPModuleRef-List>
<PHPModuleRef>
<t>is_soap_fault</t>
<mn>soap</mn>
<ft>F</ft>
<ver>5_0_0,5_0_1,5_0_2,5_0_3,5_1_0,5_1_1,5_1_2,5_1_3,5_1_4,5_1_5,5_1_6,5_2_0,5_2_1,5_cvs</ver>
<p5>bool is_soap_fault ( mixed object ) U</p5>
<p5d>Checks if given value is a SoapFault object </p5d>
<texts><text><lng>en</lng>
<d>Checks if SOAP call was failed</d>
</text></texts></PHPModuleRef><PHPModuleRef>
<t>soap_encode_to_xml</t>
<mn>soap</mn>
<ft>F</ft>
<ver>5_0_0,5_0_1,5_0_2,5_0_3,5_1_0,5_1_1,5_1_2,5_1_3,5_1_4,5_1_5,5_1_6</ver>
</PHPModuleRef><PHPModuleRef>
<t>soap_encode_to_zval</t>
<mn>soap</mn>
<ft>F</ft>
<ver>5_0_0,5_0_1,5_0_2,5_0_3,5_1_0,5_1_1,5_1_2,5_1_3,5_1_4,5_1_5,5_1_6</ver>
</PHPModuleRef><PHPModuleRef>
<t>use_soap_error_handler</t>
<mn>soap</mn>
<ft>F</ft>
<ver>5_0_0,5_0_1,5_0_2,5_0_3,5_1_0,5_1_1,5_1_2,5_1_3,5_1_4,5_1_5,5_1_6,5_2_0,5_2_1,5_cvs</ver>
<p5>bool use_soap_error_handler ( [bool on] ) U</p5>
<p5d>Enable or disable SOAP's error handler, that translates PHP errors into SOAP faults </p5d>
<texts><text><lng>en</lng>
<d>Set whether to use the SOAP error handler and return the former value</d>
</text></texts></PHPModuleRef><PHPModuleRef>
<t>__soapCall</t>
<mn>soap</mn>
<ft>F</ft>
<ver>5_0_2,5_0_3,5_1_0,5_1_1,5_1_2,5_1_3,5_1_4,5_1_5,5_1_6</ver>
</PHPModuleRef><PHPModuleRef>
<t>SOAP_1_1</t>
<mn>soap</mn>
<ft>C</ft>
<p4>integer SOAP_1_1</p4>
<p5>integer SOAP_1_1</p5>
</PHPModuleRef><PHPModuleRef>
<t>SOAP_1_2</t>
<mn>soap</mn>
<ft>C</ft>
<p4>integer SOAP_1_2</p4>
<p5>integer SOAP_1_2</p5>
</PHPModuleRef><PHPModuleRef>
<t>SOAP_ACTOR_NEXT</t>
<mn>soap</mn>
<ft>C</ft>
<p4>integer SOAP_ACTOR_NEXT</p4>
<p5>integer SOAP_ACTOR_NEXT</p5>
</PHPModuleRef><PHPModuleRef>
<t>SOAP_ACTOR_NONE</t>
<mn>soap</mn>
<ft>C</ft>
<p4>integer SOAP_ACTOR_NONE</p4>
<p5>integer SOAP_ACTOR_NONE</p5>
</PHPModuleRef><PHPModuleRef>
<t>SOAP_ACTOR_UNLIMATERECEIVER</t>
<mn>soap</mn>
<ft>C</ft>
<p4>integer SOAP_ACTOR_UNLIMATERECEIVER</p4>
<p5>integer SOAP_ACTOR_UNLIMATERECEIVER</p5>
</PHPModuleRef><PHPModuleRef>
<t>SOAP_COMPRESSION_ACCEPT</t>
<mn>soap</mn>
<ft>C</ft>
<p4>integer SOAP_COMPRESSION_ACCEPT</p4>
<p5>integer SOAP_COMPRESSION_ACCEPT</p5>
</PHPModuleRef><PHPModuleRef>
<t>SOAP_COMPRESSION_DEFLATE</t>
<mn>soap</mn>
<ft>C</ft>
<p4>integer SOAP_COMPRESSION_DEFLATE</p4>
<p5>integer SOAP_COMPRESSION_DEFLATE</p5>
</PHPModuleRef><PHPModuleRef>
<t>SOAP_COMPRESSION_GZIP</t>
<mn>soap</mn>
<ft>C</ft>
<p4>integer SOAP_COMPRESSION_GZIP</p4>
<p5>integer SOAP_COMPRESSION_GZIP</p5>
</PHPModuleRef><PHPModuleRef>
<t>SOAP_DOCUMENT</t>
<mn>soap</mn>
<ft>C</ft>
<p4>integer SOAP_DOCUMENT</p4>
<p5>integer SOAP_DOCUMENT</p5>
</PHPModuleRef><PHPModuleRef>
<t>SOAP_ENCODED</t>
<mn>soap</mn>
<ft>C</ft>
<p4>integer SOAP_ENCODED</p4>
<p5>integer SOAP_ENCODED</p5>
</PHPModuleRef><PHPModuleRef>
<t>SOAP_ENC_ARRAY</t>
<mn>soap</mn>
<ft>C</ft>
<p4>integer SOAP_ENC_ARRAY</p4>
<p5>integer SOAP_ENC_ARRAY</p5>
</PHPModuleRef><PHPModuleRef>
<t>SOAP_ENC_OBJECT</t>
<mn>soap</mn>
<ft>C</ft>
<p4>integer SOAP_ENC_OBJECT</p4>
<p5>integer SOAP_ENC_OBJECT</p5>
</PHPModuleRef><PHPModuleRef>
<t>SOAP_FUNCTIONS_ALL</t>
<mn>soap</mn>
<ft>C</ft>
<p4>integer SOAP_FUNCTIONS_ALL</p4>
<p5>integer SOAP_FUNCTIONS_ALL</p5>
</PHPModuleRef><PHPModuleRef>
<t>SOAP_LITERAL</t>
<mn>soap</mn>
<ft>C</ft>
<p4>integer SOAP_LITERAL</p4>
<p5>integer SOAP_LITERAL</p5>
</PHPModuleRef><PHPModuleRef>
<t>SOAP_PERSISTENCE_REQUEST</t>
<mn>soap</mn>
<ft>C</ft>
<p4>integer SOAP_PERSISTENCE_REQUEST</p4>
<p5>integer SOAP_PERSISTENCE_REQUEST</p5>
</PHPModuleRef><PHPModuleRef>
<t>SOAP_PERSISTENCE_SESSION</t>
<mn>soap</mn>
<ft>C</ft>
<p4>integer SOAP_PERSISTENCE_SESSION</p4>
<p5>integer SOAP_PERSISTENCE_SESSION</p5>
</PHPModuleRef><PHPModuleRef>
<t>SOAP_RPC</t>
<mn>soap</mn>
<ft>C</ft>
<p4>integer SOAP_RPC</p4>
<p5>integer SOAP_RPC</p5>
</PHPModuleRef><PHPModuleRef>
<t>SOAP_WAIT_ONE_WAY_CALLS</t>
<mn>soap</mn>
<ft>C</ft>
<p4>integer SOAP_WAIT_ONE_WAY_CALLS</p4>
<p5>integer SOAP_WAIT_ONE_WAY_CALLS</p5>
<texts><text><lng>en</lng>
<d>Added in PHP 5.1.0.</d>
</text></texts></PHPModuleRef><PHPModuleRef>
<t>UNKNOWN_TYPE</t>
<mn>soap</mn>
<ft>C</ft>
<p4>integer UNKNOWN_TYPE</p4>
<p5>integer UNKNOWN_TYPE</p5>
</PHPModuleRef><PHPModuleRef>
<t>XSD_1999_NAMESPACE</t>
<mn>soap</mn>
<ft>C</ft>
<p4>string XSD_1999_NAMESPACE</p4>
<p5>string XSD_1999_NAMESPACE</p5>
</PHPModuleRef><PHPModuleRef>
<t>XSD_1999_TIMEINSTANT</t>
<mn>soap</mn>
<ft>C</ft>
<p4>integer XSD_1999_TIMEINSTANT</p4>
<p5>integer XSD_1999_TIMEINSTANT</p5>
</PHPModuleRef><PHPModuleRef>
<t>XSD_ANYTYPE</t>
<mn>soap</mn>
<ft>C</ft>
<p4>integer XSD_ANYTYPE</p4>
<p5>integer XSD_ANYTYPE</p5>
</PHPModuleRef><PHPModuleRef>
<t>XSD_ANYURI</t>
<mn>soap</mn>
<ft>C</ft>
<p4>integer XSD_ANYURI</p4>
<p5>integer XSD_ANYURI</p5>
</PHPModuleRef><PHPModuleRef>
<t>XSD_ANYXML</t>
<mn>soap</mn>
<ft>C</ft>
<p4>integer XSD_ANYXML</p4>
<p5>integer XSD_ANYXML</p5>
<texts><text><lng>en</lng>
<d>Added in PHP 5.1.0.</d>
</text></texts></PHPModuleRef><PHPModuleRef>
<t>XSD_BASE64BINARY</t>
<mn>soap</mn>
<ft>C</ft>
<p4>integer XSD_BASE64BINARY</p4>
<p5>integer XSD_BASE64BINARY</p5>
</PHPModuleRef><PHPModuleRef>
<t>XSD_BOOLEAN</t>
<mn>soap</mn>
<ft>C</ft>
<p4>integer XSD_BOOLEAN</p4>
<p5>integer XSD_BOOLEAN</p5>
</PHPModuleRef><PHPModuleRef>
<t>XSD_BYTE</t>
<mn>soap</mn>
<ft>C</ft>
<p4>integer XSD_BYTE</p4>
<p5>integer XSD_BYTE</p5>
</PHPModuleRef><PHPModuleRef>
<t>XSD_DATE</t>
<mn>soap</mn>
<ft>C</ft>
<p4>integer XSD_DATE</p4>
<p5>integer XSD_DATE</p5>
</PHPModuleRef><PHPModuleRef>
<t>XSD_DATETIME</t>
<mn>soap</mn>
<ft>C</ft>
<p4>integer XSD_DATETIME</p4>
<p5>integer XSD_DATETIME</p5>
</PHPModuleRef><PHPModuleRef>
<t>XSD_DECIMAL</t>
<mn>soap</mn>
<ft>C</ft>
<p4>integer XSD_DECIMAL</p4>
<p5>integer XSD_DECIMAL</p5>
</PHPModuleRef><PHPModuleRef>
<t>XSD_DOUBLE</t>
<mn>soap</mn>
<ft>C</ft>
<p4>integer XSD_DOUBLE</p4>
<p5>integer XSD_DOUBLE</p5>
</PHPModuleRef><PHPModuleRef>
<t>XSD_DURATION</t>
<mn>soap</mn>
<ft>C</ft>
<p4>integer XSD_DURATION</p4>
<p5>integer XSD_DURATION</p5>
</PHPModuleRef><PHPModuleRef>
<t>XSD_ENTITIES</t>
<mn>soap</mn>
<ft>C</ft>
<p4>integer XSD_ENTITIES</p4>
<p5>integer XSD_ENTITIES</p5>
</PHPModuleRef><PHPModuleRef>
<t>XSD_ENTITY</t>
<mn>soap</mn>
<ft>C</ft>
<p4>integer XSD_ENTITY</p4>
<p5>integer XSD_ENTITY</p5>
</PHPModuleRef><PHPModuleRef>
<t>XSD_FLOAT</t>
<mn>soap</mn>
<ft>C</ft>
<p4>integer XSD_FLOAT</p4>
<p5>integer XSD_FLOAT</p5>
</PHPModuleRef><PHPModuleRef>
<t>XSD_GDAY</t>
<mn>soap</mn>
<ft>C</ft>
<p4>integer XSD_GDAY</p4>
<p5>integer XSD_GDAY</p5>
</PHPModuleRef><PHPModuleRef>
<t>XSD_GMONTH</t>
<mn>soap</mn>
<ft>C</ft>
<p4>integer XSD_GMONTH</p4>
<p5>integer XSD_GMONTH</p5>
</PHPModuleRef><PHPModuleRef>
<t>XSD_GMONTHDAY</t>
<mn>soap</mn>
<ft>C</ft>
<p4>integer XSD_GMONTHDAY</p4>
<p5>integer XSD_GMONTHDAY</p5>
</PHPModuleRef><PHPModuleRef>
<t>XSD_GYEAR</t>
<mn>soap</mn>
<ft>C</ft>
<p4>integer XSD_GYEAR</p4>
<p5>integer XSD_GYEAR</p5>
</PHPModuleRef><PHPModuleRef>
<t>XSD_GYEARMONTH</t>
<mn>soap</mn>
<ft>C</ft>
<p4>integer XSD_GYEARMONTH</p4>
<p5>integer XSD_GYEARMONTH</p5>
</PHPModuleRef><PHPModuleRef>
<t>XSD_HEXBINARY</t>
<mn>soap</mn>
<ft>C</ft>
<p4>integer XSD_HEXBINARY</p4>
<p5>integer XSD_HEXBINARY</p5>
</PHPModuleRef><PHPModuleRef>
<t>XSD_ID</t>
<mn>soap</mn>
<ft>C</ft>
<p4>integer XSD_ID</p4>
<p5>integer XSD_ID</p5>
</PHPModuleRef><PHPModuleRef>
<t>XSD_IDREF</t>
<mn>soap</mn>
<ft>C</ft>
<p4>integer XSD_IDREF</p4>
<p5>integer XSD_IDREF</p5>
</PHPModuleRef><PHPModuleRef>
<t>XSD_IDREFS</t>
<mn>soap</mn>
<ft>C</ft>
<p4>integer XSD_IDREFS</p4>
<p5>integer XSD_IDREFS</p5>
</PHPModuleRef><PHPModuleRef>
<t>XSD_INT</t>
<mn>soap</mn>
<ft>C</ft>
<p4>integer XSD_INT</p4>
<p5>integer XSD_INT</p5>
</PHPModuleRef><PHPModuleRef>
<t>XSD_INTEGER</t>
<mn>soap</mn>
<ft>C</ft>
<p4>integer XSD_INTEGER</p4>
<p5>integer XSD_INTEGER</p5>
</PHPModuleRef><PHPModuleRef>
<t>XSD_LANGUAGE</t>
<mn>soap</mn>
<ft>C</ft>
<p4>integer XSD_LANGUAGE</p4>
<p5>integer XSD_LANGUAGE</p5>
</PHPModuleRef><PHPModuleRef>
<t>XSD_LONG</t>
<mn>soap</mn>
<ft>C</ft>
<p4>integer XSD_LONG</p4>
<p5>integer XSD_LONG</p5>
</PHPModuleRef><PHPModuleRef>
<t>XSD_NAME</t>
<mn>soap</mn>
<ft>C</ft>
<p4>integer XSD_NAME</p4>
<p5>integer XSD_NAME</p5>
</PHPModuleRef><PHPModuleRef>
<t>XSD_NAMESPACE</t>
<mn>soap</mn>
<ft>C</ft>
<p4>string XSD_NAMESPACE</p4>
<p5>string XSD_NAMESPACE</p5>
</PHPModuleRef><PHPModuleRef>
<t>XSD_NCNAME</t>
<mn>soap</mn>
<ft>C</ft>
<p4>integer XSD_NCNAME</p4>
<p5>integer XSD_NCNAME</p5>
</PHPModuleRef><PHPModuleRef>
<t>XSD_NEGATIVEINTEGER</t>
<mn>soap</mn>
<ft>C</ft>
<p4>integer XSD_NEGATIVEINTEGER</p4>
<p5>integer XSD_NEGATIVEINTEGER</p5>
</PHPModuleRef><PHPModuleRef>
<t>XSD_NMTOKEN</t>
<mn>soap</mn>
<ft>C</ft>
<p4>integer XSD_NMTOKEN</p4>
<p5>integer XSD_NMTOKEN</p5>
</PHPModuleRef><PHPModuleRef>
<t>XSD_NMTOKENS</t>
<mn>soap</mn>
<ft>C</ft>
<p4>integer XSD_NMTOKENS</p4>
<p5>integer XSD_NMTOKENS</p5>
</PHPModuleRef><PHPModuleRef>
<t>XSD_NONNEGATIVEINTEGER</t>
<mn>soap</mn>
<ft>C</ft>
<p4>integer XSD_NONNEGATIVEINTEGER</p4>
<p5>integer XSD_NONNEGATIVEINTEGER</p5>
</PHPModuleRef><PHPModuleRef>
<t>XSD_NONPOSITIVEINTEGER</t>
<mn>soap</mn>
<ft>C</ft>
<p4>integer XSD_NONPOSITIVEINTEGER</p4>
<p5>integer XSD_NONPOSITIVEINTEGER</p5>
</PHPModuleRef><PHPModuleRef>
<t>XSD_NORMALIZEDSTRING</t>
<mn>soap</mn>
<ft>C</ft>
<p4>integer XSD_NORMALIZEDSTRING</p4>
<p5>integer XSD_NORMALIZEDSTRING</p5>
</PHPModuleRef><PHPModuleRef>
<t>XSD_NOTATION</t>
<mn>soap</mn>
<ft>C</ft>
<p4>integer XSD_NOTATION</p4>
<p5>integer XSD_NOTATION</p5>
</PHPModuleRef><PHPModuleRef>
<t>XSD_POSITIVEINTEGER</t>
<mn>soap</mn>
<ft>C</ft>
<p4>integer XSD_POSITIVEINTEGER</p4>
<p5>integer XSD_POSITIVEINTEGER</p5>
</PHPModuleRef><PHPModuleRef>
<t>XSD_QNAME</t>
<mn>soap</mn>
<ft>C</ft>
<p4>integer XSD_QNAME</p4>
<p5>integer XSD_QNAME</p5>
</PHPModuleRef><PHPModuleRef>
<t>XSD_SHORT</t>
<mn>soap</mn>
<ft>C</ft>
<p4>integer XSD_SHORT</p4>
<p5>integer XSD_SHORT</p5>
</PHPModuleRef><PHPModuleRef>
<t>XSD_STRING</t>
<mn>soap</mn>
<ft>C</ft>
<p4>integer XSD_STRING</p4>
<p5>integer XSD_STRING</p5>
</PHPModuleRef><PHPModuleRef>
<t>XSD_TIME</t>
<mn>soap</mn>
<ft>C</ft>
<p4>integer XSD_TIME</p4>
<p5>integer XSD_TIME</p5>
</PHPModuleRef><PHPModuleRef>
<t>XSD_TOKEN</t>
<mn>soap</mn>
<ft>C</ft>
<p4>integer XSD_TOKEN</p4>
<p5>integer XSD_TOKEN</p5>
</PHPModuleRef><PHPModuleRef>
<t>XSD_UNSIGNEDBYTE</t>
<mn>soap</mn>
<ft>C</ft>
<p4>integer XSD_UNSIGNEDBYTE</p4>
<p5>integer XSD_UNSIGNEDBYTE</p5>
</PHPModuleRef><PHPModuleRef>
<t>XSD_UNSIGNEDINT</t>
<mn>soap</mn>
<ft>C</ft>
<p4>integer XSD_UNSIGNEDINT</p4>
<p5>integer XSD_UNSIGNEDINT</p5>
</PHPModuleRef><PHPModuleRef>
<t>XSD_UNSIGNEDLONG</t>
<mn>soap</mn>
<ft>C</ft>
<p4>integer XSD_UNSIGNEDLONG</p4>
<p5>integer XSD_UNSIGNEDLONG</p5>
</PHPModuleRef><PHPModuleRef>
<t>XSD_UNSIGNEDSHORT</t>
<mn>soap</mn>
<ft>C</ft>
<p4>integer XSD_UNSIGNEDSHORT</p4>
<p5>integer XSD_UNSIGNEDSHORT</p5>
</PHPModuleRef></PHPModuleRef-List>
