<?xml version="1.0" encoding="utf-8"?>
<PHPModuleRef-List>
<PHPModuleRef>
<t>accept_connect</t>
<mn>sockets</mn>
<ft>F</ft>
<ver>4_0_2,4_0_3,4_0_4,4_0_5,4_0_6</ver>
</PHPModuleRef><PHPModuleRef>
<t>add_iovec</t>
<mn>sockets</mn>
<ft>F</ft>
<ver>4_0_2,4_0_3,4_0_4,4_0_5,4_0_6</ver>
</PHPModuleRef><PHPModuleRef>
<t>bind</t>
<mn>sockets</mn>
<ft>F</ft>
<ver>4_0_2,4_0_3,4_0_4,4_0_5,4_0_6</ver>
</PHPModuleRef><PHPModuleRef>
<t>build_iovec</t>
<mn>sockets</mn>
<ft>F</ft>
<ver>4_0_2,4_0_3,4_0_4,4_0_5,4_0_6</ver>
</PHPModuleRef><PHPModuleRef>
<t>close</t>
<mn>sockets</mn>
<ft>F</ft>
<ver>4_0_2,4_0_3,4_0_4,4_0_5,4_0_6,5_0_0,5_0_1,5_0_2,5_0_3,5_1_0,5_1_1,5_1_2,5_1_3,5_1_4,5_1_5,5_1_6,5_2_0,5_2_1,5_cvs</ver>
</PHPModuleRef><PHPModuleRef>
<t>connect</t>
<mn>sockets</mn>
<ft>F</ft>
<ver>4_0_2,4_0_3,4_0_4,4_0_5,4_0_6,5_0_0,5_0_1,5_0_2,5_0_3,5_1_0,5_1_1,5_1_2,5_1_3,5_1_4,5_1_5,5_1_6,5_2_0,5_2_1,5_cvs</ver>
</PHPModuleRef><PHPModuleRef>
<t>delete_iovec</t>
<mn>sockets</mn>
<ft>F</ft>
<ver>4_0_2,4_0_3,4_0_4,4_0_5,4_0_6</ver>
</PHPModuleRef><PHPModuleRef>
<t>fd_alloc</t>
<mn>sockets</mn>
<ft>F</ft>
<ver>4_0_2,4_0_3,4_0_4,4_0_5,4_0_6</ver>
</PHPModuleRef><PHPModuleRef>
<t>fd_clear</t>
<mn>sockets</mn>
<ft>F</ft>
<ver>4_0_2,4_0_3,4_0_4,4_0_5,4_0_6</ver>
</PHPModuleRef><PHPModuleRef>
<t>fd_dealloc</t>
<mn>sockets</mn>
<ft>F</ft>
<ver>4_0_2,4_0_3,4_0_4,4_0_5,4_0_6</ver>
</PHPModuleRef><PHPModuleRef>
<t>fd_isset</t>
<mn>sockets</mn>
<ft>F</ft>
<ver>4_0_2,4_0_3,4_0_4,4_0_5,4_0_6</ver>
</PHPModuleRef><PHPModuleRef>
<t>fd_set</t>
<mn>sockets</mn>
<ft>F</ft>
<ver>4_0_2,4_0_3,4_0_4,4_0_5,4_0_6</ver>
</PHPModuleRef><PHPModuleRef>
<t>fd_zero</t>
<mn>sockets</mn>
<ft>F</ft>
<ver>4_0_2,4_0_3,4_0_4,4_0_5,4_0_6</ver>
</PHPModuleRef><PHPModuleRef>
<t>fetch_iovec</t>
<mn>sockets</mn>
<ft>F</ft>
<ver>4_0_2,4_0_3,4_0_4,4_0_5,4_0_6</ver>
</PHPModuleRef><PHPModuleRef>
<t>free_iovec</t>
<mn>sockets</mn>
<ft>F</ft>
<ver>4_0_2,4_0_3,4_0_4,4_0_5,4_0_6</ver>
</PHPModuleRef><PHPModuleRef>
<t>gethostbyaddr</t>
<mn>sockets</mn>
<ft>F</ft>
<ver>4_0_0,4_0_1,4_0_2,4_0_3,4_0_4,4_0_5,4_0_6,4_1_0,4_1_1,4_1_2,4_2_0,4_2_1,4_2_2,4_2_3,4_3_0,4_3_1,4_3_10,4_3_11,4_3_2,4_3_3,4_3_4,4_3_5,4_3_6,4_3_7,4_3_8,4_3_9,4_4_0,4_4_1,4_4_2,4_4_3,4_4_4,4_4_5,4_4_6,4_cvs,5_0_0,5_0_1,5_0_2,5_0_3,5_1_0,5_1_1,5_1_2,5_1_3,5_1_4,5_1_5,5_1_6,5_2_0,5_2_1,5_cvs</ver>
<p4>string gethostbyaddr(string ip_address)</p4>
<p4d>Get the Internet host name corresponding to a given IP address </p4d>
<p5>string gethostbyaddr(string ip_address) U</p5>
<p5d>Get the Internet host name corresponding to a given IP address </p5d>
<texts><text><lng>cs</lng>
<d>Vrací internetové jméno počítače, odpovídající dané IP adrese</d>
</text><text><lng>de</lng>
<d>Ermittelt den zur angegebenen IP-Adresse passenden Internet Host Namen</d>
</text><text><lng>en</lng>
<d>Get the Internet host name corresponding to a given IP address</d>
</text><text><lng>es</lng>
<d>Obtener el nombre del host de Internet correspondiente a unadirección IP dada</d>
</text></texts></PHPModuleRef><PHPModuleRef>
<t>gethostbyname</t>
<mn>sockets</mn>
<ft>F</ft>
<ver>4_0_0,4_0_1,4_0_2,4_0_3,4_0_4,4_0_5,4_0_6,4_1_0,4_1_1,4_1_2,4_2_0,4_2_1,4_2_2,4_2_3,4_3_0,4_3_1,4_3_10,4_3_11,4_3_2,4_3_3,4_3_4,4_3_5,4_3_6,4_3_7,4_3_8,4_3_9,4_4_0,4_4_1,4_4_2,4_4_3,4_4_4,4_4_5,4_4_6,4_cvs,5_0_0,5_0_1,5_0_2,5_0_3,5_1_0,5_1_1,5_1_2,5_1_3,5_1_4,5_1_5,5_1_6,5_2_0,5_2_1,5_cvs</ver>
<p4>string gethostbyname(string hostname)</p4>
<p4d>Get the IP address corresponding to a given Internet host name </p4d>
<p5>string gethostbyname(string hostname) U</p5>
<p5d>Get the IP address corresponding to a given Internet host name </p5d>
<texts><text><lng>cs</lng>
<d>Vrací IP adresu odpovídající danému internetovému jménu počítače</d>
</text><text><lng>de</lng>
<d>Ermittelt die zum angegebenen Internet Host Namen passende IP-Adresse</d>
</text><text><lng>en</lng>
<d>Get the IP address corresponding to a given Internet host name</d>
</text><text><lng>es</lng>
<d>Obtener la dirección IP correspondiente a un nombre de
     host de Internet dado</d>
</text></texts></PHPModuleRef><PHPModuleRef>
<t>getpeername</t>
<mn>sockets</mn>
<ft>F</ft>
<ver>4_0_2,4_0_3,4_0_4,4_0_5,4_0_6</ver>
</PHPModuleRef><PHPModuleRef>
<t>getsockname</t>
<mn>sockets</mn>
<ft>F</ft>
<ver>4_0_2,4_0_3,4_0_4,4_0_5,4_0_6</ver>
</PHPModuleRef><PHPModuleRef>
<t>getsockopt</t>
<mn>sockets</mn>
<ft>F</ft>
<ver>4_0_2,4_0_3,4_0_4,4_0_5,4_0_6</ver>
</PHPModuleRef><PHPModuleRef>
<t>listen</t>
<mn>sockets</mn>
<ft>F</ft>
<ver>4_0_2,4_0_3,4_0_4,4_0_5,4_0_6</ver>
</PHPModuleRef><PHPModuleRef>
<t>open_listen_sock</t>
<mn>sockets</mn>
<ft>F</ft>
<ver>4_0_2,4_0_3,4_0_4,4_0_5,4_0_6</ver>
</PHPModuleRef><PHPModuleRef>
<t>read</t>
<mn>sockets</mn>
<ft>F</ft>
<ver>4_0_2,4_0_3,4_0_4,4_0_5,4_0_6</ver>
</PHPModuleRef><PHPModuleRef>
<t>readv</t>
<mn>sockets</mn>
<ft>F</ft>
<ver>4_0_2,4_0_3,4_0_4,4_0_5,4_0_6</ver>
</PHPModuleRef><PHPModuleRef>
<t>recv</t>
<mn>sockets</mn>
<ft>F</ft>
<ver>4_0_2,4_0_3,4_0_4,4_0_5,4_0_6</ver>
</PHPModuleRef><PHPModuleRef>
<t>recvfrom</t>
<mn>sockets</mn>
<ft>F</ft>
<ver>4_0_2,4_0_3,4_0_4,4_0_5,4_0_6</ver>
</PHPModuleRef><PHPModuleRef>
<t>recvmsg</t>
<mn>sockets</mn>
<ft>F</ft>
<ver>4_0_2,4_0_3,4_0_4,4_0_5,4_0_6</ver>
</PHPModuleRef><PHPModuleRef>
<t>select</t>
<mn>sockets</mn>
<ft>F</ft>
<ver>4_0_2,4_0_3,4_0_4,4_0_5,4_0_6</ver>
</PHPModuleRef><PHPModuleRef>
<t>send</t>
<mn>sockets</mn>
<ft>F</ft>
<ver>4_0_2,4_0_3,4_0_4,4_0_5,4_0_6</ver>
</PHPModuleRef><PHPModuleRef>
<t>sendmsg</t>
<mn>sockets</mn>
<ft>F</ft>
<ver>4_0_2,4_0_3,4_0_4,4_0_5,4_0_6</ver>
</PHPModuleRef><PHPModuleRef>
<t>sendto</t>
<mn>sockets</mn>
<ft>F</ft>
<ver>4_0_2,4_0_3,4_0_4,4_0_5,4_0_6</ver>
</PHPModuleRef><PHPModuleRef>
<t>setsockopt</t>
<mn>sockets</mn>
<ft>F</ft>
<ver>4_0_2,4_0_3,4_0_4,4_0_5,4_0_6</ver>
</PHPModuleRef><PHPModuleRef>
<t>set_iovec</t>
<mn>sockets</mn>
<ft>F</ft>
<ver>4_0_2,4_0_3,4_0_4,4_0_5,4_0_6</ver>
</PHPModuleRef><PHPModuleRef>
<t>set_nonblock</t>
<mn>sockets</mn>
<ft>F</ft>
<ver>4_0_2,4_0_3,4_0_4,4_0_5,4_0_6</ver>
</PHPModuleRef><PHPModuleRef>
<t>shutdown</t>
<mn>sockets</mn>
<ft>F</ft>
<ver>4_0_2,4_0_3,4_0_4,4_0_5,4_0_6</ver>
</PHPModuleRef><PHPModuleRef>
<t>signal</t>
<mn>sockets</mn>
<ft>F</ft>
<ver>4_0_2,4_0_3,4_0_4,4_0_5,4_0_6</ver>
</PHPModuleRef><PHPModuleRef>
<t>socket</t>
<mn>sockets</mn>
<ft>F</ft>
<ver>4_0_2,4_0_3,4_0_4,4_0_5,4_0_6</ver>
</PHPModuleRef><PHPModuleRef>
<t>socketpair</t>
<mn>sockets</mn>
<ft>F</ft>
<ver>4_0_2,4_0_3,4_0_4,4_0_5,4_0_6</ver>
</PHPModuleRef><PHPModuleRef>
<t>socket_accept</t>
<mn>sockets</mn>
<ft>F</ft>
<ver>4_1_0,4_1_1,4_1_2,4_2_0,4_2_1,4_2_2,4_2_3,4_3_0,4_3_1,4_3_10,4_3_11,4_3_2,4_3_3,4_3_4,4_3_5,4_3_6,4_3_7,4_3_8,4_3_9,4_4_0,4_4_1,4_4_2,4_4_3,4_4_4,4_4_5,4_4_6,4_cvs,5_0_0,5_0_1,5_0_2,5_0_3,5_1_0,5_1_1,5_1_2,5_1_3,5_1_4,5_1_5,5_1_6,5_2_0,5_2_1,5_cvs</ver>
<p4>resource socket_accept(resource socket)</p4>
<p4d>Accepts a connection on the listening socket fd </p4d>
<p5>resource socket_accept(resource socket) U</p5>
<p5d>Accepts a connection on the listening socket fd </p5d>
<texts><text><lng>de</lng>
<d>Akzeptiert eine Verbindung an einem Socket</d>
</text><text><lng>en</lng>
<d>Accepts a connection on a socket</d>
</text></texts></PHPModuleRef><PHPModuleRef>
<t>socket_bind</t>
<mn>sockets</mn>
<ft>F</ft>
<ver>4_1_0,4_1_1,4_1_2,4_2_0,4_2_1,4_2_2,4_2_3,4_3_0,4_3_1,4_3_10,4_3_11,4_3_2,4_3_3,4_3_4,4_3_5,4_3_6,4_3_7,4_3_8,4_3_9,4_4_0,4_4_1,4_4_2,4_4_3,4_4_4,4_4_5,4_4_6,4_cvs,5_0_0,5_0_1,5_0_2,5_0_3,5_1_0,5_1_1,5_1_2,5_1_3,5_1_4,5_1_5,5_1_6,5_2_0,5_2_1,5_cvs</ver>
<p4>bool socket_bind(resource socket, string addr [, int port])</p4>
<p4d>Binds an open socket to a listening port, port is only specified in AF_INET family. </p4d>
<p5>bool socket_bind(resource socket, string addr [, int port])</p5>
<p5d>Binds an open socket to a listening port, port is only specified in AF_INET family. </p5d>
<texts><text><lng>de</lng>
<d>Verknüpft einen Namen mit einem Socket</d>
</text><text><lng>en</lng>
<d>Binds a name to a socket</d>
</text></texts></PHPModuleRef><PHPModuleRef>
<t>socket_clear_error</t>
<mn>sockets</mn>
<ft>F</ft>
<ver>4_2_0,4_2_1,4_2_2,4_2_3,4_3_0,4_3_1,4_3_10,4_3_11,4_3_2,4_3_3,4_3_4,4_3_5,4_3_6,4_3_7,4_3_8,4_3_9,4_4_0,4_4_1,4_4_2,4_4_3,4_4_4,4_4_5,4_4_6,4_cvs,5_0_0,5_0_1,5_0_2,5_0_3,5_1_0,5_1_1,5_1_2,5_1_3,5_1_4,5_1_5,5_1_6,5_2_0,5_2_1,5_cvs</ver>
<p4>void socket_clear_error([resource socket])</p4>
<p4d>Clears the error on the socket or the last error code. </p4d>
<p5>void socket_clear_error([resource socket]) U</p5>
<p5d>Clears the error on the socket or the last error code. </p5d>
<texts><text><lng>de</lng>
<d>Löscht entweder einen Fehler oder den letzten Fehlercode 
	eines Sockets</d>
</text><text><lng>en</lng>
<d>Clears the error on the socket or the last error code</d>
</text></texts></PHPModuleRef><PHPModuleRef>
<t>socket_close</t>
<mn>sockets</mn>
<ft>F</ft>
<ver>4_1_0,4_1_1,4_1_2,4_2_0,4_2_1,4_2_2,4_2_3,4_3_0,4_3_1,4_3_10,4_3_11,4_3_2,4_3_3,4_3_4,4_3_5,4_3_6,4_3_7,4_3_8,4_3_9,4_4_0,4_4_1,4_4_2,4_4_3,4_4_4,4_4_5,4_4_6,4_cvs,5_0_0,5_0_1,5_0_2,5_0_3,5_1_0,5_1_1,5_1_2,5_1_3,5_1_4,5_1_5,5_1_6,5_2_0,5_2_1,5_cvs</ver>
<p4>void socket_close(resource socket)</p4>
<p4d>Closes a file descriptor </p4d>
<p5>void socket_close(resource socket) U</p5>
<p5d>Closes a file descriptor </p5d>
<texts><text><lng>de</lng>
<d>Schliesst eine Socket-Verbindung</d>
</text><text><lng>en</lng>
<d>Closes a socket resource</d>
</text></texts></PHPModuleRef><PHPModuleRef>
<t>socket_connect</t>
<mn>sockets</mn>
<ft>F</ft>
<ver>4_1_0,4_1_1,4_1_2,4_2_0,4_2_1,4_2_2,4_2_3,4_3_0,4_3_1,4_3_10,4_3_11,4_3_2,4_3_3,4_3_4,4_3_5,4_3_6,4_3_7,4_3_8,4_3_9,4_4_0,4_4_1,4_4_2,4_4_3,4_4_4,4_4_5,4_4_6,4_cvs,5_0_0,5_0_1,5_0_2,5_0_3,5_1_0,5_1_1,5_1_2,5_1_3,5_1_4,5_1_5,5_1_6,5_2_0,5_2_1,5_cvs</ver>
<p4>bool socket_connect(resource socket, string addr [, int port])</p4>
<p4d>Opens a connection to addr:port on the socket specified by socket </p4d>
<p5>bool socket_connect(resource socket, string addr [, int port])</p5>
<p5d>Opens a connection to addr:port on the socket specified by socket </p5d>
<texts><text><lng>de</lng>
<d>Baut eine Verbindungüber einen Socket auf</d>
</text><text><lng>en</lng>
<d>Initiates a connection on a socket</d>
</text></texts></PHPModuleRef><PHPModuleRef>
<t>socket_create</t>
<mn>sockets</mn>
<ft>F</ft>
<ver>4_1_0,4_1_1,4_1_2,4_2_0,4_2_1,4_2_2,4_2_3,4_3_0,4_3_1,4_3_10,4_3_11,4_3_2,4_3_3,4_3_4,4_3_5,4_3_6,4_3_7,4_3_8,4_3_9,4_4_0,4_4_1,4_4_2,4_4_3,4_4_4,4_4_5,4_4_6,4_cvs,5_0_0,5_0_1,5_0_2,5_0_3,5_1_0,5_1_1,5_1_2,5_1_3,5_1_4,5_1_5,5_1_6,5_2_0,5_2_1,5_cvs</ver>
<p4>resource socket_create(int domain, int type, int protocol)</p4>
<p4d>Creates an endpoint for communication in the domain specified by domain, of type specified by type </p4d>
<p5>resource socket_create(int domain, int type, int protocol) U</p5>
<p5d>Creates an endpoint for communication in the domain specified by domain, of type specified by type </p5d>
<texts><text><lng>de</lng>
<d>Erzeugt einen Socket (Endpunkt für die Kommunikation)</d>
</text><text><lng>en</lng>
<d>Create a socket (endpoint for communication)</d>
</text></texts></PHPModuleRef><PHPModuleRef>
<t>socket_create_listen</t>
<mn>sockets</mn>
<ft>F</ft>
<ver>4_1_0,4_1_1,4_1_2,4_2_0,4_2_1,4_2_2,4_2_3,4_3_0,4_3_1,4_3_10,4_3_11,4_3_2,4_3_3,4_3_4,4_3_5,4_3_6,4_3_7,4_3_8,4_3_9,4_4_0,4_4_1,4_4_2,4_4_3,4_4_4,4_4_5,4_4_6,4_cvs,5_0_0,5_0_1,5_0_2,5_0_3,5_1_0,5_1_1,5_1_2,5_1_3,5_1_4,5_1_5,5_1_6,5_2_0,5_2_1,5_cvs</ver>
<p4>resource socket_create_listen(int port[, int backlog])</p4>
<p4d>Opens a socket on port to accept connections </p4d>
<p5>resource socket_create_listen(int port[, int backlog]) U</p5>
<p5d>Opens a socket on port to accept connections </p5d>
<texts><text><lng>de</lng>
<d>Öffnet einen Socket um Verbindungen über einem gegebenen Port aufzubauen</d>
</text><text><lng>en</lng>
<d>Opens a socket on port to accept connections</d>
</text></texts></PHPModuleRef><PHPModuleRef>
<t>socket_create_pair</t>
<mn>sockets</mn>
<ft>F</ft>
<ver>4_1_0,4_1_1,4_1_2,4_2_0,4_2_1,4_2_2,4_2_3,4_3_0,4_3_1,4_3_10,4_3_11,4_3_2,4_3_3,4_3_4,4_3_5,4_3_6,4_3_7,4_3_8,4_3_9,4_4_0,4_4_1,4_4_2,4_4_3,4_4_4,4_4_5,4_4_6,4_cvs,5_0_0,5_0_1,5_0_2,5_0_3,5_1_0,5_1_1,5_1_2,5_1_3,5_1_4,5_1_5,5_1_6,5_2_0,5_2_1,5_cvs</ver>
<p4>bool socket_create_pair(int domain, int type, int protocol, array &amp;fd)</p4>
<p4d>Creates a pair of indistinguishable sockets and stores them in fds. </p4d>
<p5>bool socket_create_pair(int domain, int type, int protocol, array &amp;fd) U</p5>
<p5d>Creates a pair of indistinguishable sockets and stores them in fds. </p5d>
<texts><text><lng>de</lng>
<d>Erzeugt ein paar von unverwechselbaren Sockets und speichert sie in einem Array.</d>
</text><text><lng>en</lng>
<d>Creates a pair of indistinguishable sockets and stores them in an array</d>
</text></texts></PHPModuleRef><PHPModuleRef>
<t>socket_fd_alloc</t>
<mn>sockets</mn>
<ft>F</ft>
<ver>4_1_0,4_1_1,4_1_2</ver>
</PHPModuleRef><PHPModuleRef>
<t>socket_fd_clear</t>
<mn>sockets</mn>
<ft>F</ft>
<ver>4_1_0,4_1_1,4_1_2</ver>
</PHPModuleRef><PHPModuleRef>
<t>socket_fd_free</t>
<mn>sockets</mn>
<ft>F</ft>
<ver>4_1_0,4_1_1,4_1_2</ver>
</PHPModuleRef><PHPModuleRef>
<t>socket_fd_isset</t>
<mn>sockets</mn>
<ft>F</ft>
<ver>4_1_0,4_1_1,4_1_2</ver>
</PHPModuleRef><PHPModuleRef>
<t>socket_fd_set</t>
<mn>sockets</mn>
<ft>F</ft>
<ver>4_1_0,4_1_1,4_1_2</ver>
</PHPModuleRef><PHPModuleRef>
<t>socket_fd_zero</t>
<mn>sockets</mn>
<ft>F</ft>
<ver>4_1_0,4_1_1,4_1_2</ver>
</PHPModuleRef><PHPModuleRef>
<t>socket_getopt</t>
<mn>sockets</mn>
<ft>F</ft>
<ver>4_1_0,4_1_1,4_1_2,4_2_0,4_2_1,4_2_2,4_2_3,4_3_0,4_3_1,4_3_10,4_3_11,4_3_2,4_3_3,4_3_4,4_3_5,4_3_6,4_3_7,4_3_8,4_3_9,4_4_0,4_4_1,4_4_2,4_4_3,4_4_4,4_4_5,4_4_6,4_cvs,5_0_0,5_0_1,5_0_2,5_0_3,5_1_0,5_1_1,5_1_2,5_1_3,5_1_4,5_1_5,5_1_6,5_2_0,5_2_1,5_cvs</ver>
</PHPModuleRef><PHPModuleRef>
<t>socket_getpeername</t>
<mn>sockets</mn>
<ft>F</ft>
<ver>4_1_0,4_1_1,4_1_2,4_2_0,4_2_1,4_2_2,4_2_3,4_3_0,4_3_1,4_3_10,4_3_11,4_3_2,4_3_3,4_3_4,4_3_5,4_3_6,4_3_7,4_3_8,4_3_9,4_4_0,4_4_1,4_4_2,4_4_3,4_4_4,4_4_5,4_4_6,4_cvs,5_0_0,5_0_1,5_0_2,5_0_3,5_1_0,5_1_1,5_1_2,5_1_3,5_1_4,5_1_5,5_1_6,5_2_0,5_2_1,5_cvs</ver>
<p4>bool socket_getpeername(resource socket, string &amp;addr[, int &amp;port])</p4>
<p4d>Queries the remote side of the given socket which may either result in host/port or in a UNIX filesystem path, dependent on its type. </p4d>
<p5>bool socket_getpeername(resource socket, string &amp;addr[, int &amp;port])</p5>
<p5d>Queries the remote side of the given socket which may either result in host/port or in a UNIX filesystem path, dependent on its type. </p5d>
<texts><text><lng>de</lng>
<d>Fragt das entfernte Ende eines gegebenen Sockets ab. Das Ergebnisist vom Typ abhängig und ist entweder das Paar host/port oder ein
     Pfad des Unix-Dateisystems.</d>
</text><text><lng>en</lng>
<d>Queries the remote side of the given socket which may either result in host/portor in a Unix filesystem path, dependent on its type</d>
</text></texts></PHPModuleRef><PHPModuleRef>
<t>socket_getsockname</t>
<mn>sockets</mn>
<ft>F</ft>
<ver>4_1_0,4_1_1,4_1_2,4_2_0,4_2_1,4_2_2,4_2_3,4_3_0,4_3_1,4_3_10,4_3_11,4_3_2,4_3_3,4_3_4,4_3_5,4_3_6,4_3_7,4_3_8,4_3_9,4_4_0,4_4_1,4_4_2,4_4_3,4_4_4,4_4_5,4_4_6,4_cvs,5_0_0,5_0_1,5_0_2,5_0_3,5_1_0,5_1_1,5_1_2,5_1_3,5_1_4,5_1_5,5_1_6,5_2_0,5_2_1,5_cvs</ver>
<p4>bool socket_getsockname(resource socket, string &amp;addr[, int &amp;port])</p4>
<p4d>Queries the remote side of the given socket which may either result in host/port or in a UNIX filesystem path, dependent on its type. </p4d>
<p5>bool socket_getsockname(resource socket, string &amp;addr[, int &amp;port])</p5>
<p5d>Queries the remote side of the given socket which may either result in host/port or in a UNIX filesystem path, dependent on its type. </p5d>
<texts><text><lng>de</lng>
<d>Fragt das lokale Ende eines gegebenen Sockets ab. Das Ergebnisist vom Typ abhängig und ist entweder das Paar host/port oder ein
     Pfad des Unix-Dateisystems.</d>
</text><text><lng>en</lng>
<d>Queries the local side of the given socket which may either result in host/portor in a Unix filesystem path, dependent on its type</d>
</text></texts></PHPModuleRef><PHPModuleRef>
<t>socket_get_option</t>
<mn>sockets</mn>
<ft>F</ft>
<ver>4_3_0,4_3_1,4_3_10,4_3_11,4_3_2,4_3_3,4_3_4,4_3_5,4_3_6,4_3_7,4_3_8,4_3_9,4_4_0,4_4_1,4_4_2,4_4_3,4_4_4,4_4_5,4_4_6,4_cvs,5_0_0,5_0_1,5_0_2,5_0_3,5_1_0,5_1_1,5_1_2,5_1_3,5_1_4,5_1_5,5_1_6,5_2_0,5_2_1,5_cvs</ver>
<p4>mixed socket_get_option(resource socket, int level, int optname)</p4>
<p4d>Gets socket options for the socket </p4d>
<p5>mixed socket_get_option(resource socket, int level, int optname) U</p5>
<p5d>Gets socket options for the socket </p5d>
<texts><text><lng>de</lng>
<d>Holt die Socket-Optionen für einen Socket</d>
</text><text><lng>en</lng>
<d>Gets socket options for the socket</d>
</text></texts></PHPModuleRef><PHPModuleRef>
<t>socket_iovec_add</t>
<mn>sockets</mn>
<ft>F</ft>
<ver>4_1_0,4_1_1,4_1_2,4_2_0,4_2_1,4_2_2,4_2_3,4_3_0,4_3_1,4_3_10,4_3_11,4_3_2,4_3_3,4_3_4,4_3_5,4_3_6,4_3_7,4_3_8,4_3_9,4_4_0,4_4_1,4_4_2,4_4_3,4_4_4,4_4_5,4_4_6,4_cvs</ver>
<p4>bool socket_iovec_add(resource iovec, int iov_len)</p4>
<p4d>Adds a new vector to the scatter/gather array </p4d>
<texts><text><lng>de</lng>
<d>Fügt einen neuen Vektor in das scatter/gather Array ein</d>
</text></texts></PHPModuleRef><PHPModuleRef>
<t>socket_iovec_alloc</t>
<mn>sockets</mn>
<ft>F</ft>
<ver>4_1_0,4_1_1,4_1_2,4_2_0,4_2_1,4_2_2,4_2_3,4_3_0,4_3_1,4_3_10,4_3_11,4_3_2,4_3_3,4_3_4,4_3_5,4_3_6,4_3_7,4_3_8,4_3_9,4_4_0,4_4_1,4_4_2,4_4_3,4_4_4,4_4_5,4_4_6,4_cvs</ver>
<p4>resource socket_iovec_alloc(int num_vectors [, int ...])</p4>
<p4d>Builds a 'struct iovec' for use with sendmsg, recvmsg, writev, and readv </p4d>
<texts><text><lng>de</lng>
<d>...]) Erstellt einen 'struct iovec' zur Benutzung mit sendmsg, recvmsg, writev und readv</d>
</text></texts></PHPModuleRef><PHPModuleRef>
<t>socket_iovec_delete</t>
<mn>sockets</mn>
<ft>F</ft>
<ver>4_1_0,4_1_1,4_1_2,4_2_0,4_2_1,4_2_2,4_2_3,4_3_0,4_3_1,4_3_10,4_3_11,4_3_2,4_3_3,4_3_4,4_3_5,4_3_6,4_3_7,4_3_8,4_3_9,4_4_0,4_4_1,4_4_2,4_4_3,4_4_4,4_4_5,4_4_6,4_cvs</ver>
<p4>bool socket_iovec_delete(resource iovec, int iov_pos)</p4>
<p4d>Deletes a vector from an array of vectors </p4d>
<texts><text><lng>de</lng>
<d>Löscht einen Vektor aus einem Array von Vektoren</d>
</text></texts></PHPModuleRef><PHPModuleRef>
<t>socket_iovec_fetch</t>
<mn>sockets</mn>
<ft>F</ft>
<ver>4_1_0,4_1_1,4_1_2,4_2_0,4_2_1,4_2_2,4_2_3,4_3_0,4_3_1,4_3_10,4_3_11,4_3_2,4_3_3,4_3_4,4_3_5,4_3_6,4_3_7,4_3_8,4_3_9,4_4_0,4_4_1,4_4_2,4_4_3,4_4_4,4_4_5,4_4_6,4_cvs</ver>
<p4>string socket_iovec_fetch(resource iovec, int iovec_position)</p4>
<p4d>Returns the data held in the iovec specified by iovec_id[iovec_position] </p4d>
<texts><text><lng>de</lng>
<d>Gibt die Daten aus dem iovec zurück, der durch
    iovec_id[iovec_position] bestimmt wurde.</d>
</text></texts></PHPModuleRef><PHPModuleRef>
<t>socket_iovec_free</t>
<mn>sockets</mn>
<ft>F</ft>
<ver>4_1_0,4_1_1,4_1_2,4_2_0,4_2_1,4_2_2,4_2_3,4_3_0,4_3_1,4_3_10,4_3_11,4_3_2,4_3_3,4_3_4,4_3_5,4_3_6,4_3_7,4_3_8,4_3_9,4_4_0,4_4_1,4_4_2,4_4_3,4_4_4,4_4_5,4_4_6,4_cvs</ver>
<p4>bool socket_iovec_free(resource iovec)</p4>
<p4d>Frees the iovec specified by iovec_id </p4d>
<texts><text><lng>de</lng>
<d>Gibt den Speicher des durch iovec_id bezeichneten iovec frei.</d>
</text></texts></PHPModuleRef><PHPModuleRef>
<t>socket_iovec_set</t>
<mn>sockets</mn>
<ft>F</ft>
<ver>4_1_0,4_1_1,4_1_2,4_2_0,4_2_1,4_2_2,4_2_3,4_3_0,4_3_1,4_3_10,4_3_11,4_3_2,4_3_3,4_3_4,4_3_5,4_3_6,4_3_7,4_3_8,4_3_9,4_4_0,4_4_1,4_4_2,4_4_3,4_4_4,4_4_5,4_4_6,4_cvs</ver>
<p4>bool socket_iovec_set(resource iovec, int iovec_position, string new_val)</p4>
<p4d>Sets the data held in iovec_id[iovec_position] to new_val </p4d>
<texts><text><lng>de</lng>
<d>Setzt die Daten in iovec_id[iovec_position] auf new_val</d>
</text></texts></PHPModuleRef><PHPModuleRef>
<t>socket_last_error</t>
<mn>sockets</mn>
<ft>F</ft>
<ver>4_1_0,4_1_1,4_1_2,4_2_0,4_2_1,4_2_2,4_2_3,4_3_0,4_3_1,4_3_10,4_3_11,4_3_2,4_3_3,4_3_4,4_3_5,4_3_6,4_3_7,4_3_8,4_3_9,4_4_0,4_4_1,4_4_2,4_4_3,4_4_4,4_4_5,4_4_6,4_cvs,5_0_0,5_0_1,5_0_2,5_0_3,5_1_0,5_1_1,5_1_2,5_1_3,5_1_4,5_1_5,5_1_6,5_2_0,5_2_1,5_cvs</ver>
<p4>int socket_last_error([resource socket])</p4>
<p4d>Returns the last socket error (either the last used or the provided socket resource) </p4d>
<p5>int socket_last_error([resource socket]) U</p5>
<p5d>Returns the last socket error (either the last used or the provided socket resource) </p5d>
<texts><text><lng>de</lng>
<d>Gibt den letzten Fehler zurück, der an einem Socket aufgetreten ist.</d>
</text><text><lng>en</lng>
<d>Returns the last error on the socket</d>
</text></texts></PHPModuleRef><PHPModuleRef>
<t>socket_listen</t>
<mn>sockets</mn>
<ft>F</ft>
<ver>4_1_0,4_1_1,4_1_2,4_2_0,4_2_1,4_2_2,4_2_3,4_3_0,4_3_1,4_3_10,4_3_11,4_3_2,4_3_3,4_3_4,4_3_5,4_3_6,4_3_7,4_3_8,4_3_9,4_4_0,4_4_1,4_4_2,4_4_3,4_4_4,4_4_5,4_4_6,4_cvs,5_0_0,5_0_1,5_0_2,5_0_3,5_1_0,5_1_1,5_1_2,5_1_3,5_1_4,5_1_5,5_1_6,5_2_0,5_2_1,5_cvs</ver>
<p4>bool socket_listen(resource socket[, int backlog])</p4>
<p4d>Sets the maximum number of connections allowed to be waited for on the socket specified by fd </p4d>
<p5>bool socket_listen(resource socket[, int backlog]) U</p5>
<p5d>Sets the maximum number of connections allowed to be waited for on the socket specified by fd </p5d>
<texts><text><lng>de</lng>
<d>Hört einen Socket nach Verbindungsanforderungen ab</d>
</text><text><lng>en</lng>
<d>Listens for a connection on a socket</d>
</text></texts></PHPModuleRef><PHPModuleRef>
<t>socket_read</t>
<mn>sockets</mn>
<ft>F</ft>
<ver>4_1_0,4_1_1,4_1_2,4_2_0,4_2_1,4_2_2,4_2_3,4_3_0,4_3_1,4_3_10,4_3_11,4_3_2,4_3_3,4_3_4,4_3_5,4_3_6,4_3_7,4_3_8,4_3_9,4_4_0,4_4_1,4_4_2,4_4_3,4_4_4,4_4_5,4_4_6,4_cvs,5_0_0,5_0_1,5_0_2,5_0_3,5_1_0,5_1_1,5_1_2,5_1_3,5_1_4,5_1_5,5_1_6,5_2_0,5_2_1,5_cvs</ver>
<p4>string socket_read(resource socket, int length [, int type])</p4>
<p4d>Reads a maximum of length bytes from socket </p4d>
<p5>string socket_read(resource socket, int length [, int type]) U</p5>
<p5d>Reads a maximum of length bytes from socket </p5d>
<texts><text><lng>de</lng>
<d>Liest höchstens die angegebene Anzahl Bytes von einem Socket.</d>
</text><text><lng>en</lng>
<d>Reads a maximum of length bytes from a socket</d>
</text></texts></PHPModuleRef><PHPModuleRef>
<t>socket_readv</t>
<mn>sockets</mn>
<ft>F</ft>
<ver>4_1_0,4_1_1,4_1_2,4_2_0,4_2_1,4_2_2,4_2_3,4_3_0,4_3_1,4_3_10,4_3_11,4_3_2,4_3_3,4_3_4,4_3_5,4_3_6,4_3_7,4_3_8,4_3_9,4_4_0,4_4_1,4_4_2,4_4_3,4_4_4,4_4_5,4_4_6,4_cvs</ver>
<p4>bool socket_readv(resource socket, resource iovec_id)</p4>
<p4d>Reads from an fd, using the scatter-gather array defined by iovec_id </p4d>
<texts><text><lng>de</lng>
<d>Liest aus einem Dateideskriptor. Dabei wird dasscatter-gather Array benutzt, welches von iovec_id definiert wird.</d>
</text></texts></PHPModuleRef><PHPModuleRef>
<t>socket_recv</t>
<mn>sockets</mn>
<ft>F</ft>
<ver>4_1_0,4_1_1,4_1_2,4_2_0,4_2_1,4_2_2,4_2_3,4_3_0,4_3_1,4_3_10,4_3_11,4_3_2,4_3_3,4_3_4,4_3_5,4_3_6,4_3_7,4_3_8,4_3_9,4_4_0,4_4_1,4_4_2,4_4_3,4_4_4,4_4_5,4_4_6,4_cvs,5_0_0,5_0_1,5_0_2,5_0_3,5_1_0,5_1_1,5_1_2,5_1_3,5_1_4,5_1_5,5_1_6,5_2_0,5_2_1,5_cvs</ver>
<p4>int socket_recv(resource socket, string &amp;buf, int len, int flags)</p4>
<p4d>Receives data from a connected socket </p4d>
<p5>int socket_recv(resource socket, string &amp;buf, int len, int flags)</p5>
<p5d>Receives data from a connected socket </p5d>
<texts><text><lng>de</lng>
<d>Empfängt Daten von einem verbundenen Socket</d>
</text><text><lng>en</lng>
<d>Receives data from a connected socket</d>
</text></texts></PHPModuleRef><PHPModuleRef>
<t>socket_recvfrom</t>
<mn>sockets</mn>
<ft>F</ft>
<ver>4_1_0,4_1_1,4_1_2,4_2_0,4_2_1,4_2_2,4_2_3,4_3_0,4_3_1,4_3_10,4_3_11,4_3_2,4_3_3,4_3_4,4_3_5,4_3_6,4_3_7,4_3_8,4_3_9,4_4_0,4_4_1,4_4_2,4_4_3,4_4_4,4_4_5,4_4_6,4_cvs,5_0_0,5_0_1,5_0_2,5_0_3,5_1_0,5_1_1,5_1_2,5_1_3,5_1_4,5_1_5,5_1_6,5_2_0,5_2_1,5_cvs</ver>
<p4>int socket_recvfrom(resource socket, string &amp;buf, int len, int flags, string &amp;name [, int &amp;port])</p4>
<p4d>Receives data from a socket, connected or not </p4d>
<p5>int socket_recvfrom(resource socket, string &amp;buf, int len, int flags, string &amp;name [, int &amp;port])</p5>
<p5d>Receives data from a socket, connected or not </p5d>
<texts><text><lng>de</lng>
<d>Empfängt Daten von einem Socket, unabhängig von einer Verbindung</d>
</text><text><lng>en</lng>
<d>Receives data from a socket, connected or not</d>
</text></texts></PHPModuleRef><PHPModuleRef>
<t>socket_recvmsg</t>
<mn>sockets</mn>
<ft>F</ft>
<ver>4_1_0,4_1_1,4_1_2,4_2_0,4_2_1,4_2_2,4_2_3,4_3_0,4_3_1,4_3_10,4_3_11,4_3_2,4_3_3,4_3_4,4_3_5,4_3_6,4_3_7,4_3_8,4_3_9,4_4_0,4_4_1,4_4_2,4_4_3,4_4_4,4_4_5,4_4_6,4_cvs</ver>
<p4>bool socket_recvmsg(resource socket, resource iovec, array &amp;control, int &amp;controllen, int &amp;flags, st</p4>
<p4d>Used to receive messages on a socket, whether connection-oriented or not </p4d>
<texts><text><lng>de</lng>
<d>Wird benutzt, um Nachrichten an einem Socket zu empfangen,ob verbindungsorientiert oder nicht.</d>
</text></texts></PHPModuleRef><PHPModuleRef>
<t>socket_select</t>
<mn>sockets</mn>
<ft>F</ft>
<ver>4_1_0,4_1_1,4_1_2,4_2_0,4_2_1,4_2_2,4_2_3,4_3_0,4_3_1,4_3_10,4_3_11,4_3_2,4_3_3,4_3_4,4_3_5,4_3_6,4_3_7,4_3_8,4_3_9,4_4_0,4_4_1,4_4_2,4_4_3,4_4_4,4_4_5,4_4_6,4_cvs,5_0_0,5_0_1,5_0_2,5_0_3,5_1_0,5_1_1,5_1_2,5_1_3,5_1_4,5_1_5,5_1_6,5_2_0,5_2_1,5_cvs</ver>
<p4>int socket_select(array &amp;read_fds, array &amp;write_fds, &amp;array except_fds, int tv_sec[, int tv_usec])</p4>
<p4d>Runs the select() system call on the sets mentioned with a timeout specified by tv_sec and tv_usec </p4d>
<p5>int socket_select(array &amp;read_fds, array &amp;write_fds, &amp;array except_fds, int tv_sec[, int tv_usec]) U</p5>
<p5d>Runs the select() system call on the sets mentioned with a timeout specified by tv_sec and tv_usec </p5d>
<texts><text><lng>de</lng>
<d>Führt einen select() Systemaufruf auf den gegebenen
    Socket-Arrays aus, wobei mit tv_sec und tv_usec ein Zeitlimit
    bestimmt wird.</d>
</text><text><lng>en</lng>
<d>Runs the select() system call on the given arrays of socketswith a specified timeout</d>
</text></texts></PHPModuleRef><PHPModuleRef>
<t>socket_send</t>
<mn>sockets</mn>
<ft>F</ft>
<ver>4_1_0,4_1_1,4_1_2,4_2_0,4_2_1,4_2_2,4_2_3,4_3_0,4_3_1,4_3_10,4_3_11,4_3_2,4_3_3,4_3_4,4_3_5,4_3_6,4_3_7,4_3_8,4_3_9,4_4_0,4_4_1,4_4_2,4_4_3,4_4_4,4_4_5,4_4_6,4_cvs,5_0_0,5_0_1,5_0_2,5_0_3,5_1_0,5_1_1,5_1_2,5_1_3,5_1_4,5_1_5,5_1_6,5_2_0,5_2_1,5_cvs</ver>
<p4>int socket_send(resource socket, string buf, int len, int flags)</p4>
<p4d>Sends data to a connected socket </p4d>
<p5>int socket_send(resource socket, string buf, int len, int flags)</p5>
<p5d>Sends data to a connected socket </p5d>
<texts><text><lng>de</lng>
<d>Sendet Daten an einen verbundenen Socket</d>
</text><text><lng>en</lng>
<d>Sends data to a connected socket</d>
</text></texts></PHPModuleRef><PHPModuleRef>
<t>socket_sendmsg</t>
<mn>sockets</mn>
<ft>F</ft>
<ver>4_1_0,4_1_1,4_1_2,4_2_0,4_2_1,4_2_2,4_2_3,4_3_0,4_3_1,4_3_10,4_3_11,4_3_2,4_3_3,4_3_4,4_3_5,4_3_6,4_3_7,4_3_8,4_3_9,4_4_0,4_4_1,4_4_2,4_4_3,4_4_4,4_4_5,4_4_6,4_cvs</ver>
<p4>bool socket_sendmsg(resource socket, resource iovec, int flags, string addr [, int port])</p4>
<p4d>Sends a message to a socket, regardless of whether it is connection-oriented or not </p4d>
<texts><text><lng>de</lng>
<d>Sendet eine Nachricht an einen Socket, egal ob dieserverbindungsorientiert ist oder nicht.</d>
</text></texts></PHPModuleRef><PHPModuleRef>
<t>socket_sendto</t>
<mn>sockets</mn>
<ft>F</ft>
<ver>4_1_0,4_1_1,4_1_2,4_2_0,4_2_1,4_2_2,4_2_3,4_3_0,4_3_1,4_3_10,4_3_11,4_3_2,4_3_3,4_3_4,4_3_5,4_3_6,4_3_7,4_3_8,4_3_9,4_4_0,4_4_1,4_4_2,4_4_3,4_4_4,4_4_5,4_4_6,4_cvs,5_0_0,5_0_1,5_0_2,5_0_3,5_1_0,5_1_1,5_1_2,5_1_3,5_1_4,5_1_5,5_1_6,5_2_0,5_2_1,5_cvs</ver>
<p4>int socket_sendto(resource socket, string buf, int len, int flags, string addr [, int port])</p4>
<p4d>Sends a message to a socket, whether it is connected or not </p4d>
<p5>int socket_sendto(resource socket, string buf, int len, int flags, string addr [, int port])</p5>
<p5d>Sends a message to a socket, whether it is connected or not </p5d>
<texts><text><lng>de</lng>
<d>Sendet eine Nachricht an einen Socket, egal ob dieser verbunden ist oder nicht.</d>
</text><text><lng>en</lng>
<d>Sends a message to a socket, whether it is connected or not</d>
</text></texts></PHPModuleRef><PHPModuleRef>
<t>socket_setopt</t>
<mn>sockets</mn>
<ft>F</ft>
<ver>4_1_0,4_1_1,4_1_2,4_2_0,4_2_1,4_2_2,4_2_3,4_3_0,4_3_1,4_3_10,4_3_11,4_3_2,4_3_3,4_3_4,4_3_5,4_3_6,4_3_7,4_3_8,4_3_9,4_4_0,4_4_1,4_4_2,4_4_3,4_4_4,4_4_5,4_4_6,4_cvs,5_0_0,5_0_1,5_0_2,5_0_3,5_1_0,5_1_1,5_1_2,5_1_3,5_1_4,5_1_5,5_1_6,5_2_0,5_2_1,5_cvs</ver>
</PHPModuleRef><PHPModuleRef>
<t>socket_set_block</t>
<mn>sockets</mn>
<ft>F</ft>
<ver>4_2_0,4_2_1,4_2_2,4_2_3,4_3_0,4_3_1,4_3_10,4_3_11,4_3_2,4_3_3,4_3_4,4_3_5,4_3_6,4_3_7,4_3_8,4_3_9,4_4_0,4_4_1,4_4_2,4_4_3,4_4_4,4_4_5,4_4_6,4_cvs,5_0_0,5_0_1,5_0_2,5_0_3,5_1_0,5_1_1,5_1_2,5_1_3,5_1_4,5_1_5,5_1_6,5_2_0,5_2_1,5_cvs</ver>
<p4>bool socket_set_block(resource socket)</p4>
<p4d>Sets blocking mode on a socket resource </p4d>
<p5>bool socket_set_block(resource socket) U</p5>
<p5d>Sets blocking mode on a socket resource </p5d>
<texts><text><lng>de</lng>
<d>Setzt einen Socket auf den blockieren-Modus</d>
</text><text><lng>en</lng>
<d>Sets blocking mode on a socket resource</d>
</text></texts></PHPModuleRef><PHPModuleRef>
<t>socket_set_nonblock</t>
<mn>sockets</mn>
<ft>F</ft>
<ver>4_1_0,4_1_1,4_1_2,4_2_0,4_2_1,4_2_2,4_2_3,4_3_0,4_3_1,4_3_10,4_3_11,4_3_2,4_3_3,4_3_4,4_3_5,4_3_6,4_3_7,4_3_8,4_3_9,4_4_0,4_4_1,4_4_2,4_4_3,4_4_4,4_4_5,4_4_6,4_cvs,5_0_0,5_0_1,5_0_2,5_0_3,5_1_0,5_1_1,5_1_2,5_1_3,5_1_4,5_1_5,5_1_6,5_2_0,5_2_1,5_cvs</ver>
<p4>bool socket_set_nonblock(resource socket)</p4>
<p4d>Sets nonblocking mode on a socket resource </p4d>
<p5>bool socket_set_nonblock(resource socket) U</p5>
<p5d>Sets nonblocking mode on a socket resource </p5d>
<texts><text><lng>de</lng>
<d>Setzt den nonblocking-Modus für den Datei-Deskriptor fd.</d>
</text><text><lng>en</lng>
<d>Sets nonblocking mode for file descriptor fd</d>
</text></texts></PHPModuleRef><PHPModuleRef>
<t>socket_set_option</t>
<mn>sockets</mn>
<ft>F</ft>
<ver>4_3_0,4_3_1,4_3_10,4_3_11,4_3_2,4_3_3,4_3_4,4_3_5,4_3_6,4_3_7,4_3_8,4_3_9,4_4_0,4_4_1,4_4_2,4_4_3,4_4_4,4_4_5,4_4_6,4_cvs,5_0_0,5_0_1,5_0_2,5_0_3,5_1_0,5_1_1,5_1_2,5_1_3,5_1_4,5_1_5,5_1_6,5_2_0,5_2_1,5_cvs</ver>
<p4>bool socket_set_option(resource socket, int level, int optname, int|array optval)</p4>
<p4d>Sets socket options for the socket </p4d>
<p5>bool socket_set_option(resource socket, int level, int optname, int|array optval)</p5>
<p5d>Sets socket options for the socket </p5d>
<texts><text><lng>de</lng>
<d>Setzt die Socket-Optionen für einen Socket</d>
</text><text><lng>en</lng>
<d>Sets socket options for the socket</d>
</text></texts></PHPModuleRef><PHPModuleRef>
<t>socket_shutdown</t>
<mn>sockets</mn>
<ft>F</ft>
<ver>4_1_0,4_1_1,4_1_2,4_2_0,4_2_1,4_2_2,4_2_3,4_3_0,4_3_1,4_3_10,4_3_11,4_3_2,4_3_3,4_3_4,4_3_5,4_3_6,4_3_7,4_3_8,4_3_9,4_4_0,4_4_1,4_4_2,4_4_3,4_4_4,4_4_5,4_4_6,4_cvs,5_0_0,5_0_1,5_0_2,5_0_3,5_1_0,5_1_1,5_1_2,5_1_3,5_1_4,5_1_5,5_1_6,5_2_0,5_2_1,5_cvs</ver>
<p4>bool socket_shutdown(resource socket[, int how])</p4>
<p4d>Shuts down a socket for receiving, sending, or both. </p4d>
<p5>bool socket_shutdown(resource socket[, int how]) U</p5>
<p5d>Shuts down a socket for receiving, sending, or both. </p5d>
<texts><text><lng>de</lng>
<d>Fährt einen Socket zum Empfangen oder zum Senden oder zu beidem, herunter.</d>
</text><text><lng>en</lng>
<d>Shuts down a socket for receiving, sending, or both</d>
</text></texts></PHPModuleRef><PHPModuleRef>
<t>socket_strerror</t>
<mn>sockets</mn>
<ft>F</ft>
<ver>4_1_0,4_1_1,4_1_2,4_2_0,4_2_1,4_2_2,4_2_3,4_3_0,4_3_1,4_3_10,4_3_11,4_3_2,4_3_3,4_3_4,4_3_5,4_3_6,4_3_7,4_3_8,4_3_9,4_4_0,4_4_1,4_4_2,4_4_3,4_4_4,4_4_5,4_4_6,4_cvs,5_0_0,5_0_1,5_0_2,5_0_3,5_1_0,5_1_1,5_1_2,5_1_3,5_1_4,5_1_5,5_1_6,5_2_0,5_2_1,5_cvs</ver>
<p4>string socket_strerror(int errno)</p4>
<p4d>Returns a string describing an error </p4d>
<p5>string socket_strerror(int errno)</p5>
<p5d>Returns a string describing an error </p5d>
<texts><text><lng>de</lng>
<d>Gibt einen String zurück, der einen socket-Fehler beschreibt.</d>
</text><text><lng>en</lng>
<d>Return a string describing a socket error</d>
</text></texts></PHPModuleRef><PHPModuleRef>
<t>socket_write</t>
<mn>sockets</mn>
<ft>F</ft>
<ver>4_1_0,4_1_1,4_1_2,4_2_0,4_2_1,4_2_2,4_2_3,4_3_0,4_3_1,4_3_10,4_3_11,4_3_2,4_3_3,4_3_4,4_3_5,4_3_6,4_3_7,4_3_8,4_3_9,4_4_0,4_4_1,4_4_2,4_4_3,4_4_4,4_4_5,4_4_6,4_cvs,5_0_0,5_0_1,5_0_2,5_0_3,5_1_0,5_1_1,5_1_2,5_1_3,5_1_4,5_1_5,5_1_6,5_2_0,5_2_1,5_cvs</ver>
<p4>int socket_write(resource socket, string buf[, int length])</p4>
<p4d>Writes the buffer to the socket resource, length is optional </p4d>
<p5>int socket_write(resource socket, string buf[, int length])</p5>
<p5d>Writes the buffer to the socket resource, length is optional </p5d>
<texts><text><lng>de</lng>
<d>Schreibt in den Socket</d>
</text><text><lng>en</lng>
<d>Write to a socket</d>
</text></texts></PHPModuleRef><PHPModuleRef>
<t>socket_writev</t>
<mn>sockets</mn>
<ft>F</ft>
<ver>4_1_0,4_1_1,4_1_2,4_2_0,4_2_1,4_2_2,4_2_3,4_3_0,4_3_1,4_3_10,4_3_11,4_3_2,4_3_3,4_3_4,4_3_5,4_3_6,4_3_7,4_3_8,4_3_9,4_4_0,4_4_1,4_4_2,4_4_3,4_4_4,4_4_5,4_4_6,4_cvs</ver>
<p4>bool socket_writev(resource socket, resource iovec_id)</p4>
<p4d>Writes to a file descriptor, fd, using the scatter-gather array defined by iovec_id </p4d>
<texts><text><lng>de</lng>
<d>Schreibt in einen Datei-Deskriptor fd, unter Benutzung des scatter-gather Arrays, das von iovec_id definiert wird.</d>
</text></texts></PHPModuleRef><PHPModuleRef>
<t>strerror</t>
<mn>sockets</mn>
<ft>F</ft>
<ver>4_0_2,4_0_3,4_0_4,4_0_5,4_0_6</ver>
</PHPModuleRef><PHPModuleRef>
<t>write</t>
<mn>sockets</mn>
<ft>F</ft>
<ver>4_0_2,4_0_3,4_0_4,4_0_5,4_0_6</ver>
</PHPModuleRef><PHPModuleRef>
<t>writev</t>
<mn>sockets</mn>
<ft>F</ft>
<ver>4_0_2,4_0_3,4_0_4,4_0_5,4_0_6</ver>
</PHPModuleRef><PHPModuleRef>
<t>AF_INET</t>
<mn>sockets</mn>
<ft>C</ft>
<p4>integer AF_INET</p4>
<p5>integer AF_INET</p5>
</PHPModuleRef><PHPModuleRef>
<t>AF_INET6</t>
<mn>sockets</mn>
<ft>C</ft>
<p4>integer AF_INET6</p4>
<p5>integer AF_INET6</p5>
</PHPModuleRef><PHPModuleRef>
<t>AF_UNIX</t>
<mn>sockets</mn>
<ft>C</ft>
<p4>integer AF_UNIX</p4>
<p5>integer AF_UNIX</p5>
</PHPModuleRef><PHPModuleRef>
<t>MSG_DONTROUTE</t>
<mn>sockets</mn>
<ft>C</ft>
<p4>integer MSG_DONTROUTE</p4>
<p5>integer MSG_DONTROUTE</p5>
</PHPModuleRef><PHPModuleRef>
<t>MSG_OOB</t>
<mn>sockets</mn>
<ft>C</ft>
<p4>integer MSG_OOB</p4>
<p5>integer MSG_OOB</p5>
</PHPModuleRef><PHPModuleRef>
<t>MSG_PEEK</t>
<mn>sockets</mn>
<ft>C</ft>
<p4>integer MSG_PEEK</p4>
<p5>integer MSG_PEEK</p5>
</PHPModuleRef><PHPModuleRef>
<t>MSG_WAITALL</t>
<mn>sockets</mn>
<ft>C</ft>
<p4>integer MSG_WAITALL</p4>
<p5>integer MSG_WAITALL</p5>
</PHPModuleRef><PHPModuleRef>
<t>PHP_BINARY_READ</t>
<mn>sockets</mn>
<ft>C</ft>
<p4>integer PHP_BINARY_READ</p4>
<p5>integer PHP_BINARY_READ</p5>
</PHPModuleRef><PHPModuleRef>
<t>PHP_NORMAL_READ</t>
<mn>sockets</mn>
<ft>C</ft>
<p4>integer PHP_NORMAL_READ</p4>
<p5>integer PHP_NORMAL_READ</p5>
</PHPModuleRef><PHPModuleRef>
<t>SOCK_DGRAM</t>
<mn>sockets</mn>
<ft>C</ft>
<p4>integer SOCK_DGRAM</p4>
<p5>integer SOCK_DGRAM</p5>
</PHPModuleRef><PHPModuleRef>
<t>SOCK_RAW</t>
<mn>sockets</mn>
<ft>C</ft>
<p4>integer SOCK_RAW</p4>
<p5>integer SOCK_RAW</p5>
</PHPModuleRef><PHPModuleRef>
<t>SOCK_RDM</t>
<mn>sockets</mn>
<ft>C</ft>
<p4>integer SOCK_RDM</p4>
<p5>integer SOCK_RDM</p5>
</PHPModuleRef><PHPModuleRef>
<t>SOCK_SEQPACKET</t>
<mn>sockets</mn>
<ft>C</ft>
<p4>integer SOCK_SEQPACKET</p4>
<p5>integer SOCK_SEQPACKET</p5>
</PHPModuleRef><PHPModuleRef>
<t>SOCK_STREAM</t>
<mn>sockets</mn>
<ft>C</ft>
<p4>integer SOCK_STREAM</p4>
<p5>integer SOCK_STREAM</p5>
</PHPModuleRef><PHPModuleRef>
<t>SOL_SOCKET</t>
<mn>sockets</mn>
<ft>C</ft>
<p4>integer SOL_SOCKET</p4>
<p5>integer SOL_SOCKET</p5>
</PHPModuleRef><PHPModuleRef>
<t>SOL_TCP</t>
<mn>sockets</mn>
<ft>C</ft>
<p4>integer SOL_TCP</p4>
<p5>integer SOL_TCP</p5>
</PHPModuleRef><PHPModuleRef>
<t>SOL_UDP</t>
<mn>sockets</mn>
<ft>C</ft>
<p4>integer SOL_UDP</p4>
<p5>integer SOL_UDP</p5>
</PHPModuleRef><PHPModuleRef>
<t>SO_BROADCAST</t>
<mn>sockets</mn>
<ft>C</ft>
<p4>integer SO_BROADCAST</p4>
<p5>integer SO_BROADCAST</p5>
</PHPModuleRef><PHPModuleRef>
<t>SO_DEBUG</t>
<mn>sockets</mn>
<ft>C</ft>
<p4>integer SO_DEBUG</p4>
<p5>integer SO_DEBUG</p5>
</PHPModuleRef><PHPModuleRef>
<t>SO_DONTROUTE</t>
<mn>sockets</mn>
<ft>C</ft>
<p4>integer SO_DONTROUTE</p4>
<p5>integer SO_DONTROUTE</p5>
</PHPModuleRef><PHPModuleRef>
<t>SO_ERROR</t>
<mn>sockets</mn>
<ft>C</ft>
<p4>integer SO_ERROR</p4>
<p5>integer SO_ERROR</p5>
</PHPModuleRef><PHPModuleRef>
<t>SO_KEEPALIVE</t>
<mn>sockets</mn>
<ft>C</ft>
<p4>integer SO_KEEPALIVE</p4>
<p5>integer SO_KEEPALIVE</p5>
</PHPModuleRef><PHPModuleRef>
<t>SO_LINGER</t>
<mn>sockets</mn>
<ft>C</ft>
<p4>integer SO_LINGER</p4>
<p5>integer SO_LINGER</p5>
</PHPModuleRef><PHPModuleRef>
<t>SO_OOBINLINE</t>
<mn>sockets</mn>
<ft>C</ft>
<p4>integer SO_OOBINLINE</p4>
<p5>integer SO_OOBINLINE</p5>
</PHPModuleRef><PHPModuleRef>
<t>SO_RCVBUF</t>
<mn>sockets</mn>
<ft>C</ft>
<p4>integer SO_RCVBUF</p4>
<p5>integer SO_RCVBUF</p5>
</PHPModuleRef><PHPModuleRef>
<t>SO_RCVLOWAT</t>
<mn>sockets</mn>
<ft>C</ft>
<p4>integer SO_RCVLOWAT</p4>
<p5>integer SO_RCVLOWAT</p5>
</PHPModuleRef><PHPModuleRef>
<t>SO_RCVTIMEO</t>
<mn>sockets</mn>
<ft>C</ft>
<p4>integer SO_RCVTIMEO</p4>
<p5>integer SO_RCVTIMEO</p5>
</PHPModuleRef><PHPModuleRef>
<t>SO_REUSEADDR</t>
<mn>sockets</mn>
<ft>C</ft>
<p4>integer SO_REUSEADDR</p4>
<p5>integer SO_REUSEADDR</p5>
</PHPModuleRef><PHPModuleRef>
<t>SO_SNDBUF</t>
<mn>sockets</mn>
<ft>C</ft>
<p4>integer SO_SNDBUF</p4>
<p5>integer SO_SNDBUF</p5>
</PHPModuleRef><PHPModuleRef>
<t>SO_SNDLOWAT</t>
<mn>sockets</mn>
<ft>C</ft>
<p4>integer SO_SNDLOWAT</p4>
<p5>integer SO_SNDLOWAT</p5>
</PHPModuleRef><PHPModuleRef>
<t>SO_SNDTIMEO</t>
<mn>sockets</mn>
<ft>C</ft>
<p4>integer SO_SNDTIMEO</p4>
<p5>integer SO_SNDTIMEO</p5>
</PHPModuleRef><PHPModuleRef>
<t>SO_TYPE</t>
<mn>sockets</mn>
<ft>C</ft>
<p4>integer SO_TYPE</p4>
<p5>integer SO_TYPE</p5>
</PHPModuleRef></PHPModuleRef-List>
