<?xml version="1.0" encoding="utf-8"?>
<PHPModuleRef-List>
<PHPModuleRef>
<t>class_implements</t>
<mn>spl</mn>
<ft>F</ft>
<ver>5_0_0,5_0_1,5_0_2,5_0_3,5_1_0,5_1_1,5_1_2,5_1_3,5_1_4,5_1_5,5_1_6,5_2_0,5_2_1,5_cvs</ver>
<p5>array class_implements(mixed what [, bool autoload ]) U</p5>
<p5d>Return all classes and interfaces implemented by SPL </p5d>
<texts><text><lng>en</lng>
<d>Return the interfaces which are implemented by the given class</d>
</text></texts></PHPModuleRef><PHPModuleRef>
<t>class_parents</t>
<mn>spl</mn>
<ft>F</ft>
<ver>5_0_0,5_0_1,5_0_2,5_0_3,5_1_0,5_1_1,5_1_2,5_1_3,5_1_4,5_1_5,5_1_6,5_2_0,5_2_1,5_cvs</ver>
<p5>array class_parents(object instance) U</p5>
<p5d>Return an array containing the names of all parent classes </p5d>
<texts><text><lng>en</lng>
<d>Return the parent classes of the given class</d>
</text></texts></PHPModuleRef><PHPModuleRef>
<t>iterator_apply</t>
<mn>spl</mn>
<ft>F</ft>
<ver>5_2_0,5_2_1,5_cvs</ver>
<p5>int iterator_apply(Traversable it, mixed function [, mixed params]) U</p5>
<p5d>Calls a function for every element in an iterator </p5d>
</PHPModuleRef><PHPModuleRef>
<t>iterator_count</t>
<mn>spl</mn>
<ft>F</ft>
<ver>5_1_0,5_1_1,5_1_2,5_1_3,5_1_4,5_1_5,5_1_6,5_2_0,5_2_1,5_cvs</ver>
<p5>int iterator_count(Traversable it) U</p5>
<p5d>Count the elements in an iterator </p5d>
<texts><text><lng>en</lng>
<d>Count the elements in an iterator</d>
</text></texts></PHPModuleRef><PHPModuleRef>
<t>iterator_to_array</t>
<mn>spl</mn>
<ft>F</ft>
<ver>5_1_0,5_1_1,5_1_2,5_1_3,5_1_4,5_1_5,5_1_6,5_2_0,5_2_1,5_cvs</ver>
<p5>array iterator_to_array(Traversable it [, bool use_keys = true]) U</p5>
<p5d>Copy the iterator into an array </p5d>
<texts><text><lng>en</lng>
<d>Copy the iterator into an array</d>
</text></texts></PHPModuleRef><PHPModuleRef>
<t>spl_autoload</t>
<mn>spl</mn>
<ft>F</ft>
<ver>5_1_0,5_1_1,5_1_2,5_1_3,5_1_4,5_1_5,5_1_6,5_2_0,5_2_1,5_cvs</ver>
<p5>void spl_autoload(string class_name [, string file_extensions]) U</p5>
<p5d>Default implementation for __autoload() </p5d>
<texts><text><lng>en</lng>
<d>Default implementation for __autoload()</d>
</text></texts></PHPModuleRef><PHPModuleRef>
<t>spl_autoload_call</t>
<mn>spl</mn>
<ft>F</ft>
<ver>5_1_0,5_1_1,5_1_2,5_1_3,5_1_4,5_1_5,5_1_6,5_2_0,5_2_1,5_cvs</ver>
<p5>void spl_autoload_call(string class_name) U</p5>
<p5d>Try all registerd autoload function to load the requested class </p5d>
<texts><text><lng>en</lng>
<d>Try all registered __autoload() function to load the requested class</d>
</text></texts></PHPModuleRef><PHPModuleRef>
<t>spl_autoload_extensions</t>
<mn>spl</mn>
<ft>F</ft>
<ver>5_1_0,5_1_1,5_1_2,5_1_3,5_1_4,5_1_5,5_1_6,5_2_0,5_2_1,5_cvs</ver>
<p5>string spl_autoload_extensions([string file_extensions]) U</p5>
<p5d>Register and return default file extensions for spl_autoload </p5d>
<texts><text><lng>en</lng>
<d>Register and return default file extensions for spl_autoload</d>
</text></texts></PHPModuleRef><PHPModuleRef>
<t>spl_autoload_functions</t>
<mn>spl</mn>
<ft>F</ft>
<ver>5_1_0,5_1_1,5_1_2,5_1_3,5_1_4,5_1_5,5_1_6,5_2_0,5_2_1,5_cvs</ver>
<p5>false|array spl_autoload_functions() U</p5>
<p5d>Return all registered __autoload() functionns </p5d>
<texts><text><lng>en</lng>
<d>Return all registered __autoload() functions</d>
</text></texts></PHPModuleRef><PHPModuleRef>
<t>spl_autoload_register</t>
<mn>spl</mn>
<ft>F</ft>
<ver>5_1_0,5_1_1,5_1_2,5_1_3,5_1_4,5_1_5,5_1_6,5_2_0,5_2_1,5_cvs</ver>
<p5>bool spl_autoload_register([mixed autoload_function = &quot;spl_autoload&quot; [, throw = true]]) U</p5>
<p5d>Register given function as __autoload() implementation </p5d>
<texts><text><lng>en</lng>
<d>Register given function as __autoload() implementation</d>
</text></texts></PHPModuleRef><PHPModuleRef>
<t>spl_autoload_unregister</t>
<mn>spl</mn>
<ft>F</ft>
<ver>5_1_0,5_1_1,5_1_2,5_1_3,5_1_4,5_1_5,5_1_6,5_2_0,5_2_1,5_cvs</ver>
<p5>bool spl_autoload_unregister(mixed autoload_function) U</p5>
<p5d>Unregister given function as __autoload() implementation </p5d>
<texts><text><lng>en</lng>
<d>Unregister given function as __autoload() implementation</d>
</text></texts></PHPModuleRef><PHPModuleRef>
<t>spl_classes</t>
<mn>spl</mn>
<ft>F</ft>
<ver>5_0_0,5_0_1,5_0_2,5_0_3,5_1_0,5_1_1,5_1_2,5_1_3,5_1_4,5_1_5,5_1_6,5_2_0,5_2_1,5_cvs</ver>
<p5>array spl_classes() U</p5>
<p5d>Return an array containing the names of all clsses and interfaces defined in SPL </p5d>
<texts><text><lng>en</lng>
<d>Return available SPL classes</d>
</text></texts></PHPModuleRef><PHPModuleRef>
<t>spl_object_hash</t>
<mn>spl</mn>
<ft>F</ft>
<ver>5_2_0,5_2_1,5_cvs</ver>
<p5>string spl_object_hash(object obj) U</p5>
<p5d>Return hash id for given object </p5d>
<texts><text><lng>en</lng>
<d>Return hash id for given object</d>
</text></texts></PHPModuleRef><PHPModuleRef>
<t>CachingIterator::CALL_TOSTRING</t>
<mn>spl</mn>
<ft>C</ft>
<p4>integer CachingIterator::CALL_TOSTRING</p4>
<p5>integer CachingIterator::CALL_TOSTRING</p5>
</PHPModuleRef><PHPModuleRef>
<t>CachingIterator::CATCH_GET_CHILD</t>
<mn>spl</mn>
<ft>C</ft>
<p4>integer CachingIterator::CATCH_GET_CHILD</p4>
<p5>integer CachingIterator::CATCH_GET_CHILD</p5>
</PHPModuleRef><PHPModuleRef>
<t>RecursiveIteratorIterator::CHILD_FIRST</t>
<mn>spl</mn>
<ft>C</ft>
<p4>integer RecursiveIteratorIterator::CHILD_FIRST</p4>
<p5>integer RecursiveIteratorIterator::CHILD_FIRST</p5>
</PHPModuleRef><PHPModuleRef>
<t>RecursiveIteratorIterator::LEAVES_ONLY</t>
<mn>spl</mn>
<ft>C</ft>
<p4>integer RecursiveIteratorIterator::LEAVES_ONLY</p4>
<p5>integer RecursiveIteratorIterator::LEAVES_ONLY</p5>
</PHPModuleRef><PHPModuleRef>
<t>RecursiveIteratorIterator::SELF_FIRST</t>
<mn>spl</mn>
<ft>C</ft>
<p4>integer RecursiveIteratorIterator::SELF_FIRST</p4>
<p5>integer RecursiveIteratorIterator::SELF_FIRST</p5>
</PHPModuleRef></PHPModuleRef-List>
