<?xml version="1.0" encoding="utf-8"?>
<PHPModuleRef-List>
<PHPModuleRef>
<t>sqlite2_create_function</t>
<mn>sqlite</mn>
<ft>F</ft>
<ver>5_1_0,5_1_1,5_1_2,5_1_3,5_1_4,5_1_5,5_1_6,5_2_0,5_2_1,5_cvs</ver>
</PHPModuleRef><PHPModuleRef>
<t>sqlite_array_query</t>
<mn>sqlite</mn>
<ft>F</ft>
<ver>5_0_0,5_0_1,5_0_2,5_0_3,5_1_0,5_1_1,5_1_2,5_1_3,5_1_4,5_1_5,5_1_6,5_2_0,5_2_1,5_cvs</ver>
<p5>array sqlite_array_query(resource db, string query [ , int result_type [, bool decode_binary]]) U</p5>
<p5d>Executes a query against a given database and returns an array of arrays. </p5d>
<texts><text><lng>de</lng>
<d>Führt eine Datenbankabfrage durch und liefert das komplette 
   Abfrageergebnis als Array zurück.</d>
</text></texts></PHPModuleRef><PHPModuleRef>
<t>sqlite_busy_timeout</t>
<mn>sqlite</mn>
<ft>F</ft>
<ver>5_0_0,5_0_1,5_0_2,5_0_3,5_1_0,5_1_1,5_1_2,5_1_3,5_1_4,5_1_5,5_1_6,5_2_0,5_2_1,5_cvs</ver>
<p5>void sqlite_busy_timeout(resource db, int ms) U</p5>
<p5d>Set busy timeout duration. If ms &lt;= 0, all busy handlers are disabled. </p5d>
<texts><text><lng>de</lng>
<d>Setzt die maximale Dauer für das Warten auf die Freigabe einer Datenbank, oder sperrt das Warten selbst.</d>
</text></texts></PHPModuleRef><PHPModuleRef>
<t>sqlite_changes</t>
<mn>sqlite</mn>
<ft>F</ft>
<ver>5_0_0,5_0_1,5_0_2,5_0_3,5_1_0,5_1_1,5_1_2,5_1_3,5_1_4,5_1_5,5_1_6,5_2_0,5_2_1,5_cvs</ver>
<p5>int sqlite_changes(resource db) U</p5>
<p5d>Returns the number of rows that were changed by the most recent SQL statement. </p5d>
<texts><text><lng>de</lng>
<d>Gibt die Anzahl Zeilen zurück, die vom letzten SQL-Befehl geändert wurden.</d>
</text></texts></PHPModuleRef><PHPModuleRef>
<t>sqlite_close</t>
<mn>sqlite</mn>
<ft>F</ft>
<ver>5_0_0,5_0_1,5_0_2,5_0_3,5_1_0,5_1_1,5_1_2,5_1_3,5_1_4,5_1_5,5_1_6,5_2_0,5_2_1,5_cvs</ver>
<p5>void sqlite_close(resource db) U</p5>
<p5d>Closes an open sqlite database. </p5d>
<texts><text><lng>de</lng>
<d>Schliesst eine offene SQLite Datenbank.</d>
</text><text><lng>en</lng>
<d>Closes an open SQLite database</d>
</text></texts></PHPModuleRef><PHPModuleRef>
<t>sqlite_column</t>
<mn>sqlite</mn>
<ft>F</ft>
<ver>5_0_0,5_0_1,5_0_2,5_0_3,5_1_0,5_1_1,5_1_2,5_1_3,5_1_4,5_1_5,5_1_6,5_2_0,5_2_1,5_cvs</ver>
<p5>mixed sqlite_column(resource result, mixed index_or_name [, bool decode_binary]) U</p5>
<p5d>Fetches a column from the current row of a result set. </p5d>
<texts><text><lng>de</lng>
<d>Holt eine Spalte aus der aktuellen Zeile des Abfrageergebnisses.</d>
</text></texts></PHPModuleRef><PHPModuleRef>
<t>sqlite_create_aggregate</t>
<mn>sqlite</mn>
<ft>F</ft>
<ver>5_0_0,5_0_1,5_0_2,5_0_3,5_1_0,5_1_1,5_1_2,5_1_3,5_1_4,5_1_5,5_1_6,5_2_0,5_2_1,5_cvs</ver>
<p5>bool sqlite_create_aggregate(resource db, string funcname, mixed step_func, mixed finalize_func[, lo</p5>
<p5d>Registers an aggregate function for queries. </p5d>
</PHPModuleRef><PHPModuleRef>
<t>sqlite_create_function</t>
<mn>sqlite</mn>
<ft>F</ft>
<ver>5_0_0,5_0_1,5_0_2,5_0_3,5_1_0,5_1_1,5_1_2,5_1_3,5_1_4,5_1_5,5_1_6,5_2_0,5_2_1,5_cvs</ver>
<p5>bool sqlite_create_function(resource db, string funcname, mixed callback[, long num_args]) U</p5>
<p5d>Registers a &quot;regular&quot; function for queries. </p5d>
<texts><text><lng>de</lng>
<d>Erzeugt eine &quot;reguläre&quot; nutzerdefinierte Funktion für den Gebrauch in SQL-Befehlen.</d>
</text></texts></PHPModuleRef><PHPModuleRef>
<t>sqlite_current</t>
<mn>sqlite</mn>
<ft>F</ft>
<ver>5_0_0,5_0_1,5_0_2,5_0_3,5_1_0,5_1_1,5_1_2,5_1_3,5_1_4,5_1_5,5_1_6,5_2_0,5_2_1,5_cvs</ver>
<p5>array sqlite_current(resource result [, int result_type [, bool decode_binary]]) U</p5>
<p5d>Fetches the current row from a result set as an array. </p5d>
<texts><text><lng>de</lng>
<d>Holt die aktuelle Zeile als Array aus dem Abfrageergebnis.</d>
</text></texts></PHPModuleRef><PHPModuleRef>
<t>sqlite_error_string</t>
<mn>sqlite</mn>
<ft>F</ft>
<ver>5_0_0,5_0_1,5_0_2,5_0_3,5_1_0,5_1_1,5_1_2,5_1_3,5_1_4,5_1_5,5_1_6,5_2_0,5_2_1,5_cvs</ver>
<p5>string sqlite_error_string(int error_code) U</p5>
<p5d>Returns the textual description of an error code. </p5d>
<texts><text><lng>de</lng>
<d>Liefert eine lesbare Beschreibung zu einem Fehlercode.</d>
</text><text><lng>en</lng>
<d>Returns the textual description of an error code</d>
</text></texts></PHPModuleRef><PHPModuleRef>
<t>sqlite_escape_string</t>
<mn>sqlite</mn>
<ft>F</ft>
<ver>5_0_0,5_0_1,5_0_2,5_0_3,5_1_0,5_1_1,5_1_2,5_1_3,5_1_4,5_1_5,5_1_6,5_2_0,5_2_1,5_cvs</ver>
<p5>string sqlite_escape_string(string item) U</p5>
<p5d>Escapes a string for use as a query parameter. </p5d>
<texts><text><lng>de</lng>
<d>Bereit einen String für die Verwendund als SQL-Parameter auf.</d>
</text><text><lng>en</lng>
<d>Escapes a string for use as a query parameter</d>
</text></texts></PHPModuleRef><PHPModuleRef>
<t>sqlite_exec</t>
<mn>sqlite</mn>
<ft>F</ft>
<ver>5_0_0,5_0_1,5_0_2,5_0_3,5_1_0,5_1_1,5_1_2,5_1_3,5_1_4,5_1_5,5_1_6,5_2_0,5_2_1,5_cvs</ver>
<p5>boolean sqlite_exec(string query, resource db[, string &amp;error_message]) U</p5>
<p5d>Executes a result-less query against a given database </p5d>
</PHPModuleRef><PHPModuleRef>
<t>sqlite_factory</t>
<mn>sqlite</mn>
<ft>F</ft>
<ver>5_0_0,5_0_1,5_0_2,5_0_3,5_1_0,5_1_1,5_1_2,5_1_3,5_1_4,5_1_5,5_1_6,5_2_0,5_2_1,5_cvs</ver>
<p5>object sqlite_factory(string filename [, int mode [, string &amp;error_message]]) U</p5>
<p5d>Opens a SQLite database and creates an object for it. Will create the database if it does not exist. </p5d>
<texts><text><lng>de</lng>
<d>Öffnet eine SQLite-Datenbank und gibt ein SQLiteDatabase-Objekt zurück.</d>
</text><text><lng>en</lng>
<d>Opens a SQLite database and returns a SQLiteDatabase object</d>
</text></texts></PHPModuleRef><PHPModuleRef>
<t>sqlite_fetch_all</t>
<mn>sqlite</mn>
<ft>F</ft>
<ver>5_0_0,5_0_1,5_0_2,5_0_3,5_1_0,5_1_1,5_1_2,5_1_3,5_1_4,5_1_5,5_1_6,5_2_0,5_2_1,5_cvs</ver>
<p5>array sqlite_fetch_all(resource result [, int result_type [, bool decode_binary]]) U</p5>
<p5d>Fetches all rows from a result set as an array of arrays. </p5d>
</PHPModuleRef><PHPModuleRef>
<t>sqlite_fetch_array</t>
<mn>sqlite</mn>
<ft>F</ft>
<ver>5_0_0,5_0_1,5_0_2,5_0_3,5_1_0,5_1_1,5_1_2,5_1_3,5_1_4,5_1_5,5_1_6,5_2_0,5_2_1,5_cvs</ver>
<p5>array sqlite_fetch_array(resource result [, int result_type [, bool decode_binary]]) U</p5>
<p5d>Fetches the next row from a result set as an array. </p5d>
<texts><text><lng>de</lng>
<d>Holt die nächste Zeile aus einem Datenbankergebnis und gibt sie als Array zurück.</d>
</text></texts></PHPModuleRef><PHPModuleRef>
<t>sqlite_fetch_column_types</t>
<mn>sqlite</mn>
<ft>F</ft>
<ver>5_0_0,5_0_1,5_0_2,5_0_3,5_1_0,5_1_1,5_1_2,5_1_3,5_1_4,5_1_5,5_1_6,5_2_0,5_2_1,5_cvs</ver>
<p5>resource sqlite_fetch_column_types(string table_name, resource db [, int result_type]) U</p5>
<p5d>Return an array of column types from a particular table. </p5d>
</PHPModuleRef><PHPModuleRef>
<t>sqlite_fetch_object</t>
<mn>sqlite</mn>
<ft>F</ft>
<ver>5_0_0,5_0_1,5_0_2,5_0_3,5_1_0,5_1_1,5_1_2,5_1_3,5_1_4,5_1_5,5_1_6,5_2_0,5_2_1,5_cvs</ver>
<p5>object sqlite_fetch_object(resource result [, string class_name [, NULL|array ctor_params [, bool de</p5>
<p5d>Fetches the next row from a result set as an object. </p5d>
</PHPModuleRef><PHPModuleRef>
<t>sqlite_fetch_single</t>
<mn>sqlite</mn>
<ft>F</ft>
<ver>5_0_0,5_0_1,5_0_2,5_0_3,5_1_0,5_1_1,5_1_2,5_1_3,5_1_4,5_1_5,5_1_6,5_2_0,5_2_1,5_cvs</ver>
<p5>string sqlite_fetch_single(resource result [, bool decode_binary]) U</p5>
<p5d>Fetches the first column of a result set as a string. </p5d>
</PHPModuleRef><PHPModuleRef>
<t>sqlite_fetch_string</t>
<mn>sqlite</mn>
<ft>A</ft>
<af>sqlite_fetch_single</af>
<ver>5_0_0,5_0_1,5_0_2,5_0_3,5_1_0,5_1_1,5_1_2,5_1_3,5_1_4,5_1_5,5_1_6,5_2_0,5_2_1,5_cvs</ver>
</PHPModuleRef><PHPModuleRef>
<t>sqlite_field_name</t>
<mn>sqlite</mn>
<ft>F</ft>
<ver>5_0_0,5_0_1,5_0_2,5_0_3,5_1_0,5_1_1,5_1_2,5_1_3,5_1_4,5_1_5,5_1_6,5_2_0,5_2_1,5_cvs</ver>
<p5>string sqlite_field_name(resource result, int field_index) U</p5>
<p5d>Returns the name of a particular field of a result set. </p5d>
<texts><text><lng>de</lng>
<d>Gibt den Namen eines bestimmten Feldes zurück.</d>
</text></texts></PHPModuleRef><PHPModuleRef>
<t>sqlite_has_more</t>
<mn>sqlite</mn>
<ft>A</ft>
<af>sqlite_valid</af>
<ver>5_0_0,5_0_1,5_0_2,5_0_3,5_1_0,5_1_1,5_1_2,5_1_3,5_1_4,5_1_5,5_1_6,5_2_0,5_2_1,5_cvs</ver>
</PHPModuleRef><PHPModuleRef>
<t>sqlite_has_prev</t>
<mn>sqlite</mn>
<ft>F</ft>
<ver>5_0_0,5_0_1,5_0_2,5_0_3,5_1_0,5_1_1,5_1_2,5_1_3,5_1_4,5_1_5,5_1_6,5_2_0,5_2_1,5_cvs</ver>
<p5>bool sqlite_has_prev(resource result) U</p5>
<p5d>* Returns whether a previous row is available. </p5d>
</PHPModuleRef><PHPModuleRef>
<t>sqlite_last_error</t>
<mn>sqlite</mn>
<ft>F</ft>
<ver>5_0_0,5_0_1,5_0_2,5_0_3,5_1_0,5_1_1,5_1_2,5_1_3,5_1_4,5_1_5,5_1_6,5_2_0,5_2_1,5_cvs</ver>
<p5>int sqlite_last_error(resource db) U</p5>
<p5d>Returns the error code of the last error for a database. </p5d>
<texts><text><lng>de</lng>
<d>Gibt den Fehlercode des letzten Fehlers für eine Datenbank zurück.</d>
</text></texts></PHPModuleRef><PHPModuleRef>
<t>sqlite_last_insert_rowid</t>
<mn>sqlite</mn>
<ft>F</ft>
<ver>5_0_0,5_0_1,5_0_2,5_0_3,5_1_0,5_1_1,5_1_2,5_1_3,5_1_4,5_1_5,5_1_6,5_2_0,5_2_1,5_cvs</ver>
<p5>int sqlite_last_insert_rowid(resource db) U</p5>
<p5d>Returns the rowid of the most recently inserted row. </p5d>
<texts><text><lng>de</lng>
<d>Gibt die Nummer der zuletzt eingefügten Zeile zurück.</d>
</text></texts></PHPModuleRef><PHPModuleRef>
<t>sqlite_libencoding</t>
<mn>sqlite</mn>
<ft>F</ft>
<ver>5_0_0,5_0_1,5_0_2,5_0_3,5_1_0,5_1_1,5_1_2,5_1_3,5_1_4,5_1_5,5_1_6,5_2_0,5_2_1,5_cvs</ver>
<p5>string sqlite_libencoding() U</p5>
<p5d>Returns the encoding (iso8859 or UTF-8) of the linked SQLite library. </p5d>
<texts><text><lng>de</lng>
<d>Gibt die Kodierung der genutzten SQLite-Bibliothek zurück.</d>
</text><text><lng>en</lng>
<d>Returns the encoding of the linked SQLite library</d>
</text></texts></PHPModuleRef><PHPModuleRef>
<t>sqlite_libversion</t>
<mn>sqlite</mn>
<ft>F</ft>
<ver>5_0_0,5_0_1,5_0_2,5_0_3,5_1_0,5_1_1,5_1_2,5_1_3,5_1_4,5_1_5,5_1_6,5_2_0,5_2_1,5_cvs</ver>
<p5>string sqlite_libversion() U</p5>
<p5d>Returns the version of the linked SQLite library. </p5d>
<texts><text><lng>de</lng>
<d>Liefert die Version der genutzten SQLite-Bibliothek zurück.</d>
</text><text><lng>en</lng>
<d>Returns the version of the linked SQLite library</d>
</text></texts></PHPModuleRef><PHPModuleRef>
<t>sqlite_next</t>
<mn>sqlite</mn>
<ft>F</ft>
<ver>5_0_0,5_0_1,5_0_2,5_0_3,5_1_0,5_1_1,5_1_2,5_1_3,5_1_4,5_1_5,5_1_6,5_2_0,5_2_1,5_cvs</ver>
<p5>bool sqlite_next(resource result) U</p5>
<p5d>Seek to the next row number of a result set. </p5d>
<texts><text><lng>de</lng>
<d>Springt zur nächsten Zeile</d>
</text></texts></PHPModuleRef><PHPModuleRef>
<t>sqlite_num_fields</t>
<mn>sqlite</mn>
<ft>F</ft>
<ver>5_0_0,5_0_1,5_0_2,5_0_3,5_1_0,5_1_1,5_1_2,5_1_3,5_1_4,5_1_5,5_1_6,5_2_0,5_2_1,5_cvs</ver>
<p5>int sqlite_num_fields(resource result) U</p5>
<p5d>Returns the number of fields in a result set. </p5d>
<texts><text><lng>de</lng>
<d>Gibt die Anzahl Felder für ein Abfrageergebnis zurück</d>
</text></texts></PHPModuleRef><PHPModuleRef>
<t>sqlite_num_rows</t>
<mn>sqlite</mn>
<ft>F</ft>
<ver>5_0_0,5_0_1,5_0_2,5_0_3,5_1_0,5_1_1,5_1_2,5_1_3,5_1_4,5_1_5,5_1_6,5_2_0,5_2_1,5_cvs</ver>
<p5>int sqlite_num_rows(resource result) U</p5>
<p5d>Returns the number of rows in a buffered result set. </p5d>
<texts><text><lng>de</lng>
<d>Liefert die Anzahl an Zeilen, die in einem Abfrageergebnis enthalten sind, zurück</d>
</text></texts></PHPModuleRef><PHPModuleRef>
<t>sqlite_open</t>
<mn>sqlite</mn>
<ft>F</ft>
<ver>5_0_0,5_0_1,5_0_2,5_0_3,5_1_0,5_1_1,5_1_2,5_1_3,5_1_4,5_1_5,5_1_6,5_2_0,5_2_1,5_cvs</ver>
<p5>resource sqlite_open(string filename [, int mode [, string &amp;error_message]]) U</p5>
<p5d>Opens a SQLite database. Will create the database if it does not exist. </p5d>
<texts><text><lng>de</lng>
<d>Öffnet eine SQLite Datenbank. Wenn die Datenbank nicht existiert, wird sie erzeugt.</d>
</text><text><lng>en</lng>
<d>Opens a SQLite database and create the database if it does not exist</d>
</text></texts></PHPModuleRef><PHPModuleRef>
<t>sqlite_popen</t>
<mn>sqlite</mn>
<ft>F</ft>
<ver>5_0_0,5_0_1,5_0_2,5_0_3,5_1_0,5_1_1,5_1_2,5_1_3,5_1_4,5_1_5,5_1_6,5_2_0,5_2_1,5_cvs</ver>
<p5>resource sqlite_popen(string filename [, int mode [, string &amp;error_message]]) U</p5>
<p5d>Opens a persistent handle to a SQLite database. Will create the database if it does not exist. </p5d>
<texts><text><lng>de</lng>
<d>Opens a persistent handle to an SQLite database.  Will create the database if it does not exist</d>
</text><text><lng>en</lng>
<d>Opens a persistent handle to an SQLite database and create the database if it does not exist</d>
</text></texts></PHPModuleRef><PHPModuleRef>
<t>sqlite_prev</t>
<mn>sqlite</mn>
<ft>F</ft>
<ver>5_0_0,5_0_1,5_0_2,5_0_3,5_1_0,5_1_1,5_1_2,5_1_3,5_1_4,5_1_5,5_1_6,5_2_0,5_2_1,5_cvs</ver>
<p5>bool sqlite_prev(resource result) U</p5>
<p5d>* Seek to the previous row number of a result set. </p5d>
</PHPModuleRef><PHPModuleRef>
<t>sqlite_query</t>
<mn>sqlite</mn>
<ft>F</ft>
<ver>5_0_0,5_0_1,5_0_2,5_0_3,5_1_0,5_1_1,5_1_2,5_1_3,5_1_4,5_1_5,5_1_6,5_2_0,5_2_1,5_cvs</ver>
<p5>resource sqlite_query(string query, resource db [, int result_type [, string &amp;error_message]]) U</p5>
<p5d>Executes a query against a given database and returns a result handle. </p5d>
<texts><text><lng>de</lng>
<d>Führt auf einer Datenbank eine Abfrage durch und liefert das Abfrageergebnis zurück.</d>
</text></texts></PHPModuleRef><PHPModuleRef>
<t>sqlite_rewind</t>
<mn>sqlite</mn>
<ft>F</ft>
<ver>5_0_0,5_0_1,5_0_2,5_0_3,5_1_0,5_1_1,5_1_2,5_1_3,5_1_4,5_1_5,5_1_6,5_2_0,5_2_1,5_cvs</ver>
<p5>bool sqlite_rewind(resource result) U</p5>
<p5d>Seek to the first row number of a buffered result set. </p5d>
<texts><text><lng>de</lng>
<d>Springt zur ersten Zeile</d>
</text></texts></PHPModuleRef><PHPModuleRef>
<t>sqlite_seek</t>
<mn>sqlite</mn>
<ft>F</ft>
<ver>5_0_0,5_0_1,5_0_2,5_0_3,5_1_0,5_1_1,5_1_2,5_1_3,5_1_4,5_1_5,5_1_6,5_2_0,5_2_1,5_cvs</ver>
<p5>bool sqlite_seek(resource result, int row) U</p5>
<p5d>Seek to a particular row number of a buffered result set. </p5d>
<texts><text><lng>de</lng>
<d>Springe auf eine bestimmte Zeilennummer</d>
</text></texts></PHPModuleRef><PHPModuleRef>
<t>sqlite_single_query</t>
<mn>sqlite</mn>
<ft>F</ft>
<ver>5_0_0,5_0_1,5_0_2,5_0_3,5_1_0,5_1_1,5_1_2,5_1_3,5_1_4,5_1_5,5_1_6,5_2_0,5_2_1,5_cvs</ver>
<p5>array sqlite_single_query(resource db, string query [, bool first_row_only [, bool decode_binary]])</p5>
<p5d>Executes a query and returns either an array for one single column or the value of the first row. </p5d>
</PHPModuleRef><PHPModuleRef>
<t>sqlite_udf_decode_binary</t>
<mn>sqlite</mn>
<ft>F</ft>
<ver>5_0_0,5_0_1,5_0_2,5_0_3,5_1_0,5_1_1,5_1_2,5_1_3,5_1_4,5_1_5,5_1_6,5_2_0,5_2_1,5_cvs</ver>
<p5>string sqlite_udf_decode_binary(string data) U</p5>
<p5d>Decode binary encoding on a string parameter passed to an UDF. </p5d>
<texts><text><lng>de</lng>
<d>Dekodiert Binärdaten und reicht diese als Parameter weiter zu einer benutzerdefinierten Funktion (UDF)</d>
</text><text><lng>en</lng>
<d>Decode binary data passed as parameters to an UDF</d>
</text></texts></PHPModuleRef><PHPModuleRef>
<t>sqlite_udf_encode_binary</t>
<mn>sqlite</mn>
<ft>F</ft>
<ver>5_0_0,5_0_1,5_0_2,5_0_3,5_1_0,5_1_1,5_1_2,5_1_3,5_1_4,5_1_5,5_1_6,5_2_0,5_2_1,5_cvs</ver>
<p5>string sqlite_udf_encode_binary(string data) U</p5>
<p5d>Apply binary encoding (if required) to a string to return from an UDF. </p5d>
<texts><text><lng>de</lng>
<d>Kodiert Binärdaten bevor sie von einer benutzerdefinierten Funktion (UDF) zurückgegeben werden</d>
</text><text><lng>en</lng>
<d>Encode binary data before returning it from an UDF</d>
</text></texts></PHPModuleRef><PHPModuleRef>
<t>sqlite_unbuffered_query</t>
<mn>sqlite</mn>
<ft>F</ft>
<ver>5_0_0,5_0_1,5_0_2,5_0_3,5_1_0,5_1_1,5_1_2,5_1_3,5_1_4,5_1_5,5_1_6,5_2_0,5_2_1,5_cvs</ver>
<p5>resource sqlite_unbuffered_query(string query, resource db [ , int result_type [, string &amp;error_mess</p5>
<p5d>Executes a query that does not prefetch and buffer all data. </p5d>
<texts><text><lng>de</lng>
<d>Führt eine Abfrage durch, aber übernimmt die Daten nicht 
   gleich in das PHP</d>
</text></texts></PHPModuleRef><PHPModuleRef>
<t>sqlite_valid</t>
<mn>sqlite</mn>
<ft>F</ft>
<ver>5_0_0,5_0_1,5_0_2,5_0_3,5_1_0,5_1_1,5_1_2,5_1_3,5_1_4,5_1_5,5_1_6,5_2_0,5_2_1,5_cvs</ver>
<p5>bool sqlite_valid(resource result) U</p5>
<p5d>Returns whether more rows are available. </p5d>
</PHPModuleRef><PHPModuleRef>
<t>SQLITE_ABORT</t>
<mn>sqlite</mn>
<ft>C</ft>
<p4>int SQLITE_ABORT</p4>
<p5>int SQLITE_ABORT</p5>
<texts><text><lng>en</lng>
<d>Callback routine requested an abort.</d>
</text></texts></PHPModuleRef><PHPModuleRef>
<t>SQLITE_ASSOC</t>
<mn>sqlite</mn>
<ft>C</ft>
<p4>int SQLITE_ASSOC</p4>
<p5>int SQLITE_ASSOC</p5>
<texts><text><lng>en</lng>
<d>Columns are returned into the array having the field name as the array
     index.</d>
</text></texts></PHPModuleRef><PHPModuleRef>
<t>SQLITE_AUTH</t>
<mn>sqlite</mn>
<ft>C</ft>
<p4>int SQLITE_AUTH</p4>
<p5>int SQLITE_AUTH</p5>
<texts><text><lng>en</lng>
<d>Authorized failed.</d>
</text></texts></PHPModuleRef><PHPModuleRef>
<t>SQLITE_BOTH</t>
<mn>sqlite</mn>
<ft>C</ft>
<p4>int SQLITE_BOTH</p4>
<p5>int SQLITE_BOTH</p5>
<texts><text><lng>en</lng>
<d>Columns are returned into the array having both a numerical index
     and the field name as the array index.</d>
</text></texts></PHPModuleRef><PHPModuleRef>
<t>SQLITE_BUSY</t>
<mn>sqlite</mn>
<ft>C</ft>
<p4>int SQLITE_BUSY</p4>
<p5>int SQLITE_BUSY</p5>
<texts><text><lng>en</lng>
<d>The database file is locked.</d>
</text></texts></PHPModuleRef><PHPModuleRef>
<t>SQLITE_CANTOPEN</t>
<mn>sqlite</mn>
<ft>C</ft>
<p4>int SQLITE_CANTOPEN</p4>
<p5>int SQLITE_CANTOPEN</p5>
<texts><text><lng>en</lng>
<d>Unable to open the database file.</d>
</text></texts></PHPModuleRef><PHPModuleRef>
<t>SQLITE_CONSTRAINT</t>
<mn>sqlite</mn>
<ft>C</ft>
<p4>int SQLITE_CONSTRAINT</p4>
<p5>int SQLITE_CONSTRAINT</p5>
<texts><text><lng>en</lng>
<d>Abort due to constraint violation.</d>
</text></texts></PHPModuleRef><PHPModuleRef>
<t>SQLITE_CORRUPT</t>
<mn>sqlite</mn>
<ft>C</ft>
<p4>int SQLITE_CORRUPT</p4>
<p5>int SQLITE_CORRUPT</p5>
<texts><text><lng>en</lng>
<d>The database disk image is malformed.</d>
</text></texts></PHPModuleRef><PHPModuleRef>
<t>SQLITE_DONE</t>
<mn>sqlite</mn>
<ft>C</ft>
<p4>int SQLITE_DONE</p4>
<p5>int SQLITE_DONE</p5>
<texts><text><lng>en</lng>
<d>Internal process has finished executing.</d>
</text></texts></PHPModuleRef><PHPModuleRef>
<t>SQLITE_EMPTY</t>
<mn>sqlite</mn>
<ft>C</ft>
<p4>int SQLITE_EMPTY</p4>
<p5>int SQLITE_EMPTY</p5>
<texts><text><lng>en</lng>
<d>(Internal) Database table is empty.</d>
</text></texts></PHPModuleRef><PHPModuleRef>
<t>SQLITE_ERROR</t>
<mn>sqlite</mn>
<ft>C</ft>
<p4>int SQLITE_ERROR</p4>
<p5>int SQLITE_ERROR</p5>
<texts><text><lng>en</lng>
<d>SQL error or missing database.</d>
</text></texts></PHPModuleRef><PHPModuleRef>
<t>SQLITE_FULL</t>
<mn>sqlite</mn>
<ft>C</ft>
<p4>int SQLITE_FULL</p4>
<p5>int SQLITE_FULL</p5>
<texts><text><lng>en</lng>
<d>Insertion failed because database is full.</d>
</text></texts></PHPModuleRef><PHPModuleRef>
<t>SQLITE_INTERNAL</t>
<mn>sqlite</mn>
<ft>C</ft>
<p4>int SQLITE_INTERNAL</p4>
<p5>int SQLITE_INTERNAL</p5>
<texts><text><lng>en</lng>
<d>An internal logic error in SQLite.</d>
</text></texts></PHPModuleRef><PHPModuleRef>
<t>SQLITE_INTERRUPT</t>
<mn>sqlite</mn>
<ft>C</ft>
<p4>int SQLITE_INTERRUPT</p4>
<p5>int SQLITE_INTERRUPT</p5>
<texts><text><lng>en</lng>
<d>Operation terminated internally.</d>
</text></texts></PHPModuleRef><PHPModuleRef>
<t>SQLITE_IOERR</t>
<mn>sqlite</mn>
<ft>C</ft>
<p4>int SQLITE_IOERR</p4>
<p5>int SQLITE_IOERR</p5>
<texts><text><lng>en</lng>
<d>Disk I/O error occurred.</d>
</text></texts></PHPModuleRef><PHPModuleRef>
<t>SQLITE_LOCKED</t>
<mn>sqlite</mn>
<ft>C</ft>
<p4>int SQLITE_LOCKED</p4>
<p5>int SQLITE_LOCKED</p5>
<texts><text><lng>en</lng>
<d>A table in the database is locked.</d>
</text></texts></PHPModuleRef><PHPModuleRef>
<t>SQLITE_MISMATCH</t>
<mn>sqlite</mn>
<ft>C</ft>
<p4>int SQLITE_MISMATCH</p4>
<p5>int SQLITE_MISMATCH</p5>
<texts><text><lng>en</lng>
<d>Data type mismatch.</d>
</text></texts></PHPModuleRef><PHPModuleRef>
<t>SQLITE_MISUSE</t>
<mn>sqlite</mn>
<ft>C</ft>
<p4>int SQLITE_MISUSE</p4>
<p5>int SQLITE_MISUSE</p5>
<texts><text><lng>en</lng>
<d>Library used incorrectly.</d>
</text></texts></PHPModuleRef><PHPModuleRef>
<t>SQLITE_NOLFS</t>
<mn>sqlite</mn>
<ft>C</ft>
<p4>int SQLITE_NOLFS</p4>
<p5>int SQLITE_NOLFS</p5>
<texts><text><lng>en</lng>
<d>Uses of OS features not supported on host.</d>
</text></texts></PHPModuleRef><PHPModuleRef>
<t>SQLITE_NOMEM</t>
<mn>sqlite</mn>
<ft>C</ft>
<p4>int SQLITE_NOMEM</p4>
<p5>int SQLITE_NOMEM</p5>
<texts><text><lng>en</lng>
<d>Memory allocation failed.</d>
</text></texts></PHPModuleRef><PHPModuleRef>
<t>SQLITE_NOTFOUND</t>
<mn>sqlite</mn>
<ft>C</ft>
<p4>int SQLITE_NOTFOUND</p4>
<p5>int SQLITE_NOTFOUND</p5>
<texts><text><lng>en</lng>
<d>(Internal) Table or record not found.</d>
</text></texts></PHPModuleRef><PHPModuleRef>
<t>SQLITE_NUM</t>
<mn>sqlite</mn>
<ft>C</ft>
<p4>int SQLITE_NUM</p4>
<p5>int SQLITE_NUM</p5>
<texts><text><lng>en</lng>
<d>Columns are returned into the array having a numerical index to the
     fields. This index starts with 0, the first field in the result.</d>
</text></texts></PHPModuleRef><PHPModuleRef>
<t>SQLITE_OK</t>
<mn>sqlite</mn>
<ft>C</ft>
<p4>int SQLITE_OK</p4>
<p5>int SQLITE_OK</p5>
<texts><text><lng>en</lng>
<d>Successful result.</d>
</text></texts></PHPModuleRef><PHPModuleRef>
<t>SQLITE_PERM</t>
<mn>sqlite</mn>
<ft>C</ft>
<p4>int SQLITE_PERM</p4>
<p5>int SQLITE_PERM</p5>
<texts><text><lng>en</lng>
<d>Access permission denied.</d>
</text></texts></PHPModuleRef><PHPModuleRef>
<t>SQLITE_PROTOCOL</t>
<mn>sqlite</mn>
<ft>C</ft>
<p4>int SQLITE_PROTOCOL</p4>
<p5>int SQLITE_PROTOCOL</p5>
<texts><text><lng>en</lng>
<d>Database lock protocol error.</d>
</text></texts></PHPModuleRef><PHPModuleRef>
<t>SQLITE_READONLY</t>
<mn>sqlite</mn>
<ft>C</ft>
<p4>int SQLITE_READONLY</p4>
<p5>int SQLITE_READONLY</p5>
<texts><text><lng>en</lng>
<d>Attempt to write a readonly database.</d>
</text></texts></PHPModuleRef><PHPModuleRef>
<t>SQLITE_ROW</t>
<mn>sqlite</mn>
<ft>C</ft>
<p4>int SQLITE_ROW</p4>
<p5>int SQLITE_ROW</p5>
<texts><text><lng>en</lng>
<d>Internal process has another row ready.</d>
</text></texts></PHPModuleRef><PHPModuleRef>
<t>SQLITE_SCHEMA</t>
<mn>sqlite</mn>
<ft>C</ft>
<p4>int SQLITE_SCHEMA</p4>
<p5>int SQLITE_SCHEMA</p5>
<texts><text><lng>en</lng>
<d>The database schema changed.</d>
</text></texts></PHPModuleRef><PHPModuleRef>
<t>SQLITE_TOOBIG</t>
<mn>sqlite</mn>
<ft>C</ft>
<p4>int SQLITE_TOOBIG</p4>
<p5>int SQLITE_TOOBIG</p5>
<texts><text><lng>en</lng>
<d>Too much data for one row of a table.</d>
</text></texts></PHPModuleRef></PHPModuleRef-List>
