<?xml version="1.0" encoding="utf-8"?>
<PHPModuleRef-List>
<PHPModuleRef>
<t>swf_actiongeturl</t>
<mn>swf</mn>
<ft>F</ft>
<ver>4_0_0,4_0_1,4_0_2,4_0_3,4_0_4,4_0_5,4_0_6,4_1_0,4_1_1,4_1_2,4_2_0,4_2_1,4_2_2,4_2_3,4_3_0,4_3_1,4_3_10,4_3_11,4_3_2,4_3_3,4_3_4,4_3_5,4_3_6,4_3_7,4_3_8,4_3_9,4_4_0,4_4_1,4_4_2,4_4_3,4_4_4,4_4_5,4_4_6,4_cvs</ver>
<p4>void swf_actiongeturl(string url, string target)</p4>
<p4d>Gets the specified url </p4d>
<texts><text><lng>de</lng>
<d>Get a URL from a Shockwave Flash movie</d>
</text><text><lng>en</lng>
<d>Get a URL from a Shockwave Flash movie</d>
</text></texts></PHPModuleRef><PHPModuleRef>
<t>swf_actiongotoframe</t>
<mn>swf</mn>
<ft>F</ft>
<ver>4_0_0,4_0_1,4_0_2,4_0_3,4_0_4,4_0_5,4_0_6,4_1_0,4_1_1,4_1_2,4_2_0,4_2_1,4_2_2,4_2_3,4_3_0,4_3_1,4_3_10,4_3_11,4_3_2,4_3_3,4_3_4,4_3_5,4_3_6,4_3_7,4_3_8,4_3_9,4_4_0,4_4_1,4_4_2,4_4_3,4_4_4,4_4_5,4_4_6,4_cvs</ver>
<p4>void swf_actiongotoframe(int frame_number)</p4>
<p4d>Causes the Flash movie to display the specified frame, frame_number, and then stop. </p4d>
<texts><text><lng>de</lng>
<d>Play a frame and then stop</d>
</text><text><lng>en</lng>
<d>Play a frame and then stop</d>
</text></texts></PHPModuleRef><PHPModuleRef>
<t>swf_actiongotolabel</t>
<mn>swf</mn>
<ft>F</ft>
<ver>4_0_0,4_0_1,4_0_2,4_0_3,4_0_4,4_0_5,4_0_6,4_1_0,4_1_1,4_1_2,4_2_0,4_2_1,4_2_2,4_2_3,4_3_0,4_3_1,4_3_10,4_3_11,4_3_2,4_3_3,4_3_4,4_3_5,4_3_6,4_3_7,4_3_8,4_3_9,4_4_0,4_4_1,4_4_2,4_4_3,4_4_4,4_4_5,4_4_6,4_cvs</ver>
<p4>void swf_actiongotolabel(string label)</p4>
<p4d>Causes the flash movie to display the frame with the given label and then stop </p4d>
<texts><text><lng>de</lng>
<d>Display a frame with the specified label</d>
</text><text><lng>en</lng>
<d>Display a frame with the specified label</d>
</text></texts></PHPModuleRef><PHPModuleRef>
<t>swf_actionnextframe</t>
<mn>swf</mn>
<ft>F</ft>
<ver>4_0_0,4_0_1,4_0_2,4_0_3,4_0_4,4_0_5,4_0_6,4_1_0,4_1_1,4_1_2,4_2_0,4_2_1,4_2_2,4_2_3,4_3_0,4_3_1,4_3_10,4_3_11,4_3_2,4_3_3,4_3_4,4_3_5,4_3_6,4_3_7,4_3_8,4_3_9,4_4_0,4_4_1,4_4_2,4_4_3,4_4_4,4_4_5,4_4_6,4_cvs</ver>
<p4>void swf_actionnextframe(void)</p4>
<p4d>Goes foward one frame </p4d>
<texts><text><lng>de</lng>
<d>Go foward one frame</d>
</text><text><lng>en</lng>
<d>Go forward one frame</d>
</text></texts></PHPModuleRef><PHPModuleRef>
<t>swf_actionplay</t>
<mn>swf</mn>
<ft>F</ft>
<ver>4_0_0,4_0_1,4_0_2,4_0_3,4_0_4,4_0_5,4_0_6,4_1_0,4_1_1,4_1_2,4_2_0,4_2_1,4_2_2,4_2_3,4_3_0,4_3_1,4_3_10,4_3_11,4_3_2,4_3_3,4_3_4,4_3_5,4_3_6,4_3_7,4_3_8,4_3_9,4_4_0,4_4_1,4_4_2,4_4_3,4_4_4,4_4_5,4_4_6,4_cvs</ver>
<p4>void swf_actionplay(void)</p4>
<p4d>Starts playing the Flash movie from the current frame </p4d>
<texts><text><lng>de</lng>
<d>Start playing the flash movie from the current frame</d>
</text><text><lng>en</lng>
<d>Start playing the flash movie from the current frame</d>
</text></texts></PHPModuleRef><PHPModuleRef>
<t>swf_actionprevframe</t>
<mn>swf</mn>
<ft>F</ft>
<ver>4_0_0,4_0_1,4_0_2,4_0_3,4_0_4,4_0_5,4_0_6,4_1_0,4_1_1,4_1_2,4_2_0,4_2_1,4_2_2,4_2_3,4_3_0,4_3_1,4_3_10,4_3_11,4_3_2,4_3_3,4_3_4,4_3_5,4_3_6,4_3_7,4_3_8,4_3_9,4_4_0,4_4_1,4_4_2,4_4_3,4_4_4,4_4_5,4_4_6,4_cvs</ver>
<p4>void swf_actionprevframe(void)</p4>
<p4d>Goes backward one frame </p4d>
<texts><text><lng>de</lng>
<d>Go backwards one frame</d>
</text><text><lng>en</lng>
<d>Go backwards one frame</d>
</text></texts></PHPModuleRef><PHPModuleRef>
<t>swf_actionsettarget</t>
<mn>swf</mn>
<ft>F</ft>
<ver>4_0_0,4_0_1,4_0_2,4_0_3,4_0_4,4_0_5,4_0_6,4_1_0,4_1_1,4_1_2,4_2_0,4_2_1,4_2_2,4_2_3,4_3_0,4_3_1,4_3_10,4_3_11,4_3_2,4_3_3,4_3_4,4_3_5,4_3_6,4_3_7,4_3_8,4_3_9,4_4_0,4_4_1,4_4_2,4_4_3,4_4_4,4_4_5,4_4_6,4_cvs</ver>
<p4>void swf_actionsettarget(string target)</p4>
<p4d>Sets the context for actions </p4d>
<texts><text><lng>de</lng>
<d>Set the context for actions</d>
</text><text><lng>en</lng>
<d>Set the context for actions</d>
</text></texts></PHPModuleRef><PHPModuleRef>
<t>swf_actionstop</t>
<mn>swf</mn>
<ft>F</ft>
<ver>4_0_0,4_0_1,4_0_2,4_0_3,4_0_4,4_0_5,4_0_6,4_1_0,4_1_1,4_1_2,4_2_0,4_2_1,4_2_2,4_2_3,4_3_0,4_3_1,4_3_10,4_3_11,4_3_2,4_3_3,4_3_4,4_3_5,4_3_6,4_3_7,4_3_8,4_3_9,4_4_0,4_4_1,4_4_2,4_4_3,4_4_4,4_4_5,4_4_6,4_cvs</ver>
<p4>void swf_actionstop(void)</p4>
<p4d>Stops playing the Flash movie at the current frame </p4d>
<texts><text><lng>de</lng>
<d>Stop playing the flash movie at the current frame</d>
</text><text><lng>en</lng>
<d>Stop playing the flash movie at the current frame</d>
</text></texts></PHPModuleRef><PHPModuleRef>
<t>swf_actiontogglequality</t>
<mn>swf</mn>
<ft>F</ft>
<ver>4_0_0,4_0_1,4_0_2,4_0_3,4_0_4,4_0_5,4_0_6,4_1_0,4_1_1,4_1_2,4_2_0,4_2_1,4_2_2,4_2_3,4_3_0,4_3_1,4_3_10,4_3_11,4_3_2,4_3_3,4_3_4,4_3_5,4_3_6,4_3_7,4_3_8,4_3_9,4_4_0,4_4_1,4_4_2,4_4_3,4_4_4,4_4_5,4_4_6,4_cvs</ver>
<p4>void swf_actiontogglequality(void)</p4>
<p4d>Toggles between high and low quality </p4d>
<texts><text><lng>de</lng>
<d>Toggle between low and high quality</d>
</text><text><lng>en</lng>
<d>Toggle between low and high quality</d>
</text></texts></PHPModuleRef><PHPModuleRef>
<t>swf_actionwaitforframe</t>
<mn>swf</mn>
<ft>F</ft>
<ver>4_0_0,4_0_1,4_0_2,4_0_3,4_0_4,4_0_5,4_0_6,4_1_0,4_1_1,4_1_2,4_2_0,4_2_1,4_2_2,4_2_3,4_3_0,4_3_1,4_3_10,4_3_11,4_3_2,4_3_3,4_3_4,4_3_5,4_3_6,4_3_7,4_3_8,4_3_9,4_4_0,4_4_1,4_4_2,4_4_3,4_4_4,4_4_5,4_4_6,4_cvs</ver>
<p4>void swf_actionwaitforframe(int frame, int skipcount)</p4>
<p4d>If the specified frame has not been loaded, skip the specified number of actions in the action list </p4d>
<texts><text><lng>de</lng>
<d>Skip actions if a frame has not been loaded</d>
</text><text><lng>en</lng>
<d>Skip actions if a frame has not been loaded</d>
</text></texts></PHPModuleRef><PHPModuleRef>
<t>swf_addbuttonrecord</t>
<mn>swf</mn>
<ft>F</ft>
<ver>4_0_0,4_0_1,4_0_2,4_0_3,4_0_4,4_0_5,4_0_6,4_1_0,4_1_1,4_1_2,4_2_0,4_2_1,4_2_2,4_2_3,4_3_0,4_3_1,4_3_10,4_3_11,4_3_2,4_3_3,4_3_4,4_3_5,4_3_6,4_3_7,4_3_8,4_3_9,4_4_0,4_4_1,4_4_2,4_4_3,4_4_4,4_4_5,4_4_6,4_cvs</ver>
<p4>void swf_addbuttonrecord(int state, int objid, int depth)</p4>
<p4d>Controls the location, appearance and active area of the current button </p4d>
<texts><text><lng>de</lng>
<d>Controls location, appearance and active area of the current button</d>
</text><text><lng>en</lng>
<d>Controls location, appearance and active area of the current button</d>
</text></texts></PHPModuleRef><PHPModuleRef>
<t>swf_addcolor</t>
<mn>swf</mn>
<ft>F</ft>
<ver>4_0_0,4_0_1,4_0_2,4_0_3,4_0_4,4_0_5,4_0_6,4_1_0,4_1_1,4_1_2,4_2_0,4_2_1,4_2_2,4_2_3,4_3_0,4_3_1,4_3_10,4_3_11,4_3_2,4_3_3,4_3_4,4_3_5,4_3_6,4_3_7,4_3_8,4_3_9,4_4_0,4_4_1,4_4_2,4_4_3,4_4_4,4_4_5,4_4_6,4_cvs</ver>
<p4>void swf_addcolor(float r, float g, float b, float a)</p4>
<p4d>Set the global add color to the rgba value specified </p4d>
<texts><text><lng>de</lng>
<d>Setzt die &quot;global add&quot;-Farbe auf den spezifizierten rgba-Wert</d>
</text><text><lng>en</lng>
<d>Set the global add color to the rgba value specified</d>
</text></texts></PHPModuleRef><PHPModuleRef>
<t>swf_closefile</t>
<mn>swf</mn>
<ft>F</ft>
<ver>4_0_0,4_0_1,4_0_2,4_0_3,4_0_4,4_0_5,4_0_6,4_1_0,4_1_1,4_1_2,4_2_0,4_2_1,4_2_2,4_2_3,4_3_0,4_3_1,4_3_10,4_3_11,4_3_2,4_3_3,4_3_4,4_3_5,4_3_6,4_3_7,4_3_8,4_3_9,4_4_0,4_4_1,4_4_2,4_4_3,4_4_4,4_4_5,4_4_6,4_cvs</ver>
<p4>void swf_closefile(void)</p4>
<p4d>Close a Shockwave flash file that was opened with swf_openfile </p4d>
<texts><text><lng>de</lng>
<d>Schließt die aktuelle SWF-Datei</d>
</text><text><lng>en</lng>
<d>Close the current Shockwave Flash file</d>
</text></texts></PHPModuleRef><PHPModuleRef>
<t>swf_definebitmap</t>
<mn>swf</mn>
<ft>F</ft>
<ver>4_0_0,4_0_1,4_0_2,4_0_3,4_0_4,4_0_5,4_0_6,4_1_0,4_1_1,4_1_2,4_2_0,4_2_1,4_2_2,4_2_3,4_3_0,4_3_1,4_3_10,4_3_11,4_3_2,4_3_3,4_3_4,4_3_5,4_3_6,4_3_7,4_3_8,4_3_9,4_4_0,4_4_1,4_4_2,4_4_3,4_4_4,4_4_5,4_4_6,4_cvs</ver>
<p4>void swf_definebitmap(int objid, string imgname)</p4>
<p4d>Defines a bitmap given the name of a .gif .rgb .jpeg or .fi image. The image will be converted into Flash jpeg or Flash color map format </p4d>
<texts><text><lng>de</lng>
<d>Define a bitmap</d>
</text><text><lng>en</lng>
<d>Define a bitmap</d>
</text></texts></PHPModuleRef><PHPModuleRef>
<t>swf_definefont</t>
<mn>swf</mn>
<ft>F</ft>
<ver>4_0_0,4_0_1,4_0_2,4_0_3,4_0_4,4_0_5,4_0_6,4_1_0,4_1_1,4_1_2,4_2_0,4_2_1,4_2_2,4_2_3,4_3_0,4_3_1,4_3_10,4_3_11,4_3_2,4_3_3,4_3_4,4_3_5,4_3_6,4_3_7,4_3_8,4_3_9,4_4_0,4_4_1,4_4_2,4_4_3,4_4_4,4_4_5,4_4_6,4_cvs</ver>
<p4>void swf_definefont(int fontid, string name)</p4>
<p4d>Defines a font. name specifies the PostScript name of the font to use. This font also becomes the current font.  </p4d>
<texts><text><lng>de</lng>
<d>Defines a font</d>
</text><text><lng>en</lng>
<d>Defines a font</d>
</text></texts></PHPModuleRef><PHPModuleRef>
<t>swf_defineline</t>
<mn>swf</mn>
<ft>F</ft>
<ver>4_0_0,4_0_1,4_0_2,4_0_3,4_0_4,4_0_5,4_0_6,4_1_0,4_1_1,4_1_2,4_2_0,4_2_1,4_2_2,4_2_3,4_3_0,4_3_1,4_3_10,4_3_11,4_3_2,4_3_3,4_3_4,4_3_5,4_3_6,4_3_7,4_3_8,4_3_9,4_4_0,4_4_1,4_4_2,4_4_3,4_4_4,4_4_5,4_4_6,4_cvs</ver>
<p4>void swf_defineline(int objid, float x1, float y1, float x2, float y2, float width)</p4>
<p4d>Create a line with object id, objid, starting from x1, y1 and going to x2, y2 with width, width </p4d>
<texts><text><lng>de</lng>
<d>Define a line</d>
</text><text><lng>en</lng>
<d>Define a line</d>
</text></texts></PHPModuleRef><PHPModuleRef>
<t>swf_definepoly</t>
<mn>swf</mn>
<ft>F</ft>
<ver>4_0_0,4_0_1,4_0_2,4_0_3,4_0_4,4_0_5,4_0_6,4_1_0,4_1_1,4_1_2,4_2_0,4_2_1,4_2_2,4_2_3,4_3_0,4_3_1,4_3_10,4_3_11,4_3_2,4_3_3,4_3_4,4_3_5,4_3_6,4_3_7,4_3_8,4_3_9,4_4_0,4_4_1,4_4_2,4_4_3,4_4_4,4_4_5,4_4_6,4_cvs</ver>
<p4>void swf_definepoly(int obj_id, array coords, int npoints, float width)</p4>
<p4d>Define a Polygon from an array of x,y coordinates, coords. </p4d>
<texts><text><lng>de</lng>
<d>Define a polygon</d>
</text><text><lng>en</lng>
<d>Define a polygon</d>
</text></texts></PHPModuleRef><PHPModuleRef>
<t>swf_definerect</t>
<mn>swf</mn>
<ft>F</ft>
<ver>4_0_0,4_0_1,4_0_2,4_0_3,4_0_4,4_0_5,4_0_6,4_1_0,4_1_1,4_1_2,4_2_0,4_2_1,4_2_2,4_2_3,4_3_0,4_3_1,4_3_10,4_3_11,4_3_2,4_3_3,4_3_4,4_3_5,4_3_6,4_3_7,4_3_8,4_3_9,4_4_0,4_4_1,4_4_2,4_4_3,4_4_4,4_4_5,4_4_6,4_cvs</ver>
<p4>void swf_definerect(int objid, float x1, float y1, float x2, float y2, float width)</p4>
<p4d>Create a rectangle with object id, objid, the upper lefthand coordinate is given by x1, y1 the bottom right coordinate is x2, y2 and with is the width of the line </p4d>
<texts><text><lng>de</lng>
<d>Define a rectangle</d>
</text><text><lng>en</lng>
<d>Define a rectangle</d>
</text></texts></PHPModuleRef><PHPModuleRef>
<t>swf_definetext</t>
<mn>swf</mn>
<ft>F</ft>
<ver>4_0_0,4_0_1,4_0_2,4_0_3,4_0_4,4_0_5,4_0_6,4_1_0,4_1_1,4_1_2,4_2_0,4_2_1,4_2_2,4_2_3,4_3_0,4_3_1,4_3_10,4_3_11,4_3_2,4_3_3,4_3_4,4_3_5,4_3_6,4_3_7,4_3_8,4_3_9,4_4_0,4_4_1,4_4_2,4_4_3,4_4_4,4_4_5,4_4_6,4_cvs</ver>
<p4>void swf_definetext(int objid, string str, int docCenter)</p4>
<p4d>defines a text string using the current font, current fontsize and current font slant. If docCenter is 1, the word is centered in x </p4d>
<texts><text><lng>de</lng>
<d>Define a text string</d>
</text><text><lng>en</lng>
<d>Define a text string</d>
</text></texts></PHPModuleRef><PHPModuleRef>
<t>swf_endbutton</t>
<mn>swf</mn>
<ft>F</ft>
<ver>4_0_0,4_0_1,4_0_2,4_0_3,4_0_4,4_0_5,4_0_6,4_1_0,4_1_1,4_1_2,4_2_0,4_2_1,4_2_2,4_2_3,4_3_0,4_3_1,4_3_10,4_3_11,4_3_2,4_3_3,4_3_4,4_3_5,4_3_6,4_3_7,4_3_8,4_3_9,4_4_0,4_4_1,4_4_2,4_4_3,4_4_4,4_4_5,4_4_6,4_cvs</ver>
<p4>void swf_endbutton(void)</p4>
<p4d>Complete the definition of the current button </p4d>
<texts><text><lng>de</lng>
<d>End the definition of the current button</d>
</text><text><lng>en</lng>
<d>End the definition of the current button</d>
</text></texts></PHPModuleRef><PHPModuleRef>
<t>swf_enddoaction</t>
<mn>swf</mn>
<ft>F</ft>
<ver>4_0_0,4_0_1,4_0_2,4_0_3,4_0_4,4_0_5,4_0_6,4_1_0,4_1_1,4_1_2,4_2_0,4_2_1,4_2_2,4_2_3,4_3_0,4_3_1,4_3_10,4_3_11,4_3_2,4_3_3,4_3_4,4_3_5,4_3_6,4_3_7,4_3_8,4_3_9,4_4_0,4_4_1,4_4_2,4_4_3,4_4_4,4_4_5,4_4_6,4_cvs</ver>
<p4>void swf_enddoaction(void)</p4>
<p4d>Ends the list of actions to perform for the current frame </p4d>
<texts><text><lng>de</lng>
<d>End the current action</d>
</text><text><lng>en</lng>
<d>End the current action</d>
</text></texts></PHPModuleRef><PHPModuleRef>
<t>swf_endshape</t>
<mn>swf</mn>
<ft>F</ft>
<ver>4_0_0,4_0_1,4_0_2,4_0_3,4_0_4,4_0_5,4_0_6,4_1_0,4_1_1,4_1_2,4_2_0,4_2_1,4_2_2,4_2_3,4_3_0,4_3_1,4_3_10,4_3_11,4_3_2,4_3_3,4_3_4,4_3_5,4_3_6,4_3_7,4_3_8,4_3_9,4_4_0,4_4_1,4_4_2,4_4_3,4_4_4,4_4_5,4_4_6,4_cvs</ver>
<p4>void swf_endshape(void)</p4>
<p4d>Completes the definition of the current shape </p4d>
<texts><text><lng>de</lng>
<d>Completes the definition of the current shape</d>
</text><text><lng>en</lng>
<d>Completes the definition of the current shape</d>
</text></texts></PHPModuleRef><PHPModuleRef>
<t>swf_endsymbol</t>
<mn>swf</mn>
<ft>F</ft>
<ver>4_0_0,4_0_1,4_0_2,4_0_3,4_0_4,4_0_5,4_0_6,4_1_0,4_1_1,4_1_2,4_2_0,4_2_1,4_2_2,4_2_3,4_3_0,4_3_1,4_3_10,4_3_11,4_3_2,4_3_3,4_3_4,4_3_5,4_3_6,4_3_7,4_3_8,4_3_9,4_4_0,4_4_1,4_4_2,4_4_3,4_4_4,4_4_5,4_4_6,4_cvs</ver>
<p4>void swf_endsymbol(void)</p4>
<p4d>End the current symbol </p4d>
<texts><text><lng>de</lng>
<d>End the definition of a symbol</d>
</text><text><lng>en</lng>
<d>End the definition of a symbol</d>
</text></texts></PHPModuleRef><PHPModuleRef>
<t>swf_fontsize</t>
<mn>swf</mn>
<ft>F</ft>
<ver>4_0_0,4_0_1,4_0_2,4_0_3,4_0_4,4_0_5,4_0_6,4_1_0,4_1_1,4_1_2,4_2_0,4_2_1,4_2_2,4_2_3,4_3_0,4_3_1,4_3_10,4_3_11,4_3_2,4_3_3,4_3_4,4_3_5,4_3_6,4_3_7,4_3_8,4_3_9,4_4_0,4_4_1,4_4_2,4_4_3,4_4_4,4_4_5,4_4_6,4_cvs</ver>
<p4>void swf_fontsize(float height)</p4>
<p4d>Sets the current font's height to the value specified by height </p4d>
<texts><text><lng>de</lng>
<d>Change the font size</d>
</text><text><lng>en</lng>
<d>Change the font size</d>
</text></texts></PHPModuleRef><PHPModuleRef>
<t>swf_fontslant</t>
<mn>swf</mn>
<ft>F</ft>
<ver>4_0_0,4_0_1,4_0_2,4_0_3,4_0_4,4_0_5,4_0_6,4_1_0,4_1_1,4_1_2,4_2_0,4_2_1,4_2_2,4_2_3,4_3_0,4_3_1,4_3_10,4_3_11,4_3_2,4_3_3,4_3_4,4_3_5,4_3_6,4_3_7,4_3_8,4_3_9,4_4_0,4_4_1,4_4_2,4_4_3,4_4_4,4_4_5,4_4_6,4_cvs</ver>
<p4>void swf_fontslant(float slant)</p4>
<p4d>Set the current font slant to the angle indicated by slant </p4d>
<texts><text><lng>de</lng>
<d>Set the font slant</d>
</text><text><lng>en</lng>
<d>Set the font slant</d>
</text></texts></PHPModuleRef><PHPModuleRef>
<t>swf_fonttracking</t>
<mn>swf</mn>
<ft>F</ft>
<ver>4_0_0,4_0_1,4_0_2,4_0_3,4_0_4,4_0_5,4_0_6,4_1_0,4_1_1,4_1_2,4_2_0,4_2_1,4_2_2,4_2_3,4_3_0,4_3_1,4_3_10,4_3_11,4_3_2,4_3_3,4_3_4,4_3_5,4_3_6,4_3_7,4_3_8,4_3_9,4_4_0,4_4_1,4_4_2,4_4_3,4_4_4,4_4_5,4_4_6,4_cvs</ver>
<p4>void swf_fonttracking(track)</p4>
<p4d>Sets the current font tracking to the specified value, track </p4d>
<texts><text><lng>de</lng>
<d>Set the current font tracking</d>
</text><text><lng>en</lng>
<d>Set the current font tracking</d>
</text></texts></PHPModuleRef><PHPModuleRef>
<t>swf_getbitmapinfo</t>
<mn>swf</mn>
<ft>F</ft>
<ver>4_0_0,4_0_1,4_0_2,4_0_3,4_0_4,4_0_5,4_0_6,4_1_0,4_1_1,4_1_2,4_2_0,4_2_1,4_2_2,4_2_3,4_3_0,4_3_1,4_3_10,4_3_11,4_3_2,4_3_3,4_3_4,4_3_5,4_3_6,4_3_7,4_3_8,4_3_9,4_4_0,4_4_1,4_4_2,4_4_3,4_4_4,4_4_5,4_4_6,4_cvs</ver>
<p4>array swf_getbitmapinfo(int bitmapid)</p4>
<p4d>Returns an array of information about a bitmap specified by bitmapid </p4d>
<texts><text><lng>de</lng>
<d>Get information about a bitmap</d>
</text><text><lng>en</lng>
<d>Get information about a bitmap</d>
</text></texts></PHPModuleRef><PHPModuleRef>
<t>swf_getfontinfo</t>
<mn>swf</mn>
<ft>F</ft>
<ver>4_0_0,4_0_1,4_0_2,4_0_3,4_0_4,4_0_5,4_0_6,4_1_0,4_1_1,4_1_2,4_2_0,4_2_1,4_2_2,4_2_3,4_3_0,4_3_1,4_3_10,4_3_11,4_3_2,4_3_3,4_3_4,4_3_5,4_3_6,4_3_7,4_3_8,4_3_9,4_4_0,4_4_1,4_4_2,4_4_3,4_4_4,4_4_5,4_4_6,4_cvs</ver>
<p4>array swf_getfontinfo(void)</p4>
<p4d>Get information about the current font </p4d>
<texts><text><lng>de</lng>
<d>The height in pixels of a capital A and a lowercase x</d>
</text><text><lng>en</lng>
<d>Gets font information</d>
</text></texts></PHPModuleRef><PHPModuleRef>
<t>swf_getframe</t>
<mn>swf</mn>
<ft>F</ft>
<ver>4_0_0,4_0_1,4_0_2,4_0_3,4_0_4,4_0_5,4_0_6,4_1_0,4_1_1,4_1_2,4_2_0,4_2_1,4_2_2,4_2_3,4_3_0,4_3_1,4_3_10,4_3_11,4_3_2,4_3_3,4_3_4,4_3_5,4_3_6,4_3_7,4_3_8,4_3_9,4_4_0,4_4_1,4_4_2,4_4_3,4_4_4,4_4_5,4_4_6,4_cvs</ver>
<p4>int swf_getframe(void)</p4>
<p4d>Returns the current frame </p4d>
<texts><text><lng>de</lng>
<d>Holt die Frame-Nummer des aktuellen Frames</d>
</text><text><lng>en</lng>
<d>Get the frame number of the current frame</d>
</text></texts></PHPModuleRef><PHPModuleRef>
<t>swf_labelframe</t>
<mn>swf</mn>
<ft>F</ft>
<ver>4_0_0,4_0_1,4_0_2,4_0_3,4_0_4,4_0_5,4_0_6,4_1_0,4_1_1,4_1_2,4_2_0,4_2_1,4_2_2,4_2_3,4_3_0,4_3_1,4_3_10,4_3_11,4_3_2,4_3_3,4_3_4,4_3_5,4_3_6,4_3_7,4_3_8,4_3_9,4_4_0,4_4_1,4_4_2,4_4_3,4_4_4,4_4_5,4_4_6,4_cvs</ver>
<p4>void swf_labelframe(string name)</p4>
<p4d>Adds string name to the current frame </p4d>
<texts><text><lng>de</lng>
<d>Beschriftet den aktuellen Frame</d>
</text><text><lng>en</lng>
<d>Label the current frame</d>
</text></texts></PHPModuleRef><PHPModuleRef>
<t>swf_lookat</t>
<mn>swf</mn>
<ft>F</ft>
<ver>4_0_0,4_0_1,4_0_2,4_0_3,4_0_4,4_0_5,4_0_6,4_1_0,4_1_1,4_1_2,4_2_0,4_2_1,4_2_2,4_2_3,4_3_0,4_3_1,4_3_10,4_3_11,4_3_2,4_3_3,4_3_4,4_3_5,4_3_6,4_3_7,4_3_8,4_3_9,4_4_0,4_4_1,4_4_2,4_4_3,4_4_4,4_4_5,4_4_6,4_cvs</ver>
<p4>void swf_lookat(float vx, float vy, float vz, float px, float py, float pz, float twist)</p4>
<p4d>Defines a viewing transformation by giving the view position vx, vy, vz, and the coordinates of a reference point in the scene at px, py, pz. Twist controls a rotation along the viewer's z axis </p4d>
<texts><text><lng>de</lng>
<d>Define a viewing transformation</d>
</text><text><lng>en</lng>
<d>Define a viewing transformation</d>
</text></texts></PHPModuleRef><PHPModuleRef>
<t>swf_modifyobject</t>
<mn>swf</mn>
<ft>F</ft>
<ver>4_0_0,4_0_1,4_0_2,4_0_3,4_0_4,4_0_5,4_0_6,4_1_0,4_1_1,4_1_2,4_2_0,4_2_1,4_2_2,4_2_3,4_3_0,4_3_1,4_3_10,4_3_11,4_3_2,4_3_3,4_3_4,4_3_5,4_3_6,4_3_7,4_3_8,4_3_9,4_4_0,4_4_1,4_4_2,4_4_3,4_4_4,4_4_5,4_4_6,4_cvs</ver>
<p4>void swf_modifyobject(int depth, int how)</p4>
<p4d>Updates the position and/or color of the object </p4d>
<texts><text><lng>de</lng>
<d>Modify an object</d>
</text><text><lng>en</lng>
<d>Modify an object</d>
</text></texts></PHPModuleRef><PHPModuleRef>
<t>swf_mulcolor</t>
<mn>swf</mn>
<ft>F</ft>
<ver>4_0_0,4_0_1,4_0_2,4_0_3,4_0_4,4_0_5,4_0_6,4_1_0,4_1_1,4_1_2,4_2_0,4_2_1,4_2_2,4_2_3,4_3_0,4_3_1,4_3_10,4_3_11,4_3_2,4_3_3,4_3_4,4_3_5,4_3_6,4_3_7,4_3_8,4_3_9,4_4_0,4_4_1,4_4_2,4_4_3,4_4_4,4_4_5,4_4_6,4_cvs</ver>
<p4>void swf_mulcolor(float r, float g, float b, float a)</p4>
<p4d>Sets the global multiply color to the rgba value specified </p4d>
<texts><text><lng>de</lng>
<d>Setzt die &quot;global multiply&quot;-Farbe auf den spezifizierten rgba-Wert</d>
</text><text><lng>en</lng>
<d>Sets the global multiply color to the rgba value specified</d>
</text></texts></PHPModuleRef><PHPModuleRef>
<t>swf_nextid</t>
<mn>swf</mn>
<ft>F</ft>
<ver>4_0_0,4_0_1,4_0_2,4_0_3,4_0_4,4_0_5,4_0_6,4_1_0,4_1_1,4_1_2,4_2_0,4_2_1,4_2_2,4_2_3,4_3_0,4_3_1,4_3_10,4_3_11,4_3_2,4_3_3,4_3_4,4_3_5,4_3_6,4_3_7,4_3_8,4_3_9,4_4_0,4_4_1,4_4_2,4_4_3,4_4_4,4_4_5,4_4_6,4_cvs</ver>
<p4>int swf_nextid(void)</p4>
<p4d>Returns a free objid </p4d>
<texts><text><lng>de</lng>
<d>Returns the next free object id</d>
</text><text><lng>en</lng>
<d>Returns the next free object id</d>
</text></texts></PHPModuleRef><PHPModuleRef>
<t>swf_oncondition</t>
<mn>swf</mn>
<ft>F</ft>
<ver>4_0_0,4_0_1,4_0_2,4_0_3,4_0_4,4_0_5,4_0_6,4_1_0,4_1_1,4_1_2,4_2_0,4_2_1,4_2_2,4_2_3,4_3_0,4_3_1,4_3_10,4_3_11,4_3_2,4_3_3,4_3_4,4_3_5,4_3_6,4_3_7,4_3_8,4_3_9,4_4_0,4_4_1,4_4_2,4_4_3,4_4_4,4_4_5,4_4_6,4_cvs</ver>
<p4>void swf_oncondition(int transitions)</p4>
<p4d>Describes a transition used to trigger an action list </p4d>
<texts><text><lng>de</lng>
<d>Describe a transition used to trigger an action list</d>
</text><text><lng>en</lng>
<d>Describe a transition used to trigger an action list</d>
</text></texts></PHPModuleRef><PHPModuleRef>
<t>swf_openfile</t>
<mn>swf</mn>
<ft>F</ft>
<ver>4_0_0,4_0_1,4_0_2,4_0_3,4_0_4,4_0_5,4_0_6,4_1_0,4_1_1,4_1_2,4_2_0,4_2_1,4_2_2,4_2_3,4_3_0,4_3_1,4_3_10,4_3_11,4_3_2,4_3_3,4_3_4,4_3_5,4_3_6,4_3_7,4_3_8,4_3_9,4_4_0,4_4_1,4_4_2,4_4_3,4_4_4,4_4_5,4_4_6,4_cvs</ver>
<p4>void swf_openfile(string name, float xsize, float ysize, float framerate, float r, float g, float b)</p4>
<p4d>Create a Shockwave Flash file given by name, with width xsize and height ysize at a frame rate of framerate and a background color specified by a red value of r, green value of g and a blue value of b </p4d>
<texts><text><lng>de</lng>
<d>Öffnet eine neue Shockwave Flash Datei</d>
</text><text><lng>en</lng>
<d>Open a new Shockwave Flash file</d>
</text></texts></PHPModuleRef><PHPModuleRef>
<t>swf_ortho</t>
<mn>swf</mn>
<ft>F</ft>
<ver>4_0_1,4_0_2,4_0_3,4_0_4,4_0_5,4_0_6,4_1_0,4_1_1,4_1_2,4_2_0,4_2_1,4_2_2,4_2_3,4_3_0,4_3_1,4_3_10,4_3_11,4_3_2,4_3_3,4_3_4,4_3_5,4_3_6,4_3_7,4_3_8,4_3_9,4_4_0,4_4_1,4_4_2,4_4_3,4_4_4,4_4_5,4_4_6,4_cvs</ver>
<p4>void swf_ortho(float xmin, float xmax, float ymin, float ymax, float zmin, float zmax)</p4>
<p4d>Defines an orthographic mapping of user coordinates onto the current viewport </p4d>
<texts><text><lng>de</lng>
<d>Defines an orthographic mapping of user coordinates onto thecurrent viewport</d>
</text><text><lng>en</lng>
<d>Defines an orthographic mapping of user coordinates onto the current viewport</d>
</text></texts></PHPModuleRef><PHPModuleRef>
<t>swf_ortho2</t>
<mn>swf</mn>
<ft>F</ft>
<ver>4_0_0,4_0_1,4_0_2,4_0_3,4_0_4,4_0_5,4_0_6,4_1_0,4_1_1,4_1_2,4_2_0,4_2_1,4_2_2,4_2_3,4_3_0,4_3_1,4_3_10,4_3_11,4_3_2,4_3_3,4_3_4,4_3_5,4_3_6,4_3_7,4_3_8,4_3_9,4_4_0,4_4_1,4_4_2,4_4_3,4_4_4,4_4_5,4_4_6,4_cvs</ver>
<p4>void swf_ortho2(float xmin, float xmax, float ymin, float ymax)</p4>
<p4d>Defines a 2-D orthographic mapping of user coordinates onto the current viewport </p4d>
<texts><text><lng>de</lng>
<d>Defines 2D orthographic mapping of user coordinates onto thecurrent viewport</d>
</text><text><lng>en</lng>
<d>Defines 2D orthographic mapping of user coordinates onto the current viewport</d>
</text></texts></PHPModuleRef><PHPModuleRef>
<t>swf_perspective</t>
<mn>swf</mn>
<ft>F</ft>
<ver>4_0_0,4_0_1,4_0_2,4_0_3,4_0_4,4_0_5,4_0_6,4_1_0,4_1_1,4_1_2,4_2_0,4_2_1,4_2_2,4_2_3,4_3_0,4_3_1,4_3_10,4_3_11,4_3_2,4_3_3,4_3_4,4_3_5,4_3_6,4_3_7,4_3_8,4_3_9,4_4_0,4_4_1,4_4_2,4_4_3,4_4_4,4_4_5,4_4_6,4_cvs</ver>
<p4>void swf_perspective(float fovy, float aspect, float near, float far)</p4>
<p4d>Define a perspective projection transformation. </p4d>
<texts><text><lng>de</lng>
<d>Define a perspective projection transformation</d>
</text><text><lng>en</lng>
<d>Define a perspective projection transformation</d>
</text></texts></PHPModuleRef><PHPModuleRef>
<t>swf_placeobject</t>
<mn>swf</mn>
<ft>F</ft>
<ver>4_0_0,4_0_1,4_0_2,4_0_3,4_0_4,4_0_5,4_0_6,4_1_0,4_1_1,4_1_2,4_2_0,4_2_1,4_2_2,4_2_3,4_3_0,4_3_1,4_3_10,4_3_11,4_3_2,4_3_3,4_3_4,4_3_5,4_3_6,4_3_7,4_3_8,4_3_9,4_4_0,4_4_1,4_4_2,4_4_3,4_4_4,4_4_5,4_4_6,4_cvs</ver>
<p4>void swf_placeobject(int objid, int depth)</p4>
<p4d>Places the object, objid, in the current frame at depth, depth </p4d>
<texts><text><lng>de</lng>
<d>Place an object onto the screen</d>
</text><text><lng>en</lng>
<d>Place an object onto the screen</d>
</text></texts></PHPModuleRef><PHPModuleRef>
<t>swf_polarview</t>
<mn>swf</mn>
<ft>F</ft>
<ver>4_0_0,4_0_1,4_0_2,4_0_3,4_0_4,4_0_5,4_0_6,4_1_0,4_1_1,4_1_2,4_2_0,4_2_1,4_2_2,4_2_3,4_3_0,4_3_1,4_3_10,4_3_11,4_3_2,4_3_3,4_3_4,4_3_5,4_3_6,4_3_7,4_3_8,4_3_9,4_4_0,4_4_1,4_4_2,4_4_3,4_4_4,4_4_5,4_4_6,4_cvs</ver>
<p4>void swf_polarview(float dist, float azimuth, float incidence, float twist)</p4>
<p4d>Defines he viewer's position in polar coordinates </p4d>
<texts><text><lng>de</lng>
<d>Define the viewer's position with polar coordinates</d>
</text><text><lng>en</lng>
<d>Define the viewer's position with polar coordinates</d>
</text></texts></PHPModuleRef><PHPModuleRef>
<t>swf_popmatrix</t>
<mn>swf</mn>
<ft>F</ft>
<ver>4_0_0,4_0_1,4_0_2,4_0_3,4_0_4,4_0_5,4_0_6,4_1_0,4_1_1,4_1_2,4_2_0,4_2_1,4_2_2,4_2_3,4_3_0,4_3_1,4_3_10,4_3_11,4_3_2,4_3_3,4_3_4,4_3_5,4_3_6,4_3_7,4_3_8,4_3_9,4_4_0,4_4_1,4_4_2,4_4_3,4_4_4,4_4_5,4_4_6,4_cvs</ver>
<p4>void swf_popmatrix(void)</p4>
<p4d>Restore a previous transformation matrix </p4d>
<texts><text><lng>de</lng>
<d>Restore a previous transformation matrix</d>
</text><text><lng>en</lng>
<d>Restore a previous transformation matrix</d>
</text></texts></PHPModuleRef><PHPModuleRef>
<t>swf_posround</t>
<mn>swf</mn>
<ft>F</ft>
<ver>4_0_0,4_0_1,4_0_2,4_0_3,4_0_4,4_0_5,4_0_6,4_1_0,4_1_1,4_1_2,4_2_0,4_2_1,4_2_2,4_2_3,4_3_0,4_3_1,4_3_10,4_3_11,4_3_2,4_3_3,4_3_4,4_3_5,4_3_6,4_3_7,4_3_8,4_3_9,4_4_0,4_4_1,4_4_2,4_4_3,4_4_4,4_4_5,4_4_6,4_cvs</ver>
<p4>void swf_posround(int doit)</p4>
<p4d>This enables or disables rounding of the translation when objects are places or moved </p4d>
<texts><text><lng>de</lng>
<d>Enables or Disables the rounding of the translation when objectsare placed or moved</d>
</text><text><lng>en</lng>
<d>Enables or Disables the rounding of the translation when objects are placed or moved</d>
</text></texts></PHPModuleRef><PHPModuleRef>
<t>swf_pushmatrix</t>
<mn>swf</mn>
<ft>F</ft>
<ver>4_0_0,4_0_1,4_0_2,4_0_3,4_0_4,4_0_5,4_0_6,4_1_0,4_1_1,4_1_2,4_2_0,4_2_1,4_2_2,4_2_3,4_3_0,4_3_1,4_3_10,4_3_11,4_3_2,4_3_3,4_3_4,4_3_5,4_3_6,4_3_7,4_3_8,4_3_9,4_4_0,4_4_1,4_4_2,4_4_3,4_4_4,4_4_5,4_4_6,4_cvs</ver>
<p4>void swf_pushmatrix(void)</p4>
<p4d>Push the current transformation matrix onto the stack </p4d>
<texts><text><lng>de</lng>
<d>Push the current transformation matrix back unto the stack</d>
</text><text><lng>en</lng>
<d>Push the current transformation matrix back unto the stack</d>
</text></texts></PHPModuleRef><PHPModuleRef>
<t>swf_removeobject</t>
<mn>swf</mn>
<ft>F</ft>
<ver>4_0_0,4_0_1,4_0_2,4_0_3,4_0_4,4_0_5,4_0_6,4_1_0,4_1_1,4_1_2,4_2_0,4_2_1,4_2_2,4_2_3,4_3_0,4_3_1,4_3_10,4_3_11,4_3_2,4_3_3,4_3_4,4_3_5,4_3_6,4_3_7,4_3_8,4_3_9,4_4_0,4_4_1,4_4_2,4_4_3,4_4_4,4_4_5,4_4_6,4_cvs</ver>
<p4>void swf_removeobject(int depth)</p4>
<p4d>Removes the object at the specified depth </p4d>
<texts><text><lng>de</lng>
<d>Remove an object</d>
</text><text><lng>en</lng>
<d>Remove an object</d>
</text></texts></PHPModuleRef><PHPModuleRef>
<t>swf_rotate</t>
<mn>swf</mn>
<ft>F</ft>
<ver>4_0_0,4_0_1,4_0_2,4_0_3,4_0_4,4_0_5,4_0_6,4_1_0,4_1_1,4_1_2,4_2_0,4_2_1,4_2_2,4_2_3,4_3_0,4_3_1,4_3_10,4_3_11,4_3_2,4_3_3,4_3_4,4_3_5,4_3_6,4_3_7,4_3_8,4_3_9,4_4_0,4_4_1,4_4_2,4_4_3,4_4_4,4_4_5,4_4_6,4_cvs</ver>
<p4>void swf_rotate(float angle, string axis)</p4>
<p4d>Rotate the current transformation by the given angle about x, y, or z axis. The axis may be 'x', 'y', or 'z' </p4d>
<texts><text><lng>de</lng>
<d>Rotate the current transformation</d>
</text><text><lng>en</lng>
<d>Rotate the current transformation</d>
</text></texts></PHPModuleRef><PHPModuleRef>
<t>swf_scale</t>
<mn>swf</mn>
<ft>F</ft>
<ver>4_0_0,4_0_1,4_0_2,4_0_3,4_0_4,4_0_5,4_0_6,4_1_0,4_1_1,4_1_2,4_2_0,4_2_1,4_2_2,4_2_3,4_3_0,4_3_1,4_3_10,4_3_11,4_3_2,4_3_3,4_3_4,4_3_5,4_3_6,4_3_7,4_3_8,4_3_9,4_4_0,4_4_1,4_4_2,4_4_3,4_4_4,4_4_5,4_4_6,4_cvs</ver>
<p4>void swf_scale(float x, float y, float z)</p4>
<p4d>Scale the current transformation </p4d>
<texts><text><lng>de</lng>
<d>Scale the current transformation</d>
</text><text><lng>en</lng>
<d>Scale the current transformation</d>
</text></texts></PHPModuleRef><PHPModuleRef>
<t>swf_setfont</t>
<mn>swf</mn>
<ft>F</ft>
<ver>4_0_0,4_0_1,4_0_2,4_0_3,4_0_4,4_0_5,4_0_6,4_1_0,4_1_1,4_1_2,4_2_0,4_2_1,4_2_2,4_2_3,4_3_0,4_3_1,4_3_10,4_3_11,4_3_2,4_3_3,4_3_4,4_3_5,4_3_6,4_3_7,4_3_8,4_3_9,4_4_0,4_4_1,4_4_2,4_4_3,4_4_4,4_4_5,4_4_6,4_cvs</ver>
<p4>void swf_setfont(int fontid)</p4>
<p4d>Sets fontid to the current font </p4d>
<texts><text><lng>de</lng>
<d>Change the current font</d>
</text><text><lng>en</lng>
<d>Change the current font</d>
</text></texts></PHPModuleRef><PHPModuleRef>
<t>swf_setframe</t>
<mn>swf</mn>
<ft>F</ft>
<ver>4_0_0,4_0_1,4_0_2,4_0_3,4_0_4,4_0_5,4_0_6,4_1_0,4_1_1,4_1_2,4_2_0,4_2_1,4_2_2,4_2_3,4_3_0,4_3_1,4_3_10,4_3_11,4_3_2,4_3_3,4_3_4,4_3_5,4_3_6,4_3_7,4_3_8,4_3_9,4_4_0,4_4_1,4_4_2,4_4_3,4_4_4,4_4_5,4_4_6,4_cvs</ver>
<p4>void swf_setframe(int frame_number)</p4>
<p4d>Set the current frame number to the number given by frame_number </p4d>
<texts><text><lng>de</lng>
<d>Wechselt zu einem spezifizierten Frame</d>
</text><text><lng>en</lng>
<d>Switch to a specified frame</d>
</text></texts></PHPModuleRef><PHPModuleRef>
<t>swf_shapearc</t>
<mn>swf</mn>
<ft>F</ft>
<ver>4_0_0,4_0_1,4_0_2,4_0_3,4_0_4,4_0_5,4_0_6,4_1_0,4_1_1,4_1_2,4_2_0,4_2_1,4_2_2,4_2_3,4_3_0,4_3_1,4_3_10,4_3_11,4_3_2,4_3_3,4_3_4,4_3_5,4_3_6,4_3_7,4_3_8,4_3_9,4_4_0,4_4_1,4_4_2,4_4_3,4_4_4,4_4_5,4_4_6,4_cvs</ver>
<p4>void swf_shapearc(float x, float y, float r, float ang1, float ang2)</p4>
<p4d>Draws a circular arc from ang1 to ang2. The center of the circle is given by x, and y. r specifies the radius of the arc </p4d>
<texts><text><lng>de</lng>
<d>Draw a circular arc</d>
</text><text><lng>en</lng>
<d>Draw a circular arc</d>
</text></texts></PHPModuleRef><PHPModuleRef>
<t>swf_shapecurveto</t>
<mn>swf</mn>
<ft>F</ft>
<ver>4_0_0,4_0_1,4_0_2,4_0_3,4_0_4,4_0_5,4_0_6,4_1_0,4_1_1,4_1_2,4_2_0,4_2_1,4_2_2,4_2_3,4_3_0,4_3_1,4_3_10,4_3_11,4_3_2,4_3_3,4_3_4,4_3_5,4_3_6,4_3_7,4_3_8,4_3_9,4_4_0,4_4_1,4_4_2,4_4_3,4_4_4,4_4_5,4_4_6,4_cvs</ver>
<p4>void swf_shapecurveto(float x1, float y1, float x2, float y2)</p4>
<p4d>Draws a quadratic bezier curve starting at the current position using x1, y1 as an off curve control point and using x2, y2 as the end point. The current position is then set to x2, y2. </p4d>
<texts><text><lng>de</lng>
<d>Draw a quadratic bezier curve between two points</d>
</text><text><lng>en</lng>
<d>Draw a quadratic bezier curve between two points</d>
</text></texts></PHPModuleRef><PHPModuleRef>
<t>swf_shapecurveto3</t>
<mn>swf</mn>
<ft>F</ft>
<ver>4_0_0,4_0_1,4_0_2,4_0_3,4_0_4,4_0_5,4_0_6,4_1_0,4_1_1,4_1_2,4_2_0,4_2_1,4_2_2,4_2_3,4_3_0,4_3_1,4_3_10,4_3_11,4_3_2,4_3_3,4_3_4,4_3_5,4_3_6,4_3_7,4_3_8,4_3_9,4_4_0,4_4_1,4_4_2,4_4_3,4_4_4,4_4_5,4_4_6,4_cvs</ver>
<p4>void swf_shapecurveto3(float x1, float y1, float x2, float y2, float x3, float y3)</p4>
<p4d>Draws a cubic bezier curve starting at the current position using x1, y1 and x2, y2 as off curve control points and using x3,y3 as the end point.  The current position is then sent to x3, y3 </p4d>
<texts><text><lng>de</lng>
<d>Draw a cubic bezier curve</d>
</text><text><lng>en</lng>
<d>Draw a cubic bezier curve</d>
</text></texts></PHPModuleRef><PHPModuleRef>
<t>swf_shapefillbitmapclip</t>
<mn>swf</mn>
<ft>F</ft>
<ver>4_0_0,4_0_1,4_0_2,4_0_3,4_0_4,4_0_5,4_0_6,4_1_0,4_1_1,4_1_2,4_2_0,4_2_1,4_2_2,4_2_3,4_3_0,4_3_1,4_3_10,4_3_11,4_3_2,4_3_3,4_3_4,4_3_5,4_3_6,4_3_7,4_3_8,4_3_9,4_4_0,4_4_1,4_4_2,4_4_3,4_4_4,4_4_5,4_4_6,4_cvs</ver>
<p4>void swf_shapefillbitmapclip(int bitmapid)</p4>
<p4d>Sets the current fill mode to clipped bitmap fill. Pixels from the previously defined bitmapid will be used to fill areas </p4d>
<texts><text><lng>de</lng>
<d>Set current fill mode to clipped bitmap</d>
</text><text><lng>en</lng>
<d>Set current fill mode to clipped bitmap</d>
</text></texts></PHPModuleRef><PHPModuleRef>
<t>swf_shapefillbitmaptile</t>
<mn>swf</mn>
<ft>F</ft>
<ver>4_0_0,4_0_1,4_0_2,4_0_3,4_0_4,4_0_5,4_0_6,4_1_0,4_1_1,4_1_2,4_2_0,4_2_1,4_2_2,4_2_3,4_3_0,4_3_1,4_3_10,4_3_11,4_3_2,4_3_3,4_3_4,4_3_5,4_3_6,4_3_7,4_3_8,4_3_9,4_4_0,4_4_1,4_4_2,4_4_3,4_4_4,4_4_5,4_4_6,4_cvs</ver>
<p4>void swf_shapefillbitmaptile(int bitmapid)</p4>
<p4d>Sets the current fill mode to tiled bitmap fill. Pixels from the previously defined bitmapid will be used to fill areas </p4d>
<texts><text><lng>de</lng>
<d>Set current fill mode to tiled bitmap</d>
</text><text><lng>en</lng>
<d>Set current fill mode to tiled bitmap</d>
</text></texts></PHPModuleRef><PHPModuleRef>
<t>swf_shapefilloff</t>
<mn>swf</mn>
<ft>F</ft>
<ver>4_0_0,4_0_1,4_0_2,4_0_3,4_0_4,4_0_5,4_0_6,4_1_0,4_1_1,4_1_2,4_2_0,4_2_1,4_2_2,4_2_3,4_3_0,4_3_1,4_3_10,4_3_11,4_3_2,4_3_3,4_3_4,4_3_5,4_3_6,4_3_7,4_3_8,4_3_9,4_4_0,4_4_1,4_4_2,4_4_3,4_4_4,4_4_5,4_4_6,4_cvs</ver>
<p4>void swf_shapefilloff(void)</p4>
<p4d>Turns off filling </p4d>
<texts><text><lng>de</lng>
<d>Turns off filling</d>
</text><text><lng>en</lng>
<d>Turns off filling</d>
</text></texts></PHPModuleRef><PHPModuleRef>
<t>swf_shapefillsolid</t>
<mn>swf</mn>
<ft>F</ft>
<ver>4_0_0,4_0_1,4_0_2,4_0_3,4_0_4,4_0_5,4_0_6,4_1_0,4_1_1,4_1_2,4_2_0,4_2_1,4_2_2,4_2_3,4_3_0,4_3_1,4_3_10,4_3_11,4_3_2,4_3_3,4_3_4,4_3_5,4_3_6,4_3_7,4_3_8,4_3_9,4_4_0,4_4_1,4_4_2,4_4_3,4_4_4,4_4_5,4_4_6,4_cvs</ver>
<p4>void swf_shapefillsolid(float r, float g, float b, float a)</p4>
<p4d>Sets the current fill style to a solid fill with the specified rgba color </p4d>
<texts><text><lng>de</lng>
<d>Set the current fill style to the specified color</d>
</text><text><lng>en</lng>
<d>Set the current fill style to the specified color</d>
</text></texts></PHPModuleRef><PHPModuleRef>
<t>swf_shapelinesolid</t>
<mn>swf</mn>
<ft>F</ft>
<ver>4_0_0,4_0_1,4_0_2,4_0_3,4_0_4,4_0_5,4_0_6,4_1_0,4_1_1,4_1_2,4_2_0,4_2_1,4_2_2,4_2_3,4_3_0,4_3_1,4_3_10,4_3_11,4_3_2,4_3_3,4_3_4,4_3_5,4_3_6,4_3_7,4_3_8,4_3_9,4_4_0,4_4_1,4_4_2,4_4_3,4_4_4,4_4_5,4_4_6,4_cvs</ver>
<p4>void swf_shapelinesolid(float r, float g, float b, float a, float width)</p4>
<p4d>Create a line with color defined by rgba, and a width of width </p4d>
<texts><text><lng>de</lng>
<d>Set the current line style</d>
</text><text><lng>en</lng>
<d>Set the current line style</d>
</text></texts></PHPModuleRef><PHPModuleRef>
<t>swf_shapelineto</t>
<mn>swf</mn>
<ft>F</ft>
<ver>4_0_0,4_0_1,4_0_2,4_0_3,4_0_4,4_0_5,4_0_6,4_1_0,4_1_1,4_1_2,4_2_0,4_2_1,4_2_2,4_2_3,4_3_0,4_3_1,4_3_10,4_3_11,4_3_2,4_3_3,4_3_4,4_3_5,4_3_6,4_3_7,4_3_8,4_3_9,4_4_0,4_4_1,4_4_2,4_4_3,4_4_4,4_4_5,4_4_6,4_cvs</ver>
<p4>void swf_shapelineto(float x, float y)</p4>
<p4d>Draws a line from the current position to x,y, the current position is then set to x,y </p4d>
<texts><text><lng>de</lng>
<d>Draw a line</d>
</text><text><lng>en</lng>
<d>Draw a line</d>
</text></texts></PHPModuleRef><PHPModuleRef>
<t>swf_shapemoveto</t>
<mn>swf</mn>
<ft>F</ft>
<ver>4_0_0,4_0_1,4_0_2,4_0_3,4_0_4,4_0_5,4_0_6,4_1_0,4_1_1,4_1_2,4_2_0,4_2_1,4_2_2,4_2_3,4_3_0,4_3_1,4_3_10,4_3_11,4_3_2,4_3_3,4_3_4,4_3_5,4_3_6,4_3_7,4_3_8,4_3_9,4_4_0,4_4_1,4_4_2,4_4_3,4_4_4,4_4_5,4_4_6,4_cvs</ver>
<p4>void swf_shapemoveto(float x, float y)</p4>
<p4d>swf_shapemoveto moves the current position to the given x,y. </p4d>
<texts><text><lng>de</lng>
<d>Move the current position</d>
</text><text><lng>en</lng>
<d>Move the current position</d>
</text></texts></PHPModuleRef><PHPModuleRef>
<t>swf_showframe</t>
<mn>swf</mn>
<ft>F</ft>
<ver>4_0_0,4_0_1,4_0_2,4_0_3,4_0_4,4_0_5,4_0_6,4_1_0,4_1_1,4_1_2,4_2_0,4_2_1,4_2_2,4_2_3,4_3_0,4_3_1,4_3_10,4_3_11,4_3_2,4_3_3,4_3_4,4_3_5,4_3_6,4_3_7,4_3_8,4_3_9,4_4_0,4_4_1,4_4_2,4_4_3,4_4_4,4_4_5,4_4_6,4_cvs</ver>
<p4>void swf_showframe(void)</p4>
<p4d>Finish the current frame </p4d>
<texts><text><lng>de</lng>
<d>Zeigt den aktuellen Frame an</d>
</text><text><lng>en</lng>
<d>Display the current frame</d>
</text></texts></PHPModuleRef><PHPModuleRef>
<t>swf_startbutton</t>
<mn>swf</mn>
<ft>F</ft>
<ver>4_0_0,4_0_1,4_0_2,4_0_3,4_0_4,4_0_5,4_0_6,4_1_0,4_1_1,4_1_2,4_2_0,4_2_1,4_2_2,4_2_3,4_3_0,4_3_1,4_3_10,4_3_11,4_3_2,4_3_3,4_3_4,4_3_5,4_3_6,4_3_7,4_3_8,4_3_9,4_4_0,4_4_1,4_4_2,4_4_3,4_4_4,4_4_5,4_4_6,4_cvs</ver>
<p4>void swf_startbutton(int objid, int type)</p4>
<p4d>Start a button with an object id, objid and a type of either TYPE_MENUBUTTON or TYPE_PUSHBUTTON </p4d>
<texts><text><lng>de</lng>
<d>Start the definition of a button</d>
</text><text><lng>en</lng>
<d>Start the definition of a button</d>
</text></texts></PHPModuleRef><PHPModuleRef>
<t>swf_startdoaction</t>
<mn>swf</mn>
<ft>F</ft>
<ver>4_0_0,4_0_1,4_0_2,4_0_3,4_0_4,4_0_5,4_0_6,4_1_0,4_1_1,4_1_2,4_2_0,4_2_1,4_2_2,4_2_3,4_3_0,4_3_1,4_3_10,4_3_11,4_3_2,4_3_3,4_3_4,4_3_5,4_3_6,4_3_7,4_3_8,4_3_9,4_4_0,4_4_1,4_4_2,4_4_3,4_4_4,4_4_5,4_4_6,4_cvs</ver>
<p4>void swf_startdoaction(void)</p4>
<p4d>Starts the description of an action list for the current frame </p4d>
<texts><text><lng>de</lng>
<d>Start a description of an action list for the current frame</d>
</text><text><lng>en</lng>
<d>Start a description of an action list for the current frame</d>
</text></texts></PHPModuleRef><PHPModuleRef>
<t>swf_startshape</t>
<mn>swf</mn>
<ft>F</ft>
<ver>4_0_0,4_0_1,4_0_2,4_0_3,4_0_4,4_0_5,4_0_6,4_1_0,4_1_1,4_1_2,4_2_0,4_2_1,4_2_2,4_2_3,4_3_0,4_3_1,4_3_10,4_3_11,4_3_2,4_3_3,4_3_4,4_3_5,4_3_6,4_3_7,4_3_8,4_3_9,4_4_0,4_4_1,4_4_2,4_4_3,4_4_4,4_4_5,4_4_6,4_cvs</ver>
<p4>void swf_startshape(int objid)</p4>
<p4d>Initialize a new shape with object id, objid </p4d>
<texts><text><lng>de</lng>
<d>Start a complex shape</d>
</text><text><lng>en</lng>
<d>Start a complex shape</d>
</text></texts></PHPModuleRef><PHPModuleRef>
<t>swf_startsymbol</t>
<mn>swf</mn>
<ft>F</ft>
<ver>4_0_0,4_0_1,4_0_2,4_0_3,4_0_4,4_0_5,4_0_6,4_1_0,4_1_1,4_1_2,4_2_0,4_2_1,4_2_2,4_2_3,4_3_0,4_3_1,4_3_10,4_3_11,4_3_2,4_3_3,4_3_4,4_3_5,4_3_6,4_3_7,4_3_8,4_3_9,4_4_0,4_4_1,4_4_2,4_4_3,4_4_4,4_4_5,4_4_6,4_cvs</ver>
<p4>void swf_startsymbol(int objid)</p4>
<p4d>Create a new symbol with object id, objid </p4d>
<texts><text><lng>de</lng>
<d>Define a symbol</d>
</text><text><lng>en</lng>
<d>Define a symbol</d>
</text></texts></PHPModuleRef><PHPModuleRef>
<t>swf_textwidth</t>
<mn>swf</mn>
<ft>F</ft>
<ver>4_0_0,4_0_1,4_0_2,4_0_3,4_0_4,4_0_5,4_0_6,4_1_0,4_1_1,4_1_2,4_2_0,4_2_1,4_2_2,4_2_3,4_3_0,4_3_1,4_3_10,4_3_11,4_3_2,4_3_3,4_3_4,4_3_5,4_3_6,4_3_7,4_3_8,4_3_9,4_4_0,4_4_1,4_4_2,4_4_3,4_4_4,4_4_5,4_4_6,4_cvs</ver>
<p4>void swf_textwidth(string str)</p4>
<p4d>Calculates the width of a string, str, using the current fontsize &amp; current font </p4d>
<texts><text><lng>de</lng>
<d>Get the width of a string</d>
</text><text><lng>en</lng>
<d>Get the width of a string</d>
</text></texts></PHPModuleRef><PHPModuleRef>
<t>swf_translate</t>
<mn>swf</mn>
<ft>F</ft>
<ver>4_0_0,4_0_1,4_0_2,4_0_3,4_0_4,4_0_5,4_0_6,4_1_0,4_1_1,4_1_2,4_2_0,4_2_1,4_2_2,4_2_3,4_3_0,4_3_1,4_3_10,4_3_11,4_3_2,4_3_3,4_3_4,4_3_5,4_3_6,4_3_7,4_3_8,4_3_9,4_4_0,4_4_1,4_4_2,4_4_3,4_4_4,4_4_5,4_4_6,4_cvs</ver>
<p4>void swf_translate(float x, float y, float z)</p4>
<p4d>Translate the current transformation </p4d>
<texts><text><lng>de</lng>
<d>Translate the current transformations</d>
</text><text><lng>en</lng>
<d>Translate the current transformations</d>
</text></texts></PHPModuleRef><PHPModuleRef>
<t>swf_viewport</t>
<mn>swf</mn>
<ft>F</ft>
<ver>4_0_0,4_0_1,4_0_2,4_0_3,4_0_4,4_0_5,4_0_6,4_1_0,4_1_1,4_1_2,4_2_0,4_2_1,4_2_2,4_2_3,4_3_0,4_3_1,4_3_10,4_3_11,4_3_2,4_3_3,4_3_4,4_3_5,4_3_6,4_3_7,4_3_8,4_3_9,4_4_0,4_4_1,4_4_2,4_4_3,4_4_4,4_4_5,4_4_6,4_cvs</ver>
<p4>void swf_viewport(float xmin, float xmax, float ymin, float ymax)</p4>
<p4d>Selects an area on the drawing surface for future drawing </p4d>
<texts><text><lng>de</lng>
<d>Select an area for future drawing</d>
</text><text><lng>en</lng>
<d>Select an area for future drawing</d>
</text></texts></PHPModuleRef><PHPModuleRef>
<t>BSDown</t>
<mn>swf</mn>
<ft>C</ft>
<p4>float BSDown</p4>
<p5>float BSDown</p5>
</PHPModuleRef><PHPModuleRef>
<t>BSHitTest</t>
<mn>swf</mn>
<ft>C</ft>
<p4>float BSHitTest</p4>
<p5>float BSHitTest</p5>
</PHPModuleRef><PHPModuleRef>
<t>BSOver</t>
<mn>swf</mn>
<ft>C</ft>
<p4>float BSOver</p4>
<p5>float BSOver</p5>
</PHPModuleRef><PHPModuleRef>
<t>BSUp</t>
<mn>swf</mn>
<ft>C</ft>
<p4>float BSUp</p4>
<p5>float BSUp</p5>
</PHPModuleRef><PHPModuleRef>
<t>ButtonEnter</t>
<mn>swf</mn>
<ft>C</ft>
<p4>integer ButtonEnter</p4>
<p5>integer ButtonEnter</p5>
</PHPModuleRef><PHPModuleRef>
<t>ButtonExit</t>
<mn>swf</mn>
<ft>C</ft>
<p4>integer ButtonExit</p4>
<p5>integer ButtonExit</p5>
</PHPModuleRef><PHPModuleRef>
<t>IdletoOverDown</t>
<mn>swf</mn>
<ft>C</ft>
<p4>integer IdletoOverDown</p4>
<p5>integer IdletoOverDown</p5>
</PHPModuleRef><PHPModuleRef>
<t>IdletoOverUp</t>
<mn>swf</mn>
<ft>C</ft>
<p4>integer IdletoOverUp</p4>
<p5>integer IdletoOverUp</p5>
</PHPModuleRef><PHPModuleRef>
<t>MenuEnter</t>
<mn>swf</mn>
<ft>C</ft>
<p4>integer MenuEnter</p4>
<p5>integer MenuEnter</p5>
</PHPModuleRef><PHPModuleRef>
<t>MenuExit</t>
<mn>swf</mn>
<ft>C</ft>
<p4>integer MenuExit</p4>
<p5>integer MenuExit</p5>
</PHPModuleRef><PHPModuleRef>
<t>MOD_COLOR</t>
<mn>swf</mn>
<ft>C</ft>
<p4>integer MOD_COLOR</p4>
<p5>integer MOD_COLOR</p5>
</PHPModuleRef><PHPModuleRef>
<t>MOD_MATRIX</t>
<mn>swf</mn>
<ft>C</ft>
<p4>integer MOD_MATRIX</p4>
<p5>integer MOD_MATRIX</p5>
</PHPModuleRef><PHPModuleRef>
<t>OutDowntoIdle</t>
<mn>swf</mn>
<ft>C</ft>
<p4>integer OutDowntoIdle</p4>
<p5>integer OutDowntoIdle</p5>
</PHPModuleRef><PHPModuleRef>
<t>OutDowntoOverDown</t>
<mn>swf</mn>
<ft>C</ft>
<p4>integer OutDowntoOverDown</p4>
<p5>integer OutDowntoOverDown</p5>
</PHPModuleRef><PHPModuleRef>
<t>OverDowntoIdle</t>
<mn>swf</mn>
<ft>C</ft>
<p4>integer OverDowntoIdle</p4>
<p5>integer OverDowntoIdle</p5>
</PHPModuleRef><PHPModuleRef>
<t>OverDowntoOutDown</t>
<mn>swf</mn>
<ft>C</ft>
<p4>integer OverDowntoOutDown</p4>
<p5>integer OverDowntoOutDown</p5>
</PHPModuleRef><PHPModuleRef>
<t>OverUptoIdle</t>
<mn>swf</mn>
<ft>C</ft>
<p4>integer OverUptoIdle</p4>
<p5>integer OverUptoIdle</p5>
</PHPModuleRef><PHPModuleRef>
<t>OverUptoOverDown</t>
<mn>swf</mn>
<ft>C</ft>
<p4>integer OverUptoOverDown</p4>
<p5>integer OverUptoOverDown</p5>
</PHPModuleRef><PHPModuleRef>
<t>TYPE_MENUBUTTON</t>
<mn>swf</mn>
<ft>C</ft>
<p4>integer TYPE_MENUBUTTON</p4>
<p5>integer TYPE_MENUBUTTON</p5>
</PHPModuleRef><PHPModuleRef>
<t>TYPE_PUSHBUTTON</t>
<mn>swf</mn>
<ft>C</ft>
<p4>integer TYPE_PUSHBUTTON</p4>
<p5>integer TYPE_PUSHBUTTON</p5>
</PHPModuleRef></PHPModuleRef-List>
