<?xml version="1.0" encoding="utf-8"?>
<PHPModuleRef-List>
<PHPModuleRef>
<t>mssql_affected_rows</t>
<mn>sybase</mn>
<ft>A</ft>
<af>sybase_affected_rows</af>
<ver>4_0_0,4_0_1,4_0_2,4_0_3,4_0_4,4_0_5,4_0_6,4_1_0,4_1_1,4_1_2,4_2_0,4_2_1,4_2_2,4_2_3,4_3_0,4_3_1,4_3_10,4_3_11,4_3_2,4_3_3,4_3_4,4_3_5,4_3_6,4_3_7,4_3_8,4_3_9,4_4_0,4_4_1,4_4_2,4_4_3,4_4_4,4_4_5,4_4_6,4_cvs,5_0_0,5_0_1,5_0_2,5_0_3,5_1_0,5_1_1,5_1_2,5_1_3,5_1_4,5_1_5,5_1_6,5_2_0,5_2_1,5_cvs</ver>
</PHPModuleRef><PHPModuleRef>
<t>sybase_affected_rows</t>
<mn>sybase</mn>
<ft>F</ft>
<ver>4_0_0,4_0_1,4_0_2,4_0_3,4_0_4,4_0_5,4_0_6,4_1_0,4_1_1,4_1_2,4_2_0,4_2_1,4_2_2,4_2_3,4_3_0,4_3_1,4_3_10,4_3_11,4_3_2,4_3_3,4_3_4,4_3_5,4_3_6,4_3_7,4_3_8,4_3_9,4_4_0,4_4_1,4_4_2,4_4_3,4_4_4,4_4_5,4_4_6,4_cvs,5_0_0,5_0_1,5_0_2,5_0_3,5_1_0,5_1_1,5_1_2,5_1_3,5_1_4,5_1_5,5_1_6,5_2_0,5_2_1,5_cvs</ver>
<p4>int sybase_affected_rows([int link_id])</p4>
<p4d>Get number of affected rows in last query </p4d>
<p5>int sybase_affected_rows([int link_id])</p5>
<p5d>Get number of affected rows in last query </p5d>
<texts><text><lng>en</lng>
<d>Gets number of affected rows in last query</d>
</text></texts></PHPModuleRef><PHPModuleRef>
<t>sybase_close</t>
<mn>sybase</mn>
<ft>F</ft>
<ver>4_0_0,4_0_1,4_0_2,4_0_3,4_0_4,4_0_5,4_0_6,4_1_0,4_1_1,4_1_2,4_2_0,4_2_1,4_2_2,4_2_3,4_3_0,4_3_1,4_3_10,4_3_11,4_3_2,4_3_3,4_3_4,4_3_5,4_3_6,4_3_7,4_3_8,4_3_9,4_4_0,4_4_1,4_4_2,4_4_3,4_4_4,4_4_5,4_4_6,4_cvs,5_0_0,5_0_1,5_0_2,5_0_3,5_1_0,5_1_1,5_1_2,5_1_3,5_1_4,5_1_5,5_1_6,5_2_0,5_2_1,5_cvs</ver>
<p4>bool sybase_close([int link_id])</p4>
<p4d>Close Sybase connection </p4d>
<p5>bool sybase_close([int link_id])</p5>
<p5d>Close Sybase connection </p5d>
<texts><text><lng>en</lng>
<d>Closes a Sybase connection</d>
</text></texts></PHPModuleRef><PHPModuleRef>
<t>sybase_connect</t>
<mn>sybase</mn>
<ft>F</ft>
<ver>4_0_0,4_0_1,4_0_2,4_0_3,4_0_4,4_0_5,4_0_6,4_1_0,4_1_1,4_1_2,4_2_0,4_2_1,4_2_2,4_2_3,4_3_0,4_3_1,4_3_10,4_3_11,4_3_2,4_3_3,4_3_4,4_3_5,4_3_6,4_3_7,4_3_8,4_3_9,4_4_0,4_4_1,4_4_2,4_4_3,4_4_4,4_4_5,4_4_6,4_cvs,5_0_0,5_0_1,5_0_2,5_0_3,5_1_0,5_1_1,5_1_2,5_1_3,5_1_4,5_1_5,5_1_6,5_2_0,5_2_1,5_cvs</ver>
<p4>int sybase_connect([string host [, string user [, string password [, string charset [, string appnam</p4>
<p4d>Open Sybase server connection </p4d>
<p5>int sybase_connect([string host [, string user [, string password [, string charset [, string appnam</p5>
<p5d>Open Sybase server connection </p5d>
<texts><text><lng>en</lng>
<d>Opens a Sybase server connection</d>
</text></texts></PHPModuleRef><PHPModuleRef>
<t>sybase_data_seek</t>
<mn>sybase</mn>
<ft>F</ft>
<ver>4_0_0,4_0_1,4_0_2,4_0_3,4_0_4,4_0_5,4_0_6,4_1_0,4_1_1,4_1_2,4_2_0,4_2_1,4_2_2,4_2_3,4_3_0,4_3_1,4_3_10,4_3_11,4_3_2,4_3_3,4_3_4,4_3_5,4_3_6,4_3_7,4_3_8,4_3_9,4_4_0,4_4_1,4_4_2,4_4_3,4_4_4,4_4_5,4_4_6,4_cvs,5_0_0,5_0_1,5_0_2,5_0_3,5_1_0,5_1_1,5_1_2,5_1_3,5_1_4,5_1_5,5_1_6,5_2_0,5_2_1,5_cvs</ver>
<p4>bool sybase_data_seek(int result, int offset)</p4>
<p4d>Move internal row pointer </p4d>
<p5>bool sybase_data_seek(int result, int offset)</p5>
<p5d>Move internal row pointer </p5d>
<texts><text><lng>en</lng>
<d>Moves internal row pointer</d>
</text></texts></PHPModuleRef><PHPModuleRef>
<t>sybase_fetch_array</t>
<mn>sybase</mn>
<ft>F</ft>
<ver>4_0_0,4_0_1,4_0_2,4_0_3,4_0_4,4_0_5,4_0_6,4_1_0,4_1_1,4_1_2,4_2_0,4_2_1,4_2_2,4_2_3,4_3_0,4_3_1,4_3_10,4_3_11,4_3_2,4_3_3,4_3_4,4_3_5,4_3_6,4_3_7,4_3_8,4_3_9,4_4_0,4_4_1,4_4_2,4_4_3,4_4_4,4_4_5,4_4_6,4_cvs,5_0_0,5_0_1,5_0_2,5_0_3,5_1_0,5_1_1,5_1_2,5_1_3,5_1_4,5_1_5,5_1_6,5_2_0,5_2_1,5_cvs</ver>
<p4>array sybase_fetch_array(int result)</p4>
<p4d>Fetch row as array </p4d>
<p5>array sybase_fetch_array(int result)</p5>
<p5d>Fetch row as array </p5d>
<texts><text><lng>en</lng>
<d>Fetch row as array</d>
</text></texts></PHPModuleRef><PHPModuleRef>
<t>sybase_fetch_field</t>
<mn>sybase</mn>
<ft>F</ft>
<ver>4_0_0,4_0_1,4_0_2,4_0_3,4_0_4,4_0_5,4_0_6,4_1_0,4_1_1,4_1_2,4_2_0,4_2_1,4_2_2,4_2_3,4_3_0,4_3_1,4_3_10,4_3_11,4_3_2,4_3_3,4_3_4,4_3_5,4_3_6,4_3_7,4_3_8,4_3_9,4_4_0,4_4_1,4_4_2,4_4_3,4_4_4,4_4_5,4_4_6,4_cvs,5_0_0,5_0_1,5_0_2,5_0_3,5_1_0,5_1_1,5_1_2,5_1_3,5_1_4,5_1_5,5_1_6,5_2_0,5_2_1,5_cvs</ver>
<p4>object sybase_fetch_field(int result [, int offset])</p4>
<p4d>Get field information </p4d>
<p5>object sybase_fetch_field(int result [, int offset])</p5>
<p5d>Get field information </p5d>
<texts><text><lng>en</lng>
<d>Get field information from a result</d>
</text></texts></PHPModuleRef><PHPModuleRef>
<t>sybase_fetch_object</t>
<mn>sybase</mn>
<ft>F</ft>
<ver>4_0_0,4_0_1,4_0_2,4_0_3,4_0_4,4_0_5,4_0_6,4_1_0,4_1_1,4_1_2,4_2_0,4_2_1,4_2_2,4_2_3,4_3_0,4_3_1,4_3_10,4_3_11,4_3_2,4_3_3,4_3_4,4_3_5,4_3_6,4_3_7,4_3_8,4_3_9,4_4_0,4_4_1,4_4_2,4_4_3,4_4_4,4_4_5,4_4_6,4_cvs,5_0_0,5_0_1,5_0_2,5_0_3,5_1_0,5_1_1,5_1_2,5_1_3,5_1_4,5_1_5,5_1_6,5_2_0,5_2_1,5_cvs</ver>
<p4>object sybase_fetch_object(int result)</p4>
<p4d>Fetch row as object </p4d>
<p5>object sybase_fetch_object(int result)</p5>
<p5d>Fetch row as object </p5d>
<texts><text><lng>en</lng>
<d>Fetch a row as an object</d>
</text></texts></PHPModuleRef><PHPModuleRef>
<t>sybase_fetch_row</t>
<mn>sybase</mn>
<ft>F</ft>
<ver>4_0_0,4_0_1,4_0_2,4_0_3,4_0_4,4_0_5,4_0_6,4_1_0,4_1_1,4_1_2,4_2_0,4_2_1,4_2_2,4_2_3,4_3_0,4_3_1,4_3_10,4_3_11,4_3_2,4_3_3,4_3_4,4_3_5,4_3_6,4_3_7,4_3_8,4_3_9,4_4_0,4_4_1,4_4_2,4_4_3,4_4_4,4_4_5,4_4_6,4_cvs,5_0_0,5_0_1,5_0_2,5_0_3,5_1_0,5_1_1,5_1_2,5_1_3,5_1_4,5_1_5,5_1_6,5_2_0,5_2_1,5_cvs</ver>
<p4>array sybase_fetch_row(int result)</p4>
<p4d>Get row as enumerated array </p4d>
<p5>array sybase_fetch_row(int result)</p5>
<p5d>Get row as enumerated array </p5d>
<texts><text><lng>en</lng>
<d>Get a result row as an enumerated array</d>
</text></texts></PHPModuleRef><PHPModuleRef>
<t>sybase_field_seek</t>
<mn>sybase</mn>
<ft>F</ft>
<ver>4_0_0,4_0_1,4_0_2,4_0_3,4_0_4,4_0_5,4_0_6,4_1_0,4_1_1,4_1_2,4_2_0,4_2_1,4_2_2,4_2_3,4_3_0,4_3_1,4_3_10,4_3_11,4_3_2,4_3_3,4_3_4,4_3_5,4_3_6,4_3_7,4_3_8,4_3_9,4_4_0,4_4_1,4_4_2,4_4_3,4_4_4,4_4_5,4_4_6,4_cvs,5_0_0,5_0_1,5_0_2,5_0_3,5_1_0,5_1_1,5_1_2,5_1_3,5_1_4,5_1_5,5_1_6,5_2_0,5_2_1,5_cvs</ver>
<p4>bool sybase_field_seek(int result, int offset)</p4>
<p4d>Set field offset </p4d>
<p5>bool sybase_field_seek(int result, int offset)</p5>
<p5d>Set field offset </p5d>
<texts><text><lng>en</lng>
<d>Sets field offset</d>
</text></texts></PHPModuleRef><PHPModuleRef>
<t>sybase_free_result</t>
<mn>sybase</mn>
<ft>F</ft>
<ver>4_0_0,4_0_1,4_0_2,4_0_3,4_0_4,4_0_5,4_0_6,4_1_0,4_1_1,4_1_2,4_2_0,4_2_1,4_2_2,4_2_3,4_3_0,4_3_1,4_3_10,4_3_11,4_3_2,4_3_3,4_3_4,4_3_5,4_3_6,4_3_7,4_3_8,4_3_9,4_4_0,4_4_1,4_4_2,4_4_3,4_4_4,4_4_5,4_4_6,4_cvs,5_0_0,5_0_1,5_0_2,5_0_3,5_1_0,5_1_1,5_1_2,5_1_3,5_1_4,5_1_5,5_1_6,5_2_0,5_2_1,5_cvs</ver>
<p4>bool sybase_free_result(int result)</p4>
<p4d>Free result memory </p4d>
<p5>bool sybase_free_result(int result)</p5>
<p5d>Free result memory </p5d>
<texts><text><lng>en</lng>
<d>Frees result memory</d>
</text></texts></PHPModuleRef><PHPModuleRef>
<t>sybase_get_last_message</t>
<mn>sybase</mn>
<ft>F</ft>
<ver>4_0_0,4_0_1,4_0_2,4_0_3,4_0_4,4_0_5,4_0_6,4_1_0,4_1_1,4_1_2,4_2_0,4_2_1,4_2_2,4_2_3,4_3_0,4_3_1,4_3_10,4_3_11,4_3_2,4_3_3,4_3_4,4_3_5,4_3_6,4_3_7,4_3_8,4_3_9,4_4_0,4_4_1,4_4_2,4_4_3,4_4_4,4_4_5,4_4_6,4_cvs,5_0_0,5_0_1,5_0_2,5_0_3,5_1_0,5_1_1,5_1_2,5_1_3,5_1_4,5_1_5,5_1_6,5_2_0,5_2_1,5_cvs</ver>
<p4>string sybase_get_last_message(void)</p4>
<p4d>Returns the last message from server (over min_message_severity) </p4d>
<p5>string sybase_get_last_message(void)</p5>
<p5d>Returns the last message from server (over min_message_severity) </p5d>
<texts><text><lng>en</lng>
<d>Returns the last message from the server</d>
</text></texts></PHPModuleRef><PHPModuleRef>
<t>sybase_min_error_severity</t>
<mn>sybase</mn>
<ft>F</ft>
<ver>4_0_0,4_0_1,4_0_2,4_0_3,4_0_4,4_0_5,4_0_6,4_1_0,4_1_1,4_1_2,4_2_0,4_2_1,4_2_2,4_2_3,4_3_0,4_3_1,4_3_10,4_3_11,4_3_2,4_3_3,4_3_4,4_3_5,4_3_6,4_3_7,4_3_8,4_3_9,4_4_0,4_4_1,4_4_2,4_4_3,4_4_4,4_4_5,4_4_6,4_cvs,5_0_0,5_0_1,5_0_2,5_0_3,5_1_0,5_1_1,5_1_2,5_1_3,5_1_4,5_1_5,5_1_6,5_2_0,5_2_1,5_cvs</ver>
<p4>void sybase_min_error_severity(int severity)</p4>
<p4d>Sets the minimum error severity </p4d>
<p5>void sybase_min_error_severity(int severity)</p5>
<p5d>Sets the minimum error severity </p5d>
<texts><text><lng>en</lng>
<d>Sets minimum error severity</d>
</text></texts></PHPModuleRef><PHPModuleRef>
<t>sybase_min_message_severity</t>
<mn>sybase</mn>
<ft>F</ft>
<ver>4_0_0,4_0_1,4_0_2,4_0_3,4_0_4,4_0_5,4_0_6,4_1_0,4_1_1,4_1_2,4_2_0,4_2_1,4_2_2,4_2_3,4_3_0,4_3_1,4_3_10,4_3_11,4_3_2,4_3_3,4_3_4,4_3_5,4_3_6,4_3_7,4_3_8,4_3_9,4_4_0,4_4_1,4_4_2,4_4_3,4_4_4,4_4_5,4_4_6,4_cvs,5_0_0,5_0_1,5_0_2,5_0_3,5_1_0,5_1_1,5_1_2,5_1_3,5_1_4,5_1_5,5_1_6,5_2_0,5_2_1,5_cvs</ver>
<p4>void sybase_min_message_severity(int severity)</p4>
<p4d>Sets the minimum message severity </p4d>
<p5>void sybase_min_message_severity(int severity)</p5>
<p5d>Sets the minimum message severity </p5d>
<texts><text><lng>en</lng>
<d>Sets minimum message severity</d>
</text></texts></PHPModuleRef><PHPModuleRef>
<t>sybase_num_fields</t>
<mn>sybase</mn>
<ft>F</ft>
<ver>4_0_0,4_0_1,4_0_2,4_0_3,4_0_4,4_0_5,4_0_6,4_1_0,4_1_1,4_1_2,4_2_0,4_2_1,4_2_2,4_2_3,4_3_0,4_3_1,4_3_10,4_3_11,4_3_2,4_3_3,4_3_4,4_3_5,4_3_6,4_3_7,4_3_8,4_3_9,4_4_0,4_4_1,4_4_2,4_4_3,4_4_4,4_4_5,4_4_6,4_cvs,5_0_0,5_0_1,5_0_2,5_0_3,5_1_0,5_1_1,5_1_2,5_1_3,5_1_4,5_1_5,5_1_6,5_2_0,5_2_1,5_cvs</ver>
<p4>int sybase_num_fields(int result)</p4>
<p4d>Get number of fields in result </p4d>
<p5>int sybase_num_fields(int result)</p5>
<p5d>Get number of fields in result </p5d>
<texts><text><lng>en</lng>
<d>Gets the number of fields in a result set</d>
</text></texts></PHPModuleRef><PHPModuleRef>
<t>sybase_num_rows</t>
<mn>sybase</mn>
<ft>F</ft>
<ver>4_0_0,4_0_1,4_0_2,4_0_3,4_0_4,4_0_5,4_0_6,4_1_0,4_1_1,4_1_2,4_2_0,4_2_1,4_2_2,4_2_3,4_3_0,4_3_1,4_3_10,4_3_11,4_3_2,4_3_3,4_3_4,4_3_5,4_3_6,4_3_7,4_3_8,4_3_9,4_4_0,4_4_1,4_4_2,4_4_3,4_4_4,4_4_5,4_4_6,4_cvs,5_0_0,5_0_1,5_0_2,5_0_3,5_1_0,5_1_1,5_1_2,5_1_3,5_1_4,5_1_5,5_1_6,5_2_0,5_2_1,5_cvs</ver>
<p4>int sybase_num_rows(int result)</p4>
<p4d>Get number of rows in result </p4d>
<p5>int sybase_num_rows(int result)</p5>
<p5d>Get number of rows in result </p5d>
<texts><text><lng>en</lng>
<d>Get number of rows in a result set</d>
</text></texts></PHPModuleRef><PHPModuleRef>
<t>sybase_pconnect</t>
<mn>sybase</mn>
<ft>F</ft>
<ver>4_0_0,4_0_1,4_0_2,4_0_3,4_0_4,4_0_5,4_0_6,4_1_0,4_1_1,4_1_2,4_2_0,4_2_1,4_2_2,4_2_3,4_3_0,4_3_1,4_3_10,4_3_11,4_3_2,4_3_3,4_3_4,4_3_5,4_3_6,4_3_7,4_3_8,4_3_9,4_4_0,4_4_1,4_4_2,4_4_3,4_4_4,4_4_5,4_4_6,4_cvs,5_0_0,5_0_1,5_0_2,5_0_3,5_1_0,5_1_1,5_1_2,5_1_3,5_1_4,5_1_5,5_1_6,5_2_0,5_2_1,5_cvs</ver>
<p4>int sybase_pconnect([string host [, string user [, string password [, string charset [, string appna</p4>
<p4d>Open persistent Sybase connection </p4d>
<p5>int sybase_pconnect([string host [, string user [, string password [, string charset [, string appna</p5>
<p5d>Open persistent Sybase connection </p5d>
<texts><text><lng>en</lng>
<d>Open persistent Sybase connection</d>
</text></texts></PHPModuleRef><PHPModuleRef>
<t>sybase_query</t>
<mn>sybase</mn>
<ft>F</ft>
<ver>4_0_0,4_0_1,4_0_2,4_0_3,4_0_4,4_0_5,4_0_6,4_1_0,4_1_1,4_1_2,4_2_0,4_2_1,4_2_2,4_2_3,4_3_0,4_3_1,4_3_10,4_3_11,4_3_2,4_3_3,4_3_4,4_3_5,4_3_6,4_3_7,4_3_8,4_3_9,4_4_0,4_4_1,4_4_2,4_4_3,4_4_4,4_4_5,4_4_6,4_cvs,5_0_0,5_0_1,5_0_2,5_0_3,5_1_0,5_1_1,5_1_2,5_1_3,5_1_4,5_1_5,5_1_6,5_2_0,5_2_1,5_cvs</ver>
<p4>int sybase_query(string query [, int link_id])</p4>
<p4d>Send Sybase query </p4d>
<p5>int sybase_query(string query [, int link_id])</p5>
<p5d>Send Sybase query </p5d>
<texts><text><lng>de</lng>
<d>Sendet eine Sybase Anfrage</d>
</text><text><lng>en</lng>
<d>Sends a Sybase query</d>
</text></texts></PHPModuleRef><PHPModuleRef>
<t>sybase_result</t>
<mn>sybase</mn>
<ft>F</ft>
<ver>4_0_0,4_0_1,4_0_2,4_0_3,4_0_4,4_0_5,4_0_6,4_1_0,4_1_1,4_1_2,4_2_0,4_2_1,4_2_2,4_2_3,4_3_0,4_3_1,4_3_10,4_3_11,4_3_2,4_3_3,4_3_4,4_3_5,4_3_6,4_3_7,4_3_8,4_3_9,4_4_0,4_4_1,4_4_2,4_4_3,4_4_4,4_4_5,4_4_6,4_cvs,5_0_0,5_0_1,5_0_2,5_0_3,5_1_0,5_1_1,5_1_2,5_1_3,5_1_4,5_1_5,5_1_6,5_2_0,5_2_1,5_cvs</ver>
<p4>string sybase_result(int result, int row, mixed field)</p4>
<p4d>Get result data </p4d>
<p5>string sybase_result(int result, int row, mixed field)</p5>
<p5d>Get result data </p5d>
<texts><text><lng>en</lng>
<d>Get result data</d>
</text></texts></PHPModuleRef><PHPModuleRef>
<t>sybase_select_db</t>
<mn>sybase</mn>
<ft>F</ft>
<ver>4_0_0,4_0_1,4_0_2,4_0_3,4_0_4,4_0_5,4_0_6,4_1_0,4_1_1,4_1_2,4_2_0,4_2_1,4_2_2,4_2_3,4_3_0,4_3_1,4_3_10,4_3_11,4_3_2,4_3_3,4_3_4,4_3_5,4_3_6,4_3_7,4_3_8,4_3_9,4_4_0,4_4_1,4_4_2,4_4_3,4_4_4,4_4_5,4_4_6,4_cvs,5_0_0,5_0_1,5_0_2,5_0_3,5_1_0,5_1_1,5_1_2,5_1_3,5_1_4,5_1_5,5_1_6,5_2_0,5_2_1,5_cvs</ver>
<p4>bool sybase_select_db(string database [, int link_id])</p4>
<p4d>Select Sybase database </p4d>
<p5>bool sybase_select_db(string database [, int link_id])</p5>
<p5d>Select Sybase database </p5d>
<texts><text><lng>en</lng>
<d>Selects a Sybase database</d>
</text></texts></PHPModuleRef></PHPModuleRef-List>
