<?xml version="1.0" encoding="utf-8"?>
<PHPModuleRef-List>
<PHPModuleRef>
<t>mssql_affected_rows</t>
<mn>sybase_ct</mn>
<ft>A</ft>
<af>sybase_affected_rows</af>
<ver>4_0_0,4_0_1,4_0_2,4_0_3,4_0_4,4_0_5,4_0_6,4_1_0,4_1_1,4_1_2,4_2_0,4_2_1,4_2_2,4_2_3,4_3_0,4_3_1,4_3_10,4_3_11,4_3_2,4_3_3,4_3_4,4_3_5,4_3_6,4_3_7,4_3_8,4_3_9,4_4_0,4_4_1,4_4_2,4_4_3,4_4_4,4_4_5,4_4_6,4_cvs,5_0_0,5_0_1,5_0_2,5_0_3,5_1_0,5_1_1,5_1_2,5_1_3,5_1_4,5_1_5,5_1_6,5_2_0,5_2_1,5_cvs</ver>
</PHPModuleRef><PHPModuleRef>
<t>mssql_deadlock_retry_count</t>
<mn>sybase_ct</mn>
<ft>A</ft>
<af>sybase_deadlock_retry_count</af>
<ver>4_3_0,4_3_1,4_3_10,4_3_11,4_3_2,4_3_3,4_3_4,4_3_5,4_3_6,4_3_7,4_3_8,4_3_9,4_4_0,4_4_1,4_4_2,4_4_3,4_4_4,4_4_5,4_4_6,4_cvs,5_0_0,5_0_1,5_0_2,5_0_3,5_1_0,5_1_1,5_1_2,5_1_3,5_1_4,5_1_5,5_1_6,5_2_0,5_2_1,5_cvs</ver>
</PHPModuleRef><PHPModuleRef>
<t>mssql_min_client_severity</t>
<mn>sybase_ct</mn>
<ft>A</ft>
<af>sybase_min_client_severity</af>
<ver>4_0_0,4_0_1,4_0_2,4_0_3,4_0_4,4_0_5,4_0_6,4_1_0,4_1_1,4_1_2,4_2_0,4_2_1,4_2_2,4_2_3,4_3_0,4_3_1,4_3_10,4_3_11,4_3_2,4_3_3,4_3_4,4_3_5,4_3_6,4_3_7,4_3_8,4_3_9,4_4_0,4_4_1,4_4_2,4_4_3,4_4_4,4_4_5,4_4_6,4_cvs,5_0_0,5_0_1,5_0_2,5_0_3,5_1_0,5_1_1,5_1_2,5_1_3,5_1_4,5_1_5,5_1_6,5_2_0,5_2_1,5_cvs</ver>
</PHPModuleRef><PHPModuleRef>
<t>mssql_min_server_severity</t>
<mn>sybase_ct</mn>
<ft>A</ft>
<af>sybase_min_server_severity</af>
<ver>4_0_0,4_0_1,4_0_2,4_0_3,4_0_4,4_0_5,4_0_6,4_1_0,4_1_1,4_1_2,4_2_0,4_2_1,4_2_2,4_2_3,4_3_0,4_3_1,4_3_10,4_3_11,4_3_2,4_3_3,4_3_4,4_3_5,4_3_6,4_3_7,4_3_8,4_3_9,4_4_0,4_4_1,4_4_2,4_4_3,4_4_4,4_4_5,4_4_6,4_cvs,5_0_0,5_0_1,5_0_2,5_0_3,5_1_0,5_1_1,5_1_2,5_1_3,5_1_4,5_1_5,5_1_6,5_2_0,5_2_1,5_cvs</ver>
</PHPModuleRef><PHPModuleRef>
<t>mssql_set_message_handler</t>
<mn>sybase_ct</mn>
<ft>A</ft>
<af>sybase_set_message_handler</af>
<ver>4_3_0,4_3_1,4_3_10,4_3_11,4_3_2,4_3_3,4_3_4,4_3_5,4_3_6,4_3_7,4_3_8,4_3_9,4_4_0,4_4_1,4_4_2,4_4_3,4_4_4,4_4_5,4_4_6,4_cvs,5_0_0,5_0_1,5_0_2,5_0_3,5_1_0,5_1_1,5_1_2,5_1_3,5_1_4,5_1_5,5_1_6,5_2_0,5_2_1,5_cvs</ver>
</PHPModuleRef><PHPModuleRef>
<t>mssql_unbuffered_query</t>
<mn>sybase_ct</mn>
<ft>A</ft>
<af>sybase_unbuffered_query</af>
<ver>4_3_0,4_3_1,4_3_10,4_3_11,4_3_2,4_3_3,4_3_4,4_3_5,4_3_6,4_3_7,4_3_8,4_3_9,4_4_0,4_4_1,4_4_2,4_4_3,4_4_4,4_4_5,4_4_6,4_cvs,5_0_0,5_0_1,5_0_2,5_0_3,5_1_0,5_1_1,5_1_2,5_1_3,5_1_4,5_1_5,5_1_6,5_2_0,5_2_1,5_cvs</ver>
</PHPModuleRef><PHPModuleRef>
<t>sybase_affected_rows</t>
<mn>sybase_ct</mn>
<ft>F</ft>
<ver>4_0_0,4_0_1,4_0_2,4_0_3,4_0_4,4_0_5,4_0_6,4_1_0,4_1_1,4_1_2,4_2_0,4_2_1,4_2_2,4_2_3,4_3_0,4_3_1,4_3_10,4_3_11,4_3_2,4_3_3,4_3_4,4_3_5,4_3_6,4_3_7,4_3_8,4_3_9,4_4_0,4_4_1,4_4_2,4_4_3,4_4_4,4_4_5,4_4_6,4_cvs,5_0_0,5_0_1,5_0_2,5_0_3,5_1_0,5_1_1,5_1_2,5_1_3,5_1_4,5_1_5,5_1_6,5_2_0,5_2_1,5_cvs</ver>
<p4>int sybase_affected_rows([int link_id])</p4>
<p4d>Get number of affected rows in last query </p4d>
<p5>int sybase_affected_rows([int link_id])</p5>
<p5d>Get number of affected rows in last query </p5d>
<texts><text><lng>en</lng>
<d>Gets number of affected rows in last query</d>
</text></texts></PHPModuleRef><PHPModuleRef>
<t>sybase_deadlock_retry_count</t>
<mn>sybase_ct</mn>
<ft>F</ft>
<ver>4_3_0,4_3_1,4_3_10,4_3_11,4_3_2,4_3_3,4_3_4,4_3_5,4_3_6,4_3_7,4_3_8,4_3_9,4_4_0,4_4_1,4_4_2,4_4_3,4_4_4,4_4_5,4_4_6,4_cvs,5_0_0,5_0_1,5_0_2,5_0_3,5_1_0,5_1_1,5_1_2,5_1_3,5_1_4,5_1_5,5_1_6,5_2_0,5_2_1,5_cvs</ver>
<p4>void sybase_deadlock_retry_count(int retry_count)</p4>
<p4d>Sets deadlock retry count </p4d>
<p5>void sybase_deadlock_retry_count(int retry_count)</p5>
<p5d>Sets deadlock retry count </p5d>
<texts><text><lng>en</lng>
<d>Sets the deadlock retry count</d>
</text></texts></PHPModuleRef><PHPModuleRef>
<t>sybase_fetch_assoc</t>
<mn>sybase_ct</mn>
<ft>F</ft>
<ver>4_3_0,4_3_1,4_3_10,4_3_11,4_3_2,4_3_3,4_3_4,4_3_5,4_3_6,4_3_7,4_3_8,4_3_9,4_4_0,4_4_1,4_4_2,4_4_3,4_4_4,4_4_5,4_4_6,4_cvs,5_0_0,5_0_1,5_0_2,5_0_3,5_1_0,5_1_1,5_1_2,5_1_3,5_1_4,5_1_5,5_1_6,5_2_0,5_2_1,5_cvs</ver>
<p4>array sybase_fetch_assoc(int result)</p4>
<p4d>Fetch row as array without numberic indices </p4d>
<p5>array sybase_fetch_assoc(int result)</p5>
<p5d>Fetch row as array without numberic indices </p5d>
<texts><text><lng>en</lng>
<d>Fetch a result row as an associative array</d>
</text></texts></PHPModuleRef><PHPModuleRef>
<t>sybase_min_client_severity</t>
<mn>sybase_ct</mn>
<ft>F</ft>
<ver>4_0_0,4_0_1,4_0_2,4_0_3,4_0_4,4_0_5,4_0_6,4_1_0,4_1_1,4_1_2,4_2_0,4_2_1,4_2_2,4_2_3,4_3_0,4_3_1,4_3_10,4_3_11,4_3_2,4_3_3,4_3_4,4_3_5,4_3_6,4_3_7,4_3_8,4_3_9,4_4_0,4_4_1,4_4_2,4_4_3,4_4_4,4_4_5,4_4_6,4_cvs,5_0_0,5_0_1,5_0_2,5_0_3,5_1_0,5_1_1,5_1_2,5_1_3,5_1_4,5_1_5,5_1_6,5_2_0,5_2_1,5_cvs</ver>
<p4>void sybase_min_client_severity(int severity)</p4>
<p4d>Sets minimum client severity </p4d>
<p5>void sybase_min_client_severity(int severity)</p5>
<p5d>Sets minimum client severity </p5d>
<texts><text><lng>en</lng>
<d>Sets minimum client severity</d>
</text></texts></PHPModuleRef><PHPModuleRef>
<t>sybase_min_server_severity</t>
<mn>sybase_ct</mn>
<ft>F</ft>
<ver>4_0_0,4_0_1,4_0_2,4_0_3,4_0_4,4_0_5,4_0_6,4_1_0,4_1_1,4_1_2,4_2_0,4_2_1,4_2_2,4_2_3,4_3_0,4_3_1,4_3_10,4_3_11,4_3_2,4_3_3,4_3_4,4_3_5,4_3_6,4_3_7,4_3_8,4_3_9,4_4_0,4_4_1,4_4_2,4_4_3,4_4_4,4_4_5,4_4_6,4_cvs,5_0_0,5_0_1,5_0_2,5_0_3,5_1_0,5_1_1,5_1_2,5_1_3,5_1_4,5_1_5,5_1_6,5_2_0,5_2_1,5_cvs</ver>
<p4>void sybase_min_server_severity(int severity)</p4>
<p4d>Sets minimum server severity </p4d>
<p5>void sybase_min_server_severity(int severity)</p5>
<p5d>Sets minimum server severity </p5d>
<texts><text><lng>en</lng>
<d>Sets minimum server severity</d>
</text></texts></PHPModuleRef><PHPModuleRef>
<t>sybase_set_message_handler</t>
<mn>sybase_ct</mn>
<ft>F</ft>
<ver>4_3_0,4_3_1,4_3_10,4_3_11,4_3_2,4_3_3,4_3_4,4_3_5,4_3_6,4_3_7,4_3_8,4_3_9,4_4_0,4_4_1,4_4_2,4_4_3,4_4_4,4_4_5,4_4_6,4_cvs,5_0_0,5_0_1,5_0_2,5_0_3,5_1_0,5_1_1,5_1_2,5_1_3,5_1_4,5_1_5,5_1_6,5_2_0,5_2_1,5_cvs</ver>
<p4>bool sybase_set_message_handler(mixed error_func [, resource connection])</p4>
<p4d>Set the error handler, to be called when a server message is raised. If error_func is NULL the handler will be deleted </p4d>
<p5>bool sybase_set_message_handler(mixed error_func [, resource connection])</p5>
<p5d>Set the error handler, to be called when a server message is raised. If error_func is NULL the handler will be deleted </p5d>
<texts><text><lng>en</lng>
<d>Sets the handler called when a server message is raised</d>
</text></texts></PHPModuleRef><PHPModuleRef>
<t>sybase_unbuffered_query</t>
<mn>sybase_ct</mn>
<ft>F</ft>
<ver>4_3_0,4_3_1,4_3_10,4_3_11,4_3_2,4_3_3,4_3_4,4_3_5,4_3_6,4_3_7,4_3_8,4_3_9,4_4_0,4_4_1,4_4_2,4_4_3,4_4_4,4_4_5,4_4_6,4_cvs,5_0_0,5_0_1,5_0_2,5_0_3,5_1_0,5_1_1,5_1_2,5_1_3,5_1_4,5_1_5,5_1_6,5_2_0,5_2_1,5_cvs</ver>
<p4>int sybase_unbuffered_query(string query [, int link_id])</p4>
<p4d>Send Sybase query </p4d>
<p5>int sybase_unbuffered_query(string query [, int link_id])</p5>
<p5d>Send Sybase query </p5d>
<texts><text><lng>en</lng>
<d>Send a Sybase query and do not block</d>
</text></texts></PHPModuleRef></PHPModuleRef-List>
