<?xml version="1.0" encoding="utf-8"?>
<PHPModuleRef-List>
<PHPModuleRef>
<t>sem_acquire</t>
<mn>sysvsem</mn>
<ft>F</ft>
<ver>4_0_0,4_0_1,4_0_2,4_0_3,4_0_4,4_0_5,4_0_6,4_1_0,4_1_1,4_1_2,4_2_0,4_2_1,4_2_2,4_2_3,4_3_0,4_3_1,4_3_10,4_3_11,4_3_2,4_3_3,4_3_4,4_3_5,4_3_6,4_3_7,4_3_8,4_3_9,4_4_0,4_4_1,4_4_2,4_4_3,4_4_4,4_4_5,4_4_6,4_cvs,5_0_0,5_0_1,5_0_2,5_0_3,5_1_0,5_1_1,5_1_2,5_1_3,5_1_4,5_1_5,5_1_6,5_2_0,5_2_1,5_cvs</ver>
<p4>int sem_acquire(int id)</p4>
<p4d>Acquires the semaphore with the given id, blocking if necessary </p4d>
<p5>bool sem_acquire(resource id) U</p5>
<p5d>Acquires the semaphore with the given id, blocking if necessary </p5d>
<texts><text><lng>cs</lng>
<d>Získat semafor</d>
</text><text><lng>de</lng>
<d>Zugriff auf Semaphor anfordern</d>
</text><text><lng>en</lng>
<d>Acquire a semaphore</d>
</text></texts></PHPModuleRef><PHPModuleRef>
<t>sem_get</t>
<mn>sysvsem</mn>
<ft>F</ft>
<ver>4_0_0,4_0_1,4_0_2,4_0_3,4_0_4,4_0_5,4_0_6,4_1_0,4_1_1,4_1_2,4_2_0,4_2_1,4_2_2,4_2_3,4_3_0,4_3_1,4_3_10,4_3_11,4_3_2,4_3_3,4_3_4,4_3_5,4_3_6,4_3_7,4_3_8,4_3_9,4_4_0,4_4_1,4_4_2,4_4_3,4_4_4,4_4_5,4_4_6,4_cvs,5_0_0,5_0_1,5_0_2,5_0_3,5_1_0,5_1_1,5_1_2,5_1_3,5_1_4,5_1_5,5_1_6,5_2_0,5_2_1,5_cvs</ver>
<p4>int sem_get(int key [, int max_acquire [, int perm [, int auto_release]])</p4>
<p4d>Return an id for the semaphore with the given key, and allow max_acquire (default 1) processes to acquire it simultaneously </p4d>
<p5>resource sem_get(int key [, int max_acquire [, int perm [, int auto_release]]) U</p5>
<p5d>Return an id for the semaphore with the given key, and allow max_acquire (default 1) processes to acquire it simultaneously </p5d>
<texts><text><lng>cs</lng>
<d>Získat id semaforu</d>
</text><text><lng>de</lng>
<d>Zugriff auf ein Semaphor anfordern</d>
</text><text><lng>en</lng>
<d>Get a semaphore id</d>
</text></texts></PHPModuleRef><PHPModuleRef>
<t>sem_release</t>
<mn>sysvsem</mn>
<ft>F</ft>
<ver>4_0_0,4_0_1,4_0_2,4_0_3,4_0_4,4_0_5,4_0_6,4_1_0,4_1_1,4_1_2,4_2_0,4_2_1,4_2_2,4_2_3,4_3_0,4_3_1,4_3_10,4_3_11,4_3_2,4_3_3,4_3_4,4_3_5,4_3_6,4_3_7,4_3_8,4_3_9,4_4_0,4_4_1,4_4_2,4_4_3,4_4_4,4_4_5,4_4_6,4_cvs,5_0_0,5_0_1,5_0_2,5_0_3,5_1_0,5_1_1,5_1_2,5_1_3,5_1_4,5_1_5,5_1_6,5_2_0,5_2_1,5_cvs</ver>
<p4>int sem_release(int id)</p4>
<p4d>Releases the semaphore with the given id </p4d>
<p5>bool sem_release(resource id) U</p5>
<p5d>Releases the semaphore with the given id </p5d>
<texts><text><lng>cs</lng>
<d>Uvolnit semafor</d>
</text><text><lng>de</lng>
<d>Semaphor freigeben</d>
</text><text><lng>en</lng>
<d>Release a semaphore</d>
</text></texts></PHPModuleRef><PHPModuleRef>
<t>sem_remove</t>
<mn>sysvsem</mn>
<ft>F</ft>
<ver>4_1_0,4_1_1,4_1_2,4_2_0,4_2_1,4_2_2,4_2_3,4_3_0,4_3_1,4_3_10,4_3_11,4_3_2,4_3_3,4_3_4,4_3_5,4_3_6,4_3_7,4_3_8,4_3_9,4_4_0,4_4_1,4_4_2,4_4_3,4_4_4,4_4_5,4_4_6,4_cvs,5_0_0,5_0_1,5_0_2,5_0_3,5_1_0,5_1_1,5_1_2,5_1_3,5_1_4,5_1_5,5_1_6,5_2_0,5_2_1,5_cvs</ver>
<p4>int sem_remove(int id)</p4>
<p4d>Removes semaphore from Unix systems </p4d>
<p5>bool sem_remove(resource id) U</p5>
<p5d>Removes semaphore from Unix systems </p5d>
<texts><text><lng>de</lng>
<d>Semaphor entfernen</d>
</text><text><lng>en</lng>
<d>Remove a semaphore</d>
</text></texts></PHPModuleRef></PHPModuleRef-List>
