<?xml version="1.0" encoding="utf-8"?>
<PHPModuleRef-List>
<PHPModuleRef>
<t>shm_attach</t>
<mn>sysvshm</mn>
<ft>F</ft>
<ver>4_0_0,4_0_1,4_0_2,4_0_3,4_0_4,4_0_5,4_0_6,4_1_0,4_1_1,4_1_2,4_2_0,4_2_1,4_2_2,4_2_3,4_3_0,4_3_1,4_3_10,4_3_11,4_3_2,4_3_3,4_3_4,4_3_5,4_3_6,4_3_7,4_3_8,4_3_9,4_4_0,4_4_1,4_4_2,4_4_3,4_4_4,4_4_5,4_4_6,4_cvs,5_0_0,5_0_1,5_0_2,5_0_3,5_1_0,5_1_1,5_1_2,5_1_3,5_1_4,5_1_5,5_1_6,5_2_0,5_2_1,5_cvs</ver>
<p4>int shm_attach(int key [, int memsize [, int perm]])</p4>
<p4d>Creates or open a shared memory segment </p4d>
<p5>resource shm_attach(int key [, int memsize [, int perm]]) U</p5>
<p5d>Creates or open a shared memory segment </p5d>
<texts><text><lng>cs</lng>
<d>Vytvořit nebo otevřít segment sdílené paměti</d>
</text><text><lng>de</lng>
<d>Shared Memory Segment anlegen oder anbinden</d>
</text><text><lng>en</lng>
<d>Creates or open a shared memory segment</d>
</text></texts></PHPModuleRef><PHPModuleRef>
<t>shm_detach</t>
<mn>sysvshm</mn>
<ft>F</ft>
<ver>4_0_0,4_0_1,4_0_2,4_0_3,4_0_4,4_0_5,4_0_6,4_1_0,4_1_1,4_1_2,4_2_0,4_2_1,4_2_2,4_2_3,4_3_0,4_3_1,4_3_10,4_3_11,4_3_2,4_3_3,4_3_4,4_3_5,4_3_6,4_3_7,4_3_8,4_3_9,4_4_0,4_4_1,4_4_2,4_4_3,4_4_4,4_4_5,4_4_6,4_cvs,5_0_0,5_0_1,5_0_2,5_0_3,5_1_0,5_1_1,5_1_2,5_1_3,5_1_4,5_1_5,5_1_6,5_2_0,5_2_1,5_cvs</ver>
<p4>int shm_detach(int shm_identifier)</p4>
<p4d>Disconnects from shared memory segment </p4d>
<p5>bool shm_detach(resource shm_identifier) U</p5>
<p5d>Disconnects from shared memory segment </p5d>
<texts><text><lng>cs</lng>
<d>Odpojit se od segmentu sdílené paměti</d>
</text><text><lng>de</lng>
<d>Anbindung an ein Shared Memory Segment beenden</d>
</text><text><lng>en</lng>
<d>Disconnects from shared memory segment</d>
</text></texts></PHPModuleRef><PHPModuleRef>
<t>shm_get_var</t>
<mn>sysvshm</mn>
<ft>F</ft>
<ver>4_0_0,4_0_1,4_0_2,4_0_3,4_0_4,4_0_5,4_0_6,4_1_0,4_1_1,4_1_2,4_2_0,4_2_1,4_2_2,4_2_3,4_3_0,4_3_1,4_3_10,4_3_11,4_3_2,4_3_3,4_3_4,4_3_5,4_3_6,4_3_7,4_3_8,4_3_9,4_4_0,4_4_1,4_4_2,4_4_3,4_4_4,4_4_5,4_4_6,4_cvs,5_0_0,5_0_1,5_0_2,5_0_3,5_1_0,5_1_1,5_1_2,5_1_3,5_1_4,5_1_5,5_1_6,5_2_0,5_2_1,5_cvs</ver>
<p4>mixed shm_get_var(int id, int variable_key)</p4>
<p4d>Returns a variable from shared memory </p4d>
<p5>mixed shm_get_var(resource id, int variable_key) U</p5>
<p5d>Returns a variable from shared memory </p5d>
<texts><text><lng>cs</lng>
<d>Vrátit proměnnou ze sdílené paměti</d>
</text><text><lng>de</lng>
<d>Liest eine Variable aus dem Shared Memory</d>
</text><text><lng>en</lng>
<d>Returns a variable from shared memory</d>
</text></texts></PHPModuleRef><PHPModuleRef>
<t>shm_has_var</t>
<mn>sysvshm</mn>
<ft>F</ft>
<ver>5_cvs</ver>
<p5>bool shm_has_var(resource id, int variable_key) U</p5>
<p5d>Checks whether a specific entry exists </p5d>
</PHPModuleRef><PHPModuleRef>
<t>shm_put_var</t>
<mn>sysvshm</mn>
<ft>F</ft>
<ver>4_0_0,4_0_1,4_0_2,4_0_3,4_0_4,4_0_5,4_0_6,4_1_0,4_1_1,4_1_2,4_2_0,4_2_1,4_2_2,4_2_3,4_3_0,4_3_1,4_3_10,4_3_11,4_3_2,4_3_3,4_3_4,4_3_5,4_3_6,4_3_7,4_3_8,4_3_9,4_4_0,4_4_1,4_4_2,4_4_3,4_4_4,4_4_5,4_4_6,4_cvs,5_0_0,5_0_1,5_0_2,5_0_3,5_1_0,5_1_1,5_1_2,5_1_3,5_1_4,5_1_5,5_1_6,5_2_0,5_2_1,5_cvs</ver>
<p4>int shm_put_var(int shm_identifier, int variable_key, mixed variable)</p4>
<p4d>Inserts or updates a variable in shared memory </p4d>
<p5>bool shm_put_var(resource shm_identifier, int variable_key, mixed variable) U</p5>
<p5d>Inserts or updates a variable in shared memory </p5d>
<texts><text><lng>cs</lng>
<d>Vložit nebo modifikovat proměnnou do sdílené paměti</d>
</text><text><lng>de</lng>
<d>Aktualisiert eine Variable im Shared Memory</d>
</text><text><lng>en</lng>
<d>Inserts or updates a variable in shared memory</d>
</text></texts></PHPModuleRef><PHPModuleRef>
<t>shm_remove</t>
<mn>sysvshm</mn>
<ft>F</ft>
<ver>4_0_0,4_0_1,4_0_2,4_0_3,4_0_4,4_0_5,4_0_6,4_1_0,4_1_1,4_1_2,4_2_0,4_2_1,4_2_2,4_2_3,4_3_0,4_3_1,4_3_10,4_3_11,4_3_2,4_3_3,4_3_4,4_3_5,4_3_6,4_3_7,4_3_8,4_3_9,4_4_0,4_4_1,4_4_2,4_4_3,4_4_4,4_4_5,4_4_6,4_cvs,5_0_0,5_0_1,5_0_2,5_0_3,5_1_0,5_1_1,5_1_2,5_1_3,5_1_4,5_1_5,5_1_6,5_2_0,5_2_1,5_cvs</ver>
<p4>int shm_remove(int shm_identifier)</p4>
<p4d>Removes shared memory from Unix systems </p4d>
<p5>bool shm_remove(resource shm_identifier) U</p5>
<p5d>Removes shared memory from Unix systems </p5d>
<texts><text><lng>cs</lng>
<d>Odstranit sdílenou paměť ze systému</d>
</text><text><lng>de</lng>
<d>Entfernt ein Shared Memory Segment unter UNIX</d>
</text><text><lng>en</lng>
<d>Removes shared memory from Unix systems</d>
</text></texts></PHPModuleRef><PHPModuleRef>
<t>shm_remove_var</t>
<mn>sysvshm</mn>
<ft>F</ft>
<ver>4_0_0,4_0_1,4_0_2,4_0_3,4_0_4,4_0_5,4_0_6,4_1_0,4_1_1,4_1_2,4_2_0,4_2_1,4_2_2,4_2_3,4_3_0,4_3_1,4_3_10,4_3_11,4_3_2,4_3_3,4_3_4,4_3_5,4_3_6,4_3_7,4_3_8,4_3_9,4_4_0,4_4_1,4_4_2,4_4_3,4_4_4,4_4_5,4_4_6,4_cvs,5_0_0,5_0_1,5_0_2,5_0_3,5_1_0,5_1_1,5_1_2,5_1_3,5_1_4,5_1_5,5_1_6,5_2_0,5_2_1,5_cvs</ver>
<p4>int shm_remove_var(int id, int variable_key)</p4>
<p4d>Removes variable from shared memory </p4d>
<p5>bool shm_remove_var(resource id, int variable_key) U</p5>
<p5d>Removes variable from shared memory </p5d>
<texts><text><lng>cs</lng>
<d>Odstranit proměnnou ze sdílené paměti</d>
</text><text><lng>de</lng>
<d>Entfernt eine Variable aus dem Shared Memory</d>
</text><text><lng>en</lng>
<d>Removes a variable from shared memory</d>
</text></texts></PHPModuleRef></PHPModuleRef-List>
