<?xml version="1.0" encoding="utf-8"?>
<PHPModuleRef-List>
<PHPModuleRef>
<t>msg_get_queue</t>
<mn>sysvmsg</mn>
<ft>F</ft>
<ver>4_3_0,4_3_1,4_3_10,4_3_11,4_3_2,4_3_3,4_3_4,4_3_5,4_3_6,4_3_7,4_3_8,4_3_9,4_4_0,4_4_1,4_4_2,4_4_3,4_4_4,4_4_5,4_4_6,4_cvs,5_0_0,5_0_1,5_0_2,5_0_3,5_1_0,5_1_1,5_1_2,5_1_3,5_1_4,5_1_5,5_1_6,5_2_0,5_2_1,5_cvs</ver>
<p4>resource msg_get_queue(long key [, long perms])</p4>
<p4d>Attach to a message queue </p4d>
<p5>resource msg_get_queue(int key [, int perms]) U</p5>
<p5d>Attach to a message queue </p5d>
<texts><text><lng>de</lng>
<d>Message Queue anlegen oder an existierende Queue anbinden</d>
</text><text><lng>en</lng>
<d>Create or attach to a message queue</d>
</text></texts></PHPModuleRef><PHPModuleRef>
<t>msg_receive</t>
<mn>sysvmsg</mn>
<ft>F</ft>
<ver>4_3_0,4_3_1,4_3_10,4_3_11,4_3_2,4_3_3,4_3_4,4_3_5,4_3_6,4_3_7,4_3_8,4_3_9,4_4_0,4_4_1,4_4_2,4_4_3,4_4_4,4_4_5,4_4_6,4_cvs,5_0_0,5_0_1,5_0_2,5_0_3,5_1_0,5_1_1,5_1_2,5_1_3,5_1_4,5_1_5,5_1_6,5_2_0,5_2_1,5_cvs</ver>
<p4>mixed msg_receive(resource queue, long desiredmsgtype, long &amp;msgtype, long maxsize, mixed message [[</p4>
<p4d>Send a message of type msgtype (must be &gt; 0) to a message queue </p4d>
<p5>mixed msg_receive(resource queue, int desiredmsgtype, int &amp;msgtype, int maxsize, mixed message [, bo</p5>
<p5d>Send a message of type msgtype (must be &gt; 0) to a message queue </p5d>
<texts><text><lng>en</lng>
<d>Receive a message from a message queue</d>
</text></texts></PHPModuleRef><PHPModuleRef>
<t>msg_remove_queue</t>
<mn>sysvmsg</mn>
<ft>F</ft>
<ver>4_3_0,4_3_1,4_3_10,4_3_11,4_3_2,4_3_3,4_3_4,4_3_5,4_3_6,4_3_7,4_3_8,4_3_9,4_4_0,4_4_1,4_4_2,4_4_3,4_4_4,4_4_5,4_4_6,4_cvs,5_0_0,5_0_1,5_0_2,5_0_3,5_1_0,5_1_1,5_1_2,5_1_3,5_1_4,5_1_5,5_1_6,5_2_0,5_2_1,5_cvs</ver>
<p4>bool msg_remove_queue(resource queue)</p4>
<p4d>Destroy the queue </p4d>
<p5>bool msg_remove_queue(resource queue) U</p5>
<p5d>Destroy the queue </p5d>
<texts><text><lng>de</lng>
<d>Entfernt eine Message Queue</d>
</text><text><lng>en</lng>
<d>Destroy a message queue</d>
</text></texts></PHPModuleRef><PHPModuleRef>
<t>msg_send</t>
<mn>sysvmsg</mn>
<ft>F</ft>
<ver>4_3_0,4_3_1,4_3_10,4_3_11,4_3_2,4_3_3,4_3_4,4_3_5,4_3_6,4_3_7,4_3_8,4_3_9,4_4_0,4_4_1,4_4_2,4_4_3,4_4_4,4_4_5,4_4_6,4_cvs,5_0_0,5_0_1,5_0_2,5_0_3,5_1_0,5_1_1,5_1_2,5_1_3,5_1_4,5_1_5,5_1_6,5_2_0,5_2_1,5_cvs</ver>
<p4>bool msg_send(resource queue, long msgtype, mixed message [[, bool serialize=true][, bool blocking=t</p4>
<p4d>Send a message of type msgtype (must be &gt; 0) to a message queue </p4d>
<p5>bool msg_send(resource queue, int msgtype, mixed message [, bool serialize=true [, bool blocking=tru</p5>
<p5d>Send a message of type msgtype (must be &gt; 0) to a message queue </p5d>
<texts><text><lng>en</lng>
<d>Send a message to a message queue</d>
</text></texts></PHPModuleRef><PHPModuleRef>
<t>msg_set_queue</t>
<mn>sysvmsg</mn>
<ft>F</ft>
<ver>4_3_0,4_3_1,4_3_10,4_3_11,4_3_2,4_3_3,4_3_4,4_3_5,4_3_6,4_3_7,4_3_8,4_3_9,4_4_0,4_4_1,4_4_2,4_4_3,4_4_4,4_4_5,4_4_6,4_cvs,5_0_0,5_0_1,5_0_2,5_0_3,5_1_0,5_1_1,5_1_2,5_1_3,5_1_4,5_1_5,5_1_6,5_2_0,5_2_1,5_cvs</ver>
<p4>array msg_set_queue(resource queue, array data)</p4>
<p4d>Set information for a message queue </p4d>
<p5>bool msg_set_queue(resource queue, array data) U</p5>
<p5d>Set information for a message queue </p5d>
<texts><text><lng>de</lng>
<d>Setzt Metadaten in derMessage Queue Datenstruktur</d>
</text><text><lng>en</lng>
<d>Set information in the message queue data structure</d>
</text></texts></PHPModuleRef><PHPModuleRef>
<t>msg_stat_queue</t>
<mn>sysvmsg</mn>
<ft>F</ft>
<ver>4_3_0,4_3_1,4_3_10,4_3_11,4_3_2,4_3_3,4_3_4,4_3_5,4_3_6,4_3_7,4_3_8,4_3_9,4_4_0,4_4_1,4_4_2,4_4_3,4_4_4,4_4_5,4_4_6,4_cvs,5_0_0,5_0_1,5_0_2,5_0_3,5_1_0,5_1_1,5_1_2,5_1_3,5_1_4,5_1_5,5_1_6,5_2_0,5_2_1,5_cvs</ver>
<p4>array msg_stat_queue(resource queue)</p4>
<p4d>Returns information about a message queue </p4d>
<p5>array msg_stat_queue(resource queue) U</p5>
<p5d>Returns information about a message queue </p5d>
<texts><text><lng>de</lng>
<d>Liefert Informationen zu einer Message Queue</d>
</text><text><lng>en</lng>
<d>Returns information from the message queue data structure</d>
</text></texts></PHPModuleRef></PHPModuleRef-List>
