<?xml version="1.0" encoding="utf-8"?>
<PHPModuleRef-List>
<PHPModuleRef>
<t>ob_tidyhandler</t>
<mn>tidy</mn>
<ft>F</ft>
<ver>5_0_0,5_0_1,5_0_2,5_0_3,5_1_0,5_1_1,5_1_2,5_1_3,5_1_4,5_1_5,5_1_6,5_2_0,5_2_1</ver>
<texts><text><lng>en</lng>
<d>ob_start callback function to repair the buffer</d>
</text></texts></PHPModuleRef><PHPModuleRef>
<t>tidy_access_count</t>
<mn>tidy</mn>
<ft>F</ft>
<ver>5_0_0,5_0_1,5_0_2,5_0_3,5_1_0,5_1_1,5_1_2,5_1_3,5_1_4,5_1_5,5_1_6,5_2_0,5_2_1,5_cvs</ver>
<p5>int tidy_access_count() U</p5>
<p5d>Returns the Number of Tidy accessibility warnings encountered for specified document. </p5d>
<texts><text><lng>en</lng>
<d>Returns the Number of Tidy accessibility warnings encountered for specified document</d>
</text></texts></PHPModuleRef><PHPModuleRef>
<t>tidy_clean_repair</t>
<mn>tidy</mn>
<ft>F</ft>
<ver>5_0_0,5_0_1,5_0_2,5_0_3,5_1_0,5_1_1,5_1_2,5_1_3,5_1_4,5_1_5,5_1_6,5_2_0,5_2_1,5_cvs</ver>
<p5>boolean tidy_clean_repair() U</p5>
<p5d>Execute configured cleanup and repair operations on parsed markup </p5d>
<texts><text><lng>en</lng>
<d>Execute configured cleanup and repair operations on parsed markup</d>
</text></texts></PHPModuleRef><PHPModuleRef>
<t>tidy_config_count</t>
<mn>tidy</mn>
<ft>F</ft>
<ver>5_0_0,5_0_1,5_0_2,5_0_3,5_1_0,5_1_1,5_1_2,5_1_3,5_1_4,5_1_5,5_1_6,5_2_0,5_2_1,5_cvs</ver>
<p5>int tidy_config_count() U</p5>
<p5d>Returns the Number of Tidy configuration errors encountered for specified document. </p5d>
<texts><text><lng>en</lng>
<d>Returns the Number of Tidy configuration errors encountered for specified document</d>
</text></texts></PHPModuleRef><PHPModuleRef>
<t>tidy_diagnose</t>
<mn>tidy</mn>
<ft>F</ft>
<ver>5_0_0,5_0_1,5_0_2,5_0_3,5_1_0,5_1_1,5_1_2,5_1_3,5_1_4,5_1_5,5_1_6,5_2_0,5_2_1,5_cvs</ver>
<p5>boolean tidy_diagnose() U</p5>
<p5d>Run configured diagnostics on parsed and repaired markup. </p5d>
<texts><text><lng>en</lng>
<d>Run configured diagnostics on parsed and repaired markup</d>
</text></texts></PHPModuleRef><PHPModuleRef>
<t>tidy_error_count</t>
<mn>tidy</mn>
<ft>F</ft>
<ver>5_0_0,5_0_1,5_0_2,5_0_3,5_1_0,5_1_1,5_1_2,5_1_3,5_1_4,5_1_5,5_1_6,5_2_0,5_2_1,5_cvs</ver>
<p5>int tidy_error_count() U</p5>
<p5d>Returns the Number of Tidy errors encountered for specified document. </p5d>
<texts><text><lng>en</lng>
<d>Returns the Number of Tidy errors encountered for specified document</d>
</text></texts></PHPModuleRef><PHPModuleRef>
<t>tidy_getopt</t>
<mn>tidy</mn>
<ft>F</ft>
<ver>5_0_0,5_0_1,5_0_2,5_0_3,5_1_0,5_1_1,5_1_2,5_1_3,5_1_4,5_1_5,5_1_6,5_2_0,5_2_1,5_cvs</ver>
<p5>mixed tidy_getopt(string option) U</p5>
<p5d>Returns the value of the specified configuration option for the tidy document. </p5d>
<texts><text><lng>en</lng>
<d>Returns the value of the specified configuration option for the tidy document</d>
</text></texts></PHPModuleRef><PHPModuleRef>
<t>tidy_get_body</t>
<mn>tidy</mn>
<ft>F</ft>
<ver>5_0_0,5_0_1,5_0_2,5_0_3,5_1_0,5_1_1,5_1_2,5_1_3,5_1_4,5_1_5,5_1_6,5_2_0,5_2_1,5_cvs</ver>
<p5>TidyNode tidy_get_body(resource tidy)</p5>
<p5d>Returns a TidyNode Object starting from the &lt;BODY&gt; tag of the tidy parse tree </p5d>
<texts><text><lng>en</lng>
<d>Returns a tidyNode Object starting from the&lt;body&gt;tag of the tidy parse tree</d>
</text></texts></PHPModuleRef><PHPModuleRef>
<t>tidy_get_config</t>
<mn>tidy</mn>
<ft>F</ft>
<ver>5_0_0,5_0_1,5_0_2,5_0_3,5_1_0,5_1_1,5_1_2,5_1_3,5_1_4,5_1_5,5_1_6,5_2_0,5_2_1,5_cvs</ver>
<p5>array tidy_get_config() U</p5>
<p5d>Get current Tidy configuration </p5d>
<texts><text><lng>en</lng>
<d>Get current Tidy configuration</d>
</text></texts></PHPModuleRef><PHPModuleRef>
<t>tidy_get_error_buffer</t>
<mn>tidy</mn>
<ft>F</ft>
<ver>5_0_0,5_0_1,5_0_2,5_0_3,5_1_0,5_1_1,5_1_2,5_1_3,5_1_4,5_1_5,5_1_6,5_2_0,5_2_1,5_cvs</ver>
<p5>string tidy_get_error_buffer() U</p5>
<p5d>Return warnings and errors which occured parsing the specified document</p5d>
<texts><text><lng>en</lng>
<d>Return warnings and errors which occurred parsing the specified document</d>
</text></texts></PHPModuleRef><PHPModuleRef>
<t>tidy_get_head</t>
<mn>tidy</mn>
<ft>F</ft>
<ver>5_0_0,5_0_1,5_0_2,5_0_3,5_1_0,5_1_1,5_1_2,5_1_3,5_1_4,5_1_5,5_1_6,5_2_0,5_2_1,5_cvs</ver>
<p5>TidyNode tidy_get_head()</p5>
<p5d>Returns a TidyNode Object starting from the &lt;HEAD&gt; tag of the tidy parse tree </p5d>
<texts><text><lng>en</lng>
<d>Returns a tidyNode Object starting from the&lt;head&gt;tag of the tidy parse tree</d>
</text></texts></PHPModuleRef><PHPModuleRef>
<t>tidy_get_html</t>
<mn>tidy</mn>
<ft>F</ft>
<ver>5_0_0,5_0_1,5_0_2,5_0_3,5_1_0,5_1_1,5_1_2,5_1_3,5_1_4,5_1_5,5_1_6,5_2_0,5_2_1,5_cvs</ver>
<p5>TidyNode tidy_get_html()</p5>
<p5d>Returns a TidyNode Object starting from the &lt;HTML&gt; tag of the tidy parse tree </p5d>
<texts><text><lng>en</lng>
<d>Returns a tidyNode Object starting from the&lt;html&gt;tag of the tidy parse tree</d>
</text></texts></PHPModuleRef><PHPModuleRef>
<t>tidy_get_html_ver</t>
<mn>tidy</mn>
<ft>F</ft>
<ver>5_0_0,5_0_1,5_0_2,5_0_3,5_1_0,5_1_1,5_1_2,5_1_3,5_1_4,5_1_5,5_1_6,5_2_0,5_2_1,5_cvs</ver>
<p5>int tidy_get_html_ver() U</p5>
<p5d>Get the Detected HTML version for the specified document. </p5d>
<texts><text><lng>en</lng>
<d>Get the Detected HTML version for the specified document</d>
</text></texts></PHPModuleRef><PHPModuleRef>
<t>tidy_get_opt_doc</t>
<mn>tidy</mn>
<ft>F</ft>
<ver>5_1_0,5_1_1,5_1_2,5_1_3,5_1_4,5_1_5,5_1_6,5_2_0,5_2_1,5_cvs</ver>
<p5>string tidy_get_opt_doc(tidy resource, string optname) U</p5>
<p5d>Returns the documentation for the given option name </p5d>
<texts><text><lng>en</lng>
<d>Returns the documentation for the given option name</d>
</text></texts></PHPModuleRef><PHPModuleRef>
<t>tidy_get_output</t>
<mn>tidy</mn>
<ft>F</ft>
<ver>5_0_0,5_0_1,5_0_2,5_0_3,5_1_0,5_1_1,5_1_2,5_1_3,5_1_4,5_1_5,5_1_6,5_2_0,5_2_1,5_cvs</ver>
<p5>string tidy_get_output() U</p5>
<p5d>Return a string representing the parsed tidy markup </p5d>
<texts><text><lng>en</lng>
<d>Return a string representing the parsed tidy markup</d>
</text></texts></PHPModuleRef><PHPModuleRef>
<t>tidy_get_release</t>
<mn>tidy</mn>
<ft>F</ft>
<ver>5_0_0,5_0_1,5_0_2,5_0_3,5_1_0,5_1_1,5_1_2,5_1_3,5_1_4,5_1_5,5_1_6,5_2_0,5_2_1,5_cvs</ver>
<p5>string tidy_get_release() U</p5>
<p5d>Get release date (version) for Tidy library </p5d>
<texts><text><lng>en</lng>
<d>Get release date (version) for Tidy library</d>
</text></texts></PHPModuleRef><PHPModuleRef>
<t>tidy_get_root</t>
<mn>tidy</mn>
<ft>F</ft>
<ver>5_0_0,5_0_1,5_0_2,5_0_3,5_1_0,5_1_1,5_1_2,5_1_3,5_1_4,5_1_5,5_1_6,5_2_0,5_2_1,5_cvs</ver>
<p5>TidyNode tidy_get_root()</p5>
<p5d>Returns a TidyNode Object representing the root of the tidy parse tree </p5d>
<texts><text><lng>en</lng>
<d>Returns a tidyNode object representing the root of the tidy parse tree</d>
</text></texts></PHPModuleRef><PHPModuleRef>
<t>tidy_get_status</t>
<mn>tidy</mn>
<ft>F</ft>
<ver>5_0_0,5_0_1,5_0_2,5_0_3,5_1_0,5_1_1,5_1_2,5_1_3,5_1_4,5_1_5,5_1_6,5_2_0,5_2_1,5_cvs</ver>
<p5>int tidy_get_status() U</p5>
<p5d>Get status of specfied document. </p5d>
<texts><text><lng>en</lng>
<d>Get status of specified document</d>
</text></texts></PHPModuleRef><PHPModuleRef>
<t>tidy_is_xhtml</t>
<mn>tidy</mn>
<ft>F</ft>
<ver>5_0_0,5_0_1,5_0_2,5_0_3,5_1_0,5_1_1,5_1_2,5_1_3,5_1_4,5_1_5,5_1_6,5_2_0,5_2_1,5_cvs</ver>
<p5>bool tidy_is_xhtml() U</p5>
<p5d>Indicates if the document is a XHTML document. </p5d>
<texts><text><lng>en</lng>
<d>Indicates if the document is a XHTML document</d>
</text></texts></PHPModuleRef><PHPModuleRef>
<t>tidy_is_xml</t>
<mn>tidy</mn>
<ft>F</ft>
<ver>5_0_0,5_0_1,5_0_2,5_0_3,5_1_0,5_1_1,5_1_2,5_1_3,5_1_4,5_1_5,5_1_6,5_2_0,5_2_1,5_cvs</ver>
<p5>bool tidy_is_xml() U</p5>
<p5d>Indicates if the document is a generic (non HTML/XHTML) XML document. </p5d>
<texts><text><lng>en</lng>
<d>Indicates if the document is a generic (non HTML/XHTML) XML document</d>
</text></texts></PHPModuleRef><PHPModuleRef>
<t>tidy_parse_file</t>
<mn>tidy</mn>
<ft>F</ft>
<ver>5_0_0,5_0_1,5_0_2,5_0_3,5_1_0,5_1_1,5_1_2,5_1_3,5_1_4,5_1_5,5_1_6,5_2_0,5_2_1,5_cvs</ver>
<p5>boolean tidy_parse_file(string file [, mixed config_options [, string encoding [, bool use_include_p</p5>
<p5d>Parse markup in file or URI </p5d>
<texts><text><lng>en</lng>
<d>Parse markup in file or URI</d>
</text></texts></PHPModuleRef><PHPModuleRef>
<t>tidy_parse_string</t>
<mn>tidy</mn>
<ft>F</ft>
<ver>5_0_0,5_0_1,5_0_2,5_0_3,5_1_0,5_1_1,5_1_2,5_1_3,5_1_4,5_1_5,5_1_6,5_2_0,5_2_1,5_cvs</ver>
<p5>bool tidy_parse_string(string input [, mixed config_options [, string encoding]]) U</p5>
<p5d>Parse a document stored in a string </p5d>
<texts><text><lng>en</lng>
<d>Parse a document stored in a string</d>
</text></texts></PHPModuleRef><PHPModuleRef>
<t>tidy_repair_file</t>
<mn>tidy</mn>
<ft>F</ft>
<ver>5_0_0,5_0_1,5_0_2,5_0_3,5_1_0,5_1_1,5_1_2,5_1_3,5_1_4,5_1_5,5_1_6,5_2_0,5_2_1,5_cvs</ver>
<p5>boolean tidy_repair_file(string filename [, mixed config_file [, string encoding [, bool use_include</p5>
<p5d>Repair a file using an optionally provided configuration file </p5d>
<texts><text><lng>en</lng>
<d>Repair a file and return it as a string</d>
</text></texts></PHPModuleRef><PHPModuleRef>
<t>tidy_repair_string</t>
<mn>tidy</mn>
<ft>F</ft>
<ver>5_0_0,5_0_1,5_0_2,5_0_3,5_1_0,5_1_1,5_1_2,5_1_3,5_1_4,5_1_5,5_1_6,5_2_0,5_2_1,5_cvs</ver>
<p5>boolean tidy_repair_string(string data [, mixed config_file [, string encoding]])</p5>
<p5d>Repair a string using an optionally provided configuration file </p5d>
<texts><text><lng>en</lng>
<d>Repair a string using an optionally provided configuration file</d>
</text></texts></PHPModuleRef><PHPModuleRef>
<t>tidy_warning_count</t>
<mn>tidy</mn>
<ft>F</ft>
<ver>5_0_0,5_0_1,5_0_2,5_0_3,5_1_0,5_1_1,5_1_2,5_1_3,5_1_4,5_1_5,5_1_6,5_2_0,5_2_1,5_cvs</ver>
<p5>int tidy_warning_count() U</p5>
<p5d>Returns the Number of Tidy warnings encountered for specified document. </p5d>
<texts><text><lng>en</lng>
<d>Returns the Number of Tidy warnings encountered for specified document</d>
</text></texts></PHPModuleRef></PHPModuleRef-List>
