<?xml version="1.0" encoding="utf-8"?>
<PHPModuleRef-List>
<PHPModuleRef>
<t>token_get_all</t>
<mn>tokenizer</mn>
<ft>F</ft>
<ver>4_2_0,4_2_1,4_2_2,4_2_3,4_3_0,4_3_1,4_3_10,4_3_11,4_3_2,4_3_3,4_3_4,4_3_5,4_3_6,4_3_7,4_3_8,4_3_9,4_4_0,4_4_1,4_4_2,4_4_3,4_4_4,4_4_5,4_4_6,4_cvs,5_0_0,5_0_1,5_0_2,5_0_3,5_1_0,5_1_1,5_1_2,5_1_3,5_1_4,5_1_5,5_1_6,5_2_0,5_2_1,5_cvs</ver>
<p4>array token_get_all(string source)</p4>
<p4d></p4d>
<p5>array token_get_all(string source)</p5>
<p5d></p5d>
<texts><text><lng>en</lng>
<d>Split given source into PHP tokens</d>
</text></texts></PHPModuleRef><PHPModuleRef>
<t>token_name</t>
<mn>tokenizer</mn>
<ft>F</ft>
<ver>4_2_0,4_2_1,4_2_2,4_2_3,4_3_0,4_3_1,4_3_10,4_3_11,4_3_2,4_3_3,4_3_4,4_3_5,4_3_6,4_3_7,4_3_8,4_3_9,4_4_0,4_4_1,4_4_2,4_4_3,4_4_4,4_4_5,4_4_6,4_cvs,5_0_0,5_0_1,5_0_2,5_0_3,5_1_0,5_1_1,5_1_2,5_1_3,5_1_4,5_1_5,5_1_6,5_2_0,5_2_1,5_cvs</ver>
<p4>string token_name(int type)</p4>
<p4d></p4d>
<p5>string token_name(int type)</p5>
<p5d></p5d>
<texts><text><lng>en</lng>
<d>Get the symbolic name of a given PHP token</d>
</text></texts></PHPModuleRef></PHPModuleRef-List>
