<?xml version="1.0" encoding="utf-8"?>
<PHPModuleRef-List>
<PHPModuleRef>
<t>w32api_deftype</t>
<mn>w32api</mn>
<ft>F</ft>
<ver>4_2_0,4_2_1,4_2_2,4_2_3</ver>
<texts><text><lng>en</lng>
<d>Defines a type for use with other w32api_functions</d>
</text></texts></PHPModuleRef><PHPModuleRef>
<t>w32api_init_dtype</t>
<mn>w32api</mn>
<ft>F</ft>
<ver>4_2_0,4_2_1,4_2_2,4_2_3</ver>
<texts><text><lng>en</lng>
<d>Creates an instance of the data type typename and fills it with the values passed</d>
</text></texts></PHPModuleRef><PHPModuleRef>
<t>w32api_invoke_function</t>
<mn>w32api</mn>
<ft>F</ft>
<ver>4_2_0,4_2_1,4_2_2,4_2_3</ver>
<texts><text><lng>en</lng>
<d>Invokes function funcname with the arguments passed after the function name</d>
</text></texts></PHPModuleRef><PHPModuleRef>
<t>w32api_register_function</t>
<mn>w32api</mn>
<ft>F</ft>
<ver>4_2_0,4_2_1,4_2_2,4_2_3</ver>
<texts><text><lng>en</lng>
<d>Registers function function_name from library with PHP</d>
</text></texts></PHPModuleRef><PHPModuleRef>
<t>w32api_set_call_method</t>
<mn>w32api</mn>
<ft>F</ft>
<ver>4_2_0,4_2_1,4_2_2,4_2_3</ver>
<texts><text><lng>en</lng>
<d>Sets the calling method used</d>
</text></texts></PHPModuleRef><PHPModuleRef>
<t>DC_BORLAND</t>
<mn>w32api</mn>
<ft>C</ft>
<p4>integer DC_BORLAND</p4>
<p5>integer DC_BORLAND</p5>
</PHPModuleRef><PHPModuleRef>
<t>DC_CALL_CDECL</t>
<mn>w32api</mn>
<ft>C</ft>
<p4>integer DC_CALL_CDECL</p4>
<p5>integer DC_CALL_CDECL</p5>
</PHPModuleRef><PHPModuleRef>
<t>DC_CALL_STD</t>
<mn>w32api</mn>
<ft>C</ft>
<p4>integer DC_CALL_STD</p4>
<p5>integer DC_CALL_STD</p5>
</PHPModuleRef><PHPModuleRef>
<t>DC_CALL_STD_BO</t>
<mn>w32api</mn>
<ft>C</ft>
<p4>integer DC_CALL_STD_BO</p4>
<p5>integer DC_CALL_STD_BO</p5>
</PHPModuleRef><PHPModuleRef>
<t>DC_CALL_STD_M8</t>
<mn>w32api</mn>
<ft>C</ft>
<p4>integer DC_CALL_STD_M8</p4>
<p5>integer DC_CALL_STD_M8</p5>
</PHPModuleRef><PHPModuleRef>
<t>DC_CALL_STD_MS</t>
<mn>w32api</mn>
<ft>C</ft>
<p4>integer DC_CALL_STD_MS</p4>
<p5>integer DC_CALL_STD_MS</p5>
</PHPModuleRef><PHPModuleRef>
<t>DC_FLAG_ARGPTR</t>
<mn>w32api</mn>
<ft>C</ft>
<p4>integer DC_FLAG_ARGPTR</p4>
<p5>integer DC_FLAG_ARGPTR</p5>
</PHPModuleRef><PHPModuleRef>
<t>DC_MICROSOFT</t>
<mn>w32api</mn>
<ft>C</ft>
<p4>integer DC_MICROSOFT</p4>
<p5>integer DC_MICROSOFT</p5>
</PHPModuleRef><PHPModuleRef>
<t>DC_RETVAL_MATH4</t>
<mn>w32api</mn>
<ft>C</ft>
<p4>integer DC_RETVAL_MATH4</p4>
<p5>integer DC_RETVAL_MATH4</p5>
</PHPModuleRef><PHPModuleRef>
<t>DC_RETVAL_MATH8</t>
<mn>w32api</mn>
<ft>C</ft>
<p4>integer DC_RETVAL_MATH8</p4>
<p5>integer DC_RETVAL_MATH8</p5>
</PHPModuleRef></PHPModuleRef-List>
