<?xml version="1.0" encoding="utf-8"?>
<PHPModuleRef-List>
<PHPModuleRef>
<t>wddx_add_vars</t>
<mn>wddx</mn>
<ft>F</ft>
<ver>4_0_0,4_0_1,4_0_2,4_0_3,4_0_4,4_0_5,4_0_6,4_1_0,4_1_1,4_1_2,4_2_0,4_2_1,4_2_2,4_2_3,4_3_0,4_3_1,4_3_10,4_3_11,4_3_2,4_3_3,4_3_4,4_3_5,4_3_6,4_3_7,4_3_8,4_3_9,4_4_0,4_4_1,4_4_2,4_4_3,4_4_4,4_4_5,4_4_6,4_cvs,5_0_0,5_0_1,5_0_2,5_0_3,5_1_0,5_1_1,5_1_2,5_1_3,5_1_4,5_1_5,5_1_6,5_2_0,5_2_1,5_cvs</ver>
<p4>int wddx_add_vars(int packet_id,  mixed var_names [, mixed ...])</p4>
<p4d>Serializes given variables and adds them to packet given by packet_id </p4d>
<p5>int wddx_add_vars(int packet_id,  mixed var_names [, mixed ...])</p5>
<p5d>Serializes given variables and adds them to packet given by packet_id </p5d>
<texts><text><lng>cs</lng>
<d>Přidat proměnné do WDDX paketu s určeným ID</d>
</text><text><lng>de</lng>
<d>Fügt dem WDDX Paket mit der übergebenen ID Werte hinzu</d>
</text><text><lng>en</lng>
<d>Add variables to a WDDX packet with the specified ID</d>
</text></texts></PHPModuleRef><PHPModuleRef>
<t>wddx_deserialize</t>
<mn>wddx</mn>
<ft>F</ft>
<ver>4_0_0,4_0_1,4_0_2,4_0_3,4_0_4,4_0_5,4_0_6,4_1_0,4_1_1,4_1_2,4_2_0,4_2_1,4_2_2,4_2_3,4_3_0,4_3_1,4_3_10,4_3_11,4_3_2,4_3_3,4_3_4,4_3_5,4_3_6,4_3_7,4_3_8,4_3_9,4_4_0,4_4_1,4_4_2,4_4_3,4_4_4,4_4_5,4_4_6,4_cvs,5_0_0,5_0_1,5_0_2,5_0_3,5_1_0,5_1_1,5_1_2,5_1_3,5_1_4,5_1_5,5_1_6,5_2_0,5_2_1,5_cvs</ver>
<p4>mixed wddx_deserialize(string packet) </p4>
<p4d>Deserializes given packet and returns a PHP value </p4d>
<texts><text><lng>cs</lng>
<d>Deserializovat WDDX paket</d>
</text><text><lng>de</lng>
<d>Deserialisiert ein WDDX Paket</d>
</text><text><lng>en</lng>
<d>&amp;Alias;wddx_unserialize</d>
</text></texts></PHPModuleRef><PHPModuleRef>
<t>wddx_packet_end</t>
<mn>wddx</mn>
<ft>F</ft>
<ver>4_0_0,4_0_1,4_0_2,4_0_3,4_0_4,4_0_5,4_0_6,4_1_0,4_1_1,4_1_2,4_2_0,4_2_1,4_2_2,4_2_3,4_3_0,4_3_1,4_3_10,4_3_11,4_3_2,4_3_3,4_3_4,4_3_5,4_3_6,4_3_7,4_3_8,4_3_9,4_4_0,4_4_1,4_4_2,4_4_3,4_4_4,4_4_5,4_4_6,4_cvs,5_0_0,5_0_1,5_0_2,5_0_3,5_1_0,5_1_1,5_1_2,5_1_3,5_1_4,5_1_5,5_1_6,5_2_0,5_2_1,5_cvs</ver>
<p4>string wddx_packet_end(int packet_id)</p4>
<p4d>Ends specified WDDX packet and returns the string containing the packet </p4d>
<p5>string wddx_packet_end(int packet_id)</p5>
<p5d>Ends specified WDDX packet and returns the string containing the packet </p5d>
<texts><text><lng>cs</lng>
<d>Ukončit WDDX paket se zadaným ID</d>
</text><text><lng>de</lng>
<d>Schliesst das WDDX Paket mit der angegebenen ID</d>
</text><text><lng>en</lng>
<d>Ends a WDDX packet with the specified ID</d>
</text></texts></PHPModuleRef><PHPModuleRef>
<t>wddx_packet_start</t>
<mn>wddx</mn>
<ft>F</ft>
<ver>4_0_0,4_0_1,4_0_2,4_0_3,4_0_4,4_0_5,4_0_6,4_1_0,4_1_1,4_1_2,4_2_0,4_2_1,4_2_2,4_2_3,4_3_0,4_3_1,4_3_10,4_3_11,4_3_2,4_3_3,4_3_4,4_3_5,4_3_6,4_3_7,4_3_8,4_3_9,4_4_0,4_4_1,4_4_2,4_4_3,4_4_4,4_4_5,4_4_6,4_cvs,5_0_0,5_0_1,5_0_2,5_0_3,5_1_0,5_1_1,5_1_2,5_1_3,5_1_4,5_1_5,5_1_6,5_2_0,5_2_1,5_cvs</ver>
<p4>int wddx_packet_start([string comment])</p4>
<p4d>Starts a WDDX packet with optional comment and returns the packet id </p4d>
<p5>int wddx_packet_start([string comment])</p5>
<p5d>Starts a WDDX packet with optional comment and returns the packet id </p5d>
<texts><text><lng>cs</lng>
<d>Začít nový WDDX paket obsahující strukturu</d>
</text><text><lng>de</lng>
<d>Beginnt ein neues WDDX Paket mit einer 'Structure'</d>
</text><text><lng>en</lng>
<d>Starts a new WDDX packet with structure inside it</d>
</text></texts></PHPModuleRef><PHPModuleRef>
<t>wddx_serialize_value</t>
<mn>wddx</mn>
<ft>F</ft>
<ver>4_0_0,4_0_1,4_0_2,4_0_3,4_0_4,4_0_5,4_0_6,4_1_0,4_1_1,4_1_2,4_2_0,4_2_1,4_2_2,4_2_3,4_3_0,4_3_1,4_3_10,4_3_11,4_3_2,4_3_3,4_3_4,4_3_5,4_3_6,4_3_7,4_3_8,4_3_9,4_4_0,4_4_1,4_4_2,4_4_3,4_4_4,4_4_5,4_4_6,4_cvs,5_0_0,5_0_1,5_0_2,5_0_3,5_1_0,5_1_1,5_1_2,5_1_3,5_1_4,5_1_5,5_1_6,5_2_0,5_2_1,5_cvs</ver>
<p4>string wddx_serialize_value(mixed var [, string comment])</p4>
<p4d>Creates a new packet and serializes the given value </p4d>
<p5>string wddx_serialize_value(mixed var [, string comment])</p5>
<p5d>Creates a new packet and serializes the given value </p5d>
<texts><text><lng>cs</lng>
<d>Serializovat jedinou hodnotu do WDDX paketu</d>
</text><text><lng>de</lng>
<d>Serialisiert einen einzelnen Wert in ein WDDX Paket</d>
</text><text><lng>en</lng>
<d>Serialize a single value into a WDDX packet</d>
</text></texts></PHPModuleRef><PHPModuleRef>
<t>wddx_serialize_vars</t>
<mn>wddx</mn>
<ft>F</ft>
<ver>4_0_0,4_0_1,4_0_2,4_0_3,4_0_4,4_0_5,4_0_6,4_1_0,4_1_1,4_1_2,4_2_0,4_2_1,4_2_2,4_2_3,4_3_0,4_3_1,4_3_10,4_3_11,4_3_2,4_3_3,4_3_4,4_3_5,4_3_6,4_3_7,4_3_8,4_3_9,4_4_0,4_4_1,4_4_2,4_4_3,4_4_4,4_4_5,4_4_6,4_cvs,5_0_0,5_0_1,5_0_2,5_0_3,5_1_0,5_1_1,5_1_2,5_1_3,5_1_4,5_1_5,5_1_6,5_2_0,5_2_1,5_cvs</ver>
<p4>string wddx_serialize_vars(mixed var_name [, mixed ...])</p4>
<p4d>Creates a new packet and serializes given variables into a struct </p4d>
<p5>string wddx_serialize_vars(mixed var_name [, mixed ...])</p5>
<p5d>Creates a new packet and serializes given variables into a struct </p5d>
<texts><text><lng>cs</lng>
<d>Serializovat proměnné do WDDX paketu</d>
</text><text><lng>de</lng>
<d>Serialisiert Variablen in WDDX Pakete</d>
</text><text><lng>en</lng>
<d>Serialize variables into a WDDX packet</d>
</text></texts></PHPModuleRef><PHPModuleRef>
<t>wddx_unserialize</t>
<mn>wddx</mn>
<ft>F</ft>
<ver>5_cvs</ver>
<p5>mixed wddx_unserialize(mixed packet) </p5>
<p5d>Unserializes given packet and returns a PHP value </p5d>
<texts><text><lng>en</lng>
<d>Unserializes a WDDX packet</d>
</text></texts></PHPModuleRef></PHPModuleRef-List>
