<?xml version="1.0" encoding="utf-8"?>
<PHPModuleRef-List>
<PHPModuleRef>
<t>utf8_decode</t>
<mn>xml</mn>
<ft>F</ft>
<ver>4_0_0,4_0_1,4_0_2,4_0_3,4_0_4,4_0_5,4_0_6,4_1_0,4_1_1,4_1_2,4_2_0,4_2_1,4_2_2,4_2_3,4_3_0,4_3_1,4_3_10,4_3_11,4_3_2,4_3_3,4_3_4,4_3_5,4_3_6,4_3_7,4_3_8,4_3_9,4_4_0,4_4_1,4_4_2,4_4_3,4_4_4,4_4_5,4_4_6,4_cvs,5_0_0,5_0_1,5_0_2,5_0_3,5_1_0,5_1_1,5_1_2,5_1_3,5_1_4,5_1_5,5_1_6,5_2_0,5_2_1,5_cvs</ver>
<p4>string utf8_decode(string data) </p4>
<p4d>Converts a UTF-8 encoded string to ISO-8859-1 </p4d>
<p5>string utf8_decode(string data) U</p5>
<p5d>Converts a UTF-8 encoded string to ISO-8859-1 </p5d>
<texts><text><lng>el</lng>
<d>Μετατρέπει ένα string με ISO-8859-1 χαρακτήρες κωδικοποιημένο με UTF-8
     σε single-byte ISO-8859-1.</d>
</text><text><lng>en</lng>
<d>Converts a string with ISO-8859-1 characters encoded with UTF-8to single-byte ISO-8859-1</d>
</text></texts></PHPModuleRef><PHPModuleRef>
<t>utf8_encode</t>
<mn>xml</mn>
<ft>F</ft>
<ver>4_0_0,4_0_1,4_0_2,4_0_3,4_0_4,4_0_5,4_0_6,4_1_0,4_1_1,4_1_2,4_2_0,4_2_1,4_2_2,4_2_3,4_3_0,4_3_1,4_3_10,4_3_11,4_3_2,4_3_3,4_3_4,4_3_5,4_3_6,4_3_7,4_3_8,4_3_9,4_4_0,4_4_1,4_4_2,4_4_3,4_4_4,4_4_5,4_4_6,4_cvs,5_0_0,5_0_1,5_0_2,5_0_3,5_1_0,5_1_1,5_1_2,5_1_3,5_1_4,5_1_5,5_1_6,5_2_0,5_2_1,5_cvs</ver>
<p4>string utf8_encode(string data) </p4>
<p4d>Encodes an ISO-8859-1 string to UTF-8 </p4d>
<p5>string utf8_encode(string data) U</p5>
<p5d>Encodes an ISO-8859-1 string to UTF-8 </p5d>
<texts><text><lng>el</lng>
<d>Κωδικοποιεί ένα ISO-8859-1 string σε UTF-8</d>
</text><text><lng>en</lng>
<d>Encodes an ISO-8859-1 string to UTF-8</d>
</text></texts></PHPModuleRef><PHPModuleRef>
<t>xml_error_string</t>
<mn>xml</mn>
<ft>F</ft>
<ver>4_0_0,4_0_1,4_0_2,4_0_3,4_0_4,4_0_5,4_0_6,4_1_0,4_1_1,4_1_2,4_2_0,4_2_1,4_2_2,4_2_3,4_3_0,4_3_1,4_3_10,4_3_11,4_3_2,4_3_3,4_3_4,4_3_5,4_3_6,4_3_7,4_3_8,4_3_9,4_4_0,4_4_1,4_4_2,4_4_3,4_4_4,4_4_5,4_4_6,4_cvs,5_0_0,5_0_1,5_0_2,5_0_3,5_1_0,5_1_1,5_1_2,5_1_3,5_1_4,5_1_5,5_1_6,5_2_0,5_2_1,5_cvs</ver>
<p4>string xml_error_string(int code)</p4>
<p4d>Get XML parser error string </p4d>
<p5>string xml_error_string(int code) U</p5>
<p5d>Get XML parser error string </p5d>
<texts><text><lng>el</lng>
<d>Παίρνει το error string του XML parser</d>
</text><text><lng>en</lng>
<d>Get XML parser error string</d>
</text></texts></PHPModuleRef><PHPModuleRef>
<t>xml_get_current_byte_index</t>
<mn>xml</mn>
<ft>F</ft>
<ver>4_0_0,4_0_1,4_0_2,4_0_3,4_0_4,4_0_5,4_0_6,4_1_0,4_1_1,4_1_2,4_2_0,4_2_1,4_2_2,4_2_3,4_3_0,4_3_1,4_3_10,4_3_11,4_3_2,4_3_3,4_3_4,4_3_5,4_3_6,4_3_7,4_3_8,4_3_9,4_4_0,4_4_1,4_4_2,4_4_3,4_4_4,4_4_5,4_4_6,4_cvs,5_0_0,5_0_1,5_0_2,5_0_3,5_1_0,5_1_1,5_1_2,5_1_3,5_1_4,5_1_5,5_1_6,5_2_0,5_2_1,5_cvs</ver>
<p4>int xml_get_current_byte_index(resource parser) </p4>
<p4d>Get current byte index for an XML parser </p4d>
<p5>int xml_get_current_byte_index(resource parser) U</p5>
<p5d>Get current byte index for an XML parser </p5d>
<texts><text><lng>el</lng>
<d>Παίρνει το τρέχον byte index για έναν XML parser</d>
</text><text><lng>en</lng>
<d>Get current byte index for an XML parser</d>
</text></texts></PHPModuleRef><PHPModuleRef>
<t>xml_get_current_column_number</t>
<mn>xml</mn>
<ft>F</ft>
<ver>4_0_0,4_0_1,4_0_2,4_0_3,4_0_4,4_0_5,4_0_6,4_1_0,4_1_1,4_1_2,4_2_0,4_2_1,4_2_2,4_2_3,4_3_0,4_3_1,4_3_10,4_3_11,4_3_2,4_3_3,4_3_4,4_3_5,4_3_6,4_3_7,4_3_8,4_3_9,4_4_0,4_4_1,4_4_2,4_4_3,4_4_4,4_4_5,4_4_6,4_cvs,5_0_0,5_0_1,5_0_2,5_0_3,5_1_0,5_1_1,5_1_2,5_1_3,5_1_4,5_1_5,5_1_6,5_2_0,5_2_1,5_cvs</ver>
<p4>int xml_get_current_column_number(resource parser)</p4>
<p4d>Get current column number for an XML parser </p4d>
<p5>int xml_get_current_column_number(resource parser) U</p5>
<p5d>Get current column number for an XML parser </p5d>
<texts><text><lng>el</lng>
<d>Παίρνει τον τρέχον αριθμό της στήλης για έναν XML parser</d>
</text><text><lng>en</lng>
<d>Get current column number for an XML parser</d>
</text></texts></PHPModuleRef><PHPModuleRef>
<t>xml_get_current_line_number</t>
<mn>xml</mn>
<ft>F</ft>
<ver>4_0_0,4_0_1,4_0_2,4_0_3,4_0_4,4_0_5,4_0_6,4_1_0,4_1_1,4_1_2,4_2_0,4_2_1,4_2_2,4_2_3,4_3_0,4_3_1,4_3_10,4_3_11,4_3_2,4_3_3,4_3_4,4_3_5,4_3_6,4_3_7,4_3_8,4_3_9,4_4_0,4_4_1,4_4_2,4_4_3,4_4_4,4_4_5,4_4_6,4_cvs,5_0_0,5_0_1,5_0_2,5_0_3,5_1_0,5_1_1,5_1_2,5_1_3,5_1_4,5_1_5,5_1_6,5_2_0,5_2_1,5_cvs</ver>
<p4>int xml_get_current_line_number(resource parser) </p4>
<p4d>Get current line number for an XML parser </p4d>
<p5>int xml_get_current_line_number(resource parser) U</p5>
<p5d>Get current line number for an XML parser </p5d>
<texts><text><lng>el</lng>
<d>παίρνει στον τρέχον αριθμό γραμμή για έναν XML parser</d>
</text><text><lng>en</lng>
<d>Get current line number for an XML parser</d>
</text></texts></PHPModuleRef><PHPModuleRef>
<t>xml_get_error_code</t>
<mn>xml</mn>
<ft>F</ft>
<ver>4_0_0,4_0_1,4_0_2,4_0_3,4_0_4,4_0_5,4_0_6,4_1_0,4_1_1,4_1_2,4_2_0,4_2_1,4_2_2,4_2_3,4_3_0,4_3_1,4_3_10,4_3_11,4_3_2,4_3_3,4_3_4,4_3_5,4_3_6,4_3_7,4_3_8,4_3_9,4_4_0,4_4_1,4_4_2,4_4_3,4_4_4,4_4_5,4_4_6,4_cvs,5_0_0,5_0_1,5_0_2,5_0_3,5_1_0,5_1_1,5_1_2,5_1_3,5_1_4,5_1_5,5_1_6,5_2_0,5_2_1,5_cvs</ver>
<p4>int xml_get_error_code(resource parser) </p4>
<p4d>Get XML parser error code </p4d>
<p5>int xml_get_error_code(resource parser) U</p5>
<p5d>Get XML parser error code </p5d>
<texts><text><lng>el</lng>
<d>παίρνει τον XML parser error code</d>
</text><text><lng>en</lng>
<d>Get XML parser error code</d>
</text></texts></PHPModuleRef><PHPModuleRef>
<t>xml_parse</t>
<mn>xml</mn>
<ft>F</ft>
<ver>4_0_0,4_0_1,4_0_2,4_0_3,4_0_4,4_0_5,4_0_6,4_1_0,4_1_1,4_1_2,4_2_0,4_2_1,4_2_2,4_2_3,4_3_0,4_3_1,4_3_10,4_3_11,4_3_2,4_3_3,4_3_4,4_3_5,4_3_6,4_3_7,4_3_8,4_3_9,4_4_0,4_4_1,4_4_2,4_4_3,4_4_4,4_4_5,4_4_6,4_cvs,5_0_0,5_0_1,5_0_2,5_0_3,5_1_0,5_1_1,5_1_2,5_1_3,5_1_4,5_1_5,5_1_6,5_2_0,5_2_1,5_cvs</ver>
<p4>int xml_parse(resource parser, string data [, int isFinal]) </p4>
<p4d>Start parsing an XML document </p4d>
<p5>int xml_parse(resource parser, string data [, int isFinal]) </p5>
<p5d>Start parsing an XML document </p5d>
<texts><text><lng>el</lng>
<d>αρχίζει να μεταγλωτίζει ένα XML αρχείο</d>
</text><text><lng>en</lng>
<d>Start parsing an XML document</d>
</text></texts></PHPModuleRef><PHPModuleRef>
<t>xml_parser_create</t>
<mn>xml</mn>
<ft>F</ft>
<ver>4_0_0,4_0_1,4_0_2,4_0_3,4_0_4,4_0_5,4_0_6,4_1_0,4_1_1,4_1_2,4_2_0,4_2_1,4_2_2,4_2_3,4_3_0,4_3_1,4_3_10,4_3_11,4_3_2,4_3_3,4_3_4,4_3_5,4_3_6,4_3_7,4_3_8,4_3_9,4_4_0,4_4_1,4_4_2,4_4_3,4_4_4,4_4_5,4_4_6,4_cvs,5_0_0,5_0_1,5_0_2,5_0_3,5_1_0,5_1_1,5_1_2,5_1_3,5_1_4,5_1_5,5_1_6,5_2_0,5_2_1,5_cvs</ver>
<p4>resource xml_parser_create([string encoding]) </p4>
<p4d>Create an XML parser </p4d>
<p5>resource xml_parser_create([string encoding]) </p5>
<p5d>Create an XML parser </p5d>
<texts><text><lng>el</lng>
<d>δημιουργεί έναν XML parser</d>
</text><text><lng>en</lng>
<d>Create an XML parser</d>
</text></texts></PHPModuleRef><PHPModuleRef>
<t>xml_parser_create_ns</t>
<mn>xml</mn>
<ft>F</ft>
<ver>4_0_5,4_0_6,4_1_0,4_1_1,4_1_2,4_2_0,4_2_1,4_2_2,4_2_3,4_3_0,4_3_1,4_3_10,4_3_11,4_3_2,4_3_3,4_3_4,4_3_5,4_3_6,4_3_7,4_3_8,4_3_9,4_4_0,4_4_1,4_4_2,4_4_3,4_4_4,4_4_5,4_4_6,4_cvs,5_0_0,5_0_1,5_0_2,5_0_3,5_1_0,5_1_1,5_1_2,5_1_3,5_1_4,5_1_5,5_1_6,5_2_0,5_2_1,5_cvs</ver>
<p4>resource xml_parser_create_ns([string encoding [, string sep]]) </p4>
<p4d>Create an XML parser </p4d>
<p5>resource xml_parser_create_ns([string encoding [, string sep]]) </p5>
<p5d>Create an XML parser </p5d>
<texts><text><lng>el</lng>
<d>Δημιουργεί ένα XML parser με υποστήριξη namespace</d>
</text><text><lng>en</lng>
<d>Create an XML parser with namespace support</d>
</text></texts></PHPModuleRef><PHPModuleRef>
<t>xml_parser_free</t>
<mn>xml</mn>
<ft>F</ft>
<ver>4_0_0,4_0_1,4_0_2,4_0_3,4_0_4,4_0_5,4_0_6,4_1_0,4_1_1,4_1_2,4_2_0,4_2_1,4_2_2,4_2_3,4_3_0,4_3_1,4_3_10,4_3_11,4_3_2,4_3_3,4_3_4,4_3_5,4_3_6,4_3_7,4_3_8,4_3_9,4_4_0,4_4_1,4_4_2,4_4_3,4_4_4,4_4_5,4_4_6,4_cvs,5_0_0,5_0_1,5_0_2,5_0_3,5_1_0,5_1_1,5_1_2,5_1_3,5_1_4,5_1_5,5_1_6,5_2_0,5_2_1,5_cvs</ver>
<p4>int xml_parser_free(resource parser) </p4>
<p4d>Free an XML parser </p4d>
<p5>int xml_parser_free(resource parser) U</p5>
<p5d>Free an XML parser </p5d>
<texts><text><lng>el</lng>
<d>Ελευθερώνει έναν XML parser</d>
</text><text><lng>en</lng>
<d>Free an XML parser</d>
</text></texts></PHPModuleRef><PHPModuleRef>
<t>xml_parser_get_option</t>
<mn>xml</mn>
<ft>F</ft>
<ver>4_0_0,4_0_1,4_0_2,4_0_3,4_0_4,4_0_5,4_0_6,4_1_0,4_1_1,4_1_2,4_2_0,4_2_1,4_2_2,4_2_3,4_3_0,4_3_1,4_3_10,4_3_11,4_3_2,4_3_3,4_3_4,4_3_5,4_3_6,4_3_7,4_3_8,4_3_9,4_4_0,4_4_1,4_4_2,4_4_3,4_4_4,4_4_5,4_4_6,4_cvs,5_0_0,5_0_1,5_0_2,5_0_3,5_1_0,5_1_1,5_1_2,5_1_3,5_1_4,5_1_5,5_1_6,5_2_0,5_2_1,5_cvs</ver>
<p4>int xml_parser_get_option(resource parser, int option) </p4>
<p4d>Get options from an XML parser </p4d>
<p5>int xml_parser_get_option(resource parser, int option) U</p5>
<p5d>Get options from an XML parser </p5d>
<texts><text><lng>el</lng>
<d>παίρνει τις επιλογές από έναν XML parser</d>
</text><text><lng>en</lng>
<d>Get options from an XML parser</d>
</text></texts></PHPModuleRef><PHPModuleRef>
<t>xml_parser_set_option</t>
<mn>xml</mn>
<ft>F</ft>
<ver>4_0_0,4_0_1,4_0_2,4_0_3,4_0_4,4_0_5,4_0_6,4_1_0,4_1_1,4_1_2,4_2_0,4_2_1,4_2_2,4_2_3,4_3_0,4_3_1,4_3_10,4_3_11,4_3_2,4_3_3,4_3_4,4_3_5,4_3_6,4_3_7,4_3_8,4_3_9,4_4_0,4_4_1,4_4_2,4_4_3,4_4_4,4_4_5,4_4_6,4_cvs,5_0_0,5_0_1,5_0_2,5_0_3,5_1_0,5_1_1,5_1_2,5_1_3,5_1_4,5_1_5,5_1_6,5_2_0,5_2_1,5_cvs</ver>
<p4>int xml_parser_set_option(resource parser, int option, mixed value) </p4>
<p4d>Set options in an XML parser </p4d>
<p5>int xml_parser_set_option(resource parser, int option, mixed value) </p5>
<p5d>Set options in an XML parser </p5d>
<texts><text><lng>el</lng>
<d>ορίζει επιλογές σε έναν XML parser</d>
</text><text><lng>en</lng>
<d>Set options in an XML parser</d>
</text></texts></PHPModuleRef><PHPModuleRef>
<t>xml_parse_into_struct</t>
<mn>xml</mn>
<ft>F</ft>
<ver>4_0_0,4_0_1,4_0_2,4_0_3,4_0_4,4_0_5,4_0_6,4_1_0,4_1_1,4_1_2,4_2_0,4_2_1,4_2_2,4_2_3,4_3_0,4_3_1,4_3_10,4_3_11,4_3_2,4_3_3,4_3_4,4_3_5,4_3_6,4_3_7,4_3_8,4_3_9,4_4_0,4_4_1,4_4_2,4_4_3,4_4_4,4_4_5,4_4_6,4_cvs,5_0_0,5_0_1,5_0_2,5_0_3,5_1_0,5_1_1,5_1_2,5_1_3,5_1_4,5_1_5,5_1_6,5_2_0,5_2_1,5_cvs</ver>
<p4>int xml_parse_into_struct(resource parser, string data, array &amp;struct, array &amp;index) </p4>
<p4d>Parsing a XML document </p4d>
<p5>int xml_parse_into_struct(resource parser, string data, array &amp;struct, array &amp;index) </p5>
<p5d>Parsing a XML document </p5d>
<texts><text><lng>el</lng>
<d>Μεταγλωτίζει τα XML δεδομένα σε μια δομή πίνακα</d>
</text><text><lng>en</lng>
<d>Parse XML data into an array structure</d>
</text></texts></PHPModuleRef><PHPModuleRef>
<t>xml_set_character_data_handler</t>
<mn>xml</mn>
<ft>F</ft>
<ver>4_0_0,4_0_1,4_0_2,4_0_3,4_0_4,4_0_5,4_0_6,4_1_0,4_1_1,4_1_2,4_2_0,4_2_1,4_2_2,4_2_3,4_3_0,4_3_1,4_3_10,4_3_11,4_3_2,4_3_3,4_3_4,4_3_5,4_3_6,4_3_7,4_3_8,4_3_9,4_4_0,4_4_1,4_4_2,4_4_3,4_4_4,4_4_5,4_4_6,4_cvs,5_0_0,5_0_1,5_0_2,5_0_3,5_1_0,5_1_1,5_1_2,5_1_3,5_1_4,5_1_5,5_1_6,5_2_0,5_2_1,5_cvs</ver>
<p4>int xml_set_character_data_handler(resource parser, string hdl) </p4>
<p4d>Set up character data handler </p4d>
<p5>int xml_set_character_data_handler(resource parser, string hdl) U</p5>
<p5d>Set up character data handler </p5d>
<texts><text><lng>el</lng>
<d>ορίζει handler για δεδομένα χαρακτήρων</d>
</text><text><lng>en</lng>
<d>Set up character data handler</d>
</text></texts></PHPModuleRef><PHPModuleRef>
<t>xml_set_default_handler</t>
<mn>xml</mn>
<ft>F</ft>
<ver>4_0_0,4_0_1,4_0_2,4_0_3,4_0_4,4_0_5,4_0_6,4_1_0,4_1_1,4_1_2,4_2_0,4_2_1,4_2_2,4_2_3,4_3_0,4_3_1,4_3_10,4_3_11,4_3_2,4_3_3,4_3_4,4_3_5,4_3_6,4_3_7,4_3_8,4_3_9,4_4_0,4_4_1,4_4_2,4_4_3,4_4_4,4_4_5,4_4_6,4_cvs,5_0_0,5_0_1,5_0_2,5_0_3,5_1_0,5_1_1,5_1_2,5_1_3,5_1_4,5_1_5,5_1_6,5_2_0,5_2_1,5_cvs</ver>
<p4>int xml_set_default_handler(resource parser, string hdl) </p4>
<p4d>Set up default handler </p4d>
<p5>int xml_set_default_handler(resource parser, string hdl) U</p5>
<p5d>Set up default handler </p5d>
<texts><text><lng>el</lng>
<d>ορίζει τον προκαθορισμένο handler</d>
</text><text><lng>en</lng>
<d>Set up default handler</d>
</text></texts></PHPModuleRef><PHPModuleRef>
<t>xml_set_element_handler</t>
<mn>xml</mn>
<ft>F</ft>
<ver>4_0_0,4_0_1,4_0_2,4_0_3,4_0_4,4_0_5,4_0_6,4_1_0,4_1_1,4_1_2,4_2_0,4_2_1,4_2_2,4_2_3,4_3_0,4_3_1,4_3_10,4_3_11,4_3_2,4_3_3,4_3_4,4_3_5,4_3_6,4_3_7,4_3_8,4_3_9,4_4_0,4_4_1,4_4_2,4_4_3,4_4_4,4_4_5,4_4_6,4_cvs,5_0_0,5_0_1,5_0_2,5_0_3,5_1_0,5_1_1,5_1_2,5_1_3,5_1_4,5_1_5,5_1_6,5_2_0,5_2_1,5_cvs</ver>
<p4>int xml_set_element_handler(resource parser, string shdl, string ehdl) </p4>
<p4d>Set up start and end element handlers </p4d>
<p5>int xml_set_element_handler(resource parser, string shdl, string ehdl) U</p5>
<p5d>Set up start and end element handlers </p5d>
<texts><text><lng>el</lng>
<d>ορίζει τα στοιχεία αρχής και τέλους των handlers</d>
</text><text><lng>en</lng>
<d>Set up start and end element handlers</d>
</text></texts></PHPModuleRef><PHPModuleRef>
<t>xml_set_end_namespace_decl_handler</t>
<mn>xml</mn>
<ft>F</ft>
<ver>4_0_5,4_0_6,4_1_0,4_1_1,4_1_2,4_2_0,4_2_1,4_2_2,4_2_3,4_3_0,4_3_1,4_3_10,4_3_11,4_3_2,4_3_3,4_3_4,4_3_5,4_3_6,4_3_7,4_3_8,4_3_9,4_4_0,4_4_1,4_4_2,4_4_3,4_4_4,4_4_5,4_4_6,4_cvs,5_0_0,5_0_1,5_0_2,5_0_3,5_1_0,5_1_1,5_1_2,5_1_3,5_1_4,5_1_5,5_1_6,5_2_0,5_2_1,5_cvs</ver>
<p4>int xml_set_end_namespace_decl_handler(resource parser, string hdl) </p4>
<p4d>Set up character data handler </p4d>
<p5>int xml_set_end_namespace_decl_handler(resource parser, string hdl) U</p5>
<p5d>Set up character data handler </p5d>
<texts><text><lng>el</lng>
<d>Ορίζει τον handler για δεδομένα χαρακτήρων</d>
</text><text><lng>en</lng>
<d>Set up end namespace declaration handler</d>
</text></texts></PHPModuleRef><PHPModuleRef>
<t>xml_set_external_entity_ref_handler</t>
<mn>xml</mn>
<ft>F</ft>
<ver>4_0_0,4_0_1,4_0_2,4_0_3,4_0_4,4_0_5,4_0_6,4_1_0,4_1_1,4_1_2,4_2_0,4_2_1,4_2_2,4_2_3,4_3_0,4_3_1,4_3_10,4_3_11,4_3_2,4_3_3,4_3_4,4_3_5,4_3_6,4_3_7,4_3_8,4_3_9,4_4_0,4_4_1,4_4_2,4_4_3,4_4_4,4_4_5,4_4_6,4_cvs,5_0_0,5_0_1,5_0_2,5_0_3,5_1_0,5_1_1,5_1_2,5_1_3,5_1_4,5_1_5,5_1_6,5_2_0,5_2_1,5_cvs</ver>
<p4>int xml_set_external_entity_ref_handler(resource parser, string hdl) </p4>
<p4d>Set up external entity reference handler </p4d>
<p5>int xml_set_external_entity_ref_handler(resource parser, string hdl) U</p5>
<p5d>Set up external entity reference handler </p5d>
<texts><text><lng>el</lng>
<d>ορίζει έναν external entity reference handler</d>
</text><text><lng>en</lng>
<d>Set up external entity reference handler</d>
</text></texts></PHPModuleRef><PHPModuleRef>
<t>xml_set_notation_decl_handler</t>
<mn>xml</mn>
<ft>F</ft>
<ver>4_0_0,4_0_1,4_0_2,4_0_3,4_0_4,4_0_5,4_0_6,4_1_0,4_1_1,4_1_2,4_2_0,4_2_1,4_2_2,4_2_3,4_3_0,4_3_1,4_3_10,4_3_11,4_3_2,4_3_3,4_3_4,4_3_5,4_3_6,4_3_7,4_3_8,4_3_9,4_4_0,4_4_1,4_4_2,4_4_3,4_4_4,4_4_5,4_4_6,4_cvs,5_0_0,5_0_1,5_0_2,5_0_3,5_1_0,5_1_1,5_1_2,5_1_3,5_1_4,5_1_5,5_1_6,5_2_0,5_2_1,5_cvs</ver>
<p4>int xml_set_notation_decl_handler(resource parser, string hdl) </p4>
<p4d>Set up notation declaration handler </p4d>
<p5>int xml_set_notation_decl_handler(resource parser, string hdl) U</p5>
<p5d>Set up notation declaration handler </p5d>
<texts><text><lng>el</lng>
<d>ορίζει τον notation declaration handler</d>
</text><text><lng>en</lng>
<d>Set up notation declaration handler</d>
</text></texts></PHPModuleRef><PHPModuleRef>
<t>xml_set_object</t>
<mn>xml</mn>
<ft>F</ft>
<ver>4_0_0,4_0_1,4_0_2,4_0_3,4_0_4,4_0_5,4_0_6,4_1_0,4_1_1,4_1_2,4_2_0,4_2_1,4_2_2,4_2_3,4_3_0,4_3_1,4_3_10,4_3_11,4_3_2,4_3_3,4_3_4,4_3_5,4_3_6,4_3_7,4_3_8,4_3_9,4_4_0,4_4_1,4_4_2,4_4_3,4_4_4,4_4_5,4_4_6,4_cvs,5_0_0,5_0_1,5_0_2,5_0_3,5_1_0,5_1_1,5_1_2,5_1_3,5_1_4,5_1_5,5_1_6,5_2_0,5_2_1,5_cvs</ver>
<p4>int xml_set_object(resource parser, object &amp;obj) </p4>
<p4d>Set up object which should be used for callbacks </p4d>
<p5>int xml_set_object(resource parser, object &amp;obj) U</p5>
<p5d>Set up object which should be used for callbacks </p5d>
<texts><text><lng>el</lng>
<d>Χρησιμοποιείστε τον XML Parser μέσα σε ένα object</d>
</text><text><lng>en</lng>
<d>Use XML Parser within an object</d>
</text></texts></PHPModuleRef><PHPModuleRef>
<t>xml_set_processing_instruction_handler</t>
<mn>xml</mn>
<ft>F</ft>
<ver>4_0_0,4_0_1,4_0_2,4_0_3,4_0_4,4_0_5,4_0_6,4_1_0,4_1_1,4_1_2,4_2_0,4_2_1,4_2_2,4_2_3,4_3_0,4_3_1,4_3_10,4_3_11,4_3_2,4_3_3,4_3_4,4_3_5,4_3_6,4_3_7,4_3_8,4_3_9,4_4_0,4_4_1,4_4_2,4_4_3,4_4_4,4_4_5,4_4_6,4_cvs,5_0_0,5_0_1,5_0_2,5_0_3,5_1_0,5_1_1,5_1_2,5_1_3,5_1_4,5_1_5,5_1_6,5_2_0,5_2_1,5_cvs</ver>
<p4>int xml_set_processing_instruction_handler(resource parser, string hdl) </p4>
<p4d>Set up processing instruction (PI) handler </p4d>
<p5>int xml_set_processing_instruction_handler(resource parser, string hdl) U</p5>
<p5d>Set up processing instruction (PI) handler </p5d>
<texts><text><lng>el</lng>
<d>Ορίζει τον processing instruction (PI) handler</d>
</text><text><lng>en</lng>
<d>Set up processing instruction (PI) handler</d>
</text></texts></PHPModuleRef><PHPModuleRef>
<t>xml_set_start_namespace_decl_handler</t>
<mn>xml</mn>
<ft>F</ft>
<ver>4_0_5,4_0_6,4_1_0,4_1_1,4_1_2,4_2_0,4_2_1,4_2_2,4_2_3,4_3_0,4_3_1,4_3_10,4_3_11,4_3_2,4_3_3,4_3_4,4_3_5,4_3_6,4_3_7,4_3_8,4_3_9,4_4_0,4_4_1,4_4_2,4_4_3,4_4_4,4_4_5,4_4_6,4_cvs,5_0_0,5_0_1,5_0_2,5_0_3,5_1_0,5_1_1,5_1_2,5_1_3,5_1_4,5_1_5,5_1_6,5_2_0,5_2_1,5_cvs</ver>
<p4>int xml_set_start_namespace_decl_handler(resource parser, string hdl) </p4>
<p4d>Set up character data handler </p4d>
<p5>int xml_set_start_namespace_decl_handler(resource parser, string hdl) U</p5>
<p5d>Set up character data handler </p5d>
<texts><text><lng>el</lng>
<d>Ορίζει τον character data handler</d>
</text><text><lng>en</lng>
<d>Set up start namespace declaration handler</d>
</text></texts></PHPModuleRef><PHPModuleRef>
<t>xml_set_unparsed_entity_decl_handler</t>
<mn>xml</mn>
<ft>F</ft>
<ver>4_0_0,4_0_1,4_0_2,4_0_3,4_0_4,4_0_5,4_0_6,4_1_0,4_1_1,4_1_2,4_2_0,4_2_1,4_2_2,4_2_3,4_3_0,4_3_1,4_3_10,4_3_11,4_3_2,4_3_3,4_3_4,4_3_5,4_3_6,4_3_7,4_3_8,4_3_9,4_4_0,4_4_1,4_4_2,4_4_3,4_4_4,4_4_5,4_4_6,4_cvs,5_0_0,5_0_1,5_0_2,5_0_3,5_1_0,5_1_1,5_1_2,5_1_3,5_1_4,5_1_5,5_1_6,5_2_0,5_2_1,5_cvs</ver>
<p4>int xml_set_unparsed_entity_decl_handler(resource parser, string hdl) </p4>
<p4d>Set up unparsed entity declaration handler </p4d>
<p5>int xml_set_unparsed_entity_decl_handler(resource parser, string hdl) U</p5>
<p5d>Set up unparsed entity declaration handler </p5d>
<texts><text><lng>el</lng>
<d>Ορίζει έναν αμεταγλώττιστο entity declaration handler</d>
</text><text><lng>en</lng>
<d>Set up unparsed entity declaration handler</d>
</text></texts></PHPModuleRef><PHPModuleRef>
<t>XML_ERROR_ASYNC_ENTITY</t>
<mn>xml</mn>
<ft>C</ft>
<p4>integer XML_ERROR_ASYNC_ENTITY</p4>
<p5>integer XML_ERROR_ASYNC_ENTITY</p5>
</PHPModuleRef><PHPModuleRef>
<t>XML_ERROR_ATTRIBUTE_EXTERNAL_ENTITY_REF</t>
<mn>xml</mn>
<ft>C</ft>
<p4>integer XML_ERROR_ATTRIBUTE_EXTERNAL_ENTITY_REF</p4>
<p5>integer XML_ERROR_ATTRIBUTE_EXTERNAL_ENTITY_REF</p5>
</PHPModuleRef><PHPModuleRef>
<t>XML_ERROR_BAD_CHAR_REF</t>
<mn>xml</mn>
<ft>C</ft>
<p4>integer XML_ERROR_BAD_CHAR_REF</p4>
<p5>integer XML_ERROR_BAD_CHAR_REF</p5>
</PHPModuleRef><PHPModuleRef>
<t>XML_ERROR_BINARY_ENTITY_REF</t>
<mn>xml</mn>
<ft>C</ft>
<p4>integer XML_ERROR_BINARY_ENTITY_REF</p4>
<p5>integer XML_ERROR_BINARY_ENTITY_REF</p5>
</PHPModuleRef><PHPModuleRef>
<t>XML_ERROR_DUPLICATE_ATTRIBUTE</t>
<mn>xml</mn>
<ft>C</ft>
<p4>integer XML_ERROR_DUPLICATE_ATTRIBUTE</p4>
<p5>integer XML_ERROR_DUPLICATE_ATTRIBUTE</p5>
</PHPModuleRef><PHPModuleRef>
<t>XML_ERROR_EXTERNAL_ENTITY_HANDLING</t>
<mn>xml</mn>
<ft>C</ft>
<p4>integer XML_ERROR_EXTERNAL_ENTITY_HANDLING</p4>
<p5>integer XML_ERROR_EXTERNAL_ENTITY_HANDLING</p5>
</PHPModuleRef><PHPModuleRef>
<t>XML_ERROR_INCORRECT_ENCODING</t>
<mn>xml</mn>
<ft>C</ft>
<p4>integer XML_ERROR_INCORRECT_ENCODING</p4>
<p5>integer XML_ERROR_INCORRECT_ENCODING</p5>
</PHPModuleRef><PHPModuleRef>
<t>XML_ERROR_INVALID_TOKEN</t>
<mn>xml</mn>
<ft>C</ft>
<p4>integer XML_ERROR_INVALID_TOKEN</p4>
<p5>integer XML_ERROR_INVALID_TOKEN</p5>
</PHPModuleRef><PHPModuleRef>
<t>XML_ERROR_JUNK_AFTER_DOC_ELEMENT</t>
<mn>xml</mn>
<ft>C</ft>
<p4>integer XML_ERROR_JUNK_AFTER_DOC_ELEMENT</p4>
<p5>integer XML_ERROR_JUNK_AFTER_DOC_ELEMENT</p5>
</PHPModuleRef><PHPModuleRef>
<t>XML_ERROR_MISPLACED_XML_PI</t>
<mn>xml</mn>
<ft>C</ft>
<p4>integer XML_ERROR_MISPLACED_XML_PI</p4>
<p5>integer XML_ERROR_MISPLACED_XML_PI</p5>
</PHPModuleRef><PHPModuleRef>
<t>XML_ERROR_NONE</t>
<mn>xml</mn>
<ft>C</ft>
<p4>integer XML_ERROR_NONE</p4>
<p5>integer XML_ERROR_NONE</p5>
</PHPModuleRef><PHPModuleRef>
<t>XML_ERROR_NO_ELEMENTS</t>
<mn>xml</mn>
<ft>C</ft>
<p4>integer XML_ERROR_NO_ELEMENTS</p4>
<p5>integer XML_ERROR_NO_ELEMENTS</p5>
</PHPModuleRef><PHPModuleRef>
<t>XML_ERROR_NO_MEMORY</t>
<mn>xml</mn>
<ft>C</ft>
<p4>integer XML_ERROR_NO_MEMORY</p4>
<p5>integer XML_ERROR_NO_MEMORY</p5>
</PHPModuleRef><PHPModuleRef>
<t>XML_ERROR_PARAM_ENTITY_REF</t>
<mn>xml</mn>
<ft>C</ft>
<p4>integer XML_ERROR_PARAM_ENTITY_REF</p4>
<p5>integer XML_ERROR_PARAM_ENTITY_REF</p5>
</PHPModuleRef><PHPModuleRef>
<t>XML_ERROR_PARTIAL_CHAR</t>
<mn>xml</mn>
<ft>C</ft>
<p4>integer XML_ERROR_PARTIAL_CHAR</p4>
<p5>integer XML_ERROR_PARTIAL_CHAR</p5>
</PHPModuleRef><PHPModuleRef>
<t>XML_ERROR_RECURSIVE_ENTITY_REF</t>
<mn>xml</mn>
<ft>C</ft>
<p4>integer XML_ERROR_RECURSIVE_ENTITY_REF</p4>
<p5>integer XML_ERROR_RECURSIVE_ENTITY_REF</p5>
</PHPModuleRef><PHPModuleRef>
<t>XML_ERROR_SYNTAX</t>
<mn>xml</mn>
<ft>C</ft>
<p4>integer XML_ERROR_SYNTAX</p4>
<p5>integer XML_ERROR_SYNTAX</p5>
</PHPModuleRef><PHPModuleRef>
<t>XML_ERROR_TAG_MISMATCH</t>
<mn>xml</mn>
<ft>C</ft>
<p4>integer XML_ERROR_TAG_MISMATCH</p4>
<p5>integer XML_ERROR_TAG_MISMATCH</p5>
</PHPModuleRef><PHPModuleRef>
<t>XML_ERROR_UNCLOSED_CDATA_SECTION</t>
<mn>xml</mn>
<ft>C</ft>
<p4>integer XML_ERROR_UNCLOSED_CDATA_SECTION</p4>
<p5>integer XML_ERROR_UNCLOSED_CDATA_SECTION</p5>
</PHPModuleRef><PHPModuleRef>
<t>XML_ERROR_UNCLOSED_TOKEN</t>
<mn>xml</mn>
<ft>C</ft>
<p4>integer XML_ERROR_UNCLOSED_TOKEN</p4>
<p5>integer XML_ERROR_UNCLOSED_TOKEN</p5>
</PHPModuleRef><PHPModuleRef>
<t>XML_ERROR_UNDEFINED_ENTITY</t>
<mn>xml</mn>
<ft>C</ft>
<p4>integer XML_ERROR_UNDEFINED_ENTITY</p4>
<p5>integer XML_ERROR_UNDEFINED_ENTITY</p5>
</PHPModuleRef><PHPModuleRef>
<t>XML_ERROR_UNKNOWN_ENCODING</t>
<mn>xml</mn>
<ft>C</ft>
<p4>integer XML_ERROR_UNKNOWN_ENCODING</p4>
<p5>integer XML_ERROR_UNKNOWN_ENCODING</p5>
</PHPModuleRef><PHPModuleRef>
<t>XML_OPTION_CASE_FOLDING</t>
<mn>xml</mn>
<ft>C</ft>
<p4>integer XML_OPTION_CASE_FOLDING</p4>
<p5>integer XML_OPTION_CASE_FOLDING</p5>
</PHPModuleRef><PHPModuleRef>
<t>XML_OPTION_SKIP_TAGSTART</t>
<mn>xml</mn>
<ft>C</ft>
<p4>integer XML_OPTION_SKIP_TAGSTART</p4>
<p5>integer XML_OPTION_SKIP_TAGSTART</p5>
</PHPModuleRef><PHPModuleRef>
<t>XML_OPTION_SKIP_WHITE</t>
<mn>xml</mn>
<ft>C</ft>
<p4>integer XML_OPTION_SKIP_WHITE</p4>
<p5>integer XML_OPTION_SKIP_WHITE</p5>
</PHPModuleRef><PHPModuleRef>
<t>XML_OPTION_TARGET_ENCODING</t>
<mn>xml</mn>
<ft>C</ft>
<p4>integer XML_OPTION_TARGET_ENCODING</p4>
<p5>integer XML_OPTION_TARGET_ENCODING</p5>
</PHPModuleRef></PHPModuleRef-List>
