<?xml version="1.0" encoding="utf-8"?>
<PHPModuleRef-List>
<PHPModuleRef>
<t>xmlrpc_decode</t>
<mn>xmlrpc</mn>
<ft>F</ft>
<ver>4_1_0,4_1_1,4_1_2,4_2_0,4_2_1,4_2_2,4_2_3,4_3_0,4_3_1,4_3_10,4_3_11,4_3_2,4_3_3,4_3_4,4_3_5,4_3_6,4_3_7,4_3_8,4_3_9,4_4_0,4_4_1,4_4_2,4_4_3,4_4_4,4_4_5,4_4_6,4_cvs,5_0_0,5_0_1,5_0_2,5_0_3,5_1_0,5_1_1,5_1_2,5_1_3,5_1_4,5_1_5,5_1_6,5_2_0,5_2_1,5_cvs</ver>
<p4>array xmlrpc_decode(string xml [, string encoding])</p4>
<p4d>Decodes XML into native PHP types </p4d>
<p5>array xmlrpc_decode(string xml [, string encoding])</p5>
<p5d>Decodes XML into native PHP types </p5d>
<texts><text><lng>en</lng>
<d>Decodes XML into native PHP types</d>
</text></texts></PHPModuleRef><PHPModuleRef>
<t>xmlrpc_decode_request</t>
<mn>xmlrpc</mn>
<ft>F</ft>
<ver>4_1_0,4_1_1,4_1_2,4_2_0,4_2_1,4_2_2,4_2_3,4_3_0,4_3_1,4_3_10,4_3_11,4_3_2,4_3_3,4_3_4,4_3_5,4_3_6,4_3_7,4_3_8,4_3_9,4_4_0,4_4_1,4_4_2,4_4_3,4_4_4,4_4_5,4_4_6,4_cvs,5_0_0,5_0_1,5_0_2,5_0_3,5_1_0,5_1_1,5_1_2,5_1_3,5_1_4,5_1_5,5_1_6,5_2_0,5_2_1,5_cvs</ver>
<p4>array xmlrpc_decode_request(string xml, string&amp; method [, string encoding])</p4>
<p4d>Decodes XML into native PHP types </p4d>
<p5>array xmlrpc_decode_request(string xml, string&amp; method [, string encoding])</p5>
<p5d>Decodes XML into native PHP types </p5d>
<texts><text><lng>en</lng>
<d>Decodes XML into native PHP types</d>
</text></texts></PHPModuleRef><PHPModuleRef>
<t>xmlrpc_encode</t>
<mn>xmlrpc</mn>
<ft>F</ft>
<ver>4_1_0,4_1_1,4_1_2,4_2_0,4_2_1,4_2_2,4_2_3,4_3_0,4_3_1,4_3_10,4_3_11,4_3_2,4_3_3,4_3_4,4_3_5,4_3_6,4_3_7,4_3_8,4_3_9,4_4_0,4_4_1,4_4_2,4_4_3,4_4_4,4_4_5,4_4_6,4_cvs,5_0_0,5_0_1,5_0_2,5_0_3,5_1_0,5_1_1,5_1_2,5_1_3,5_1_4,5_1_5,5_1_6,5_2_0,5_2_1,5_cvs</ver>
<p4>string xmlrpc_encode(mixed value)</p4>
<p4d>Generates XML for a PHP value </p4d>
<p5>string xmlrpc_encode(mixed value)</p5>
<p5d>Generates XML for a PHP value </p5d>
<texts><text><lng>en</lng>
<d>Generates XML for a PHP value</d>
</text></texts></PHPModuleRef><PHPModuleRef>
<t>xmlrpc_encode_request</t>
<mn>xmlrpc</mn>
<ft>F</ft>
<ver>4_1_0,4_1_1,4_1_2,4_2_0,4_2_1,4_2_2,4_2_3,4_3_0,4_3_1,4_3_10,4_3_11,4_3_2,4_3_3,4_3_4,4_3_5,4_3_6,4_3_7,4_3_8,4_3_9,4_4_0,4_4_1,4_4_2,4_4_3,4_4_4,4_4_5,4_4_6,4_cvs,5_0_0,5_0_1,5_0_2,5_0_3,5_1_0,5_1_1,5_1_2,5_1_3,5_1_4,5_1_5,5_1_6,5_2_0,5_2_1,5_cvs</ver>
<p4>string xmlrpc_encode_request(string method, mixed params)</p4>
<p4d>Generates XML for a method request </p4d>
<p5>string xmlrpc_encode_request(string method, mixed params)</p5>
<p5d>Generates XML for a method request </p5d>
<texts><text><lng>en</lng>
<d>Generates XML for a method request</d>
</text></texts></PHPModuleRef><PHPModuleRef>
<t>xmlrpc_get_type</t>
<mn>xmlrpc</mn>
<ft>F</ft>
<ver>4_1_0,4_1_1,4_1_2,4_2_0,4_2_1,4_2_2,4_2_3,4_3_0,4_3_1,4_3_10,4_3_11,4_3_2,4_3_3,4_3_4,4_3_5,4_3_6,4_3_7,4_3_8,4_3_9,4_4_0,4_4_1,4_4_2,4_4_3,4_4_4,4_4_5,4_4_6,4_cvs,5_0_0,5_0_1,5_0_2,5_0_3,5_1_0,5_1_1,5_1_2,5_1_3,5_1_4,5_1_5,5_1_6,5_2_0,5_2_1,5_cvs</ver>
<p4>string xmlrpc_get_type(mixed value)</p4>
<p4d>Gets xmlrpc type for a PHP value. Especially useful for base64 and datetime strings </p4d>
<p5>string xmlrpc_get_type(mixed value)</p5>
<p5d>Gets xmlrpc type for a PHP value. Especially useful for base64 and datetime strings </p5d>
<texts><text><lng>en</lng>
<d>Gets xmlrpc type for a PHP value</d>
</text></texts></PHPModuleRef><PHPModuleRef>
<t>xmlrpc_is_fault</t>
<mn>xmlrpc</mn>
<ft>F</ft>
<ver>4_3_0,4_3_1,4_3_10,4_3_11,4_3_2,4_3_3,4_3_4,4_3_5,4_3_6,4_3_7,4_3_8,4_3_9,4_4_0,4_4_1,4_4_2,4_4_3,4_4_4,4_4_5,4_4_6,4_cvs,5_0_0,5_0_1,5_0_2,5_0_3,5_1_0,5_1_1,5_1_2,5_1_3,5_1_4,5_1_5,5_1_6,5_2_0,5_2_1,5_cvs</ver>
<p4>bool xmlrpc_is_fault(array)</p4>
<p4d>Determines if an array value represents an XMLRPC fault. </p4d>
<p5>bool xmlrpc_is_fault(array)</p5>
<p5d>Determines if an array value represents an XMLRPC fault. </p5d>
<texts><text><lng>en</lng>
<d>Determines if an array value represents an XMLRPC fault</d>
</text></texts></PHPModuleRef><PHPModuleRef>
<t>xmlrpc_parse_method_descriptions</t>
<mn>xmlrpc</mn>
<ft>F</ft>
<ver>4_1_0,4_1_1,4_1_2,4_2_0,4_2_1,4_2_2,4_2_3,4_3_0,4_3_1,4_3_10,4_3_11,4_3_2,4_3_3,4_3_4,4_3_5,4_3_6,4_3_7,4_3_8,4_3_9,4_4_0,4_4_1,4_4_2,4_4_3,4_4_4,4_4_5,4_4_6,4_cvs,5_0_0,5_0_1,5_0_2,5_0_3,5_1_0,5_1_1,5_1_2,5_1_3,5_1_4,5_1_5,5_1_6,5_2_0,5_2_1,5_cvs</ver>
<p4>array xmlrpc_parse_method_descriptions(string xml)</p4>
<p4d>Decodes XML into a list of method descriptions </p4d>
<p5>array xmlrpc_parse_method_descriptions(string xml)</p5>
<p5d>Decodes XML into a list of method descriptions </p5d>
<texts><text><lng>en</lng>
<d>Decodes XML into a list of method descriptions</d>
</text></texts></PHPModuleRef><PHPModuleRef>
<t>xmlrpc_server_add_introspection_data</t>
<mn>xmlrpc</mn>
<ft>F</ft>
<ver>4_1_0,4_1_1,4_1_2,4_2_0,4_2_1,4_2_2,4_2_3,4_3_0,4_3_1,4_3_10,4_3_11,4_3_2,4_3_3,4_3_4,4_3_5,4_3_6,4_3_7,4_3_8,4_3_9,4_4_0,4_4_1,4_4_2,4_4_3,4_4_4,4_4_5,4_4_6,4_cvs,5_0_0,5_0_1,5_0_2,5_0_3,5_1_0,5_1_1,5_1_2,5_1_3,5_1_4,5_1_5,5_1_6,5_2_0,5_2_1,5_cvs</ver>
<p4>int xmlrpc_server_add_introspection_data(handle server, array desc)</p4>
<p4d>Adds introspection documentation  </p4d>
<p5>int xmlrpc_server_add_introspection_data(resource server, array desc)</p5>
<p5d>Adds introspection documentation  </p5d>
<texts><text><lng>en</lng>
<d>Adds introspection documentation</d>
</text></texts></PHPModuleRef><PHPModuleRef>
<t>xmlrpc_server_call_method</t>
<mn>xmlrpc</mn>
<ft>F</ft>
<ver>4_1_0,4_1_1,4_1_2,4_2_0,4_2_1,4_2_2,4_2_3,4_3_0,4_3_1,4_3_10,4_3_11,4_3_2,4_3_3,4_3_4,4_3_5,4_3_6,4_3_7,4_3_8,4_3_9,4_4_0,4_4_1,4_4_2,4_4_3,4_4_4,4_4_5,4_4_6,4_cvs,5_0_0,5_0_1,5_0_2,5_0_3,5_1_0,5_1_1,5_1_2,5_1_3,5_1_4,5_1_5,5_1_6,5_2_0,5_2_1,5_cvs</ver>
<p4>mixed xmlrpc_server_call_method(handle server, string xml, mixed user_data [, array output_options])</p4>
<p4d>Parses XML requests and call methods </p4d>
<p5>mixed xmlrpc_server_call_method(resource server, string xml, mixed user_data [, array output_options</p5>
<p5d>Parses XML requests and call methods </p5d>
<texts><text><lng>en</lng>
<d>Parses XML requests and call methods</d>
</text></texts></PHPModuleRef><PHPModuleRef>
<t>xmlrpc_server_create</t>
<mn>xmlrpc</mn>
<ft>F</ft>
<ver>4_1_0,4_1_1,4_1_2,4_2_0,4_2_1,4_2_2,4_2_3,4_3_0,4_3_1,4_3_10,4_3_11,4_3_2,4_3_3,4_3_4,4_3_5,4_3_6,4_3_7,4_3_8,4_3_9,4_4_0,4_4_1,4_4_2,4_4_3,4_4_4,4_4_5,4_4_6,4_cvs,5_0_0,5_0_1,5_0_2,5_0_3,5_1_0,5_1_1,5_1_2,5_1_3,5_1_4,5_1_5,5_1_6,5_2_0,5_2_1,5_cvs</ver>
<p4>handle xmlrpc_server_create(void)</p4>
<p4d>Creates an xmlrpc server </p4d>
<p5>resource xmlrpc_server_create(void)</p5>
<p5d>Creates an xmlrpc server </p5d>
<texts><text><lng>en</lng>
<d>Creates an xmlrpc server</d>
</text></texts></PHPModuleRef><PHPModuleRef>
<t>xmlrpc_server_destroy</t>
<mn>xmlrpc</mn>
<ft>F</ft>
<ver>4_1_0,4_1_1,4_1_2,4_2_0,4_2_1,4_2_2,4_2_3,4_3_0,4_3_1,4_3_10,4_3_11,4_3_2,4_3_3,4_3_4,4_3_5,4_3_6,4_3_7,4_3_8,4_3_9,4_4_0,4_4_1,4_4_2,4_4_3,4_4_4,4_4_5,4_4_6,4_cvs,5_0_0,5_0_1,5_0_2,5_0_3,5_1_0,5_1_1,5_1_2,5_1_3,5_1_4,5_1_5,5_1_6,5_2_0,5_2_1,5_cvs</ver>
<p4>int xmlrpc_server_destroy(handle server)</p4>
<p4d>Destroys server resources </p4d>
<p5>int xmlrpc_server_destroy(resource server)</p5>
<p5d>Destroys server resources </p5d>
<texts><text><lng>en</lng>
<d>Destroys server resources</d>
</text></texts></PHPModuleRef><PHPModuleRef>
<t>xmlrpc_server_register_introspection_callback</t>
<mn>xmlrpc</mn>
<ft>F</ft>
<ver>4_1_0,4_1_1,4_1_2,4_2_0,4_2_1,4_2_2,4_2_3,4_3_0,4_3_1,4_3_10,4_3_11,4_3_2,4_3_3,4_3_4,4_3_5,4_3_6,4_3_7,4_3_8,4_3_9,4_4_0,4_4_1,4_4_2,4_4_3,4_4_4,4_4_5,4_4_6,4_cvs,5_0_0,5_0_1,5_0_2,5_0_3,5_1_0,5_1_1,5_1_2,5_1_3,5_1_4,5_1_5,5_1_6,5_2_0,5_2_1,5_cvs</ver>
<p4>bool xmlrpc_server_register_introspection_callback(handle server, string function)</p4>
<p4d>Register a PHP function to generate documentation </p4d>
<p5>bool xmlrpc_server_register_introspection_callback(resource server, string function)</p5>
<p5d>Register a PHP function to generate documentation </p5d>
<texts><text><lng>en</lng>
<d>Register a PHP function to generate documentation</d>
</text></texts></PHPModuleRef><PHPModuleRef>
<t>xmlrpc_server_register_method</t>
<mn>xmlrpc</mn>
<ft>F</ft>
<ver>4_1_0,4_1_1,4_1_2,4_2_0,4_2_1,4_2_2,4_2_3,4_3_0,4_3_1,4_3_10,4_3_11,4_3_2,4_3_3,4_3_4,4_3_5,4_3_6,4_3_7,4_3_8,4_3_9,4_4_0,4_4_1,4_4_2,4_4_3,4_4_4,4_4_5,4_4_6,4_cvs,5_0_0,5_0_1,5_0_2,5_0_3,5_1_0,5_1_1,5_1_2,5_1_3,5_1_4,5_1_5,5_1_6,5_2_0,5_2_1,5_cvs</ver>
<p4>bool xmlrpc_server_register_method(handle server, string method_name, string function)</p4>
<p4d>Register a PHP function to handle method matching method_name </p4d>
<p5>bool xmlrpc_server_register_method(resource server, string method_name, string function)</p5>
<p5d>Register a PHP function to handle method matching method_name </p5d>
<texts><text><lng>en</lng>
<d>Register a PHP function to resource method matching method_name</d>
</text></texts></PHPModuleRef><PHPModuleRef>
<t>xmlrpc_set_type</t>
<mn>xmlrpc</mn>
<ft>F</ft>
<ver>4_1_0,4_1_1,4_1_2,4_2_0,4_2_1,4_2_2,4_2_3,4_3_0,4_3_1,4_3_10,4_3_11,4_3_2,4_3_3,4_3_4,4_3_5,4_3_6,4_3_7,4_3_8,4_3_9,4_4_0,4_4_1,4_4_2,4_4_3,4_4_4,4_4_5,4_4_6,4_cvs,5_0_0,5_0_1,5_0_2,5_0_3,5_1_0,5_1_1,5_1_2,5_1_3,5_1_4,5_1_5,5_1_6,5_2_0,5_2_1,5_cvs</ver>
<p4>bool xmlrpc_set_type(string value, string type)</p4>
<p4d>Sets xmlrpc type, base64 or datetime, for a PHP string value </p4d>
<p5>bool xmlrpc_set_type(string value, string type)</p5>
<p5d>Sets xmlrpc type, base64 or datetime, for a PHP string value </p5d>
<texts><text><lng>en</lng>
<d>Sets xmlrpc type, base64 or datetime, for a PHP string value</d>
</text></texts></PHPModuleRef></PHPModuleRef-List>
