<?xml version="1.0" encoding="utf-8"?>
<PHPModuleRef-List>
<PHPModuleRef>
<t>xmlwriter_end_attribute</t>
<mn>xmlwriter</mn>
<ft>F</ft>
<ver>5_1_2,5_1_3,5_1_4,5_1_5,5_1_6,5_2_0,5_2_1</ver>
</PHPModuleRef><PHPModuleRef>
<t>xmlwriter_end_cdata</t>
<mn>xmlwriter</mn>
<ft>F</ft>
<ver>5_1_2,5_1_3,5_1_4,5_1_5,5_1_6,5_2_0,5_2_1</ver>
</PHPModuleRef><PHPModuleRef>
<t>xmlwriter_end_comment</t>
<mn>xmlwriter</mn>
<ft>F</ft>
<ver>5_1_2,5_1_3,5_1_4,5_1_5,5_1_6,5_2_0,5_2_1</ver>
</PHPModuleRef><PHPModuleRef>
<t>xmlwriter_end_document</t>
<mn>xmlwriter</mn>
<ft>F</ft>
<ver>5_1_2,5_1_3,5_1_4,5_1_5,5_1_6,5_2_0,5_2_1</ver>
</PHPModuleRef><PHPModuleRef>
<t>xmlwriter_end_dtd</t>
<mn>xmlwriter</mn>
<ft>F</ft>
<ver>5_1_2,5_1_3,5_1_4,5_1_5,5_1_6,5_2_0,5_2_1</ver>
</PHPModuleRef><PHPModuleRef>
<t>xmlwriter_end_dtd_attlist</t>
<mn>xmlwriter</mn>
<ft>F</ft>
<ver>5_1_2,5_1_3,5_1_4,5_1_5,5_1_6,5_2_0,5_2_1</ver>
</PHPModuleRef><PHPModuleRef>
<t>xmlwriter_end_dtd_element</t>
<mn>xmlwriter</mn>
<ft>F</ft>
<ver>5_1_2,5_1_3,5_1_4,5_1_5,5_1_6,5_2_0,5_2_1</ver>
</PHPModuleRef><PHPModuleRef>
<t>xmlwriter_end_dtd_entity</t>
<mn>xmlwriter</mn>
<ft>F</ft>
<ver>5_2_1</ver>
</PHPModuleRef><PHPModuleRef>
<t>xmlwriter_end_element</t>
<mn>xmlwriter</mn>
<ft>F</ft>
<ver>5_1_2,5_1_3,5_1_4,5_1_5,5_1_6,5_2_0,5_2_1</ver>
</PHPModuleRef><PHPModuleRef>
<t>xmlwriter_end_pi</t>
<mn>xmlwriter</mn>
<ft>F</ft>
<ver>5_1_2,5_1_3,5_1_4,5_1_5,5_1_6,5_2_0,5_2_1</ver>
</PHPModuleRef><PHPModuleRef>
<t>xmlwriter_flush</t>
<mn>xmlwriter</mn>
<ft>F</ft>
<ver>5_1_2,5_1_3,5_1_4,5_1_5,5_1_6,5_2_0,5_2_1</ver>
</PHPModuleRef><PHPModuleRef>
<t>xmlwriter_full_end_element</t>
<mn>xmlwriter</mn>
<ft>F</ft>
<ver>5_2_0,5_2_1</ver>
</PHPModuleRef><PHPModuleRef>
<t>xmlwriter_open_memory</t>
<mn>xmlwriter</mn>
<ft>F</ft>
<ver>5_1_2,5_1_3,5_1_4,5_1_5,5_1_6,5_2_0,5_2_1</ver>
</PHPModuleRef><PHPModuleRef>
<t>xmlwriter_open_uri</t>
<mn>xmlwriter</mn>
<ft>F</ft>
<ver>5_1_2,5_1_3,5_1_4,5_1_5,5_1_6,5_2_0,5_2_1</ver>
</PHPModuleRef><PHPModuleRef>
<t>xmlwriter_output_memory</t>
<mn>xmlwriter</mn>
<ft>F</ft>
<ver>5_1_2,5_1_3,5_1_4,5_1_5,5_1_6,5_2_0,5_2_1</ver>
</PHPModuleRef><PHPModuleRef>
<t>xmlwriter_set_indent</t>
<mn>xmlwriter</mn>
<ft>F</ft>
<ver>5_1_2,5_1_3,5_1_4,5_1_5,5_1_6,5_2_0,5_2_1</ver>
</PHPModuleRef><PHPModuleRef>
<t>xmlwriter_set_indent_string</t>
<mn>xmlwriter</mn>
<ft>F</ft>
<ver>5_1_2,5_1_3,5_1_4,5_1_5,5_1_6,5_2_0,5_2_1</ver>
</PHPModuleRef><PHPModuleRef>
<t>xmlwriter_start_attribute</t>
<mn>xmlwriter</mn>
<ft>F</ft>
<ver>5_1_2,5_1_3,5_1_4,5_1_5,5_1_6,5_2_0,5_2_1</ver>
</PHPModuleRef><PHPModuleRef>
<t>xmlwriter_start_attribute_ns</t>
<mn>xmlwriter</mn>
<ft>F</ft>
<ver>5_1_2,5_1_3,5_1_4,5_1_5,5_1_6,5_2_0,5_2_1</ver>
</PHPModuleRef><PHPModuleRef>
<t>xmlwriter_start_cdata</t>
<mn>xmlwriter</mn>
<ft>F</ft>
<ver>5_1_2,5_1_3,5_1_4,5_1_5,5_1_6,5_2_0,5_2_1</ver>
</PHPModuleRef><PHPModuleRef>
<t>xmlwriter_start_comment</t>
<mn>xmlwriter</mn>
<ft>F</ft>
<ver>5_1_2,5_1_3,5_1_4,5_1_5,5_1_6,5_2_0,5_2_1</ver>
</PHPModuleRef><PHPModuleRef>
<t>xmlwriter_start_document</t>
<mn>xmlwriter</mn>
<ft>F</ft>
<ver>5_1_2,5_1_3,5_1_4,5_1_5,5_1_6,5_2_0,5_2_1</ver>
</PHPModuleRef><PHPModuleRef>
<t>xmlwriter_start_dtd</t>
<mn>xmlwriter</mn>
<ft>F</ft>
<ver>5_1_2,5_1_3,5_1_4,5_1_5,5_1_6,5_2_0,5_2_1</ver>
</PHPModuleRef><PHPModuleRef>
<t>xmlwriter_start_dtd_attlist</t>
<mn>xmlwriter</mn>
<ft>F</ft>
<ver>5_1_2,5_1_3,5_1_4,5_1_5,5_1_6,5_2_0,5_2_1</ver>
</PHPModuleRef><PHPModuleRef>
<t>xmlwriter_start_dtd_element</t>
<mn>xmlwriter</mn>
<ft>F</ft>
<ver>5_1_2,5_1_3,5_1_4,5_1_5,5_1_6,5_2_0,5_2_1</ver>
</PHPModuleRef><PHPModuleRef>
<t>xmlwriter_start_dtd_entity</t>
<mn>xmlwriter</mn>
<ft>F</ft>
<ver>5_2_1</ver>
</PHPModuleRef><PHPModuleRef>
<t>xmlwriter_start_element</t>
<mn>xmlwriter</mn>
<ft>F</ft>
<ver>5_1_2,5_1_3,5_1_4,5_1_5,5_1_6,5_2_0,5_2_1</ver>
</PHPModuleRef><PHPModuleRef>
<t>xmlwriter_start_element_ns</t>
<mn>xmlwriter</mn>
<ft>F</ft>
<ver>5_1_2,5_1_3,5_1_4,5_1_5,5_1_6,5_2_0,5_2_1</ver>
</PHPModuleRef><PHPModuleRef>
<t>xmlwriter_start_pi</t>
<mn>xmlwriter</mn>
<ft>F</ft>
<ver>5_1_2,5_1_3,5_1_4,5_1_5,5_1_6,5_2_0,5_2_1</ver>
</PHPModuleRef><PHPModuleRef>
<t>xmlwriter_text</t>
<mn>xmlwriter</mn>
<ft>F</ft>
<ver>5_1_2,5_1_3,5_1_4,5_1_5,5_1_6,5_2_0,5_2_1</ver>
</PHPModuleRef><PHPModuleRef>
<t>xmlwriter_write_attribute</t>
<mn>xmlwriter</mn>
<ft>F</ft>
<ver>5_1_2,5_1_3,5_1_4,5_1_5,5_1_6,5_2_0,5_2_1</ver>
</PHPModuleRef><PHPModuleRef>
<t>xmlwriter_write_attribute_ns</t>
<mn>xmlwriter</mn>
<ft>F</ft>
<ver>5_1_2,5_1_3,5_1_4,5_1_5,5_1_6,5_2_0,5_2_1</ver>
</PHPModuleRef><PHPModuleRef>
<t>xmlwriter_write_cdata</t>
<mn>xmlwriter</mn>
<ft>F</ft>
<ver>5_1_2,5_1_3,5_1_4,5_1_5,5_1_6,5_2_0,5_2_1</ver>
</PHPModuleRef><PHPModuleRef>
<t>xmlwriter_write_comment</t>
<mn>xmlwriter</mn>
<ft>F</ft>
<ver>5_1_2,5_1_3,5_1_4,5_1_5,5_1_6,5_2_0,5_2_1</ver>
</PHPModuleRef><PHPModuleRef>
<t>xmlwriter_write_dtd</t>
<mn>xmlwriter</mn>
<ft>F</ft>
<ver>5_1_2,5_1_3,5_1_4,5_1_5,5_1_6,5_2_0,5_2_1</ver>
</PHPModuleRef><PHPModuleRef>
<t>xmlwriter_write_dtd_attlist</t>
<mn>xmlwriter</mn>
<ft>F</ft>
<ver>5_1_2,5_1_3,5_1_4,5_1_5,5_1_6,5_2_0,5_2_1</ver>
</PHPModuleRef><PHPModuleRef>
<t>xmlwriter_write_dtd_element</t>
<mn>xmlwriter</mn>
<ft>F</ft>
<ver>5_1_2,5_1_3,5_1_4,5_1_5,5_1_6,5_2_0,5_2_1</ver>
</PHPModuleRef><PHPModuleRef>
<t>xmlwriter_write_dtd_entity</t>
<mn>xmlwriter</mn>
<ft>F</ft>
<ver>5_2_1</ver>
</PHPModuleRef><PHPModuleRef>
<t>xmlwriter_write_element</t>
<mn>xmlwriter</mn>
<ft>F</ft>
<ver>5_1_2,5_1_3,5_1_4,5_1_5,5_1_6,5_2_0,5_2_1</ver>
</PHPModuleRef><PHPModuleRef>
<t>xmlwriter_write_element_ns</t>
<mn>xmlwriter</mn>
<ft>F</ft>
<ver>5_1_2,5_1_3,5_1_4,5_1_5,5_1_6,5_2_0,5_2_1</ver>
</PHPModuleRef><PHPModuleRef>
<t>xmlwriter_write_pi</t>
<mn>xmlwriter</mn>
<ft>F</ft>
<ver>5_1_2,5_1_3,5_1_4,5_1_5,5_1_6,5_2_0,5_2_1</ver>
</PHPModuleRef><PHPModuleRef>
<t>xmlwriter_write_raw</t>
<mn>xmlwriter</mn>
<ft>F</ft>
<ver>5_2_0,5_2_1</ver>
</PHPModuleRef></PHPModuleRef-List>
