<?xml version="1.0" encoding="utf-8"?>
<PHPModuleRef-List>
<PHPModuleRef>
<t>xslt_backend_info</t>
<mn>xslt</mn>
<ft>F</ft>
<ver>4_3_0,4_3_1,4_3_10,4_3_11,4_3_2,4_3_3,4_3_4,4_3_5,4_3_6,4_3_7,4_3_8,4_3_9,4_4_0,4_4_1,4_4_2,4_4_3,4_4_4,4_4_5,4_4_6,4_cvs</ver>
<p4>string xslt_backend_info()</p4>
<p4d>Returns the information on the compilation settings of the backend </p4d>
<texts><text><lng>en</lng>
<d>Returns the information on the compilation settings of the backend</d>
</text></texts></PHPModuleRef><PHPModuleRef>
<t>xslt_backend_name</t>
<mn>xslt</mn>
<ft>F</ft>
<ver>4_3_0,4_3_1,4_3_10,4_3_11,4_3_2,4_3_3,4_3_4,4_3_5,4_3_6,4_3_7,4_3_8,4_3_9,4_4_0,4_4_1,4_4_2,4_4_3,4_4_4,4_4_5,4_4_6,4_cvs</ver>
<p4>string xslt_backend_name()</p4>
<p4d>Returns the name of the Backend (here &quot;Sablotron&quot;)</p4d>
<texts><text><lng>en</lng>
<d>Returns the name of the backend</d>
</text></texts></PHPModuleRef><PHPModuleRef>
<t>xslt_backend_version</t>
<mn>xslt</mn>
<ft>F</ft>
<ver>4_3_0,4_3_1,4_3_10,4_3_11,4_3_2,4_3_3,4_3_4,4_3_5,4_3_6,4_3_7,4_3_8,4_3_9,4_4_0,4_4_1,4_4_2,4_4_3,4_4_4,4_4_5,4_4_6,4_cvs</ver>
<p4>string xslt_backend_version()</p4>
<p4d>Returns the version number of Sablotron (if available) </p4d>
<texts><text><lng>en</lng>
<d>Returns the version number of Sablotron</d>
</text></texts></PHPModuleRef><PHPModuleRef>
<t>xslt_create</t>
<mn>xslt</mn>
<ft>F</ft>
<ver>4_0_3,4_0_4,4_0_5,4_0_6,4_1_0,4_1_1,4_1_2,4_2_0,4_2_1,4_2_2,4_2_3,4_3_0,4_3_1,4_3_10,4_3_11,4_3_2,4_3_3,4_3_4,4_3_5,4_3_6,4_3_7,4_3_8,4_3_9,4_4_0,4_4_1,4_4_2,4_4_3,4_4_4,4_4_5,4_4_6,4_cvs</ver>
<p4>resource xslt_create(void) </p4>
<p4d>Create a new XSLT processor </p4d>
<texts><text><lng>cs</lng>
<d>Vytvořit nový XSL procesor</d>
</text><text><lng>de</lng>
<d>Erzeugt einen neuen XSLT-Prozessor.</d>
</text><text><lng>en</lng>
<d>Create a new XSLT processor</d>
</text></texts></PHPModuleRef><PHPModuleRef>
<t>xslt_errno</t>
<mn>xslt</mn>
<ft>F</ft>
<ver>4_0_3,4_0_4,4_0_5,4_0_6,4_1_0,4_1_1,4_1_2,4_2_0,4_2_1,4_2_2,4_2_3,4_3_0,4_3_1,4_3_10,4_3_11,4_3_2,4_3_3,4_3_4,4_3_5,4_3_6,4_3_7,4_3_8,4_3_9,4_4_0,4_4_1,4_4_2,4_4_3,4_4_4,4_4_5,4_4_6,4_cvs</ver>
<p4>int xslt_errno(resource processor)</p4>
<p4d>Error number </p4d>
<texts><text><lng>cs</lng>
<d>Vrátit číslo současné chyby</d>
</text><text><lng>de</lng>
<d>Gibt die aktuelle Fehlernummer zurück</d>
</text><text><lng>en</lng>
<d>Returns an error number</d>
</text></texts></PHPModuleRef><PHPModuleRef>
<t>xslt_error</t>
<mn>xslt</mn>
<ft>F</ft>
<ver>4_0_3,4_0_4,4_0_5,4_0_6,4_1_0,4_1_1,4_1_2,4_2_0,4_2_1,4_2_2,4_2_3,4_3_0,4_3_1,4_3_10,4_3_11,4_3_2,4_3_3,4_3_4,4_3_5,4_3_6,4_3_7,4_3_8,4_3_9,4_4_0,4_4_1,4_4_2,4_4_3,4_4_4,4_4_5,4_4_6,4_cvs</ver>
<p4>string xslt_error(resource processor)</p4>
<p4d>Error string </p4d>
<texts><text><lng>cs</lng>
<d>Vrátit text poslední chyby</d>
</text><text><lng>de</lng>
<d>Gibt den aktuellen Fehlerstring zurück.</d>
</text><text><lng>en</lng>
<d>Returns an error string</d>
</text></texts></PHPModuleRef><PHPModuleRef>
<t>xslt_free</t>
<mn>xslt</mn>
<ft>F</ft>
<ver>4_0_3,4_0_4,4_0_5,4_0_6,4_1_0,4_1_1,4_1_2,4_2_0,4_2_1,4_2_2,4_2_3,4_3_0,4_3_1,4_3_10,4_3_11,4_3_2,4_3_3,4_3_4,4_3_5,4_3_6,4_3_7,4_3_8,4_3_9,4_4_0,4_4_1,4_4_2,4_4_3,4_4_4,4_4_5,4_4_6,4_cvs</ver>
<p4>void xslt_free(resource processor)</p4>
<p4d>Free the xslt processor up </p4d>
<texts><text><lng>cs</lng>
<d>Uvolnit XSLT procesor</d>
</text><text><lng>de</lng>
<d>Freigabe eines XSLT Prozessors</d>
</text><text><lng>en</lng>
<d>Free XSLT processor</d>
</text></texts></PHPModuleRef><PHPModuleRef>
<t>xslt_getopt</t>
<mn>xslt</mn>
<ft>F</ft>
<ver>4_3_0,4_3_1,4_3_10,4_3_11,4_3_2,4_3_3,4_3_4,4_3_5,4_3_6,4_3_7,4_3_8,4_3_9,4_4_0,4_4_1,4_4_2,4_4_3,4_4_4,4_4_5,4_4_6,4_cvs</ver>
<p4>int xslt_getopt(resource processor)</p4>
<p4d>Get options on a given xsl processor </p4d>
<texts><text><lng>en</lng>
<d>Get options on a given xsl processor</d>
</text></texts></PHPModuleRef><PHPModuleRef>
<t>xslt_process</t>
<mn>xslt</mn>
<ft>F</ft>
<ver>4_0_3,4_0_4,4_0_5,4_0_6,4_1_0,4_1_1,4_1_2,4_2_0,4_2_1,4_2_2,4_2_3,4_3_0,4_3_1,4_3_10,4_3_11,4_3_2,4_3_3,4_3_4,4_3_5,4_3_6,4_3_7,4_3_8,4_3_9,4_4_0,4_4_1,4_4_2,4_4_3,4_4_4,4_4_5,4_4_6,4_cvs</ver>
<p4>string xslt_process(resource processor, string xml, string xslt[, mixed result[, array args[, array</p4>
<p4d>Perform the xslt transformation </p4d>
<texts><text><lng>cs</lng>
<d>Transformovat XML datařetězcem obsahujícím XSL data</d>
</text><text><lng>de</lng>
<d>unknown</d>
</text><text><lng>en</lng>
<d>Perform an XSLT transformation</d>
</text></texts></PHPModuleRef><PHPModuleRef>
<t>xslt_setopt</t>
<mn>xslt</mn>
<ft>F</ft>
<ver>4_3_0,4_3_1,4_3_10,4_3_11,4_3_2,4_3_3,4_3_4,4_3_5,4_3_6,4_3_7,4_3_8,4_3_9,4_4_0,4_4_1,4_4_2,4_4_3,4_4_4,4_4_5,4_4_6,4_cvs</ver>
<p4>int xslt_setopt(resource processor, int newmask)</p4>
<p4d>Set options on a given xsl processor </p4d>
<texts><text><lng>en</lng>
<d>Set options on a given xsl processor</d>
</text></texts></PHPModuleRef><PHPModuleRef>
<t>xslt_set_base</t>
<mn>xslt</mn>
<ft>F</ft>
<ver>4_0_5,4_0_6,4_1_0,4_1_1,4_1_2,4_2_0,4_2_1,4_2_2,4_2_3,4_3_0,4_3_1,4_3_10,4_3_11,4_3_2,4_3_3,4_3_4,4_3_5,4_3_6,4_3_7,4_3_8,4_3_9,4_4_0,4_4_1,4_4_2,4_4_3,4_4_4,4_4_5,4_4_6,4_cvs</ver>
<p4>void xslt_set_base(resource processor, string base)</p4>
<p4d>Sets the base URI for all XSLT transformations </p4d>
<texts><text><lng>en</lng>
<d>Set the base URI for all XSLT transformations</d>
</text></texts></PHPModuleRef><PHPModuleRef>
<t>xslt_set_encoding</t>
<mn>xslt</mn>
<ft>F</ft>
<ver>4_0_5,4_0_6,4_1_0,4_1_1,4_1_2,4_2_0,4_2_1,4_2_2,4_2_3,4_3_0,4_3_1,4_3_10,4_3_11,4_3_2,4_3_3,4_3_4,4_3_5,4_3_6,4_3_7,4_3_8,4_3_9,4_4_0,4_4_1,4_4_2,4_4_3,4_4_4,4_4_5,4_4_6,4_cvs</ver>
<p4>void xslt_set_encoding(resource processor, string encoding)</p4>
<p4d>Set the output encoding for the current stylesheet </p4d>
<texts><text><lng>en</lng>
<d>Set the encoding for the parsing of XML documents</d>
</text></texts></PHPModuleRef><PHPModuleRef>
<t>xslt_set_error_handler</t>
<mn>xslt</mn>
<ft>F</ft>
<ver>4_0_4,4_0_5,4_0_6,4_1_0,4_1_1,4_1_2,4_2_0,4_2_1,4_2_2,4_2_3,4_3_0,4_3_1,4_3_10,4_3_11,4_3_2,4_3_3,4_3_4,4_3_5,4_3_6,4_3_7,4_3_8,4_3_9,4_4_0,4_4_1,4_4_2,4_4_3,4_4_4,4_4_5,4_4_6,4_cvs</ver>
<p4>void xslt_set_error_handler(resource processor, mixed error_func)</p4>
<p4d>Set the error handler, to be called when an XSLT error happens </p4d>
<texts><text><lng>en</lng>
<d>Set an error handler for a XSLT processor</d>
</text></texts></PHPModuleRef><PHPModuleRef>
<t>xslt_set_log</t>
<mn>xslt</mn>
<ft>F</ft>
<ver>4_0_6,4_1_0,4_1_1,4_1_2,4_2_0,4_2_1,4_2_2,4_2_3,4_3_0,4_3_1,4_3_10,4_3_11,4_3_2,4_3_3,4_3_4,4_3_5,4_3_6,4_3_7,4_3_8,4_3_9,4_4_0,4_4_1,4_4_2,4_4_3,4_4_4,4_4_5,4_4_6,4_cvs</ver>
<p4>void xslt_set_log(resource processor, string logfile)</p4>
<p4d>Set the log file to write the errors to (defaults to stderr) </p4d>
<texts><text><lng>en</lng>
<d>Set the log file to write log messages to</d>
</text></texts></PHPModuleRef><PHPModuleRef>
<t>xslt_set_object</t>
<mn>xslt</mn>
<ft>F</ft>
<ver>4_3_0,4_3_1,4_3_10,4_3_11,4_3_2,4_3_3,4_3_4,4_3_5,4_3_6,4_3_7,4_3_8,4_3_9,4_4_0,4_4_1,4_4_2,4_4_3,4_4_4,4_4_5,4_4_6,4_cvs</ver>
<p4>int xslt_set_object(resource parser, object obj)</p4>
<p4d>sets the object in which to resolve callback functions </p4d>
<texts><text><lng>en</lng>
<d>Sets the object in which to resolve callback functions</d>
</text></texts></PHPModuleRef><PHPModuleRef>
<t>xslt_set_sax_handlers</t>
<mn>xslt</mn>
<ft>F</ft>
<ver>4_0_6,4_1_0,4_1_1,4_1_2,4_2_0,4_2_1,4_2_2,4_2_3,4_3_0,4_3_1,4_3_10,4_3_11,4_3_2,4_3_3,4_3_4,4_3_5,4_3_6,4_3_7,4_3_8,4_3_9,4_4_0,4_4_1,4_4_2,4_4_3,4_4_4,4_4_5,4_4_6,4_cvs</ver>
<p4>void xslt_set_sax_handlers(resource processor, array handlers)</p4>
<p4d>Set the SAX handlers to be called when the XML document gets processed </p4d>
<texts><text><lng>en</lng>
<d>Set the SAX handlers to be called when the XML document gets processed</d>
</text></texts></PHPModuleRef><PHPModuleRef>
<t>xslt_set_scheme_handlers</t>
<mn>xslt</mn>
<ft>F</ft>
<ver>4_0_6,4_1_0,4_1_1,4_1_2,4_2_0,4_2_1,4_2_2,4_2_3,4_3_0,4_3_1,4_3_10,4_3_11,4_3_2,4_3_3,4_3_4,4_3_5,4_3_6,4_3_7,4_3_8,4_3_9,4_4_0,4_4_1,4_4_2,4_4_3,4_4_4,4_4_5,4_4_6,4_cvs</ver>
<p4>void xslt_set_scheme_handlers(resource processor, array handlers)</p4>
<p4d>Set the scheme handlers for the XSLT processor </p4d>
<texts><text><lng>en</lng>
<d>Set the scheme handlers for the XSLT processor</d>
</text></texts></PHPModuleRef><PHPModuleRef>
<t>XSLT_ERR_UNSUPPORTED_SCHEME</t>
<mn>xslt</mn>
<ft>C</ft>
<p4>integer XSLT_ERR_UNSUPPORTED_SCHEME</p4>
<p5>integer XSLT_ERR_UNSUPPORTED_SCHEME</p5>
<texts><text><lng>cs</lng>
<d>Vrátit chybový kód, pro scheme handlers.</d>
</text><text><lng>en</lng>
<d>Error return code, for scheme handlers.</d>
</text></texts></PHPModuleRef><PHPModuleRef>
<t>XSLT_OPT_SILENT</t>
<mn>xslt</mn>
<ft>C</ft>
<p4>integer XSLT_OPT_SILENT</p4>
<p5>integer XSLT_OPT_SILENT</p5>
<texts><text><lng>cs</lng>
<d>Zrušit veškeré logování a hlášení chyb. Jedná se o obecnou volbu
     pro všechny nástroje, které mohou být přidány v budoucnu.</d>
</text><text><lng>en</lng>
<d>Drop all logging and error reporting. This is a generic option
     for all backends that may be added in the future.</d>
</text></texts></PHPModuleRef><PHPModuleRef>
<t>XSLT_SABOPT_DISABLE_ADDING_META</t>
<mn>xslt</mn>
<ft>C</ft>
<p4>integer XSLT_SABOPT_DISABLE_ADDING_META</p4>
<p5>integer XSLT_SABOPT_DISABLE_ADDING_META</p5>
<texts><text><lng>cs</lng>
<d>Nepřidávat meta značku &quot;Content-Type&quot; do HTML výstupu.
     Výchozí nastavení je určeno během kompilace
     Sablotronu.</d>
</text><text><lng>en</lng>
<d>Do not add the meta tag &quot;Content-Type&quot; for HTML output.
     The default is set during compilation ofSablotron.</d>
</text></texts></PHPModuleRef><PHPModuleRef>
<t>XSLT_SABOPT_DISABLE_STRIPPING</t>
<mn>xslt</mn>
<ft>C</ft>
<p4>integer XSLT_SABOPT_DISABLE_STRIPPING</p4>
<p5>integer XSLT_SABOPT_DISABLE_STRIPPING</p5>
<texts><text><lng>cs</lng>
<d>Potlačit odstraňování bílých znaků (pouze u datových souborů).</d>
</text><text><lng>en</lng>
<d>Suppress the whitespace stripping (on data files only).</d>
</text></texts></PHPModuleRef><PHPModuleRef>
<t>XSLT_SABOPT_FILES_TO_HANDLER</t>
<mn>xslt</mn>
<ft>C</ft>
<p4>integer XSLT_SABOPT_FILES_TO_HANDLER</p4>
<p5>integer XSLT_SABOPT_FILES_TO_HANDLER</p5>
</PHPModuleRef><PHPModuleRef>
<t>XSLT_SABOPT_IGNORE_DOC_NOT_FOUND</t>
<mn>xslt</mn>
<ft>C</ft>
<p4>integer XSLT_SABOPT_IGNORE_DOC_NOT_FOUND</p4>
<p5>integer XSLT_SABOPT_IGNORE_DOC_NOT_FOUND</p5>
<texts><text><lng>cs</lng>
<d>Považovat nerozpoznané dokumenty (funkce document()) za nesmrtelné.</d>
</text><text><lng>en</lng>
<d>Consider unresolved documents (the document() function) non-lethal.</d>
</text></texts></PHPModuleRef><PHPModuleRef>
<t>XSLT_SABOPT_PARSE_PUBLIC_ENTITIES</t>
<mn>xslt</mn>
<ft>C</ft>
<p4>integer XSLT_SABOPT_PARSE_PUBLIC_ENTITIES</p4>
<p5>integer XSLT_SABOPT_PARSE_PUBLIC_ENTITIES</p5>
<texts><text><lng>cs</lng>
<d>Přikázat Sablotronu, aby parsoval veřejné entity.
     Ve výchozím nastavení je tato volba vypnuta.</d>
</text><text><lng>en</lng>
<d>Tell Sablotron to parse public entities.
     By default this has been turned off.</d>
</text></texts></PHPModuleRef></PHPModuleRef-List>
