<?xml version="1.0" encoding="utf-8"?>
<PHPModuleRef-List>
<PHPModuleRef>
<t>yp_all</t>
<mn>yp</mn>
<ft>F</ft>
<ver>4_0_6,4_1_0,4_1_1,4_1_2,4_2_0,4_2_1,4_2_2,4_2_3,4_3_0,4_3_1,4_3_10,4_3_11,4_3_2,4_3_3,4_3_4,4_3_5,4_3_6,4_3_7,4_3_8,4_3_9,4_4_0,4_4_1,4_4_2,4_4_3,4_4_4,4_4_5,4_4_6,4_cvs,5_0_0,5_0_1,5_0_2,5_0_3</ver>
<p4>void yp_all(string domain, string map, string callback)</p4>
<p4d>Traverse the map and call a function on each entry </p4d>
<texts><text><lng>en</lng>
<d>Traverse the map and call a function on each entry</d>
</text></texts></PHPModuleRef><PHPModuleRef>
<t>yp_cat</t>
<mn>yp</mn>
<ft>F</ft>
<ver>4_0_6,4_1_0,4_1_1,4_1_2,4_2_0,4_2_1,4_2_2,4_2_3,4_3_0,4_3_1,4_3_10,4_3_11,4_3_2,4_3_3,4_3_4,4_3_5,4_3_6,4_3_7,4_3_8,4_3_9,4_4_0,4_4_1,4_4_2,4_4_3,4_4_4,4_4_5,4_4_6,4_cvs,5_0_0,5_0_1,5_0_2,5_0_3</ver>
<p4>array yp_cat(string domain, string map)</p4>
<p4d>Return an array containing the entire map </p4d>
<texts><text><lng>en</lng>
<d>Return an array containing the entire map</d>
</text></texts></PHPModuleRef><PHPModuleRef>
<t>yp_errno</t>
<mn>yp</mn>
<ft>F</ft>
<ver>4_0_6,4_1_0,4_1_1,4_1_2,4_2_0,4_2_1,4_2_2,4_2_3,4_3_0,4_3_1,4_3_10,4_3_11,4_3_2,4_3_3,4_3_4,4_3_5,4_3_6,4_3_7,4_3_8,4_3_9,4_4_0,4_4_1,4_4_2,4_4_3,4_4_4,4_4_5,4_4_6,4_cvs,5_0_0,5_0_1,5_0_2,5_0_3</ver>
<p4>int yp_errno()</p4>
<p4d>Returns the error code from the last call or 0 if no error occured </p4d>
<texts><text><lng>cs</lng>
<d>Returns the error code of the previous operation</d>
</text><text><lng>de</lng>
<d>Returns the error code of the previous operation</d>
</text><text><lng>en</lng>
<d>Returns the error code of the previous operation</d>
</text><text><lng>es</lng>
<d>Retorna el codigo de error de la operacion previa.</d>
</text></texts></PHPModuleRef><PHPModuleRef>
<t>yp_err_string</t>
<mn>yp</mn>
<ft>F</ft>
<ver>4_0_6,4_1_0,4_1_1,4_1_2,4_2_0,4_2_1,4_2_2,4_2_3,4_3_0,4_3_1,4_3_10,4_3_11,4_3_2,4_3_3,4_3_4,4_3_5,4_3_6,4_3_7,4_3_8,4_3_9,4_4_0,4_4_1,4_4_2,4_4_3,4_4_4,4_4_5,4_4_6,4_cvs,5_0_0,5_0_1,5_0_2,5_0_3</ver>
<p4>string yp_err_string(int errorcode)</p4>
<p4d>Returns the corresponding error string for the given error code </p4d>
<texts><text><lng>cs</lng>
<d>Returns the error string associated with the previous operation</d>
</text><text><lng>de</lng>
<d>Returns the error string associated with the previous operation</d>
</text><text><lng>en</lng>
<d>Returns the error string associated with the given error code</d>
</text><text><lng>es</lng>
<d>devuelve el mensaje de error asociado con la operacion previa.Util que indicael problema exacto.</d>
</text></texts></PHPModuleRef><PHPModuleRef>
<t>yp_first</t>
<mn>yp</mn>
<ft>F</ft>
<ver>4_0_0,4_0_1,4_0_2,4_0_3,4_0_4,4_0_5,4_0_6,4_1_0,4_1_1,4_1_2,4_2_0,4_2_1,4_2_2,4_2_3,4_3_0,4_3_1,4_3_10,4_3_11,4_3_2,4_3_3,4_3_4,4_3_5,4_3_6,4_3_7,4_3_8,4_3_9,4_4_0,4_4_1,4_4_2,4_4_3,4_4_4,4_4_5,4_4_6,4_cvs,5_0_0,5_0_1,5_0_2,5_0_3</ver>
<p4>array yp_first(string domain, string map)</p4>
<p4d>Returns the first key as array with $var[$key] and the the line as the value </p4d>
<texts><text><lng>cs</lng>
<d>Vrátit pvní klíč/hodnota pár mapy</d>
</text><text><lng>de</lng>
<d>Gibt das erste Schlüssel-Wert-Paar der angegebenen Map zurück</d>
</text><text><lng>en</lng>
<d>Returns the first key-value pair from the named map</d>
</text><text><lng>es</lng>
<d>devuelve la primera clave emparejada con el nombrado mapa.</d>
</text></texts></PHPModuleRef><PHPModuleRef>
<t>yp_get_default_domain</t>
<mn>yp</mn>
<ft>F</ft>
<ver>4_0_0,4_0_1,4_0_2,4_0_3,4_0_4,4_0_5,4_0_6,4_1_0,4_1_1,4_1_2,4_2_0,4_2_1,4_2_2,4_2_3,4_3_0,4_3_1,4_3_10,4_3_11,4_3_2,4_3_3,4_3_4,4_3_5,4_3_6,4_3_7,4_3_8,4_3_9,4_4_0,4_4_1,4_4_2,4_4_3,4_4_4,4_4_5,4_4_6,4_cvs,5_0_0,5_0_1,5_0_2,5_0_3</ver>
<p4>string yp_get_default_domain(void)</p4>
<p4d>Returns the domain or false </p4d>
<texts><text><lng>cs</lng>
<d>Zjistit defaultní NIS doménu stroje</d>
</text><text><lng>de</lng>
<d>Gibt die voreingestellte NIS-Domäne der aktuellen
    Maschine zurück.</d>
</text><text><lng>en</lng>
<d>Fetches the machine's default NIS domain</d>
</text><text><lng>es</lng>
<d>Trae el valor por omision de dominios de maquina NIS.</d>
</text></texts></PHPModuleRef><PHPModuleRef>
<t>yp_master</t>
<mn>yp</mn>
<ft>F</ft>
<ver>4_0_0,4_0_1,4_0_2,4_0_3,4_0_4,4_0_5,4_0_6,4_1_0,4_1_1,4_1_2,4_2_0,4_2_1,4_2_2,4_2_3,4_3_0,4_3_1,4_3_10,4_3_11,4_3_2,4_3_3,4_3_4,4_3_5,4_3_6,4_3_7,4_3_8,4_3_9,4_4_0,4_4_1,4_4_2,4_4_3,4_4_4,4_4_5,4_4_6,4_cvs,5_0_0,5_0_1,5_0_2,5_0_3</ver>
<p4>string yp_master(string domain, string map)</p4>
<p4d>Returns the machine name of the master </p4d>
<texts><text><lng>cs</lng>
<d>Zjistit název master NIS serveru mapy</d>
</text><text><lng>de</lng>
<d>Gibt den Namen des Hauptservers für eine NIS-Map zurück</d>
</text><text><lng>en</lng>
<d>Returns the machine name of the master NIS server for a map</d>
</text></texts></PHPModuleRef><PHPModuleRef>
<t>yp_match</t>
<mn>yp</mn>
<ft>F</ft>
<ver>4_0_0,4_0_1,4_0_2,4_0_3,4_0_4,4_0_5,4_0_6,4_1_0,4_1_1,4_1_2,4_2_0,4_2_1,4_2_2,4_2_3,4_3_0,4_3_1,4_3_10,4_3_11,4_3_2,4_3_3,4_3_4,4_3_5,4_3_6,4_3_7,4_3_8,4_3_9,4_4_0,4_4_1,4_4_2,4_4_3,4_4_4,4_4_5,4_4_6,4_cvs,5_0_0,5_0_1,5_0_2,5_0_3</ver>
<p4>string yp_match(string domain, string map, string key)</p4>
<p4d>Returns the matched line or false </p4d>
<texts><text><lng>cs</lng>
<d>Vrátit odpovídající záznam</d>
</text><text><lng>de</lng>
<d>Gibt dieübereinstimmende Zeile zurück</d>
</text><text><lng>en</lng>
<d>Returns the matched line</d>
</text><text><lng>es</lng>
<d>Retorna la linea compañera (pareja).</d>
</text></texts></PHPModuleRef><PHPModuleRef>
<t>yp_next</t>
<mn>yp</mn>
<ft>F</ft>
<ver>4_0_0,4_0_1,4_0_2,4_0_3,4_0_4,4_0_5,4_0_6,4_1_0,4_1_1,4_1_2,4_2_0,4_2_1,4_2_2,4_2_3,4_3_0,4_3_1,4_3_10,4_3_11,4_3_2,4_3_3,4_3_4,4_3_5,4_3_6,4_3_7,4_3_8,4_3_9,4_4_0,4_4_1,4_4_2,4_4_3,4_4_4,4_4_5,4_4_6,4_cvs,5_0_0,5_0_1,5_0_2,5_0_3</ver>
<p4>array yp_next(string domain, string map, string key)</p4>
<p4d>Returns an array with $var[$key] and the the line as the value </p4d>
<texts><text><lng>cs</lng>
<d>Vrátit další klíč/hodnota pár mapy</d>
</text><text><lng>de</lng>
<d>Gibt das nächste Schlüssel-Wert-Paar in der angegebenen Map
    zurück.</d>
</text><text><lng>en</lng>
<d>Returns the next key-value pair in the named map</d>
</text><text><lng>es</lng>
<d>Devuelve la siguiente clave tecleada en el nombre de mapa</d>
</text></texts></PHPModuleRef><PHPModuleRef>
<t>yp_order</t>
<mn>yp</mn>
<ft>F</ft>
<ver>4_0_0,4_0_1,4_0_2,4_0_3,4_0_4,4_0_5,4_0_6,4_1_0,4_1_1,4_1_2,4_2_0,4_2_1,4_2_2,4_2_3,4_3_0,4_3_1,4_3_10,4_3_11,4_3_2,4_3_3,4_3_4,4_3_5,4_3_6,4_3_7,4_3_8,4_3_9,4_4_0,4_4_1,4_4_2,4_4_3,4_4_4,4_4_5,4_4_6,4_cvs,5_0_0,5_0_1,5_0_2,5_0_3</ver>
<p4>int yp_order(string domain, string map)            </p4>
<p4d>Returns the order number or false </p4d>
<texts><text><lng>cs</lng>
<d>Returns the order number for a map</d>
</text><text><lng>de</lng>
<d>Gibt die Ordnungsnummer einer Map zurück</d>
</text><text><lng>en</lng>
<d>Returns the order number for a map</d>
</text></texts></PHPModuleRef></PHPModuleRef-List>
