<?xml version="1.0" encoding="utf-8"?>
<PHPModuleRef-List>
<PHPModuleRef>
<t>class_exists</t>
<mn>zend</mn>
<ft>F</ft>
<ver>4_0_0,4_0_1,4_0_2,4_0_3,4_0_4,4_0_5,4_0_6,4_1_0,4_1_1,4_1_2,4_2_0,4_2_1,4_2_2,4_2_3,4_3_0,4_3_1,4_3_10,4_3_11,4_3_2,4_3_3,4_3_4,4_3_5,4_3_6,4_3_7,4_3_8,4_3_9,4_4_0,4_4_1,4_4_2,4_4_3,4_4_4,4_4_5,4_4_6,4_cvs,5_0_0,5_0_2,5_0_3,5_1_0,5_1_1,5_1_2,5_1_3,5_1_4,5_1_5,5_1_6,5_2_0,5_2_1</ver>
<p4>bool class_exists(string classname)</p4>
<p4d>Checks if the class exists </p4d>
<texts><text><lng>bg</lng>
<d>Проверява дали даден клас е бил дефиниран</d>
</text><text><lng>cs</lng>
<d>Zjistit, jestli je třída definována</d>
</text><text><lng>de</lng>
<d>Checks if the class has been defined</d>
</text><text><lng>el</lng>
<d>Ελέγχει εάν η κλάση έχει οριστεί</d>
</text><text><lng>en</lng>
<d>Checks if the class has been defined</d>
</text><text><lng>es</lng>
<d>Verifica si la clase ha sido definida</d>
</text></texts></PHPModuleRef><PHPModuleRef>
<t>crash</t>
<mn>zend</mn>
<ft>F</ft>
<ver>4_0_0,4_0_1,4_0_2,4_0_3,4_0_4,4_0_5,4_0_6,4_1_0,4_1_1,4_1_2,4_2_0,4_2_1,4_2_2,4_2_3,4_3_0,4_3_1,4_3_10,4_3_11,4_3_2,4_3_3,4_3_4,4_3_5,4_3_6,4_3_7,4_3_8,4_3_9,4_4_0,4_4_1,4_4_2,4_4_3,4_4_4,4_4_5,4_4_6,4_cvs,5_0_0,5_0_2,5_0_3,5_1_0,5_1_1,5_1_2,5_1_3,5_1_4,5_1_5,5_1_6,5_2_0,5_2_1</ver>
</PHPModuleRef><PHPModuleRef>
<t>create_function</t>
<mn>zend</mn>
<ft>F</ft>
<ver>4_0_1,4_0_2,4_0_3,4_0_4,4_0_5,4_0_6,4_1_0,4_1_1,4_1_2,4_2_0,4_2_1,4_2_2,4_2_3,4_3_0,4_3_1,4_3_10,4_3_11,4_3_2,4_3_3,4_3_4,4_3_5,4_3_6,4_3_7,4_3_8,4_3_9,4_4_0,4_4_1,4_4_2,4_4_3,4_4_4,4_4_5,4_4_6,4_cvs,5_0_0,5_0_2,5_0_3,5_1_0,5_1_1,5_1_2,5_1_3,5_1_4,5_1_5,5_1_6,5_2_0,5_2_1</ver>
<p4>string create_function(string args, string code)</p4>
<p4d>Creates an anonymous function, and returns its name (funny, eh?) </p4d>
<texts><text><lng>cs</lng>
<d>Vytvořit anonymní (lambda-style) funkci</d>
</text><text><lng>da</lng>
<d>Fremstiller en unavngivet (lambda-style) funktion</d>
</text><text><lng>de</lng>
<d>Erzeugen einer anonymen / temporären (Lambda-Stil) Funktion</d>
</text><text><lng>en</lng>
<d>Create an anonymous (lambda-style) function</d>
</text><text><lng>es</lng>
<d>Crear una función anónima (estilo-lambda)</d>
</text></texts></PHPModuleRef><PHPModuleRef>
<t>debug_backtrace</t>
<mn>zend</mn>
<ft>F</ft>
<ver>4_3_0,4_3_1,4_3_10,4_3_11,4_3_2,4_3_3,4_3_4,4_3_5,4_3_6,4_3_7,4_3_8,4_3_9,4_4_0,4_4_1,4_4_2,4_4_3,4_4_4,4_4_5,4_4_6,4_cvs,5_0_0,5_0_2,5_0_3,5_1_0,5_1_1,5_1_2,5_1_3,5_1_4,5_1_5,5_1_6,5_2_0,5_2_1</ver>
<p4>void debug_backtrace(void)</p4>
<p4d>Prints out a backtrace </p4d>
<texts><text><lng>de</lng>
<d>Erzeugt Daten zur Ablaufverfolgung</d>
</text><text><lng>en</lng>
<d>Generates a backtrace</d>
</text><text><lng>es</lng>
<d>Genera un backtrace</d>
</text></texts></PHPModuleRef><PHPModuleRef>
<t>debug_print_backtrace</t>
<mn>zend</mn>
<ft>F</ft>
<ver>5_0_0,5_0_2,5_0_3,5_1_0,5_1_1,5_1_2,5_1_3,5_1_4,5_1_5,5_1_6,5_2_0,5_2_1</ver>
<texts><text><lng>de</lng>
<d>Druckt die Daten für eine Ablaufverfolgung</d>
</text><text><lng>en</lng>
<d>Prints a backtrace</d>
</text><text><lng>es</lng>
<d>Imprime un backtrace</d>
</text></texts></PHPModuleRef><PHPModuleRef>
<t>define</t>
<mn>zend</mn>
<ft>F</ft>
<ver>4_0_0,4_0_1,4_0_2,4_0_3,4_0_4,4_0_5,4_0_6,4_1_0,4_1_1,4_1_2,4_2_0,4_2_1,4_2_2,4_2_3,4_3_0,4_3_1,4_3_10,4_3_11,4_3_2,4_3_3,4_3_4,4_3_5,4_3_6,4_3_7,4_3_8,4_3_9,4_4_0,4_4_1,4_4_2,4_4_3,4_4_4,4_4_5,4_4_6,4_cvs,5_0_0,5_0_2,5_0_3,5_1_0,5_1_1,5_1_2,5_1_3,5_1_4,5_1_5,5_1_6,5_2_0,5_2_1</ver>
<p4>bool define(string constant_name, mixed value, boolean case_sensitive=true)</p4>
<p4d>Define a new constant </p4d>
<texts><text><lng>cs</lng>
<d>Definuje pojmenovanou konstantu.</d>
</text><text><lng>de</lng>
<d>Definiert eine Konstante</d>
</text><text><lng>en</lng>
<d>Defines a named constant</d>
</text><text><lng>es</lng>
<d>Define una constante por nombre</d>
</text></texts></PHPModuleRef><PHPModuleRef>
<t>defined</t>
<mn>zend</mn>
<ft>F</ft>
<ver>4_0_0,4_0_1,4_0_2,4_0_3,4_0_4,4_0_5,4_0_6,4_1_0,4_1_1,4_1_2,4_2_0,4_2_1,4_2_2,4_2_3,4_3_0,4_3_1,4_3_10,4_3_11,4_3_2,4_3_3,4_3_4,4_3_5,4_3_6,4_3_7,4_3_8,4_3_9,4_4_0,4_4_1,4_4_2,4_4_3,4_4_4,4_4_5,4_4_6,4_cvs,5_0_0,5_0_2,5_0_3,5_1_0,5_1_1,5_1_2,5_1_3,5_1_4,5_1_5,5_1_6,5_2_0,5_2_1</ver>
<p4>bool defined(string constant_name)</p4>
<p4d>Check whether a constant exists </p4d>
<texts><text><lng>cs</lng>
<d>Zkontroluje, jestli existuje daná pojmenovaná konstanta</d>
</text><text><lng>de</lng>
<d>Prüft, ob eine angegebene Konstante existiert</d>
</text><text><lng>en</lng>
<d>Checks whether a given named constant exists</d>
</text><text><lng>es</lng>
<d>Verifica si una constante dada existe</d>
</text></texts></PHPModuleRef><PHPModuleRef>
<t>display_disabled_function</t>
<mn>zend</mn>
<ft>F</ft>
<ver>4_0_1,4_0_2,4_0_3,4_0_4,4_0_5,4_0_6,4_1_0,4_1_1,4_1_2,4_2_0,4_2_1,4_2_2,4_2_3,4_3_0,4_3_1,4_3_10,4_3_11,4_3_2,4_3_3,4_3_4,4_3_5,4_3_6,4_3_7,4_3_8,4_3_9,4_4_0,4_4_1,4_4_2,4_4_3,4_4_4,4_4_5,4_4_6,4_cvs,5_0_0,5_0_2,5_0_3,5_1_0,5_1_1,5_1_2,5_1_3,5_1_4,5_1_5,5_1_6,5_2_0,5_2_1</ver>
</PHPModuleRef><PHPModuleRef>
<t>each</t>
<mn>zend</mn>
<ft>F</ft>
<ver>4_0_0,4_0_1,4_0_2,4_0_3,4_0_4,4_0_5,4_0_6,4_1_0,4_1_1,4_1_2,4_2_0,4_2_1,4_2_2,4_2_3,4_3_0,4_3_1,4_3_10,4_3_11,4_3_2,4_3_3,4_3_4,4_3_5,4_3_6,4_3_7,4_3_8,4_3_9,4_4_0,4_4_1,4_4_2,4_4_3,4_4_4,4_4_5,4_4_6,4_cvs,5_0_0,5_0_2,5_0_3,5_1_0,5_1_1,5_1_2,5_1_3,5_1_4,5_1_5,5_1_6,5_2_0,5_2_1</ver>
<p4>array each(array arr)</p4>
<p4d>Return the currently pointed key..value pair in the passed array, and advance the pointer to the next element </p4d>
<texts><text><lng>bg</lng>
<d>Връща текущата двойка ключ/стойност на масива и премества указателя му</d>
</text><text><lng>cs</lng>
<d>Vrací další klíč/hodnota pár z pole</d>
</text><text><lng>da</lng>
<d>Returnerer den aktuelle nøgle og værdi fra et array, og flytte 
     den interne array pointer en plads frem</d>
</text><text><lng>de</lng>
<d>Liefert das aktuelle Paar (Schlüssel und Wert) eines Arrays und
     rückt den Array Cursor vor</d>
</text><text><lng>en</lng>
<d>Return the current key and value pair from an array and advance the array cursor</d>
</text><text><lng>es</lng>
<d>Devuelve el siguiente par clave/valor de una matriz y avanza el apuntador</d>
</text></texts></PHPModuleRef><PHPModuleRef>
<t>error_reporting</t>
<mn>zend</mn>
<ft>F</ft>
<ver>4_0_0,4_0_1,4_0_2,4_0_3,4_0_4,4_0_5,4_0_6,4_1_0,4_1_1,4_1_2,4_2_0,4_2_1,4_2_2,4_2_3,4_3_0,4_3_1,4_3_10,4_3_11,4_3_2,4_3_3,4_3_4,4_3_5,4_3_6,4_3_7,4_3_8,4_3_9,4_4_0,4_4_1,4_4_2,4_4_3,4_4_4,4_4_5,4_4_6,4_cvs,5_0_0,5_0_2,5_0_3,5_1_0,5_1_1,5_1_2,5_1_3,5_1_4,5_1_5,5_1_6,5_2_0,5_2_1</ver>
<p4>int error_reporting(int new_error_level=null)</p4>
<p4d>Return the current error_reporting level, and if an argument was passed - change to the new level </p4d>
<texts><text><lng>de</lng>
<d>Gibt an, welche PHP-Fehlermeldungen angezeigt werden</d>
</text><text><lng>en</lng>
<d>Sets which PHP errors are reported</d>
</text><text><lng>es</lng>
<d>Define cuáles errores de PHP son reportados</d>
</text></texts></PHPModuleRef><PHPModuleRef>
<t>extension_loaded</t>
<mn>zend</mn>
<ft>F</ft>
<ver>4_0_0,4_0_1,4_0_2,4_0_3,4_0_4,4_0_5,4_0_6,4_1_0,4_1_1,4_1_2,4_2_0,4_2_1,4_2_2,4_2_3,4_3_0,4_3_1,4_3_10,4_3_11,4_3_2,4_3_3,4_3_4,4_3_5,4_3_6,4_3_7,4_3_8,4_3_9,4_4_0,4_4_1,4_4_2,4_4_3,4_4_4,4_4_5,4_4_6,4_cvs,5_0_0,5_0_2,5_0_3,5_1_0,5_1_1,5_1_2,5_1_3,5_1_4,5_1_5,5_1_6,5_2_0,5_2_1</ver>
<p4>bool extension_loaded(string extension_name)</p4>
<p4d>Returns true if the named extension is loaded </p4d>
<texts><text><lng>cs</lng>
<d>zjistit, jestli je extenze načtená</d>
</text><text><lng>de</lng>
<d>Zeigt an, ob eine Bibliothek geladen wurde</d>
</text><text><lng>en</lng>
<d>Find out whether an extension is loaded</d>
</text><text><lng>es</lng>
<d>Encontrar si una extensión está cargada</d>
</text></texts></PHPModuleRef><PHPModuleRef>
<t>function_exists</t>
<mn>zend</mn>
<ft>F</ft>
<ver>4_0_0,4_0_1,4_0_2,4_0_3,4_0_4,4_0_5,4_0_6,4_1_0,4_1_1,4_1_2,4_2_0,4_2_1,4_2_2,4_2_3,4_3_0,4_3_1,4_3_10,4_3_11,4_3_2,4_3_3,4_3_4,4_3_5,4_3_6,4_3_7,4_3_8,4_3_9,4_4_0,4_4_1,4_4_2,4_4_3,4_4_4,4_4_5,4_4_6,4_cvs,5_0_0,5_0_2,5_0_3,5_1_0,5_1_1,5_1_2,5_1_3,5_1_4,5_1_5,5_1_6,5_2_0,5_2_1</ver>
<p4>bool function_exists(string function_name) </p4>
<p4d>Checks if the function exists </p4d>
<texts><text><lng>cs</lng>
<d>Vrátit&amp;true;, pokud je daná funkce definována</d>
</text><text><lng>da</lng>
<d>Returner&amp;true; hvis en given funktion er blevet lavet</d>
</text><text><lng>de</lng>
<d>Falls die angegebene Funktion definiert ist, wird&amp;true; zurück
     gegeben</d>
</text><text><lng>en</lng>
<d>Return&amp;true; if the given function has been defined</d>
</text><text><lng>es</lng>
<d>Devolver&amp;true; si la función dada ha sido
  definida</d>
</text></texts></PHPModuleRef><PHPModuleRef>
<t>func_get_arg</t>
<mn>zend</mn>
<ft>F</ft>
<ver>4_0_0,4_0_1,4_0_2,4_0_3,4_0_4,4_0_5,4_0_6,4_1_0,4_1_1,4_1_2,4_2_0,4_2_1,4_2_2,4_2_3,4_3_0,4_3_1,4_3_10,4_3_11,4_3_2,4_3_3,4_3_4,4_3_5,4_3_6,4_3_7,4_3_8,4_3_9,4_4_0,4_4_1,4_4_2,4_4_3,4_4_4,4_4_5,4_4_6,4_cvs,5_0_0,5_0_2,5_0_3,5_1_0,5_1_1,5_1_2,5_1_3,5_1_4,5_1_5,5_1_6,5_2_0,5_2_1</ver>
<p4>mixed func_get_arg(int arg_num)</p4>
<p4d>Get the $arg_num'th argument that was passed to the function </p4d>
<texts><text><lng>cs</lng>
<d>Vrátit položku ze seznamu argumentů</d>
</text><text><lng>da</lng>
<d>Returnerer et element fra argimentlisten</d>
</text><text><lng>de</lng>
<d>Liefert ein bestimmtes Funktionsargument</d>
</text><text><lng>en</lng>
<d>Return an item from the argument list</d>
</text><text><lng>es</lng>
<d>Devolver un elemento desde la lista de argumentos</d>
</text></texts></PHPModuleRef><PHPModuleRef>
<t>func_get_args</t>
<mn>zend</mn>
<ft>F</ft>
<ver>4_0_0,4_0_1,4_0_2,4_0_3,4_0_4,4_0_5,4_0_6,4_1_0,4_1_1,4_1_2,4_2_0,4_2_1,4_2_2,4_2_3,4_3_0,4_3_1,4_3_10,4_3_11,4_3_2,4_3_3,4_3_4,4_3_5,4_3_6,4_3_7,4_3_8,4_3_9,4_4_0,4_4_1,4_4_2,4_4_3,4_4_4,4_4_5,4_4_6,4_cvs,5_0_0,5_0_2,5_0_3,5_1_0,5_1_1,5_1_2,5_1_3,5_1_4,5_1_5,5_1_6,5_2_0,5_2_1</ver>
<p4>array func_get_args()</p4>
<p4d>Get an array of the arguments that were passed to the function </p4d>
<texts><text><lng>cs</lng>
<d>Vrátit pole obsahující seznam argumentů funkce</d>
</text><text><lng>da</lng>
<d>Returnerer et array med en funktions argumentliste</d>
</text><text><lng>de</lng>
<d>Liefert Funktionsargumente als Array</d>
</text><text><lng>en</lng>
<d>Returns an array comprising a function's argument list</d>
</text><text><lng>es</lng>
<d>Devuelve una matriz que comprende la lista de argumentos deuna función</d>
</text></texts></PHPModuleRef><PHPModuleRef>
<t>func_num_args</t>
<mn>zend</mn>
<ft>F</ft>
<ver>4_0_0,4_0_1,4_0_2,4_0_3,4_0_4,4_0_5,4_0_6,4_1_0,4_1_1,4_1_2,4_2_0,4_2_1,4_2_2,4_2_3,4_3_0,4_3_1,4_3_10,4_3_11,4_3_2,4_3_3,4_3_4,4_3_5,4_3_6,4_3_7,4_3_8,4_3_9,4_4_0,4_4_1,4_4_2,4_4_3,4_4_4,4_4_5,4_4_6,4_cvs,5_0_0,5_0_2,5_0_3,5_1_0,5_1_1,5_1_2,5_1_3,5_1_4,5_1_5,5_1_6,5_2_0,5_2_1</ver>
<p4>int func_num_args(void)</p4>
<p4d>Get the number of arguments that were passed to the function </p4d>
<texts><text><lng>cs</lng>
<d>Vrátit počet argumentů předaných funkci</d>
</text><text><lng>da</lng>
<d>Returnerer antallet af argumenter der er tilføjet til en funktion</d>
</text><text><lng>de</lng>
<d>Liefert die Anzahl der an eine Funktionübergebenen Argumente</d>
</text><text><lng>en</lng>
<d>Returns the number of arguments passed to the function</d>
</text><text><lng>es</lng>
<d>Devuelve el número de argumentos pasados a la
  función</d>
</text></texts></PHPModuleRef><PHPModuleRef>
<t>get_class</t>
<mn>zend</mn>
<ft>F</ft>
<ver>4_0_0,4_0_1,4_0_2,4_0_3,4_0_4,4_0_5,4_0_6,4_1_0,4_1_1,4_1_2,4_2_0,4_2_1,4_2_2,4_2_3,4_3_0,4_3_1,4_3_10,4_3_11,4_3_2,4_3_3,4_3_4,4_3_5,4_3_6,4_3_7,4_3_8,4_3_9,4_4_0,4_4_1,4_4_2,4_4_3,4_4_4,4_4_5,4_4_6,4_cvs,5_0_0,5_0_2,5_0_3,5_1_0,5_1_1,5_1_2,5_1_3,5_1_4,5_1_5,5_1_6,5_2_0,5_2_1</ver>
<p4>string get_class(object object)</p4>
<p4d>Retrieves the class name </p4d>
<texts><text><lng>bg</lng>
<d>Връща името на класа на обект</d>
</text><text><lng>cs</lng>
<d>Vrátit jméno třídy objektu</d>
</text><text><lng>de</lng>
<d>Ermittelt den Klassennamen eines Objekts</d>
</text><text><lng>el</lng>
<d>Επιστρέφει το όνομα της κλάσης ενός αντικειμένου</d>
</text><text><lng>en</lng>
<d>Returns the name of the class of an object</d>
</text><text><lng>es</lng>
<d>Devuelve el nombre de la clase de un objeto</d>
</text></texts></PHPModuleRef><PHPModuleRef>
<t>get_class_methods</t>
<mn>zend</mn>
<ft>F</ft>
<ver>4_0_0,4_0_1,4_0_2,4_0_3,4_0_4,4_0_5,4_0_6,4_1_0,4_1_1,4_1_2,4_2_0,4_2_1,4_2_2,4_2_3,4_3_0,4_3_1,4_3_10,4_3_11,4_3_2,4_3_3,4_3_4,4_3_5,4_3_6,4_3_7,4_3_8,4_3_9,4_4_0,4_4_1,4_4_2,4_4_3,4_4_4,4_4_5,4_4_6,4_cvs,5_0_0,5_0_2,5_0_3,5_1_0,5_1_1,5_1_2,5_1_3,5_1_4,5_1_5,5_1_6,5_2_0,5_2_1</ver>
<p4>array get_class_methods(mixed class)</p4>
<p4d>Returns an array of method names for class or class instance. </p4d>
<texts><text><lng>bg</lng>
<d>Връща имената на методите на клас</d>
</text><text><lng>cs</lng>
<d>Vrátit pole názvů metod třídy</d>
</text><text><lng>de</lng>
<d>Ermittelt die Namen der definierten Methoden einer Klasse</d>
</text><text><lng>el</lng>
<d>Επιστρέφει ένα array με τα ονόματα των μεθόδων της κλάσης</d>
</text><text><lng>en</lng>
<d>Gets the class methods' names</d>
</text><text><lng>es</lng>
<d>Devuelve un vector (matriz unidimensional) con los nombres delos métodos de la clase en question.</d>
</text></texts></PHPModuleRef><PHPModuleRef>
<t>get_class_vars</t>
<mn>zend</mn>
<ft>F</ft>
<ver>4_0_0,4_0_1,4_0_2,4_0_3,4_0_4,4_0_5,4_0_6,4_1_0,4_1_1,4_1_2,4_2_0,4_2_1,4_2_2,4_2_3,4_3_0,4_3_1,4_3_10,4_3_11,4_3_2,4_3_3,4_3_4,4_3_5,4_3_6,4_3_7,4_3_8,4_3_9,4_4_0,4_4_1,4_4_2,4_4_3,4_4_4,4_4_5,4_4_6,4_cvs,5_0_0,5_0_2,5_0_3,5_1_0,5_1_1,5_1_2,5_1_3,5_1_4,5_1_5,5_1_6,5_2_0,5_2_1</ver>
<p4>array get_class_vars(string class_name)</p4>
<p4d>Returns an array of default properties of the class </p4d>
<texts><text><lng>bg</lng>
<d>Връща свойствата по подразбиране на даден клас</d>
</text><text><lng>cs</lng>
<d>Vrátit pole defaultních vlastností třídy</d>
</text><text><lng>de</lng>
<d>Liefert die Vorgabeeigenschaften einer Klasse</d>
</text><text><lng>el</lng>
<d>Επιστρέφει ένα array με τις προκαθορισμένες μεταβλητές της κλάσης</d>
</text><text><lng>en</lng>
<d>Get the default properties of the class</d>
</text><text><lng>es</lng>
<d>Devuelve una matriz con las propiedades (inicializadas pordefecto) de la clase</d>
</text></texts></PHPModuleRef><PHPModuleRef>
<t>get_declared_classes</t>
<mn>zend</mn>
<ft>F</ft>
<ver>4_0_0,4_0_1,4_0_2,4_0_3,4_0_4,4_0_5,4_0_6,4_1_0,4_1_1,4_1_2,4_2_0,4_2_1,4_2_2,4_2_3,4_3_0,4_3_1,4_3_10,4_3_11,4_3_2,4_3_3,4_3_4,4_3_5,4_3_6,4_3_7,4_3_8,4_3_9,4_4_0,4_4_1,4_4_2,4_4_3,4_4_4,4_4_5,4_4_6,4_cvs,5_0_0,5_0_2,5_0_3,5_1_0,5_1_1,5_1_2,5_1_3,5_1_4,5_1_5,5_1_6,5_2_0,5_2_1</ver>
<p4>array get_declared_classes(void)</p4>
<p4d>Returns an array of all declared classes. </p4d>
<texts><text><lng>bg</lng>
<d>Връща масив с имената на дефинираните класове</d>
</text><text><lng>cs</lng>
<d>Vrátit pole názvů definovaných tříd</d>
</text><text><lng>de</lng>
<d>Ermittelt die Namen der definierten Klassen</d>
</text><text><lng>el</lng>
<d>Επιστρέφει ένα array με τα ονόματα των κλάσεων που έχουν οριστεί</d>
</text><text><lng>en</lng>
<d>Returns an array with the name of the defined classes</d>
</text><text><lng>es</lng>
<d>Devuelve una matriz con el nombre de las clasesdefinidas</d>
</text></texts></PHPModuleRef><PHPModuleRef>
<t>get_declared_interfaces</t>
<mn>zend</mn>
<ft>F</ft>
<ver>5_0_0,5_0_2,5_0_3,5_1_0,5_1_1,5_1_2,5_1_3,5_1_4,5_1_5,5_1_6,5_2_0,5_2_1</ver>
<texts><text><lng>bg</lng>
<d>Връща масив с всички декларирани интерфейси</d>
</text><text><lng>en</lng>
<d>Returns an array of all declared interfaces</d>
</text><text><lng>es</lng>
<d>Devuelve una matriz de todas las interfacesdeclaradas</d>
</text></texts></PHPModuleRef><PHPModuleRef>
<t>get_defined_constants</t>
<mn>zend</mn>
<ft>F</ft>
<ver>4_1_0,4_1_1,4_1_2,4_2_0,4_2_1,4_2_2,4_2_3,4_3_0,4_3_1,4_3_10,4_3_11,4_3_2,4_3_3,4_3_4,4_3_5,4_3_6,4_3_7,4_3_8,4_3_9,4_4_0,4_4_1,4_4_2,4_4_3,4_4_4,4_4_5,4_4_6,4_cvs,5_0_0,5_0_2,5_0_3,5_1_0,5_1_1,5_1_2,5_1_3,5_1_4,5_1_5,5_1_6,5_2_0,5_2_1</ver>
<p4>array get_defined_constants(void)</p4>
<p4d>Return an array containing the names and values of all defined constants </p4d>
<texts><text><lng>en</lng>
<d>Returns an associative array with the names of all the constants and their values</d>
</text><text><lng>es</lng>
<d>Devuelve una matriz asociativa con los nombres de todas lasconstantes y sus valores</d>
</text></texts></PHPModuleRef><PHPModuleRef>
<t>get_defined_functions</t>
<mn>zend</mn>
<ft>F</ft>
<ver>4_0_4,4_0_5,4_0_6,4_1_0,4_1_1,4_1_2,4_2_0,4_2_1,4_2_2,4_2_3,4_3_0,4_3_1,4_3_10,4_3_11,4_3_2,4_3_3,4_3_4,4_3_5,4_3_6,4_3_7,4_3_8,4_3_9,4_4_0,4_4_1,4_4_2,4_4_3,4_4_4,4_4_5,4_4_6,4_cvs,5_0_0,5_0_2,5_0_3,5_1_0,5_1_1,5_1_2,5_1_3,5_1_4,5_1_5,5_1_6,5_2_0,5_2_1</ver>
<p4>array get_defined_functions(void)</p4>
<p4d>Returns an array of all defined functions </p4d>
<texts><text><lng>da</lng>
<d>Returnere et array med alle definerede funktioner</d>
</text><text><lng>de</lng>
<d>Liefert ein Array aller definierten Funktionen</d>
</text><text><lng>en</lng>
<d>Returns an array of all defined functions</d>
</text><text><lng>es</lng>
<d>Devuelve una matriz de todas las funcionesdefinidas</d>
</text></texts></PHPModuleRef><PHPModuleRef>
<t>get_defined_vars</t>
<mn>zend</mn>
<ft>F</ft>
<ver>4_0_4,4_0_5,4_0_6,4_1_0,4_1_1,4_1_2,4_2_0,4_2_1,4_2_2,4_2_3,4_3_0,4_3_1,4_3_10,4_3_11,4_3_2,4_3_3,4_3_4,4_3_5,4_3_6,4_3_7,4_3_8,4_3_9,4_4_0,4_4_1,4_4_2,4_4_3,4_4_4,4_4_5,4_4_6,4_cvs,5_0_0,5_0_2,5_0_3,5_1_0,5_1_1,5_1_2,5_1_3,5_1_4,5_1_5,5_1_6,5_2_0,5_2_1</ver>
<p4>array get_defined_vars(void)</p4>
<p4d>Returns an associative array of names and values of all currently defined variable names (variables in the current scope) </p4d>
<texts><text><lng>de</lng>
<d>Gibt ein Array aller definierten Variablen zurück</d>
</text><text><lng>en</lng>
<d>Returns an array of all defined variables</d>
</text></texts></PHPModuleRef><PHPModuleRef>
<t>get_extension_funcs</t>
<mn>zend</mn>
<ft>F</ft>
<ver>4_0_0,4_0_1,4_0_2,4_0_3,4_0_4,4_0_5,4_0_6,4_1_0,4_1_1,4_1_2,4_2_0,4_2_1,4_2_2,4_2_3,4_3_0,4_3_1,4_3_10,4_3_11,4_3_2,4_3_3,4_3_4,4_3_5,4_3_6,4_3_7,4_3_8,4_3_9,4_4_0,4_4_1,4_4_2,4_4_3,4_4_4,4_4_5,4_4_6,4_cvs,5_0_0,5_0_2,5_0_3,5_1_0,5_1_1,5_1_2,5_1_3,5_1_4,5_1_5,5_1_6,5_2_0,5_2_1</ver>
<p4>array get_extension_funcs(string extension_name)</p4>
<p4d>Returns an array with the names of functions belonging to the named extension </p4d>
<texts><text><lng>cs</lng>
<d>Vrátit pole jmen funkcí určitého modulu</d>
</text><text><lng>de</lng>
<d>Stellt ein Array mit den Namen einer Funktion eines Moduls zurVerfügung</d>
</text><text><lng>en</lng>
<d>Returns an array with the names of the functions of a module</d>
</text><text><lng>es</lng>
<d>Devuelve una matriz con los nombres de funciones de unmódulo</d>
</text></texts></PHPModuleRef><PHPModuleRef>
<t>get_included_files</t>
<mn>zend</mn>
<ft>F</ft>
<ver>4_0_0,4_0_1,4_0_2,4_0_3,4_0_4,4_0_5,4_0_6,4_1_0,4_1_1,4_1_2,4_2_0,4_2_1,4_2_2,4_2_3,4_3_0,4_3_1,4_3_10,4_3_11,4_3_2,4_3_3,4_3_4,4_3_5,4_3_6,4_3_7,4_3_8,4_3_9,4_4_0,4_4_1,4_4_2,4_4_3,4_4_4,4_4_5,4_4_6,4_cvs,5_0_0,5_0_2,5_0_3,5_1_0,5_1_1,5_1_2,5_1_3,5_1_4,5_1_5,5_1_6,5_2_0,5_2_1</ver>
<p4>array get_included_files(void)</p4>
<p4d>Returns an array with the file names that were include_once()'d </p4d>
<texts><text><lng>cs</lng>
<d>Vrátit pole jmen všech souborů, které byly ve skriptu načteny pomocí
    include_once()</d>
</text><text><lng>de</lng>
<d>Stellt ein Array der Dateinamen zur Verfügung, die mittels
     include_once() in ein Script geladen wurden</d>
</text><text><lng>en</lng>
<d>Returns an array with the names of included or required files</d>
</text><text><lng>es</lng>
<d>Devuelve una matriz con los nombres de los archivos incluidoso requeridos</d>
</text></texts></PHPModuleRef><PHPModuleRef>
<t>get_loaded_extensions</t>
<mn>zend</mn>
<ft>F</ft>
<ver>4_0_0,4_0_1,4_0_2,4_0_3,4_0_4,4_0_5,4_0_6,4_1_0,4_1_1,4_1_2,4_2_0,4_2_1,4_2_2,4_2_3,4_3_0,4_3_1,4_3_10,4_3_11,4_3_2,4_3_3,4_3_4,4_3_5,4_3_6,4_3_7,4_3_8,4_3_9,4_4_0,4_4_1,4_4_2,4_4_3,4_4_4,4_4_5,4_4_6,4_cvs,5_0_0,5_0_2,5_0_3,5_1_0,5_1_1,5_1_2,5_1_3,5_1_4,5_1_5,5_1_6,5_2_0,5_2_1</ver>
<p4>array get_loaded_extensions(void)</p4>
<p4d>Return an array containing names of loaded extensions </p4d>
<texts><text><lng>cs</lng>
<d>Vrátit pole se jmény všech zkompilovaných a načtených modulů (extenzí)</d>
</text><text><lng>de</lng>
<d>Stellt ein Array mit den Namen aller Module, die kompiliert undgeladen sind, zur Verfügung</d>
</text><text><lng>en</lng>
<d>Returns an array with the names of all modules compiled and loaded</d>
</text><text><lng>es</lng>
<d>Devuelve una matriz con los nombres de todos los módulos
  compilados y cargados</d>
</text></texts></PHPModuleRef><PHPModuleRef>
<t>get_object_vars</t>
<mn>zend</mn>
<ft>F</ft>
<ver>4_0_0,4_0_1,4_0_2,4_0_3,4_0_4,4_0_5,4_0_6,4_1_0,4_1_1,4_1_2,4_2_0,4_2_1,4_2_2,4_2_3,4_3_0,4_3_1,4_3_10,4_3_11,4_3_2,4_3_3,4_3_4,4_3_5,4_3_6,4_3_7,4_3_8,4_3_9,4_4_0,4_4_1,4_4_2,4_4_3,4_4_4,4_4_5,4_4_6,4_cvs,5_0_0,5_0_2,5_0_3,5_1_0,5_1_1,5_1_2,5_1_3,5_1_4,5_1_5,5_1_6,5_2_0,5_2_1</ver>
<p4>array get_object_vars(object obj)</p4>
<p4d>Returns an array of object properties </p4d>
<texts><text><lng>bg</lng>
<d>Връща свойствата на дадения обект</d>
</text><text><lng>cs</lng>
<d>Vrátit asociativní pole vlastností objektu</d>
</text><text><lng>de</lng>
<d>Liefert die Elemente eines Objekts</d>
</text><text><lng>el</lng>
<d>Επιστρέφει ένα associative array με τις μεταβλητές του αντικειμένου</d>
</text><text><lng>en</lng>
<d>Gets the properties of the given object</d>
</text><text><lng>es</lng>
<d>Devuelve un vector de propiedades del objecto</d>
</text></texts></PHPModuleRef><PHPModuleRef>
<t>get_parent_class</t>
<mn>zend</mn>
<ft>F</ft>
<ver>4_0_0,4_0_1,4_0_2,4_0_3,4_0_4,4_0_5,4_0_6,4_1_0,4_1_1,4_1_2,4_2_0,4_2_1,4_2_2,4_2_3,4_3_0,4_3_1,4_3_10,4_3_11,4_3_2,4_3_3,4_3_4,4_3_5,4_3_6,4_3_7,4_3_8,4_3_9,4_4_0,4_4_1,4_4_2,4_4_3,4_4_4,4_4_5,4_4_6,4_cvs,5_0_0,5_0_2,5_0_3,5_1_0,5_1_1,5_1_2,5_1_3,5_1_4,5_1_5,5_1_6,5_2_0,5_2_1</ver>
<p4>string get_parent_class(mixed object)</p4>
<p4d>Retrieves the parent class name for object or class. </p4d>
<texts><text><lng>bg</lng>
<d>Връща името на родителския клас на обект или клас</d>
</text><text><lng>cs</lng>
<d>Vrátit název rodičovské třídy objektu</d>
</text><text><lng>de</lng>
<d>Gibt den Namen der Elternklasse eines Objektes zurück</d>
</text><text><lng>el</lng>
<d>Επιστρέφει το όνομα της υπερκλάσης για το αντικείμενο ή την κλάση</d>
</text><text><lng>en</lng>
<d>Retrieves the parent class name for object or class</d>
</text><text><lng>es</lng>
<d>Recupera el nombre de la clase padre para un objeto oclase</d>
</text></texts></PHPModuleRef><PHPModuleRef>
<t>get_required_files</t>
<mn>zend</mn>
<ft>F</ft>
<ver>4_0_0,4_0_1,4_0_2,4_0_3,4_0_4,4_0_5,4_0_6,4_1_0,4_1_1,4_1_2,4_2_0,4_2_1,4_2_2,4_2_3,4_3_0,4_3_1,4_3_10,4_3_11,4_3_2,4_3_3,4_3_4,4_3_5,4_3_6,4_3_7,4_3_8,4_3_9,4_4_0,4_4_1,4_4_2,4_4_3,4_4_4,4_4_5,4_4_6,4_cvs,5_0_0,5_0_2,5_0_3,5_1_0,5_1_1,5_1_2,5_1_3,5_1_4,5_1_5,5_1_6,5_2_0,5_2_1</ver>
<texts><text><lng>cs</lng>
<d>Vrátit pole jmen všech souborů, které byly v určitém skriptu načteny pomocí
    require_once()</d>
</text><text><lng>de</lng>
<d>&amp;Alias;get_included_files</d>
</text><text><lng>en</lng>
<d>&amp;Alias;get_included_files</d>
</text><text><lng>es</lng>
<d>&amp;Alias;get_included_files</d>
</text></texts></PHPModuleRef><PHPModuleRef>
<t>get_resource_type</t>
<mn>zend</mn>
<ft>F</ft>
<ver>4_0_2,4_0_3,4_0_4,4_0_5,4_0_6,4_1_0,4_1_1,4_1_2,4_2_0,4_2_1,4_2_2,4_2_3,4_3_0,4_3_1,4_3_10,4_3_11,4_3_2,4_3_3,4_3_4,4_3_5,4_3_6,4_3_7,4_3_8,4_3_9,4_4_0,4_4_1,4_4_2,4_4_3,4_4_4,4_4_5,4_4_6,4_cvs,5_0_0,5_0_2,5_0_3,5_1_0,5_1_1,5_1_2,5_1_3,5_1_4,5_1_5,5_1_6,5_2_0,5_2_1</ver>
<p4>string get_resource_type(resource res)</p4>
<p4d>Get the resource type name for a given resource </p4d>
<texts><text><lng>en</lng>
<d>Returns the resource type</d>
</text></texts></PHPModuleRef><PHPModuleRef>
<t>interface_exists</t>
<mn>zend</mn>
<ft>F</ft>
<ver>5_0_2,5_0_3,5_1_0,5_1_1,5_1_2,5_1_3,5_1_4,5_1_5,5_1_6,5_2_0,5_2_1</ver>
<texts><text><lng>bg</lng>
<d>Проверява дали даден интерфейс е дефиниран</d>
</text><text><lng>en</lng>
<d>Checks if the interface has been defined</d>
</text><text><lng>es</lng>
<d>Verifica si la interfaz ha sido definida</d>
</text></texts></PHPModuleRef><PHPModuleRef>
<t>is_a</t>
<mn>zend</mn>
<ft>F</ft>
<ver>4_2_0,4_2_1,4_2_2,4_2_3,4_3_0,4_3_1,4_3_10,4_3_11,4_3_2,4_3_3,4_3_4,4_3_5,4_3_6,4_3_7,4_3_8,4_3_9,4_4_0,4_4_1,4_4_2,4_4_3,4_4_4,4_4_5,4_4_6,4_cvs,5_0_0,5_0_2,5_0_3,5_1_0,5_1_1,5_1_2,5_1_3,5_1_4,5_1_5,5_1_6,5_2_0,5_2_1</ver>
<p4>bool is_a(object object, string class_name)</p4>
<p4d>Returns true if the object is of this class or has this class as one of its parents </p4d>
<texts><text><lng>bg</lng>
<d>Проверява дали обектът е от даден клас или даденият клас му е родителски</d>
</text><text><lng>el</lng>
<d>Επιστρέφει&amp;true;εάν το αντικείμενο είναι αυτής της κλάσης ή εάν αυτή η κλάση
    είναι υπερκλάση του αντικειμένου.</d>
</text><text><lng>en</lng>
<d>Checks if the object is of this class or has this class as one of its parents</d>
</text><text><lng>es</lng>
<d>Verifica si el objeto es de esta clase o tiene esta clase comouno de sus padres</d>
</text></texts></PHPModuleRef><PHPModuleRef>
<t>is_subclass_of</t>
<mn>zend</mn>
<ft>F</ft>
<ver>4_0_0,4_0_1,4_0_2,4_0_3,4_0_4,4_0_5,4_0_6,4_1_0,4_1_1,4_1_2,4_2_0,4_2_1,4_2_2,4_2_3,4_3_0,4_3_1,4_3_10,4_3_11,4_3_2,4_3_3,4_3_4,4_3_5,4_3_6,4_3_7,4_3_8,4_3_9,4_4_0,4_4_1,4_4_2,4_4_3,4_4_4,4_4_5,4_4_6,4_cvs,5_0_0,5_0_2,5_0_3,5_1_0,5_1_1,5_1_2,5_1_3,5_1_4,5_1_5,5_1_6,5_2_0,5_2_1</ver>
<p4>bool is_subclass_of(object object, string class_name)</p4>
<p4d>Returns true if the object has this class as one of its parents </p4d>
<texts><text><lng>bg</lng>
<d>Проверява дали клас е родителски за даден обект</d>
</text><text><lng>cs</lng>
<d>Zjistit, jestli objekt patří do podtřídy určité třídy</d>
</text><text><lng>de</lng>
<d>Prüft ob ein Objekt von der angegebenen Klasse abstammt</d>
</text><text><lng>el</lng>
<d>Επιστρέφει&amp;true;εάν αυτή η κλάση είναι υπερκλάση του αντικειμένου</d>
</text><text><lng>en</lng>
<d>Checks if the object has this class as one of its parents</d>
</text><text><lng>es</lng>
<d>Verifica si el objeto tiene esta clase como uno de suspadres</d>
</text></texts></PHPModuleRef><PHPModuleRef>
<t>leak</t>
<mn>zend</mn>
<ft>F</ft>
<ver>4_0_0,4_0_1,4_0_2,4_0_3,4_0_4,4_0_5,4_0_6,4_1_0,4_1_1,4_1_2,4_2_0,4_2_1,4_2_2,4_2_3,4_3_0,4_3_1,4_3_10,4_3_11,4_3_2,4_3_3,4_3_4,4_3_5,4_3_6,4_3_7,4_3_8,4_3_9,4_4_0,4_4_1,4_4_2,4_4_3,4_4_4,4_4_5,4_4_6,4_cvs,5_0_0,5_0_2,5_0_3,5_1_0,5_1_1,5_1_2,5_1_3,5_1_4,5_1_5,5_1_6,5_2_0,5_2_1</ver>
<p4>void leak(int num_bytes=3)</p4>
<p4d>Cause an intentional memory leak, for testing/debugging purposes </p4d>
<texts><text><lng>de</lng>
<d>Speicher-Verbrauch</d>
</text></texts></PHPModuleRef><PHPModuleRef>
<t>method_exists</t>
<mn>zend</mn>
<ft>F</ft>
<ver>4_0_0,4_0_1,4_0_2,4_0_3,4_0_4,4_0_5,4_0_6,4_1_0,4_1_1,4_1_2,4_2_0,4_2_1,4_2_2,4_2_3,4_3_0,4_3_1,4_3_10,4_3_11,4_3_2,4_3_3,4_3_4,4_3_5,4_3_6,4_3_7,4_3_8,4_3_9,4_4_0,4_4_1,4_4_2,4_4_3,4_4_4,4_4_5,4_4_6,4_cvs,5_0_0,5_0_2,5_0_3,5_1_0,5_1_1,5_1_2,5_1_3,5_1_4,5_1_5,5_1_6,5_2_0,5_2_1</ver>
<p4>bool method_exists(object object, string method)</p4>
<p4d>Checks if the class method exists </p4d>
<texts><text><lng>bg</lng>
<d>Проверява дали указания метод на класа съществува</d>
</text><text><lng>cs</lng>
<d>Zjistit, jestli má třída určitou metodu</d>
</text><text><lng>de</lng>
<d>Prüft on eine Methode innerhalb eines Objekts existiert</d>
</text><text><lng>el</lng>
<d>Ελέγχει εάν η μέθοδος έχει οριστεί στην κλάση</d>
</text><text><lng>en</lng>
<d>Checks if the class method exists</d>
</text><text><lng>es</lng>
<d>Comprueba que el metódo de clase existe</d>
</text></texts></PHPModuleRef><PHPModuleRef>
<t>property_exists</t>
<mn>zend</mn>
<ft>F</ft>
<ver>5_1_0,5_1_1,5_1_2,5_1_3,5_1_4,5_1_5,5_1_6,5_2_0,5_2_1</ver>
<texts><text><lng>bg</lng>
<d>Проверява дали обектът или класът притежават дадено свойство</d>
</text><text><lng>en</lng>
<d>Checks if the object or class has a property</d>
</text><text><lng>es</lng>
<d>Verifica si el objeto o clase tiene una propiedad</d>
</text></texts></PHPModuleRef><PHPModuleRef>
<t>restore_error_handler</t>
<mn>zend</mn>
<ft>F</ft>
<ver>4_0_1,4_0_2,4_0_3,4_0_4,4_0_5,4_0_6,4_1_0,4_1_1,4_1_2,4_2_0,4_2_1,4_2_2,4_2_3,4_3_0,4_3_1,4_3_10,4_3_11,4_3_2,4_3_3,4_3_4,4_3_5,4_3_6,4_3_7,4_3_8,4_3_9,4_4_0,4_4_1,4_4_2,4_4_3,4_4_4,4_4_5,4_4_6,4_cvs,5_0_0,5_0_2,5_0_3,5_1_0,5_1_1,5_1_2,5_1_3,5_1_4,5_1_5,5_1_6,5_2_0,5_2_1</ver>
<p4>void restore_error_handler(void)</p4>
<p4d>Restores the previously defined error handler function </p4d>
<texts><text><lng>de</lng>
<d>Rekonstruiert die zuvor benutzte Fehlerbehandlungsfunktion</d>
</text><text><lng>en</lng>
<d>Restores the previous error handler function</d>
</text><text><lng>es</lng>
<d>Recupera la función de gestión de errores previa</d>
</text></texts></PHPModuleRef><PHPModuleRef>
<t>restore_exception_handler</t>
<mn>zend</mn>
<ft>F</ft>
<ver>5_0_0,5_0_2,5_0_3,5_1_0,5_1_1,5_1_2,5_1_3,5_1_4,5_1_5,5_1_6,5_2_0,5_2_1</ver>
<texts><text><lng>en</lng>
<d>Restores the previously defined exception handler function</d>
</text><text><lng>es</lng>
<d>Recupera la función de gestión de excepciones
   previamente definida</d>
</text></texts></PHPModuleRef><PHPModuleRef>
<t>set_error_handler</t>
<mn>zend</mn>
<ft>F</ft>
<ver>4_0_1,4_0_2,4_0_3,4_0_4,4_0_5,4_0_6,4_1_0,4_1_1,4_1_2,4_2_0,4_2_1,4_2_2,4_2_3,4_3_0,4_3_1,4_3_10,4_3_11,4_3_2,4_3_3,4_3_4,4_3_5,4_3_6,4_3_7,4_3_8,4_3_9,4_4_0,4_4_1,4_4_2,4_4_3,4_4_4,4_4_5,4_4_6,4_cvs,5_0_0,5_0_2,5_0_3,5_1_0,5_1_1,5_1_2,5_1_3,5_1_4,5_1_5,5_1_6,5_2_0,5_2_1</ver>
<p4>string set_error_handler(string error_handler)</p4>
<p4d>Sets a user-defined error handler function.  Returns the previously defined error handler, or false on error </p4d>
<texts><text><lng>de</lng>
<d>Bestimmt eine benutzerdefinierte Funktion zur Fehlerbehandlung.</d>
</text><text><lng>en</lng>
<d>Sets a user-defined error handler function</d>
</text><text><lng>es</lng>
<d>Establece una función de gestión de errores definida por el
  usuario</d>
</text></texts></PHPModuleRef><PHPModuleRef>
<t>set_exception_handler</t>
<mn>zend</mn>
<ft>F</ft>
<ver>5_0_0,5_0_2,5_0_3,5_1_0,5_1_1,5_1_2,5_1_3,5_1_4,5_1_5,5_1_6,5_2_0,5_2_1</ver>
<texts><text><lng>en</lng>
<d>Sets a user-defined exception handler function</d>
</text><text><lng>es</lng>
<d>Define una función de gestión de excepciones definida por el usuario</d>
</text></texts></PHPModuleRef><PHPModuleRef>
<t>set_user_error_handler</t>
<mn>zend</mn>
<ft>F</ft>
<ver>4_0_0</ver>
</PHPModuleRef><PHPModuleRef>
<t>strcasecmp</t>
<mn>zend</mn>
<ft>F</ft>
<ver>4_0_0,4_0_1,4_0_2,4_0_3,4_0_4,4_0_5,4_0_6,4_1_0,4_1_1,4_1_2,4_2_0,4_2_1,4_2_2,4_2_3,4_3_0,4_3_1,4_3_10,4_3_11,4_3_2,4_3_3,4_3_4,4_3_5,4_3_6,4_3_7,4_3_8,4_3_9,4_4_0,4_4_1,4_4_2,4_4_3,4_4_4,4_4_5,4_4_6,4_cvs,5_0_0,5_0_2,5_0_3,5_1_0,5_1_1,5_1_2,5_1_3,5_1_4,5_1_5,5_1_6,5_2_0,5_2_1</ver>
<p4>int strcasecmp(string str1, string str2)</p4>
<p4d>Binary safe case-insensitive string comparison </p4d>
<texts><text><lng>cs</lng>
<d>Binárně bezpečné case-insensitive porovnání řetězců</d>
</text><text><lng>da</lng>
<d>Binær sikker case-insensitive strengsammenligning</d>
</text><text><lng>de</lng>
<d>Binärer Vergleich von Zeichenketten ohne Unterscheidung
     der Groß- und Kleinschreibung</d>
</text><text><lng>el</lng>
<d>Binary safe, case-insensitive σύγκριση string</d>
</text><text><lng>en</lng>
<d>Binary safe case-insensitive string comparison</d>
</text></texts></PHPModuleRef><PHPModuleRef>
<t>strcmp</t>
<mn>zend</mn>
<ft>F</ft>
<ver>4_0_0,4_0_1,4_0_2,4_0_3,4_0_4,4_0_5,4_0_6,4_1_0,4_1_1,4_1_2,4_2_0,4_2_1,4_2_2,4_2_3,4_3_0,4_3_1,4_3_10,4_3_11,4_3_2,4_3_3,4_3_4,4_3_5,4_3_6,4_3_7,4_3_8,4_3_9,4_4_0,4_4_1,4_4_2,4_4_3,4_4_4,4_4_5,4_4_6,4_cvs,5_0_0,5_0_2,5_0_3,5_1_0,5_1_1,5_1_2,5_1_3,5_1_4,5_1_5,5_1_6,5_2_0,5_2_1</ver>
<p4>int strcmp(string str1, string str2)</p4>
<p4d>Binary safe string comparison </p4d>
<texts><text><lng>cs</lng>
<d>Binárně bezpečně porovnat řetězce</d>
</text><text><lng>da</lng>
<d>Binær sikker strengsammenligning</d>
</text><text><lng>de</lng>
<d>Binärer Vergleich zweier Strings</d>
</text><text><lng>el</lng>
<d>Binary safeσύγκριση string</d>
</text><text><lng>en</lng>
<d>Binary safe string comparison</d>
</text></texts></PHPModuleRef><PHPModuleRef>
<t>strlen</t>
<mn>zend</mn>
<ft>F</ft>
<ver></ver>
<p4>int strlen(string str)</p4>
<p4d>Get string length </p4d>
<texts><text><lng>cs</lng>
<d>Zjistit délku řetězce</d>
</text><text><lng>da</lng>
<d>Få længen på en streng</d>
</text><text><lng>de</lng>
<d>Ermitteln der String-Länge</d>
</text><text><lng>el</lng>
<d>Ανακτείστε το μήκος ενός string</d>
</text><text><lng>en</lng>
<d>Get string length</d>
</text></texts></PHPModuleRef><PHPModuleRef>
<t>strncasecmp</t>
<mn>zend</mn>
<ft>F</ft>
<ver>4_0_2,4_0_3,4_0_4,4_0_5,4_0_6,4_1_0,4_1_1,4_1_2,4_2_0,4_2_1,4_2_2,4_2_3,4_3_0,4_3_1,4_3_10,4_3_11,4_3_2,4_3_3,4_3_4,4_3_5,4_3_6,4_3_7,4_3_8,4_3_9,4_4_0,4_4_1,4_4_2,4_4_3,4_4_4,4_4_5,4_4_6,4_cvs,5_0_0,5_0_2,5_0_3,5_1_0,5_1_1,5_1_2,5_1_3,5_1_4,5_1_5,5_1_6,5_2_0,5_2_1</ver>
<p4>int strncasecmp(string str1, string str2, int len)</p4>
<p4d>Binary safe string comparison </p4d>
<texts><text><lng>cs</lng>
<d>Binárně bezpečné case-insensitive porovnání prvních n znaků řetězců</d>
</text><text><lng>da</lng>
<d>Binær sikker case-insensitive strengsammenligning af de første n
     tegn</d>
</text><text><lng>de</lng>
<d>Binärdaten-sicherer und groß- und kleinschreibungs-unabhängiger
     Stringvergleich der ersten n Zeichen</d>
</text><text><lng>el</lng>
<d>Binary safe case-insensitive σύγκριση των πρώτων n χαρακτήρων δύο string</d>
</text><text><lng>en</lng>
<d>Binary safe case-insensitive string comparison of the first ncharacters</d>
</text></texts></PHPModuleRef><PHPModuleRef>
<t>strncmp</t>
<mn>zend</mn>
<ft>F</ft>
<ver>4_0_0,4_0_1,4_0_2,4_0_3,4_0_4,4_0_5,4_0_6,4_1_0,4_1_1,4_1_2,4_2_0,4_2_1,4_2_2,4_2_3,4_3_0,4_3_1,4_3_10,4_3_11,4_3_2,4_3_3,4_3_4,4_3_5,4_3_6,4_3_7,4_3_8,4_3_9,4_4_0,4_4_1,4_4_2,4_4_3,4_4_4,4_4_5,4_4_6,4_cvs,5_0_0,5_0_2,5_0_3,5_1_0,5_1_1,5_1_2,5_1_3,5_1_4,5_1_5,5_1_6,5_2_0,5_2_1</ver>
<p4>int strncmp(string str1, string str2, int len)</p4>
<p4d>Binary safe string comparison </p4d>
<texts><text><lng>cs</lng>
<d>Binárně bezpečné porovnání prvních n znaků v řetězcích</d>
</text><text><lng>de</lng>
<d>String-Vergleich der ersten n Zeichen (Binary safe)</d>
</text><text><lng>el</lng>
<d>Binary safe σύγκριση των πρώτων n χαρακτήρων δύο string</d>
</text><text><lng>en</lng>
<d>Binary safe string comparison of the first n characters</d>
</text></texts></PHPModuleRef><PHPModuleRef>
<t>trigger_error</t>
<mn>zend</mn>
<ft>F</ft>
<ver>4_0_1,4_0_2,4_0_3,4_0_4,4_0_5,4_0_6,4_1_0,4_1_1,4_1_2,4_2_0,4_2_1,4_2_2,4_2_3,4_3_0,4_3_1,4_3_10,4_3_11,4_3_2,4_3_3,4_3_4,4_3_5,4_3_6,4_3_7,4_3_8,4_3_9,4_4_0,4_4_1,4_4_2,4_4_3,4_4_4,4_4_5,4_4_6,4_cvs,5_0_0,5_0_2,5_0_3,5_1_0,5_1_1,5_1_2,5_1_3,5_1_4,5_1_5,5_1_6,5_2_0,5_2_1</ver>
<p4>void trigger_error(string messsage [, int error_type])</p4>
<p4d>Generates a user-level error/warning/notice message </p4d>
<texts><text><lng>de</lng>
<d>Erzeugt eine benutzerdefinierte Fehlermeldung/Warnung/Benachrichtigung</d>
</text><text><lng>en</lng>
<d>Generates a user-level error/warning/notice message</d>
</text><text><lng>es</lng>
<d>Genera un mensaje de error/advertencia/noticia de nivel deusuario</d>
</text></texts></PHPModuleRef><PHPModuleRef>
<t>user_error</t>
<mn>zend</mn>
<ft>F</ft>
<ver>4_0_0,4_0_1,4_0_2,4_0_3,4_0_4,4_0_5,4_0_6,4_1_0,4_1_1,4_1_2,4_2_0,4_2_1,4_2_2,4_2_3,4_3_0,4_3_1,4_3_10,4_3_11,4_3_2,4_3_3,4_3_4,4_3_5,4_3_6,4_3_7,4_3_8,4_3_9,4_4_0,4_4_1,4_4_2,4_4_3,4_4_4,4_4_5,4_4_6,4_cvs,5_0_0,5_0_2,5_0_3,5_1_0,5_1_1,5_1_2,5_1_3,5_1_4,5_1_5,5_1_6,5_2_0,5_2_1</ver>
<texts><text><lng>de</lng>
<d>Alias vontrigger_error</d>
</text><text><lng>en</lng>
<d>Alias oftrigger_error</d>
</text><text><lng>es</lng>
<d>Alias detrigger_error</d>
</text></texts></PHPModuleRef><PHPModuleRef>
<t>zend_test_func</t>
<mn>zend</mn>
<ft>F</ft>
<ver>4_0_1,4_0_2,4_0_3,4_0_4,4_0_5,4_0_6,4_1_0,4_1_1,4_1_2,4_2_0,4_2_1,4_2_2,4_2_3,4_3_0,4_3_1,4_3_10,4_3_11,4_3_2,4_3_3,4_3_4,4_3_5,4_3_6,4_3_7,4_3_8,4_3_9,4_4_0,4_4_1,4_4_2,4_4_3,4_4_4,4_4_5,4_4_6,4_cvs,5_0_0,5_0_2,5_0_3,5_1_0,5_1_1,5_1_2,5_1_3,5_1_4,5_1_5,5_1_6,5_2_0,5_2_1</ver>
</PHPModuleRef><PHPModuleRef>
<t>zend_thread_id</t>
<mn>zend</mn>
<ft>F</ft>
<ver>5_0_0,5_0_2,5_0_3,5_1_0,5_1_1,5_1_2,5_1_3,5_1_4,5_1_5,5_1_6,5_2_0,5_2_1</ver>
</PHPModuleRef><PHPModuleRef>
<t>zend_version</t>
<mn>zend</mn>
<ft>F</ft>
<ver>4_0_0,4_0_1,4_0_2,4_0_3,4_0_4,4_0_5,4_0_6,4_1_0,4_1_1,4_1_2,4_2_0,4_2_1,4_2_2,4_2_3,4_3_0,4_3_1,4_3_10,4_3_11,4_3_2,4_3_3,4_3_4,4_3_5,4_3_6,4_3_7,4_3_8,4_3_9,4_4_0,4_4_1,4_4_2,4_4_3,4_4_4,4_4_5,4_4_6,4_cvs,5_0_0,5_0_2,5_0_3,5_1_0,5_1_1,5_1_2,5_1_3,5_1_4,5_1_5,5_1_6,5_2_0,5_2_1</ver>
<p4>string zend_version(void)</p4>
<p4d>Get the version of the Zend Engine </p4d>
<texts><text><lng>de</lng>
<d>Liefert die aktuelle Version der Zend Engine</d>
</text><text><lng>en</lng>
<d>Gets the version of the current Zend engine</d>
</text><text><lng>es</lng>
<d>Obtiene la versión del motor Zend actual</d>
</text></texts></PHPModuleRef></PHPModuleRef-List>
