<?xml version="1.0" encoding="utf-8"?>
<PHPModuleRef-List>
<PHPModuleRef>
<t>zip_close</t>
<mn>zip</mn>
<ft>F</ft>
<ver>4_1_0,4_1_1,4_1_2,4_2_0,4_2_1,4_2_2,4_2_3,4_3_0,4_3_1,4_3_10,4_3_11,4_3_2,4_3_3,4_3_4,4_3_5,4_3_6,4_3_7,4_3_8,4_3_9,4_4_0,4_4_1,4_4_2,4_4_3,4_4_4,4_4_5,4_4_6,4_cvs,5_2_0,5_2_1</ver>
<p4>void zip_close(resource zip)</p4>
<p4d>Close a Zip archive </p4d>
<texts><text><lng>de</lng>
<d>Schließt ein ZIP Archiv</d>
</text><text><lng>en</lng>
<d>Close a ZIP file archive</d>
</text></texts></PHPModuleRef><PHPModuleRef>
<t>zip_entry_close</t>
<mn>zip</mn>
<ft>F</ft>
<ver>4_1_0,4_1_1,4_1_2,4_2_0,4_2_1,4_2_2,4_2_3,4_3_0,4_3_1,4_3_10,4_3_11,4_3_2,4_3_3,4_3_4,4_3_5,4_3_6,4_3_7,4_3_8,4_3_9,4_4_0,4_4_1,4_4_2,4_4_3,4_4_4,4_4_5,4_4_6,4_cvs,5_2_0,5_2_1</ver>
<p4>void zip_entry_close(resource zip_ent)</p4>
<p4d>Close a zip entry </p4d>
<texts><text><lng>de</lng>
<d>Schließt einen Verzeichniseintrag</d>
</text><text><lng>en</lng>
<d>Close a directory entry</d>
</text></texts></PHPModuleRef><PHPModuleRef>
<t>zip_entry_compressedsize</t>
<mn>zip</mn>
<ft>F</ft>
<ver>4_1_0,4_1_1,4_1_2,4_2_0,4_2_1,4_2_2,4_2_3,4_3_0,4_3_1,4_3_10,4_3_11,4_3_2,4_3_3,4_3_4,4_3_5,4_3_6,4_3_7,4_3_8,4_3_9,4_4_0,4_4_1,4_4_2,4_4_3,4_4_4,4_4_5,4_4_6,4_cvs,5_2_0,5_2_1</ver>
<p4>int zip_entry_compressedsize(resource zip_entry)</p4>
<p4d>Return the compressed size of a ZZip entry </p4d>
<texts><text><lng>de</lng>
<d>Ermittelt die komprimierte Größe eines Verzeichniseintrages</d>
</text><text><lng>en</lng>
<d>Retrieve the compressed size of a directory entry</d>
</text></texts></PHPModuleRef><PHPModuleRef>
<t>zip_entry_compressionmethod</t>
<mn>zip</mn>
<ft>F</ft>
<ver>4_1_0,4_1_1,4_1_2,4_2_0,4_2_1,4_2_2,4_2_3,4_3_0,4_3_1,4_3_10,4_3_11,4_3_2,4_3_3,4_3_4,4_3_5,4_3_6,4_3_7,4_3_8,4_3_9,4_4_0,4_4_1,4_4_2,4_4_3,4_4_4,4_4_5,4_4_6,4_cvs,5_2_0,5_2_1</ver>
<p4>string zip_entry_compressionmethod(resource zip_entry)</p4>
<p4d>Return a string containing the compression method used on a particular entry </p4d>
<texts><text><lng>de</lng>
<d>Gibt die Komprimierungsmethode eines Verzeichniseintrages zurück.</d>
</text><text><lng>en</lng>
<d>Retrieve the compression method of a directory entry</d>
</text></texts></PHPModuleRef><PHPModuleRef>
<t>zip_entry_filesize</t>
<mn>zip</mn>
<ft>F</ft>
<ver>4_1_0,4_1_1,4_1_2,4_2_0,4_2_1,4_2_2,4_2_3,4_3_0,4_3_1,4_3_10,4_3_11,4_3_2,4_3_3,4_3_4,4_3_5,4_3_6,4_3_7,4_3_8,4_3_9,4_4_0,4_4_1,4_4_2,4_4_3,4_4_4,4_4_5,4_4_6,4_cvs,5_2_0,5_2_1</ver>
<p4>int zip_entry_filesize(resource zip_entry)</p4>
<p4d>Return the actual filesize of a ZZip entry </p4d>
<texts><text><lng>de</lng>
<d>Gibt die Größe eines Verzeichniseintrages zurück</d>
</text><text><lng>en</lng>
<d>Retrieve the actual file size of a directory entry</d>
</text></texts></PHPModuleRef><PHPModuleRef>
<t>zip_entry_name</t>
<mn>zip</mn>
<ft>F</ft>
<ver>4_1_0,4_1_1,4_1_2,4_2_0,4_2_1,4_2_2,4_2_3,4_3_0,4_3_1,4_3_10,4_3_11,4_3_2,4_3_3,4_3_4,4_3_5,4_3_6,4_3_7,4_3_8,4_3_9,4_4_0,4_4_1,4_4_2,4_4_3,4_4_4,4_4_5,4_4_6,4_cvs,5_2_0,5_2_1</ver>
<p4>string zip_entry_name(resource zip_entry)</p4>
<p4d>Return the name given a ZZip entry </p4d>
<texts><text><lng>de</lng>
<d>Gibt den Namen eines Verzeichniseintrages zurück</d>
</text><text><lng>en</lng>
<d>Retrieve the name of a directory entry</d>
</text></texts></PHPModuleRef><PHPModuleRef>
<t>zip_entry_open</t>
<mn>zip</mn>
<ft>F</ft>
<ver>4_1_0,4_1_1,4_1_2,4_2_0,4_2_1,4_2_2,4_2_3,4_3_0,4_3_1,4_3_10,4_3_11,4_3_2,4_3_3,4_3_4,4_3_5,4_3_6,4_3_7,4_3_8,4_3_9,4_4_0,4_4_1,4_4_2,4_4_3,4_4_4,4_4_5,4_4_6,4_cvs,5_2_0,5_2_1</ver>
<p4>bool zip_entry_open(resource zip_dp, resource zip_entry, string mode)</p4>
<p4d>Open a Zip File, pointed by the resource entry </p4d>
<texts><text><lng>de</lng>
<d>Öffnet einen Verzeichniseintrag für den Lesezugriff</d>
</text><text><lng>en</lng>
<d>Open a directory entry for reading</d>
</text></texts></PHPModuleRef><PHPModuleRef>
<t>zip_entry_read</t>
<mn>zip</mn>
<ft>F</ft>
<ver>4_1_0,4_1_1,4_1_2,4_2_0,4_2_1,4_2_2,4_2_3,4_3_0,4_3_1,4_3_10,4_3_11,4_3_2,4_3_3,4_3_4,4_3_5,4_3_6,4_3_7,4_3_8,4_3_9,4_4_0,4_4_1,4_4_2,4_4_3,4_4_4,4_4_5,4_4_6,4_cvs,5_2_0,5_2_1</ver>
<p4>string zip_entry_read(resource zip_ent [, int nbytes])</p4>
<p4d>Read X bytes from an opened zip entry </p4d>
<texts><text><lng>de</lng>
<d>Liest einen geöffneten Verzeichniseintrag aus</d>
</text><text><lng>en</lng>
<d>Read from an open directory entry</d>
</text></texts></PHPModuleRef><PHPModuleRef>
<t>zip_open</t>
<mn>zip</mn>
<ft>F</ft>
<ver>4_1_0,4_1_1,4_1_2,4_2_0,4_2_1,4_2_2,4_2_3,4_3_0,4_3_1,4_3_10,4_3_11,4_3_2,4_3_3,4_3_4,4_3_5,4_3_6,4_3_7,4_3_8,4_3_9,4_4_0,4_4_1,4_4_2,4_4_3,4_4_4,4_4_5,4_4_6,4_cvs,5_2_0,5_2_1</ver>
<p4>resource zip_open(string filename)</p4>
<p4d>Open a new zip archive for reading </p4d>
<texts><text><lng>de</lng>
<d>Öffnet ein ZIP Archiv</d>
</text><text><lng>en</lng>
<d>Open a ZIP file archive</d>
</text></texts></PHPModuleRef><PHPModuleRef>
<t>zip_read</t>
<mn>zip</mn>
<ft>F</ft>
<ver>4_1_0,4_1_1,4_1_2,4_2_0,4_2_1,4_2_2,4_2_3,4_3_0,4_3_1,4_3_10,4_3_11,4_3_2,4_3_3,4_3_4,4_3_5,4_3_6,4_3_7,4_3_8,4_3_9,4_4_0,4_4_1,4_4_2,4_4_3,4_4_4,4_4_5,4_4_6,4_cvs,5_2_0,5_2_1</ver>
<p4>resource zip_read(resource zip)</p4>
<p4d>Returns the next file in the archive </p4d>
<texts><text><lng>de</lng>
<d>Liest den nächsten Eintrag innerhalb des ZIP Archivs</d>
</text><text><lng>en</lng>
<d>Read next entry in a ZIP file archive</d>
</text></texts></PHPModuleRef><PHPModuleRef>
<t>ZIPARCHIVE::CHECKCONS</t>
<mn>zip</mn>
<ft>C</ft>
<p4>integer ZIPARCHIVE::CHECKCONS</p4>
<p5>integer ZIPARCHIVE::CHECKCONS</p5>
<texts><text><lng>en</lng>
<d>Perform additional consistency checks on the archive, and error if they fail.</d>
</text></texts></PHPModuleRef><PHPModuleRef>
<t>ZIPARCHIVE::CM_BZIP2</t>
<mn>zip</mn>
<ft>C</ft>
<p4>integer ZIPARCHIVE::CM_BZIP2</p4>
<p5>integer ZIPARCHIVE::CM_BZIP2</p5>
<texts><text><lng>en</lng>
<d>BZIP2 algorithm</d>
</text></texts></PHPModuleRef><PHPModuleRef>
<t>ZIPARCHIVE::CM_DEFAULT</t>
<mn>zip</mn>
<ft>C</ft>
<p4>integer ZIPARCHIVE::CM_DEFAULT</p4>
<p5>integer ZIPARCHIVE::CM_DEFAULT</p5>
<texts><text><lng>en</lng>
<d>better of deflate or store.</d>
</text></texts></PHPModuleRef><PHPModuleRef>
<t>ZIPARCHIVE::CM_DEFLATE</t>
<mn>zip</mn>
<ft>C</ft>
<p4>integer ZIPARCHIVE::CM_DEFLATE</p4>
<p5>integer ZIPARCHIVE::CM_DEFLATE</p5>
<texts><text><lng>en</lng>
<d>deflated</d>
</text></texts></PHPModuleRef><PHPModuleRef>
<t>ZIPARCHIVE::CM_DEFLATE64</t>
<mn>zip</mn>
<ft>C</ft>
<p4>integer ZIPARCHIVE::CM_DEFLATE64</p4>
<p5>integer ZIPARCHIVE::CM_DEFLATE64</p5>
<texts><text><lng>en</lng>
<d>deflate64</d>
</text></texts></PHPModuleRef><PHPModuleRef>
<t>ZIPARCHIVE::CM_IMPLODE</t>
<mn>zip</mn>
<ft>C</ft>
<p4>integer ZIPARCHIVE::CM_IMPLODE</p4>
<p5>integer ZIPARCHIVE::CM_IMPLODE</p5>
<texts><text><lng>en</lng>
<d>imploded</d>
</text></texts></PHPModuleRef><PHPModuleRef>
<t>ZIPARCHIVE::CM_PKWARE_IMPLODE</t>
<mn>zip</mn>
<ft>C</ft>
<p4>integer ZIPARCHIVE::CM_PKWARE_IMPLODE</p4>
<p5>integer ZIPARCHIVE::CM_PKWARE_IMPLODE</p5>
<texts><text><lng>en</lng>
<d>PKWARE imploding</d>
</text></texts></PHPModuleRef><PHPModuleRef>
<t>ZIPARCHIVE::CM_REDUCE_1</t>
<mn>zip</mn>
<ft>C</ft>
<p4>integer ZIPARCHIVE::CM_REDUCE_1</p4>
<p5>integer ZIPARCHIVE::CM_REDUCE_1</p5>
<texts><text><lng>en</lng>
<d>reduced with factor 1</d>
</text></texts></PHPModuleRef><PHPModuleRef>
<t>ZIPARCHIVE::CM_REDUCE_2</t>
<mn>zip</mn>
<ft>C</ft>
<p4>integer ZIPARCHIVE::CM_REDUCE_2</p4>
<p5>integer ZIPARCHIVE::CM_REDUCE_2</p5>
<texts><text><lng>en</lng>
<d>reduced with factor 2</d>
</text></texts></PHPModuleRef><PHPModuleRef>
<t>ZIPARCHIVE::CM_REDUCE_3</t>
<mn>zip</mn>
<ft>C</ft>
<p4>integer ZIPARCHIVE::CM_REDUCE_3</p4>
<p5>integer ZIPARCHIVE::CM_REDUCE_3</p5>
<texts><text><lng>en</lng>
<d>reduced with factor 3</d>
</text></texts></PHPModuleRef><PHPModuleRef>
<t>ZIPARCHIVE::CM_REDUCE_4</t>
<mn>zip</mn>
<ft>C</ft>
<p4>integer ZIPARCHIVE::CM_REDUCE_4</p4>
<p5>integer ZIPARCHIVE::CM_REDUCE_4</p5>
<texts><text><lng>en</lng>
<d>reduced with factor 4</d>
</text></texts></PHPModuleRef><PHPModuleRef>
<t>ZIPARCHIVE::CM_SHRINK</t>
<mn>zip</mn>
<ft>C</ft>
<p4>integer ZIPARCHIVE::CM_SHRINK</p4>
<p5>integer ZIPARCHIVE::CM_SHRINK</p5>
<texts><text><lng>en</lng>
<d>shrunk</d>
</text></texts></PHPModuleRef><PHPModuleRef>
<t>ZIPARCHIVE::CM_STORE</t>
<mn>zip</mn>
<ft>C</ft>
<p4>integer ZIPARCHIVE::CM_STORE</p4>
<p5>integer ZIPARCHIVE::CM_STORE</p5>
<texts><text><lng>en</lng>
<d>stored (uncompressed).</d>
</text></texts></PHPModuleRef><PHPModuleRef>
<t>ZIPARCHIVE::CREATE</t>
<mn>zip</mn>
<ft>C</ft>
<p4>integer ZIPARCHIVE::CREATE</p4>
<p5>integer ZIPARCHIVE::CREATE</p5>
<texts><text><lng>en</lng>
<d>Create the archive if it does not exist.</d>
</text></texts></PHPModuleRef><PHPModuleRef>
<t>ZIPARCHIVE::ER_CHANGED</t>
<mn>zip</mn>
<ft>C</ft>
<p4>string ZIPARCHIVE::ER_CHANGED</p4>
<p5>string ZIPARCHIVE::ER_CHANGED</p5>
<texts><text><lng>en</lng>
<d>Entry has been changed</d>
</text></texts></PHPModuleRef><PHPModuleRef>
<t>ZIPARCHIVE::ER_CLOSE</t>
<mn>zip</mn>
<ft>C</ft>
<p4>integer ZIPARCHIVE::ER_CLOSE</p4>
<p5>integer ZIPARCHIVE::ER_CLOSE</p5>
<texts><text><lng>en</lng>
<d>Closing zip archive failed</d>
</text></texts></PHPModuleRef><PHPModuleRef>
<t>ZIPARCHIVE::ER_COMPNOTSUPP</t>
<mn>zip</mn>
<ft>C</ft>
<p4>integer ZIPARCHIVE::ER_COMPNOTSUPP</p4>
<p5>integer ZIPARCHIVE::ER_COMPNOTSUPP</p5>
<texts><text><lng>en</lng>
<d>Compression method not supported.</d>
</text></texts></PHPModuleRef><PHPModuleRef>
<t>ZIPARCHIVE::ER_CRC</t>
<mn>zip</mn>
<ft>C</ft>
<p4>integer ZIPARCHIVE::ER_CRC</p4>
<p5>integer ZIPARCHIVE::ER_CRC</p5>
<texts><text><lng>en</lng>
<d>CRC error</d>
</text></texts></PHPModuleRef><PHPModuleRef>
<t>ZIPARCHIVE::ER_DELETED</t>
<mn>zip</mn>
<ft>C</ft>
<p4>integer ZIPARCHIVE::ER_DELETED</p4>
<p5>integer ZIPARCHIVE::ER_DELETED</p5>
<texts><text><lng>en</lng>
<d>Entry has been deleted</d>
</text></texts></PHPModuleRef><PHPModuleRef>
<t>ZIPARCHIVE::ER_EOF</t>
<mn>zip</mn>
<ft>C</ft>
<p4>integer ZIPARCHIVE::ER_EOF</p4>
<p5>integer ZIPARCHIVE::ER_EOF</p5>
<texts><text><lng>en</lng>
<d>Premature EOF</d>
</text></texts></PHPModuleRef><PHPModuleRef>
<t>ZIPARCHIVE::ER_EXISTS</t>
<mn>zip</mn>
<ft>C</ft>
<p4>integer ZIPARCHIVE::ER_EXISTS</p4>
<p5>integer ZIPARCHIVE::ER_EXISTS</p5>
<texts><text><lng>en</lng>
<d>File already exists</d>
</text></texts></PHPModuleRef><PHPModuleRef>
<t>ZIPARCHIVE::ER_INCONS</t>
<mn>zip</mn>
<ft>C</ft>
<p4>integer ZIPARCHIVE::ER_INCONS</p4>
<p5>integer ZIPARCHIVE::ER_INCONS</p5>
<texts><text><lng>en</lng>
<d>Zip archive inconsistent</d>
</text></texts></PHPModuleRef><PHPModuleRef>
<t>ZIPARCHIVE::ER_INTERNAL</t>
<mn>zip</mn>
<ft>C</ft>
<p4>integer ZIPARCHIVE::ER_INTERNAL</p4>
<p5>integer ZIPARCHIVE::ER_INTERNAL</p5>
<texts><text><lng>en</lng>
<d>Internal error</d>
</text></texts></PHPModuleRef><PHPModuleRef>
<t>ZIPARCHIVE::ER_INVAL</t>
<mn>zip</mn>
<ft>C</ft>
<p4>integer ZIPARCHIVE::ER_INVAL</p4>
<p5>integer ZIPARCHIVE::ER_INVAL</p5>
<texts><text><lng>en</lng>
<d>Invalid argument</d>
</text></texts></PHPModuleRef><PHPModuleRef>
<t>ZIPARCHIVE::ER_MEMORY</t>
<mn>zip</mn>
<ft>C</ft>
<p4>integer ZIPARCHIVE::ER_MEMORY</p4>
<p5>integer ZIPARCHIVE::ER_MEMORY</p5>
<texts><text><lng>en</lng>
<d>Memory allocation failure</d>
</text></texts></PHPModuleRef><PHPModuleRef>
<t>ZIPARCHIVE::ER_MULTIDISK</t>
<mn>zip</mn>
<ft>C</ft>
<p4>integer ZIPARCHIVE::ER_MULTIDISK</p4>
<p5>integer ZIPARCHIVE::ER_MULTIDISK</p5>
<texts><text><lng>en</lng>
<d>Multi-disk zip archives not supported.</d>
</text></texts></PHPModuleRef><PHPModuleRef>
<t>ZIPARCHIVE::ER_NOENT</t>
<mn>zip</mn>
<ft>C</ft>
<p4>integer ZIPARCHIVE::ER_NOENT</p4>
<p5>integer ZIPARCHIVE::ER_NOENT</p5>
<texts><text><lng>en</lng>
<d>No such file.</d>
</text></texts></PHPModuleRef><PHPModuleRef>
<t>ZIPARCHIVE::ER_NOZIP</t>
<mn>zip</mn>
<ft>C</ft>
<p4>integer ZIPARCHIVE::ER_NOZIP</p4>
<p5>integer ZIPARCHIVE::ER_NOZIP</p5>
<texts><text><lng>en</lng>
<d>Not a zip archive</d>
</text></texts></PHPModuleRef><PHPModuleRef>
<t>ZIPARCHIVE::ER_OK</t>
<mn>zip</mn>
<ft>C</ft>
<p4>integer ZIPARCHIVE::ER_OK</p4>
<p5>integer ZIPARCHIVE::ER_OK</p5>
<texts><text><lng>en</lng>
<d>No error.</d>
</text></texts></PHPModuleRef><PHPModuleRef>
<t>ZIPARCHIVE::ER_OPEN</t>
<mn>zip</mn>
<ft>C</ft>
<p4>integer ZIPARCHIVE::ER_OPEN</p4>
<p5>integer ZIPARCHIVE::ER_OPEN</p5>
<texts><text><lng>en</lng>
<d>Can't open file</d>
</text></texts></PHPModuleRef><PHPModuleRef>
<t>ZIPARCHIVE::ER_READ</t>
<mn>zip</mn>
<ft>C</ft>
<p4>integer ZIPARCHIVE::ER_READ</p4>
<p5>integer ZIPARCHIVE::ER_READ</p5>
<texts><text><lng>en</lng>
<d>Read error</d>
</text></texts></PHPModuleRef><PHPModuleRef>
<t>ZIPARCHIVE::ER_REMOVE</t>
<mn>zip</mn>
<ft>C</ft>
<p4>integer ZIPARCHIVE::ER_REMOVE</p4>
<p5>integer ZIPARCHIVE::ER_REMOVE</p5>
<texts><text><lng>en</lng>
<d>Can't remove file</d>
</text></texts></PHPModuleRef><PHPModuleRef>
<t>ZIPARCHIVE::ER_RENAME</t>
<mn>zip</mn>
<ft>C</ft>
<p4>integer ZIPARCHIVE::ER_RENAME</p4>
<p5>integer ZIPARCHIVE::ER_RENAME</p5>
<texts><text><lng>en</lng>
<d>Renaming temporary file failed.</d>
</text></texts></PHPModuleRef><PHPModuleRef>
<t>ZIPARCHIVE::ER_SEEK</t>
<mn>zip</mn>
<ft>C</ft>
<p4>integer ZIPARCHIVE::ER_SEEK</p4>
<p5>integer ZIPARCHIVE::ER_SEEK</p5>
<texts><text><lng>en</lng>
<d>Seek error</d>
</text></texts></PHPModuleRef><PHPModuleRef>
<t>ZIPARCHIVE::ER_TMPOPEN</t>
<mn>zip</mn>
<ft>C</ft>
<p4>integer ZIPARCHIVE::ER_TMPOPEN</p4>
<p5>integer ZIPARCHIVE::ER_TMPOPEN</p5>
<texts><text><lng>en</lng>
<d>Failure to create temporary file.</d>
</text></texts></PHPModuleRef><PHPModuleRef>
<t>ZIPARCHIVE::ER_WRITE</t>
<mn>zip</mn>
<ft>C</ft>
<p4>integer ZIPARCHIVE::ER_WRITE</p4>
<p5>integer ZIPARCHIVE::ER_WRITE</p5>
<texts><text><lng>en</lng>
<d>Write error</d>
</text></texts></PHPModuleRef><PHPModuleRef>
<t>ZIPARCHIVE::ER_ZIPCLOSED</t>
<mn>zip</mn>
<ft>C</ft>
<p4>integer ZIPARCHIVE::ER_ZIPCLOSED</p4>
<p5>integer ZIPARCHIVE::ER_ZIPCLOSED</p5>
<texts><text><lng>en</lng>
<d>Containing zip archive was closed</d>
</text></texts></PHPModuleRef><PHPModuleRef>
<t>ZIPARCHIVE::ER_ZLIB</t>
<mn>zip</mn>
<ft>C</ft>
<p4>integer ZIPARCHIVE::ER_ZLIB</p4>
<p5>integer ZIPARCHIVE::ER_ZLIB</p5>
<texts><text><lng>en</lng>
<d>Zlib error</d>
</text></texts></PHPModuleRef><PHPModuleRef>
<t>ZIPARCHIVE::EXCL</t>
<mn>zip</mn>
<ft>C</ft>
<p4>integer ZIPARCHIVE::EXCL</p4>
<p5>integer ZIPARCHIVE::EXCL</p5>
<texts><text><lng>en</lng>
<d>Error if archive already exists.</d>
</text></texts></PHPModuleRef><PHPModuleRef>
<t>ZIPARCHIVE::FL_COMPRESSED</t>
<mn>zip</mn>
<ft>C</ft>
<p4>integer ZIPARCHIVE::FL_COMPRESSED</p4>
<p5>integer ZIPARCHIVE::FL_COMPRESSED</p5>
<texts><text><lng>en</lng>
<d>Read compressed data</d>
</text></texts></PHPModuleRef><PHPModuleRef>
<t>ZIPARCHIVE::FL_NOCASE</t>
<mn>zip</mn>
<ft>C</ft>
<p4>integer ZIPARCHIVE::FL_NOCASE</p4>
<p5>integer ZIPARCHIVE::FL_NOCASE</p5>
<texts><text><lng>en</lng>
<d>Ignore case on name lookup</d>
</text></texts></PHPModuleRef><PHPModuleRef>
<t>ZIPARCHIVE::FL_NODIR</t>
<mn>zip</mn>
<ft>C</ft>
<p4>integer ZIPARCHIVE::FL_NODIR</p4>
<p5>integer ZIPARCHIVE::FL_NODIR</p5>
<texts><text><lng>en</lng>
<d>Ignore directory component</d>
</text></texts></PHPModuleRef><PHPModuleRef>
<t>ZIPARCHIVE::FL_UNCHANGED</t>
<mn>zip</mn>
<ft>C</ft>
<p4>integer ZIPARCHIVE::FL_UNCHANGED</p4>
<p5>integer ZIPARCHIVE::FL_UNCHANGED</p5>
<texts><text><lng>en</lng>
<d>Use original data, ignoring changes.</d>
</text></texts></PHPModuleRef><PHPModuleRef>
<t>ZIPARCHIVE::OVERWRITE</t>
<mn>zip</mn>
<ft>C</ft>
<p4>integer ZIPARCHIVE::OVERWRITE</p4>
<p5>integer ZIPARCHIVE::OVERWRITE</p5>
<texts><text><lng>en</lng>
<d>Always start a new archive, this mode will overwrite the file if
     it already exists.</d>
</text></texts></PHPModuleRef></PHPModuleRef-List>
