<?xml version = "1.0"?>
<FileProfile-list>
<FileProfile>
<Extensions>.html,.htm,.tpl,.xml,.xhtml,.shtml</Extensions>
<SaveMask>HTML &#x28;&#x2A;.html,&#x2A;.htm,&#x2A;.tpl,&#x2A;.xml,&#x2A;.xhtml,&#x2A;.shtml&#x29;&#x7C;&#x2A;.html;&#x2A;.htm;&#x2A;.tpl;&#x2A;.xml;&#x2A;.xhtml;&#x2A;.shtml</SaveMask>
<SourceMarkers><SourceMarker><Pattern>&#x3C;h\d[&#x5E;&#x3E;]&#x3F;&#x3E;&#x28;&#x28;&#x28;[&#x5E;&#x3C;]&#x2B;&#x29;&#x7C;&#x28;&#x3C;[&#x5E;/]&#x29;&#x7C;&#x28;&#x3C;/[&#x5E;h]&#x29;&#x7C;&#x28;&#x3C;/h[&#x5E;\d]&#x29;&#x29;&#x2B;&#x29;</Pattern>
<TitleMatch>1</TitleMatch>
<TypeText>HTML-Headline</TypeText>
</SourceMarker>
<SourceMarker><Pattern>&#x3C;div[&#x5E;&#x3E;]id=&#x22;&#x28;[&#x5E;&#x22;]&#x2B;&#x29;&#x22;&#x3F;&#x3E;</Pattern>
<TitleMatch>1</TitleMatch>
<TypeText>&#x3C;div&#x3E;</TypeText>
</SourceMarker>
</SourceMarkers>
<SyntaxProfile>dhtml</SyntaxProfile>
<TagCompletion>True</TagCompletion>
<TagInspector>True</TagInspector>
<Title>HTML</Title>
</FileProfile>
<FileProfile><Extensions>.xsl</Extensions>
<SaveMask>XSL &#x28;&#x2A;.xsl&#x29;&#x7C;&#x2A;.xsl</SaveMask>
<SourceMarkers><SourceMarker><Pattern>&#x3C;xsl:template[&#x5E;&#x3E;]&#x2B;match=&#x22;&#x28;[&#x5E;&#x22;]&#x2B;&#x29;&#x22;[&#x5E;&#x3E;]&#x2A;&#x3E;</Pattern>
<TitleMatch>1</TitleMatch>
<TypeText>XSL template match</TypeText>
</SourceMarker>
<SourceMarker><Pattern>&#x3C;xsl:template[&#x5E;&#x3E;]&#x2B;name=&#x22;&#x28;[&#x5E;&#x22;]&#x2B;&#x29;&#x22;[&#x5E;&#x3E;]&#x2A;&#x3E;</Pattern>
<TitleMatch>1</TitleMatch>
<TypeText>XSL template</TypeText>
</SourceMarker>
</SourceMarkers>
<SyntaxProfile>dhtml</SyntaxProfile>
<TagCompletion>True</TagCompletion>
<TagInspector>False</TagInspector>
<Title>XSL</Title>
</FileProfile>
<FileProfile><Extensions>.php,.php4,.php3,.phtml,.inc</Extensions>
<SaveMask>PHP &#x28;&#x2A;.php,&#x2A;.php3,&#x2A;.php4;&#x2A;.inc&#x29;&#x7C;&#x2A;.php;&#x2A;.php3;&#x2A;.php4;&#x2A;.phtml;&#x2A;.inc</SaveMask>
<SourceMarkers><SourceMarker><Pattern>&#x28;&#x5E;&#x7C;\s&#x29;&#x28;class&#x29;\s&#x2B;&#x28;[&#x5E;\&#x28;&#x7B;&#x3C;\&#x2A;]&#x2B;&#x29;</Pattern>
<TitleMatch>3</TitleMatch>
<TypeText>class</TypeText>
</SourceMarker>
<SourceMarker><Pattern>&#x28;&#x5E;&#x7C;\s&#x29;&#x28;function&#x29;\s&#x2B;&#x28;[&#x5E;\&#x28;&#x7B;&#x3C;\&#x2A;]&#x2B;&#x29;</Pattern>
<TitleMatch>3</TitleMatch>
<TypeText>function</TypeText>
</SourceMarker>
</SourceMarkers>
<SyntaxProfile>php</SyntaxProfile>
<TagCompletion>False</TagCompletion>
<TagInspector>False</TagInspector>
<Title>PHP</Title>
</FileProfile>
<FileProfile><Extensions>.sql</Extensions>
<SaveMask>SQL &#x28;&#x2A;.sql&#x29;&#x7C;&#x2A;.sql</SaveMask>
<SourceMarkers></SourceMarkers>
<SyntaxProfile>plsql</SyntaxProfile>
<TagCompletion>False</TagCompletion>
<TagInspector>False</TagInspector>
<Title>PL/SQL</Title>
</FileProfile>
<FileProfile>
<Extensions>.txt,.pas</Extensions>
<SaveMask>Textfiles &#x28;&#x2A;.txt&#x29;&#x7C;&#x2A;.txt</SaveMask>
<SourceMarkers></SourceMarkers>
<SyntaxProfile>plaintext</SyntaxProfile>
<TagCompletion>False</TagCompletion>
<TagInspector>False</TagInspector>
<Title>Plain text</Title>
</FileProfile>
<FileProfile>
<Extensions>.css</Extensions>
<SaveMask>CSS-Stylesheets &#x28;&#x2A;.css&#x29;&#x7C;&#x2A;.css</SaveMask>
<SourceMarkers></SourceMarkers>
<SyntaxProfile>css</SyntaxProfile>
<TagCompletion>False</TagCompletion>
<TagInspector>False</TagInspector>
<Title>CSS</Title>
</FileProfile>
<FileProfile>
<Extensions>.js</Extensions>
<SaveMask>Javascript &#x28;&#x2A;.js&#x29;&#x7C;&#x2A;.js</SaveMask>
<SourceMarkers>
<SourceMarker><Pattern>&#x28;&#x5E;&#x7C;\s&#x29;&#x28;function&#x29;\s&#x2B;&#x28;[&#x5E;\&#x28;&#x7B;&#x3C;\&#x2A;]&#x2B;&#x29;</Pattern>
<TitleMatch>3</TitleMatch>
<TypeText>function</TypeText>
</SourceMarker>
</SourceMarkers>
<SyntaxProfile>javascript</SyntaxProfile>
<TagCompletion>False</TagCompletion>
<TagInspector>False</TagInspector>
<Title>JavaScript</Title>
</FileProfile>
</FileProfile-list>