<FileProfile><Extensions>.html,.htm,.tpl,.xml,.xhtml,.shtml</Extensions>
<IconFile>file_html.ico</IconFile>
<KeyWords></KeyWords>
<Name>HTML</Name>
<SourceMarkers><SourceMarker><Pattern>&#x3C;h\d[&#x5E;&#x3E;]&#x3F;&#x3E;&#x28;&#x28;&#x28;[&#x5E;&#x3C;]&#x2B;&#x29;&#x7C;&#x28;&#x3C;[&#x5E;/]&#x29;&#x7C;&#x28;&#x3C;/[&#x5E;h]&#x29;&#x7C;&#x28;&#x3C;/h[&#x5E;\d]&#x29;&#x29;&#x2B;&#x29;</Pattern>
<TitleMatch>1</TitleMatch>
<TypeText>HTML-Headline</TypeText>
</SourceMarker>
<SourceMarker><Pattern>&#x3C;div[&#x5E;&#x3E;]id=&#x22;&#x28;[&#x5E;&#x22;]&#x2B;&#x29;&#x22;&#x3F;&#x3E;</Pattern>
<TitleMatch>1</TitleMatch>
<TypeText>&#x3C;div&#x3E;</TypeText>
</SourceMarker>
</SourceMarkers>
<SyntaxFileName>html.sms</SyntaxFileName>
<TagCompletion>True</TagCompletion>
<TagInspector>True</TagInspector>
</FileProfile>