<FileProfile><Extensions>.js</Extensions>
<IconFile>file_js.ico</IconFile>
<KeyWords></KeyWords>
<Name>JavaScript</Name>
<SourceMarkers><SourceMarker><Pattern>&#x28;&#x5E;&#x7C;\s&#x29;&#x28;function&#x29;\s&#x2B;&#x28;[&#x5E;\&#x28;&#x7B;&#x3C;\&#x2A;]&#x2B;&#x29;</Pattern>
<TitleMatch>3</TitleMatch>
<TypeText>function</TypeText>
</SourceMarker>
<SourceMarker><Pattern>&#x28;&#x28;\w&#x2B;&#x29;\.prototype\.&#x28;\w&#x2B;&#x29;&#x29;\s&#x2B;=\s&#x2B;function\&#x28;</Pattern>
<TitleMatch>1</TitleMatch>
<TypeText>prototype function</TypeText>
</SourceMarker>
</SourceMarkers>
<SyntaxFileName>js.sms</SyntaxFileName>
<TagCompletion>False</TagCompletion>
<TagInspector>False</TagInspector>
</FileProfile>