<FileProfile><Extensions>.php,.phps,.php5,.php4,.php3,.phtml,.phpt,.inc</Extensions>
<IconFile>file_php.ico</IconFile>
<KeyWords>php</KeyWords>
<Name>PHP</Name>
<SourceMarkers><SourceMarker><Pattern>&#x28;&#x3F;i&#x29;&#x28;class\s&#x2B;&#x28;[a-z0-9_]&#x2B;&#x29;&#x28;\s&#x2B;extends\s&#x2B;[a-z0-9_]&#x2B;&#x29;&#x3F;\s&#x2A;\&#x7B;&#x29;</Pattern>
<TitleMatch>2</TitleMatch>
<TypeText>class</TypeText>
</SourceMarker>
<SourceMarker><Pattern>&#x28;function\s&#x2B;&#x26;&#x3F;&#x28;[a-zA-Z0-9_]&#x2B;&#x29;\s&#x2A;\&#x28;[&#x5E;&#x28;&#x29;]&#x2A;\&#x29;\s&#x2A;\&#x7B;&#x29;</Pattern>
<TitleMatch>2</TitleMatch>
<TypeText>function</TypeText>
</SourceMarker>
<SourceMarker><Pattern>&#x28;&#x3F;i&#x29;define\s&#x2A;\&#x28;\s&#x2A;&#x28;[&#x27;&#x22;]&#x29;&#x3F;&#x28;[&#x24;&#x7B;&#x7D;a-z0-9_]&#x2B;&#x29;\1&#x3F;\s&#x2A;,</Pattern>
<TitleMatch>2</TitleMatch>
<TypeText>define&#x28;&#x29;</TypeText>
</SourceMarker>
</SourceMarkers>
<SyntaxFileName>php.sms</SyntaxFileName>
<TagCompletion>False</TagCompletion>
<TagInspector>False</TagInspector>
</FileProfile>