<FileProfile><Extensions>.vbs</Extensions>
<IconFile>file_vbs.ico</IconFile>
<KeyWords></KeyWords>
<Name>VBScript</Name>
<SourceMarkers><SourceMarker><Pattern>&#x28;&#x3F;i&#x29;sub&#x28; &#x2B;&#x29;&#x28;[a-z0-9_]&#x2B;&#x29;\s&#x2A;\n</Pattern>
<TitleMatch>2</TitleMatch>
<TypeText>function</TypeText>
</SourceMarker>
<SourceMarker><Pattern>&#x28;&#x3F;i&#x29;sub&#x28; &#x2B;&#x29;&#x28;&#x28;[a-z0-9_]&#x2B;&#x29;\s&#x2A;&#x28;\&#x28;[&#x5E;\&#x29;]&#x2B;\&#x29;&#x29;&#x29;</Pattern>
<TitleMatch>2</TitleMatch>
<TypeText>function with parameters</TypeText>
</SourceMarker>
</SourceMarkers>
<SyntaxFileName>vbasic.sms</SyntaxFileName>
<TagCompletion>False</TagCompletion>
<TagInspector>False</TagInspector>
</FileProfile>