<FileProfile><Extensions>.xsl</Extensions>
<IconFile>file_xsl.ico</IconFile>
<KeyWords></KeyWords>
<Name>XSL</Name>
<SourceMarkers><SourceMarker><Pattern>&#x3C;xsl:template[&#x5E;&#x3E;]&#x2B;match=&#x22;&#x28;[&#x5E;&#x22;]&#x2B;&#x29;&#x22;[&#x5E;&#x3E;]&#x2A;&#x3E;</Pattern>
<TitleMatch>1</TitleMatch>
<TypeText>XSL template match</TypeText>
</SourceMarker>
<SourceMarker><Pattern>&#x3C;xsl:template[&#x5E;&#x3E;]&#x2B;name=&#x22;&#x28;[&#x5E;&#x22;]&#x2B;&#x29;&#x22;[&#x5E;&#x3E;]&#x2A;&#x3E;</Pattern>
<TitleMatch>1</TitleMatch>
<TypeText>XSL template</TypeText>
</SourceMarker>
</SourceMarkers>
<SyntaxFileName>html.sms</SyntaxFileName>
<TagCompletion>True</TagCompletion>
<TagInspector>False</TagInspector>
</FileProfile>