<?xml version = "1.0"?><Entity-list><Entity><ReplaceString>&#x26;nbsp;</ReplaceString>
<TargetChar>32</TargetChar>
</Entity>
<Entity><ReplaceString>&#x26;amp;</ReplaceString>
<TargetChar>38</TargetChar>
</Entity>
<Entity><ReplaceString>&#x26;lt;</ReplaceString>
<TargetChar>60</TargetChar>
</Entity>
<Entity><ReplaceString>&#x26;gt;</ReplaceString>
<TargetChar>62</TargetChar>
</Entity>
<Entity><ReplaceString>&#x26;euro;</ReplaceString>
<TargetChar>128</TargetChar>
</Entity>
<Entity><ReplaceString>&#x26;iexcl;</ReplaceString>
<TargetChar>161</TargetChar>
</Entity>
<Entity><ReplaceString>&#x26;cent;</ReplaceString>
<TargetChar>162</TargetChar>
</Entity>
<Entity><ReplaceString>&#x26;pound;</ReplaceString>
<TargetChar>163</TargetChar>
</Entity>
<Entity><ReplaceString>&#x26;curren;</ReplaceString>
<TargetChar>164</TargetChar>
</Entity>
<Entity><ReplaceString>&#x26;yen;</ReplaceString>
<TargetChar>165</TargetChar>
</Entity>
<Entity><ReplaceString>&#x26;brvbar;</ReplaceString>
<TargetChar>166</TargetChar>
</Entity>
<Entity><ReplaceString>&#x26;sect;</ReplaceString>
<TargetChar>167</TargetChar>
</Entity>
<Entity><ReplaceString>&#x26;uml;</ReplaceString>
<TargetChar>168</TargetChar>
</Entity>
<Entity><ReplaceString>&#x26;copy;</ReplaceString>
<TargetChar>169</TargetChar>
</Entity>
<Entity><ReplaceString>&#x26;ordf;</ReplaceString>
<TargetChar>170</TargetChar>
</Entity>
<Entity><ReplaceString>&#x26;laquo;</ReplaceString>
<TargetChar>171</TargetChar>
</Entity>
<Entity><ReplaceString>&#x26;not;</ReplaceString>
<TargetChar>172</TargetChar>
</Entity>
<Entity><ReplaceString>&#x26;reg;</ReplaceString>
<TargetChar>174</TargetChar>
</Entity>
<Entity><ReplaceString>&#x26;macr;</ReplaceString>
<TargetChar>175</TargetChar>
</Entity>
<Entity><ReplaceString>&#x26;grad;</ReplaceString>
<TargetChar>176</TargetChar>
</Entity>
<Entity><ReplaceString>&#x26;plusmn;</ReplaceString>
<TargetChar>177</TargetChar>
</Entity>
<Entity><ReplaceString>&#x26;sup2;</ReplaceString>
<TargetChar>178</TargetChar>
</Entity>
<Entity><ReplaceString>&#x26;sup3;</ReplaceString>
<TargetChar>179</TargetChar>
</Entity>
<Entity><ReplaceString>&#x26;acute;</ReplaceString>
<TargetChar>180</TargetChar>
</Entity>
<Entity><ReplaceString>&#x26;micro;</ReplaceString>
<TargetChar>181</TargetChar>
</Entity>
<Entity><ReplaceString>&#x26;para;</ReplaceString>
<TargetChar>182</TargetChar>
</Entity>
<Entity><ReplaceString>&#x26;middot;</ReplaceString>
<TargetChar>183</TargetChar>
</Entity>
<Entity><ReplaceString>&#x26;cedil;</ReplaceString>
<TargetChar>184</TargetChar>
</Entity>
<Entity><ReplaceString>&#x26;sup1;</ReplaceString>
<TargetChar>185</TargetChar>
</Entity>
<Entity><ReplaceString>&#x26;ordm;</ReplaceString>
<TargetChar>186</TargetChar>
</Entity>
<Entity><ReplaceString>&#x26;raquo;</ReplaceString>
<TargetChar>187</TargetChar>
</Entity>
<Entity><ReplaceString>&#x26;frac14;</ReplaceString>
<TargetChar>188</TargetChar>
</Entity>
<Entity><ReplaceString>&#x26;frac12;</ReplaceString>
<TargetChar>189</TargetChar>
</Entity>
<Entity><ReplaceString>&#x26;frac34;</ReplaceString>
<TargetChar>190</TargetChar>
</Entity>
<Entity><ReplaceString>&#x26;iquest;</ReplaceString>
<TargetChar>191</TargetChar>
</Entity>
<Entity><ReplaceString>&#x26;Agrave;</ReplaceString>
<TargetChar>192</TargetChar>
</Entity>
<Entity><ReplaceString>&#x26;Aacute;</ReplaceString>
<TargetChar>193</TargetChar>
</Entity>
<Entity><ReplaceString>&#x26;Acirc;</ReplaceString>
<TargetChar>194</TargetChar>
</Entity>
<Entity><ReplaceString>&#x26;Atilde;</ReplaceString>
<TargetChar>195</TargetChar>
</Entity>
<Entity><ReplaceString>&#x26;Auml;</ReplaceString>
<TargetChar>196</TargetChar>
</Entity>
<Entity><ReplaceString>&#x26;Aring;</ReplaceString>
<TargetChar>197</TargetChar>
</Entity>
<Entity><ReplaceString>&#x26;Aelig;</ReplaceString>
<TargetChar>198</TargetChar>
</Entity>
<Entity><ReplaceString>&#x26;Ccedil;</ReplaceString>
<TargetChar>199</TargetChar>
</Entity>
<Entity><ReplaceString>&#x26;Egrave;</ReplaceString>
<TargetChar>200</TargetChar>
</Entity>
<Entity><ReplaceString>&#x26;Eacute;</ReplaceString>
<TargetChar>201</TargetChar>
</Entity>
<Entity><ReplaceString>&#x26;Ecirc;</ReplaceString>
<TargetChar>202</TargetChar>
</Entity>
<Entity><ReplaceString>&#x26;Euml;</ReplaceString>
<TargetChar>203</TargetChar>
</Entity>
<Entity><ReplaceString>&#x26;Igrave;</ReplaceString>
<TargetChar>204</TargetChar>
</Entity>
<Entity><ReplaceString>&#x26;Iacute;</ReplaceString>
<TargetChar>205</TargetChar>
</Entity>
<Entity><ReplaceString>&#x26;Icirc;</ReplaceString>
<TargetChar>206</TargetChar>
</Entity>
<Entity><ReplaceString>&#x26;Iuml;</ReplaceString>
<TargetChar>207</TargetChar>
</Entity>
<Entity><ReplaceString>&#x26;Ntilde;</ReplaceString>
<TargetChar>209</TargetChar>
</Entity>
<Entity><ReplaceString>&#x26;Ograve;</ReplaceString>
<TargetChar>210</TargetChar>
</Entity>
<Entity><ReplaceString>&#x26;Oacute;</ReplaceString>
<TargetChar>211</TargetChar>
</Entity>
<Entity><ReplaceString>&#x26;Ocirc;</ReplaceString>
<TargetChar>212</TargetChar>
</Entity>
<Entity><ReplaceString>&#x26;Otilde;</ReplaceString>
<TargetChar>213</TargetChar>
</Entity>
<Entity><ReplaceString>&#x26;Ouml;</ReplaceString>
<TargetChar>214</TargetChar>
</Entity>
<Entity><ReplaceString>&#x26;Oslash;</ReplaceString>
<TargetChar>216</TargetChar>
</Entity>
<Entity><ReplaceString>&#x26;Ugrave;</ReplaceString>
<TargetChar>217</TargetChar>
</Entity>
<Entity><ReplaceString>&#x26;Uacute;</ReplaceString>
<TargetChar>218</TargetChar>
</Entity>
<Entity><ReplaceString>&#x26;Ucirc;</ReplaceString>
<TargetChar>219</TargetChar>
</Entity>
<Entity><ReplaceString>&#x26;Uuml;</ReplaceString>
<TargetChar>220</TargetChar>
</Entity>
<Entity><ReplaceString>&#x26;Yacute;</ReplaceString>
<TargetChar>221</TargetChar>
</Entity>
<Entity><ReplaceString>&#x26;THORN;</ReplaceString>
<TargetChar>222</TargetChar>
</Entity>
<Entity><ReplaceString>&#x26;szlig;</ReplaceString>
<TargetChar>223</TargetChar>
</Entity>
<Entity><ReplaceString>&#x26;agrave;</ReplaceString>
<TargetChar>224</TargetChar>
</Entity>
<Entity><ReplaceString>&#x26;aacute;</ReplaceString>
<TargetChar>225</TargetChar>
</Entity>
<Entity><ReplaceString>&#x26;acirc;</ReplaceString>
<TargetChar>226</TargetChar>
</Entity>
<Entity><ReplaceString>&#x26;atilde;</ReplaceString>
<TargetChar>227</TargetChar>
</Entity>
<Entity><ReplaceString>&#x26;auml;</ReplaceString>
<TargetChar>228</TargetChar>
</Entity>
<Entity><ReplaceString>&#x26;aring;</ReplaceString>
<TargetChar>229</TargetChar>
</Entity>
<Entity><ReplaceString>&#x26;aelig;</ReplaceString>
<TargetChar>230</TargetChar>
</Entity>
<Entity><ReplaceString>&#x26;ccedil;</ReplaceString>
<TargetChar>231</TargetChar>
</Entity>
<Entity><ReplaceString>&#x26;egrave;</ReplaceString>
<TargetChar>232</TargetChar>
</Entity>
<Entity><ReplaceString>&#x26;eacute;</ReplaceString>
<TargetChar>233</TargetChar>
</Entity>
<Entity><ReplaceString>&#x26;ecirc;</ReplaceString>
<TargetChar>234</TargetChar>
</Entity>
<Entity><ReplaceString>&#x26;euml;</ReplaceString>
<TargetChar>235</TargetChar>
</Entity>
<Entity><ReplaceString>&#x26;igrave;</ReplaceString>
<TargetChar>236</TargetChar>
</Entity>
<Entity><ReplaceString>&#x26;iacute;</ReplaceString>
<TargetChar>237</TargetChar>
</Entity>
<Entity><ReplaceString>&#x26;icirc;</ReplaceString>
<TargetChar>238</TargetChar>
</Entity>
<Entity><ReplaceString>&#x26;iuml;</ReplaceString>
<TargetChar>239</TargetChar>
</Entity>
<Entity><ReplaceString>&#x26;eth;</ReplaceString>
<TargetChar>240</TargetChar>
</Entity>
<Entity><ReplaceString>&#x26;ntilde;</ReplaceString>
<TargetChar>241</TargetChar>
</Entity>
<Entity><ReplaceString>&#x26;ograve;</ReplaceString>
<TargetChar>242</TargetChar>
</Entity>
<Entity><ReplaceString>&#x26;oacute;</ReplaceString>
<TargetChar>243</TargetChar>
</Entity>
<Entity><ReplaceString>&#x26;ocirc;</ReplaceString>
<TargetChar>244</TargetChar>
</Entity>
<Entity><ReplaceString>&#x26;otilde;</ReplaceString>
<TargetChar>245</TargetChar>
</Entity>
<Entity><ReplaceString>&#x26;ouml;</ReplaceString>
<TargetChar>246</TargetChar>
</Entity>
<Entity><ReplaceString>&#x26;oslash;</ReplaceString>
<TargetChar>248</TargetChar>
</Entity>
<Entity><ReplaceString>&#x26;ugrave;</ReplaceString>
<TargetChar>249</TargetChar>
</Entity>
<Entity><ReplaceString>&#x26;uacute;</ReplaceString>
<TargetChar>250</TargetChar>
</Entity>
<Entity><ReplaceString>&#x26;ucirc;</ReplaceString>
<TargetChar>251</TargetChar>
</Entity>
<Entity><ReplaceString>&#x26;uuml;</ReplaceString>
<TargetChar>252</TargetChar>
</Entity>
<Entity><ReplaceString>&#x26;yacute;</ReplaceString>
<TargetChar>253</TargetChar>
</Entity>
<Entity><ReplaceString>&#x26;thorn;</ReplaceString>
<TargetChar>254</TargetChar>
</Entity>
<Entity><ReplaceString>&#x26;yuml;</ReplaceString>
<TargetChar>255</TargetChar>
</Entity>
</Entity-list>