<?xml version = "1.0"?><HTMLPage-list><HTMLPage><HTMLTags><HTMLTag><Filename></Filename>
<HTMLTagBegin>&#x3C;!DOCTYPE HTML PUBLIC &#x22;-//W3C//DTD HTML 4.0//EN&#x22;&#x3E;</HTMLTagBegin>
<HTMLTagEnd></HTMLTagEnd>
<HTMLTagInfos><TagText><c></c>
<d>HTML 4.0 Dokument ohne veraltete Tags</d>
<lng>de</lng>
</TagText>
<TagText><c></c>
<d>HTML 4.0 document without deprecated tags</d>
<lng>en</lng>
</TagText>
</HTMLTagInfos>
<HTMLTagTitle>HTML 4.0</HTMLTagTitle>
<Mode>0</Mode>
<ScriptLanguage></ScriptLanguage>
<ShortCut>0</ShortCut>
<Steno>html4</Steno>
</HTMLTag>
<HTMLTag><Filename></Filename>
<HTMLTagBegin>&#x3C;!DOCTYPE HTML PUBLIC &#x22;-//W3C//DTD HTML 4.0 Transitional//EN&#x22;&#x3E;</HTMLTagBegin>
<HTMLTagEnd></HTMLTagEnd>
<HTMLTagInfos><TagText><c></c>
<d>HTML 4.0 Dokument mit veralteten Tags</d>
<lng>de</lng>
</TagText>
<TagText><c></c>
<d>HTML 4.0 including deprecated tags</d>
<lng>en</lng>
</TagText>
</HTMLTagInfos>
<HTMLTagTitle>HTML 4.0 trans.</HTMLTagTitle>
<Mode>0</Mode>
<ScriptLanguage></ScriptLanguage>
<ShortCut>0</ShortCut>
<Steno>html4t</Steno>
</HTMLTag>
<HTMLTag><Filename></Filename>
<HTMLTagBegin>&#x3C;!DOCTYPE HTML PUBLIC &#x22;-//W3C//DTD HTML 4.0 Frameset//EN&#x22;&#x3E;</HTMLTagBegin>
<HTMLTagEnd></HTMLTagEnd>
<HTMLTagInfos><TagText><c></c>
<d>HTML 4.0 Frame-Dokument</d>
<lng>de</lng>
</TagText>
<TagText><c></c>
<d>HTML 4.0 frame document</d>
<lng>en</lng>
</TagText>
</HTMLTagInfos>
<HTMLTagTitle>HTML 4.0 frameset</HTMLTagTitle>
<Mode>0</Mode>
<ScriptLanguage></ScriptLanguage>
<ShortCut>0</ShortCut>
<Steno>html4f</Steno>
</HTMLTag>
<HTMLTag><Filename></Filename>
<HTMLTagBegin>&#x3C;&#x3F;xml version=&#x22;1.0&#x22;&#x3F;&#x3E;&#x0D;&#x0A;&#x3C;!DOCTYPE html PUBLIC &#x22;-//W3C//DTD XHTML 1.0 Transitional//EN&#x22; &#x22;http://www.w3.org/TR/xhtml1/DTD/xhtml1-transitional.dtd&#x22;&#x3E;</HTMLTagBegin>
<HTMLTagEnd></HTMLTagEnd>
<HTMLTagInfos><TagText><c></c>
<d>XHTML Dokument</d>
<lng>de</lng>
</TagText>
<TagText><c></c>
<d>XHTML document</d>
<lng>en</lng>
</TagText>
</HTMLTagInfos>
<HTMLTagTitle>XHTML 1.0 trans.</HTMLTagTitle>
<Mode>0</Mode>
<ScriptLanguage></ScriptLanguage>
<ShortCut>0</ShortCut>
<Steno>xhtml</Steno>
</HTMLTag>
<HTMLTag><Filename></Filename>
<HTMLTagBegin>&#x3C;&#x3F;xml version=&#x22;1.0&#x22;&#x3F;&#x3E;&#x0D;&#x0A;&#x3C;!DOCTYPE html PUBLIC &#x22;-//W3C//DTD XHTML 1.0 Strict//EN&#x22; &#x22;http://www.w3.org/TR/xhtml1/DTD/xhtml1-strict.dtd&#x22;&#x3E;</HTMLTagBegin>
<HTMLTagEnd></HTMLTagEnd>
<HTMLTagInfos></HTMLTagInfos>
<HTMLTagTitle>XHTML 1.0 strict</HTMLTagTitle>
<Mode>0</Mode>
<ScriptLanguage></ScriptLanguage>
<ShortCut>0</ShortCut>
<Steno></Steno>
</HTMLTag>
<HTMLTag><Filename></Filename>
<HTMLTagBegin>&#x3C;&#x3F;xml version=&#x22;1.0&#x22;&#x3F;&#x3E;&#x0D;&#x0A;&#x3C;!DOCTYPE html PUBLIC &#x22;-//W3C//DTD XHTML 1.0 Frameset//EN&#x22; &#x22;http://www.w3.org/TR/xhtml1/DTD/xhtml1-frameset.dtd&#x22;&#x3E;</HTMLTagBegin>
<HTMLTagEnd></HTMLTagEnd>
<HTMLTagInfos></HTMLTagInfos>
<HTMLTagTitle>XHTML 1.0 frameset</HTMLTagTitle>
<Mode>0</Mode>
<ScriptLanguage></ScriptLanguage>
<ShortCut>0</ShortCut>
<Steno></Steno>
</HTMLTag>
<HTMLTag><Filename></Filename>
<HTMLTagBegin>&#x3C;html&#x3E;</HTMLTagBegin>
<HTMLTagEnd>&#x3C;/html&#x3E;</HTMLTagEnd>
<HTMLTagInfos><TagText><c></c>
<d>Begrenzt ein HTML Dokument</d>
<lng>de</lng>
</TagText>
<TagText><c></c>
<d>HTML document start and end</d>
<lng>en</lng>
</TagText>
</HTMLTagInfos>
<HTMLTagTitle>&#x3C;html&#x3E;&#x3C;/html&#x3E;</HTMLTagTitle>
<Mode>0</Mode>
<ScriptLanguage></ScriptLanguage>
<ShortCut>0</ShortCut>
<Steno></Steno>
</HTMLTag>
<HTMLTag><Filename></Filename>
<HTMLTagBegin>&#x3C;head&#x3E;</HTMLTagBegin>
<HTMLTagEnd>&#x3C;/head&#x3E;</HTMLTagEnd>
<HTMLTagInfos><TagText><c></c>
<d>Kopf des HTML-Dokumentes mit nur mittelbar sichtbaren Anweisungen.</d>
<lng>de</lng>
</TagText>
<TagText><c></c>
<d>header part of a HTML document</d>
<lng>en</lng>
</TagText>
</HTMLTagInfos>
<HTMLTagTitle>&#x3C;head&#x3E;&#x3C;/head&#x3E;</HTMLTagTitle>
<Mode>0</Mode>
<ScriptLanguage></ScriptLanguage>
<ShortCut>0</ShortCut>
<Steno></Steno>
</HTMLTag>
<HTMLTag><Filename></Filename>
<HTMLTagBegin>&#x3C;title&#x3E;</HTMLTagBegin>
<HTMLTagEnd>&#x3C;/title&#x3E;</HTMLTagEnd>
<HTMLTagInfos><TagText><c></c>
<d>Der Titel des Dokumentes wird unter anderem in der Titelleiste des Browsers angezeigt.</d>
<lng>de</lng>
</TagText>
<TagText><c></c>
<d>title of the HTML document</d>
<lng>en</lng>
</TagText>
</HTMLTagInfos>
<HTMLTagTitle>&#x3C;title&#x3E;&#x3C;/title&#x3E;</HTMLTagTitle>
<Mode>0</Mode>
<ScriptLanguage></ScriptLanguage>
<ShortCut>0</ShortCut>
<Steno></Steno>
</HTMLTag>
<HTMLTag><Filename></Filename>
<HTMLTagBegin>&#x3C;body&#x3E;</HTMLTagBegin>
<HTMLTagEnd>&#x3C;/body&#x3E;</HTMLTagEnd>
<HTMLTagInfos><TagText><c></c>
<d>K&#xF6;rper des HTML-Dokumentes mit allen direkt sichtbaren Anweisungen.</d>
<lng>de</lng>
</TagText>
<TagText><c></c>
<d>visible body of the HTML document</d>
<lng>en</lng>
</TagText>
</HTMLTagInfos>
<HTMLTagTitle>&#x3C;body&#x3E;&#x3C;/body&#x3E;</HTMLTagTitle>
<Mode>0</Mode>
<ScriptLanguage></ScriptLanguage>
<ShortCut>0</ShortCut>
<Steno></Steno>
</HTMLTag>
<HTMLTag><Filename></Filename>
<HTMLTagBegin>&#x3C;a href=&#x22;&#x22;&#x3E;</HTMLTagBegin>
<HTMLTagEnd>&#x3C;/a&#x3E;</HTMLTagEnd>
<HTMLTagInfos><TagText><c></c>
<d>Ein Hyperlink schafft Verbindungen :-&#x29;</d>
<lng>de</lng>
</TagText>
<TagText><c></c>
<d>Hyperlink</d>
<lng>en</lng>
</TagText>
</HTMLTagInfos>
<HTMLTagTitle>&#x3C;a href=&#x22;&#x22;&#x3E;&#x3C;/a&#x3E;</HTMLTagTitle>
<Mode>0</Mode>
<ScriptLanguage></ScriptLanguage>
<ShortCut>24641</ShortCut>
<Steno>a</Steno>
</HTMLTag>
<HTMLTag><Filename></Filename>
<HTMLTagBegin>&#x3C;a name=&#x22;</HTMLTagBegin>
<HTMLTagEnd>&#x22;&#x3E;&#x3C;/a&#x3E;</HTMLTagEnd>
<HTMLTagInfos><TagText><c></c>
<d>Ein Anker definiert einen Zielpunkt f&#xFC;r einen Hyperlink</d>
<lng>de</lng>
</TagText>
<TagText><c></c>
<d>hyperlink anchor</d>
<lng>en</lng>
</TagText>
</HTMLTagInfos>
<HTMLTagTitle>&#x3C;a name=&#x22;&#x22;&#x3E;&#x3C;/a&#x3E;</HTMLTagTitle>
<Mode>0</Mode>
<ScriptLanguage></ScriptLanguage>
<ShortCut>0</ShortCut>
<Steno>an</Steno>
</HTMLTag>
<HTMLTag><Filename></Filename>
<HTMLTagBegin>&#x3C;link rel=&#x22;stylesheet&#x22; type=&#x22;text/css&#x22; href=&#x22;</HTMLTagBegin>
<HTMLTagEnd>&#x22;&#x3E;</HTMLTagEnd>
<HTMLTagInfos><TagText><c>CSS-Datei</c>
<d>Einbindung eines externen Stylesheets</d>
<lng>de</lng>
</TagText>
<TagText><c>CSS file</c>
<d>External CSS stylesheet</d>
<lng>en</lng>
</TagText>
</HTMLTagInfos>
<HTMLTagTitle>CSS file</HTMLTagTitle>
<Mode>0</Mode>
<ScriptLanguage></ScriptLanguage>
<ShortCut>0</ShortCut>
<Steno>css</Steno>
</HTMLTag>
<HTMLTag><Filename></Filename>
<HTMLTagBegin>&#x3C;style type=&#x22;text/css&#x22;&#x3E;&#x0D;&#x0A;&#x3C;!--</HTMLTagBegin>
<HTMLTagEnd>//--&#x3E;&#x0D;&#x0A;&#x3C;/style&#x3E;</HTMLTagEnd>
<HTMLTagInfos><TagText><c></c>
<d>Internes Stylesheet</d>
<lng>de</lng>
</TagText>
<TagText><c></c>
<d>internal CSS block</d>
<lng>en</lng>
</TagText>
</HTMLTagInfos>
<HTMLTagTitle>&#x3C;style ...&#x3E;&#x3C;/style&#x3E;</HTMLTagTitle>
<Mode>0</Mode>
<ScriptLanguage></ScriptLanguage>
<ShortCut>0</ShortCut>
<Steno>cssi</Steno>
</HTMLTag>
<HTMLTag><Filename></Filename>
<HTMLTagBegin>&#x3C;!--</HTMLTagBegin>
<HTMLTagEnd>--&#x3E;</HTMLTagEnd>
<HTMLTagInfos><TagText><c></c>
<d>Kommentare bleiben unsichbar. Auch Scripte und &#xE4;hnliches werden damit &#x22;versteckt&#x22;.</d>
<lng>de</lng>
</TagText>
<TagText><c></c>
<d>HTML comment - not visble on the page</d>
<lng>en</lng>
</TagText>
</HTMLTagInfos>
<HTMLTagTitle>&#x3C;!--  --&#x3E;</HTMLTagTitle>
<Mode>0</Mode>
<ScriptLanguage></ScriptLanguage>
<ShortCut>0</ShortCut>
<Steno></Steno>
</HTMLTag>
</HTMLTags>
<PageInfos><TagText><c>Dokument</c>
<d></d>
<lng>de</lng>
</TagText>
<TagText><c>Document</c>
<d></d>
<lng>en</lng>
</TagText>
</PageInfos>
</HTMLPage>
<HTMLPage><HTMLTags><HTMLTag><Filename></Filename>
<HTMLTagBegin>&#x3C;span&#x3E;</HTMLTagBegin>
<HTMLTagEnd>&#x3C;/span&#x3E;</HTMLTagEnd>
<HTMLTagInfos><TagText><c></c>
<d>Ein Bereich ohne Ausrichtung. Dient zum Anwenden von StyleSheets.</d>
<lng>de</lng>
</TagText>
<TagText><c></c>
<d>area for css formatting - no alignment</d>
<lng>en</lng>
</TagText>
</HTMLTagInfos>
<HTMLTagTitle>&#x3C;span&#x3E;&#x3C;/span&#x3E;</HTMLTagTitle>
<Mode>0</Mode>
<ScriptLanguage></ScriptLanguage>
<ShortCut>0</ShortCut>
<Steno></Steno>
</HTMLTag>
<HTMLTag><Filename></Filename>
<HTMLTagBegin>&#x3C;p&#x3E;</HTMLTagBegin>
<HTMLTagEnd>&#x3C;/p&#x3E;</HTMLTagEnd>
<HTMLTagInfos><TagText><c></c>
<d>Absatz</d>
<lng>de</lng>
</TagText>
<TagText><c></c>
<d>papagraph</d>
<lng>en</lng>
</TagText>
</HTMLTagInfos>
<HTMLTagTitle>&#x3C;p&#x3E;&#x3C;/p&#x3E;</HTMLTagTitle>
<Mode>0</Mode>
<ScriptLanguage></ScriptLanguage>
<ShortCut>16397</ShortCut>
<Steno></Steno>
</HTMLTag>
<HTMLTag><Filename></Filename>
<HTMLTagBegin>&#x3C;div align=&#x22;center&#x22;&#x3E;</HTMLTagBegin>
<HTMLTagEnd>&#x3C;/div&#x3E;</HTMLTagEnd>
<HTMLTagInfos><TagText><c></c>
<d>Define a layer</d>
<lng>en</lng>
</TagText>
<TagText><c></c>
<d>Ein Bereich mit Ausrichtung, kann auch als Ebene genutzt werden.</d>
<lng>de</lng>
</TagText>
</HTMLTagInfos>
<HTMLTagTitle>&#x3C;div&#x3E;&#x3C;/div&#x3E;</HTMLTagTitle>
<Mode>0</Mode>
<ScriptLanguage></ScriptLanguage>
<ShortCut>0</ShortCut>
<Steno>div</Steno>
</HTMLTag>
<HTMLTag><Filename></Filename>
<HTMLTagBegin>&#x3C;br&#x3E;</HTMLTagBegin>
<HTMLTagEnd></HTMLTagEnd>
<HTMLTagInfos><TagText><c></c>
<d>Zeilenumbruch</d>
<lng>de</lng>
</TagText>
<TagText><c></c>
<d>linebreak</d>
<lng>en</lng>
</TagText>
</HTMLTagInfos>
<HTMLTagTitle>&#x3C;br&#x3E;</HTMLTagTitle>
<Mode>0</Mode>
<ScriptLanguage></ScriptLanguage>
<ShortCut>8205</ShortCut>
<Steno></Steno>
</HTMLTag>
<HTMLTag><Filename></Filename>
<HTMLTagBegin>&#x3C;hr&#x3E;</HTMLTagBegin>
<HTMLTagEnd></HTMLTagEnd>
<HTMLTagInfos><TagText><c></c>
<d>Horizontal line</d>
<lng>en</lng>
</TagText>
<TagText><c></c>
<d>Horizontale Linie</d>
<lng>de</lng>
</TagText>
</HTMLTagInfos>
<HTMLTagTitle>&#x3C;hr&#x3E;</HTMLTagTitle>
<Mode>0</Mode>
<ScriptLanguage></ScriptLanguage>
<ShortCut>0</ShortCut>
<Steno></Steno>
</HTMLTag>
<HTMLTag><Filename></Filename>
<HTMLTagBegin>&#x3C;nobr&#x3E;</HTMLTagBegin>
<HTMLTagEnd>&#x3C;/nobr&#x3E;</HTMLTagEnd>
<HTMLTagInfos><TagText><c></c>
<d>Definiert einen Bereich ohne automatischen Zeilenumbruch</d>
<lng>de</lng>
</TagText>
<TagText><c></c>
<d>area without autmatic linebreaks</d>
<lng>en</lng>
</TagText>
</HTMLTagInfos>
<HTMLTagTitle>&#x3C;nobr&#x3E;&#x3C;/nobr&#x3E;</HTMLTagTitle>
<Mode>0</Mode>
<ScriptLanguage></ScriptLanguage>
<ShortCut>0</ShortCut>
<Steno></Steno>
</HTMLTag>
<HTMLTag><Filename></Filename>
<HTMLTagBegin>&#x3C;wbr&#x3E;</HTMLTagBegin>
<HTMLTagEnd>&#x3C;/wbr&#x3E;</HTMLTagEnd>
<HTMLTagInfos><TagText><c></c>
<d>M&#xF6;glicher Zeilenumbruch innerhalb eine &#x3C;nobr&#x3E;-Bereiches</d>
<lng>de</lng>
</TagText>
<TagText><c></c>
<d>pissible linebreak inside a &#x3C;nobr&#x3E; area</d>
<lng>en</lng>
</TagText>
</HTMLTagInfos>
<HTMLTagTitle>&#x3C;wbr&#x3E;&#x3C;/wbr&#x3E;</HTMLTagTitle>
<Mode>0</Mode>
<ScriptLanguage></ScriptLanguage>
<ShortCut>0</ShortCut>
<Steno></Steno>
</HTMLTag>
<HTMLTag><Filename></Filename>
<HTMLTagBegin>&#x3C;center&#x3E;</HTMLTagBegin>
<HTMLTagEnd>&#x3C;/center&#x3E;</HTMLTagEnd>
<HTMLTagInfos><TagText><c></c>
<d>Zentrierter Bereich. Achtung ab HTML 4.0 mi&#xDF;billigt.</d>
<lng>de</lng>
</TagText>
<TagText><c></c>
<d>center content - deprecated</d>
<lng>en</lng>
</TagText>
</HTMLTagInfos>
<HTMLTagTitle>&#x3C;center&#x3E;&#x3C;/center&#x3E;</HTMLTagTitle>
<Mode>0</Mode>
<ScriptLanguage></ScriptLanguage>
<ShortCut>0</ShortCut>
<Steno></Steno>
</HTMLTag>
</HTMLTags>
<PageInfos><TagText><c>Struktur / Ausrichtung</c>
<d></d>
<lng>de</lng>
</TagText>
<TagText><c>Structure / alignment</c>
<d></d>
<lng>en</lng>
</TagText>
</PageInfos>
</HTMLPage>
<HTMLPage><HTMLTags><HTMLTag><Filename></Filename>
<HTMLTagBegin>&#x3C;b&#x3E;</HTMLTagBegin>
<HTMLTagEnd>&#x3C;/b&#x3E;</HTMLTagEnd>
<HTMLTagInfos><TagText><c></c>
<d>Fette Schrift</d>
<lng>de</lng>
</TagText>
<TagText><c></c>
<d>Bold font</d>
<lng>en</lng>
</TagText>
</HTMLTagInfos>
<HTMLTagTitle>&#x3C;b&#x3E;&#x3C;/b&#x3E;</HTMLTagTitle>
<Mode>0</Mode>
<ScriptLanguage></ScriptLanguage>
<ShortCut>24642</ShortCut>
<Steno></Steno>
</HTMLTag>
<HTMLTag><Filename></Filename>
<HTMLTagBegin>&#x3C;i&#x3E;</HTMLTagBegin>
<HTMLTagEnd>&#x3C;/i&#x3E;</HTMLTagEnd>
<HTMLTagInfos><TagText><c></c>
<d>Kursive Schrift</d>
<lng>de</lng>
</TagText>
<TagText><c></c>
<d>Italic font</d>
<lng>en</lng>
</TagText>
</HTMLTagInfos>
<HTMLTagTitle>&#x3C;i&#x3E;&#x3C;/i&#x3E;</HTMLTagTitle>
<Mode>0</Mode>
<ScriptLanguage></ScriptLanguage>
<ShortCut>24649</ShortCut>
<Steno></Steno>
</HTMLTag>
<HTMLTag><Filename></Filename>
<HTMLTagBegin>&#x3C;big&#x3E;</HTMLTagBegin>
<HTMLTagEnd>&#x3C;/big&#x3E;</HTMLTagEnd>
<HTMLTagInfos><TagText><c></c>
<d>Gr&#xF6;&#xDF;ere Schrift</d>
<lng>de</lng>
</TagText>
<TagText><c></c>
<d>Bigger font</d>
<lng>en</lng>
</TagText>
</HTMLTagInfos>
<HTMLTagTitle>&#x3C;big&#x3E;&#x3C;/big&#x3E;</HTMLTagTitle>
<Mode>0</Mode>
<ScriptLanguage></ScriptLanguage>
<ShortCut>0</ShortCut>
<Steno></Steno>
</HTMLTag>
<HTMLTag><Filename></Filename>
<HTMLTagBegin>&#x3C;small&#x3E;</HTMLTagBegin>
<HTMLTagEnd>&#x3C;/small&#x3E;</HTMLTagEnd>
<HTMLTagInfos><TagText><c></c>
<d>Kleinere Schrift</d>
<lng>de</lng>
</TagText>
<TagText><c></c>
<d>Smaller font</d>
<lng>en</lng>
</TagText>
</HTMLTagInfos>
<HTMLTagTitle>&#x3C;small&#x3E;&#x3C;/small&#x3E;</HTMLTagTitle>
<Mode>0</Mode>
<ScriptLanguage></ScriptLanguage>
<ShortCut>0</ShortCut>
<Steno></Steno>
</HTMLTag>
<HTMLTag><Filename></Filename>
<HTMLTagBegin>&#x3C;s&#x3E;</HTMLTagBegin>
<HTMLTagEnd>&#x3C;/s&#x3E;</HTMLTagEnd>
<HTMLTagInfos><TagText><c></c>
<d>Durchgestrichener Text</d>
<lng>de</lng>
</TagText>
<TagText><c></c>
<d>Striked font</d>
<lng>en</lng>
</TagText>
</HTMLTagInfos>
<HTMLTagTitle>&#x3C;s&#x3E;&#x3C;/s&#x3E;</HTMLTagTitle>
<Mode>0</Mode>
<ScriptLanguage></ScriptLanguage>
<ShortCut>0</ShortCut>
<Steno></Steno>
</HTMLTag>
<HTMLTag><Filename></Filename>
<HTMLTagBegin>&#x3C;strike&#x3E;</HTMLTagBegin>
<HTMLTagEnd>&#x3C;/strike&#x3E;</HTMLTagEnd>
<HTMLTagInfos><TagText><c></c>
<d>Durchgestrichener Text</d>
<lng>de</lng>
</TagText>
<TagText><c></c>
<d>Striked font</d>
<lng>en</lng>
</TagText>
</HTMLTagInfos>
<HTMLTagTitle>&#x3C;strike&#x3E;&#x3C;/strike&#x3E;</HTMLTagTitle>
<Mode>0</Mode>
<ScriptLanguage></ScriptLanguage>
<ShortCut>0</ShortCut>
<Steno></Steno>
</HTMLTag>
<HTMLTag><Filename></Filename>
<HTMLTagBegin>&#x3C;sub&#x3E;</HTMLTagBegin>
<HTMLTagEnd>&#x3C;/sub&#x3E;</HTMLTagEnd>
<HTMLTagInfos><TagText><c></c>
<d>Tiefgestellt</d>
<lng>de</lng>
</TagText>
<TagText><c></c>
<d>lowered text</d>
<lng>en</lng>
</TagText>
</HTMLTagInfos>
<HTMLTagTitle>&#x3C;sub&#x3E;&#x3C;/sub&#x3E;</HTMLTagTitle>
<Mode>0</Mode>
<ScriptLanguage></ScriptLanguage>
<ShortCut>0</ShortCut>
<Steno></Steno>
</HTMLTag>
<HTMLTag><Filename></Filename>
<HTMLTagBegin>&#x3C;sup&#x3E;</HTMLTagBegin>
<HTMLTagEnd>&#x3C;/sup&#x3E;</HTMLTagEnd>
<HTMLTagInfos><TagText><c></c>
<d>Hochgestellt</d>
<lng>de</lng>
</TagText>
<TagText><c></c>
<d>raised text</d>
<lng>en</lng>
</TagText>
</HTMLTagInfos>
<HTMLTagTitle>&#x3C;sup&#x3E;&#x3C;/sup&#x3E;</HTMLTagTitle>
<Mode>0</Mode>
<ScriptLanguage></ScriptLanguage>
<ShortCut>0</ShortCut>
<Steno></Steno>
</HTMLTag>
<HTMLTag><Filename></Filename>
<HTMLTagBegin>&#x3C;h1&#x3E;</HTMLTagBegin>
<HTMLTagEnd>&#x3C;/h1&#x3E;</HTMLTagEnd>
<HTMLTagInfos><TagText><c></c>
<d>Sehr gro&#xDF;e &#xDC;berschrift</d>
<lng>de</lng>
</TagText>
<TagText><c></c>
<d>Very big header</d>
<lng>en</lng>
</TagText>
</HTMLTagInfos>
<HTMLTagTitle>&#x3C;h1&#x3E;&#x3C;/h1&#x3E;</HTMLTagTitle>
<Mode>0</Mode>
<ScriptLanguage></ScriptLanguage>
<ShortCut>0</ShortCut>
<Steno></Steno>
</HTMLTag>
<HTMLTag><Filename></Filename>
<HTMLTagBegin>&#x3C;h2&#x3E;</HTMLTagBegin>
<HTMLTagEnd>&#x3C;/h2&#x3E;</HTMLTagEnd>
<HTMLTagInfos><TagText><c></c>
<d>Gr&#xF6;&#xDF;ere &#xDC;berschrift</d>
<lng>de</lng>
</TagText>
<TagText><c></c>
<d>Bigger header</d>
<lng>en</lng>
</TagText>
</HTMLTagInfos>
<HTMLTagTitle>&#x3C;h2&#x3E;&#x3C;/h2&#x3E;</HTMLTagTitle>
<Mode>0</Mode>
<ScriptLanguage></ScriptLanguage>
<ShortCut>0</ShortCut>
<Steno></Steno>
</HTMLTag>
<HTMLTag><Filename></Filename>
<HTMLTagBegin>&#x3C;h3&#x3E;</HTMLTagBegin>
<HTMLTagEnd>&#x3C;/h3&#x3E;</HTMLTagEnd>
<HTMLTagInfos><TagText><c></c>
<d>&#xDC;berschrift</d>
<lng>de</lng>
</TagText>
<TagText><c></c>
<d>Header</d>
<lng>en</lng>
</TagText>
</HTMLTagInfos>
<HTMLTagTitle>&#x3C;h3&#x3E;&#x3C;/h3&#x3E;</HTMLTagTitle>
<Mode>0</Mode>
<ScriptLanguage></ScriptLanguage>
<ShortCut>0</ShortCut>
<Steno></Steno>
</HTMLTag>
<HTMLTag><Filename></Filename>
<HTMLTagBegin>&#x3C;h4&#x3E;</HTMLTagBegin>
<HTMLTagEnd>&#x3C;/h4&#x3E;</HTMLTagEnd>
<HTMLTagInfos><TagText><c></c>
<d>Kleinere &#xDC;berschrift</d>
<lng>de</lng>
</TagText>
<TagText><c></c>
<d>Smaller header</d>
<lng>en</lng>
</TagText>
</HTMLTagInfos>
<HTMLTagTitle>&#x3C;h4&#x3E;&#x3C;/h4&#x3E;</HTMLTagTitle>
<Mode>0</Mode>
<ScriptLanguage></ScriptLanguage>
<ShortCut>0</ShortCut>
<Steno></Steno>
</HTMLTag>
<HTMLTag><Filename></Filename>
<HTMLTagBegin>&#x3C;h5&#x3E;</HTMLTagBegin>
<HTMLTagEnd>&#x3C;/h5&#x3E;</HTMLTagEnd>
<HTMLTagInfos><TagText><c></c>
<d>Kleine &#xDC;berschrift</d>
<lng>de</lng>
</TagText>
<TagText><c></c>
<d>Small header</d>
<lng>en</lng>
</TagText>
</HTMLTagInfos>
<HTMLTagTitle>&#x3C;h5&#x3E;&#x3C;/h5&#x3E;</HTMLTagTitle>
<Mode>0</Mode>
<ScriptLanguage></ScriptLanguage>
<ShortCut>0</ShortCut>
<Steno></Steno>
</HTMLTag>
<HTMLTag><Filename></Filename>
<HTMLTagBegin>&#x3C;h6&#x3E;</HTMLTagBegin>
<HTMLTagEnd>&#x3C;/h6&#x3E;</HTMLTagEnd>
<HTMLTagInfos><TagText><c></c>
<d>Sehr kleine &#xDC;berschrift</d>
<lng>de</lng>
</TagText>
<TagText><c></c>
<d>Very small header</d>
<lng>en</lng>
</TagText>
</HTMLTagInfos>
<HTMLTagTitle>&#x3C;h6&#x3E;&#x3C;/h6&#x3E;</HTMLTagTitle>
<Mode>0</Mode>
<ScriptLanguage></ScriptLanguage>
<ShortCut>0</ShortCut>
<Steno></Steno>
</HTMLTag>
<HTMLTag><Filename></Filename>
<HTMLTagBegin>&#x3C;tt&#x3E;</HTMLTagBegin>
<HTMLTagEnd>&#x3C;/tt&#x3E;</HTMLTagEnd>
<HTMLTagInfos><TagText><c></c>
<d>TeleType - Schreibmaschinenschrift</d>
<lng>de</lng>
</TagText>
<TagText><c></c>
<d>Teletype - typewriter font</d>
<lng>en</lng>
</TagText>
</HTMLTagInfos>
<HTMLTagTitle>&#x3C;tt&#x3E;&#x3C;/tt&#x3E;</HTMLTagTitle>
<Mode>0</Mode>
<ScriptLanguage></ScriptLanguage>
<ShortCut>0</ShortCut>
<Steno></Steno>
</HTMLTag>
<HTMLTag><Filename></Filename>
<HTMLTagBegin>&#x3C;basefont&#x3E;</HTMLTagBegin>
<HTMLTagEnd></HTMLTagEnd>
<HTMLTagInfos><TagText><c></c>
<d>Basisschriftart, -farbe und -gr&#xF6;&#xDF;e &#x28;in HTML 4 mi&#xDF;billigt&#x29;</d>
<lng>de</lng>
</TagText>
<TagText><c></c>
<d>Base font face, font color and font size</d>
<lng>en</lng>
</TagText>
</HTMLTagInfos>
<HTMLTagTitle>&#x3C;basefont&#x3E;</HTMLTagTitle>
<Mode>0</Mode>
<ScriptLanguage></ScriptLanguage>
<ShortCut>0</ShortCut>
<Steno></Steno>
</HTMLTag>
<HTMLTag><Filename></Filename>
<HTMLTagBegin>&#x3C;font&#x3E;</HTMLTagBegin>
<HTMLTagEnd>&#x3C;/font&#x3E;</HTMLTagEnd>
<HTMLTagInfos><TagText><c></c>
<d>Schriftart, -gr&#xF6;&#xDF;e oder -farbe &#xE4;ndern.</d>
<lng>de</lng>
</TagText>
<TagText><c></c>
<d>Change font face, size and color</d>
<lng>en</lng>
</TagText>
</HTMLTagInfos>
<HTMLTagTitle>&#x3C;font&#x3E;&#x3C;/font&#x3E;</HTMLTagTitle>
<Mode>0</Mode>
<ScriptLanguage></ScriptLanguage>
<ShortCut>0</ShortCut>
<Steno></Steno>
</HTMLTag>
</HTMLTags>
<PageInfos><TagText><c>Schriftart</c>
<d></d>
<lng>de</lng>
</TagText>
<TagText><c>Font formatting</c>
<d></d>
<lng>en</lng>
</TagText>
</PageInfos>
</HTMLPage>
<HTMLPage><HTMLTags><HTMLTag><Filename></Filename>
<HTMLTagBegin>&#x3C;acronym&#x3E;</HTMLTagBegin>
<HTMLTagEnd>&#x3C;/acronym&#x3E;</HTMLTagEnd>
<HTMLTagInfos><TagText><c></c>
<d>Acronym</d>
<lng>de</lng>
</TagText>
<TagText><c></c>
<d>Acronym</d>
<lng>en</lng>
</TagText>
</HTMLTagInfos>
<HTMLTagTitle>&#x3C;acronym&#x3E;&#x3C;/a...&#x3E;</HTMLTagTitle>
<Mode>0</Mode>
<ScriptLanguage></ScriptLanguage>
<ShortCut>0</ShortCut>
<Steno></Steno>
</HTMLTag>
<HTMLTag><Filename></Filename>
<HTMLTagBegin>&#x3C;address&#x3E;</HTMLTagBegin>
<HTMLTagEnd>&#x3C;/address&#x3E;</HTMLTagEnd>
<HTMLTagInfos><TagText><c></c>
<d>Adresse</d>
<lng>de</lng>
</TagText>
<TagText><c></c>
<d>Address</d>
<lng>en</lng>
</TagText>
</HTMLTagInfos>
<HTMLTagTitle>&#x3C;address&#x3E;&#x3C;/a...&#x3E;</HTMLTagTitle>
<Mode>0</Mode>
<ScriptLanguage></ScriptLanguage>
<ShortCut>0</ShortCut>
<Steno></Steno>
</HTMLTag>
<HTMLTag><Filename></Filename>
<HTMLTagBegin>&#x3C;blockquote&#x3E;</HTMLTagBegin>
<HTMLTagEnd>&#x3C;blockquote&#x3E;</HTMLTagEnd>
<HTMLTagInfos><TagText><c></c>
<d>Zitat</d>
<lng>de</lng>
</TagText>
<TagText><c></c>
<d>Quotation block</d>
<lng>en</lng>
</TagText>
</HTMLTagInfos>
<HTMLTagTitle>&#x3C;blockquote&#x3E;&#x3C;/b...&#x3E;</HTMLTagTitle>
<Mode>0</Mode>
<ScriptLanguage></ScriptLanguage>
<ShortCut>0</ShortCut>
<Steno></Steno>
</HTMLTag>
<HTMLTag><Filename></Filename>
<HTMLTagBegin>&#x3C;cite&#x3E;</HTMLTagBegin>
<HTMLTagEnd>&#x3C;/cite&#x3E;</HTMLTagEnd>
<HTMLTagInfos><TagText><c></c>
<d>Literaturauszug</d>
<lng>de</lng>
</TagText>
<TagText><c></c>
<d>Citation</d>
<lng>en</lng>
</TagText>
</HTMLTagInfos>
<HTMLTagTitle>&#x3C;cite&#x3E;&#x3C;/cite&#x3E;</HTMLTagTitle>
<Mode>0</Mode>
<ScriptLanguage></ScriptLanguage>
<ShortCut>0</ShortCut>
<Steno></Steno>
</HTMLTag>
<HTMLTag><Filename></Filename>
<HTMLTagBegin>&#x3C;code&#x3E;</HTMLTagBegin>
<HTMLTagEnd>&#x3C;/code&#x3E;</HTMLTagEnd>
<HTMLTagInfos><TagText><c></c>
<d>Programmcode</d>
<lng>de</lng>
</TagText>
<TagText><c></c>
<d>Program source code</d>
<lng>en</lng>
</TagText>
</HTMLTagInfos>
<HTMLTagTitle>&#x3C;code&#x3E;&#x3C;/code&#x3E;</HTMLTagTitle>
<Mode>0</Mode>
<ScriptLanguage></ScriptLanguage>
<ShortCut>0</ShortCut>
<Steno></Steno>
</HTMLTag>
<HTMLTag><Filename></Filename>
<HTMLTagBegin>&#x3C;del&#x3E;</HTMLTagBegin>
<HTMLTagEnd>&#x3C;/del&#x3E;</HTMLTagEnd>
<HTMLTagInfos><TagText><c></c>
<d>gel&#xF6;schter Text</d>
<lng>de</lng>
</TagText>
<TagText><c></c>
<d>Deleted text</d>
<lng>en</lng>
</TagText>
</HTMLTagInfos>
<HTMLTagTitle>&#x3C;del&#x3E;&#x3C;/del&#x3E;</HTMLTagTitle>
<Mode>0</Mode>
<ScriptLanguage></ScriptLanguage>
<ShortCut>0</ShortCut>
<Steno></Steno>
</HTMLTag>
<HTMLTag><Filename></Filename>
<HTMLTagBegin>&#x3C;em&#x3E;</HTMLTagBegin>
<HTMLTagEnd>&#x3C;/em&#x3E;</HTMLTagEnd>
<HTMLTagInfos><TagText><c></c>
<d>Hervorhebung</d>
<lng>de</lng>
</TagText>
<TagText><c></c>
<d>Emphased text</d>
<lng>en</lng>
</TagText>
</HTMLTagInfos>
<HTMLTagTitle>&#x3C;em&#x3E;&#x3C;/em&#x3E;</HTMLTagTitle>
<Mode>0</Mode>
<ScriptLanguage></ScriptLanguage>
<ShortCut>0</ShortCut>
<Steno></Steno>
</HTMLTag>
<HTMLTag><Filename></Filename>
<HTMLTagBegin>&#x3C;ins&#x3E;</HTMLTagBegin>
<HTMLTagEnd>&#x3C;/ins&#x3E;</HTMLTagEnd>
<HTMLTagInfos><TagText><c></c>
<d>Eingef&#xFC;gter Text</d>
<lng>de</lng>
</TagText>
<TagText><c></c>
<d>Inserted text</d>
<lng>en</lng>
</TagText>
</HTMLTagInfos>
<HTMLTagTitle>&#x3C;ins&#x3E;&#x3C;/ins&#x3E;</HTMLTagTitle>
<Mode>0</Mode>
<ScriptLanguage></ScriptLanguage>
<ShortCut>0</ShortCut>
<Steno></Steno>
</HTMLTag>
<HTMLTag><Filename></Filename>
<HTMLTagBegin>&#x3C;pre&#x3E;</HTMLTagBegin>
<HTMLTagEnd>&#x3C;/pre&#x3E;</HTMLTagEnd>
<HTMLTagInfos><TagText><c></c>
<d>Vorformatierter Text wird mit den Zeilenumbr&#xFC;chen und Leerzeichen im Quellcode ausgegeben.</d>
<lng>de</lng>
</TagText>
<TagText><c></c>
<d>Preformatted text - linebreaks and spaces are visible on page</d>
<lng>en</lng>
</TagText>
</HTMLTagInfos>
<HTMLTagTitle>&#x3C;pre&#x3E;&#x3C;/pre&#x3E;</HTMLTagTitle>
<Mode>0</Mode>
<ScriptLanguage></ScriptLanguage>
<ShortCut>0</ShortCut>
<Steno></Steno>
</HTMLTag>
<HTMLTag><Filename></Filename>
<HTMLTagBegin>&#x3C;strong&#x3E;</HTMLTagBegin>
<HTMLTagEnd>&#x3C;/strong&#x3E;</HTMLTagEnd>
<HTMLTagInfos><TagText><c></c>
<d>St&#xE4;rkere Schrift &#x28;meist fett&#x29;</d>
<lng>de</lng>
</TagText>
<TagText><c></c>
<d>Strong font &#x28;often bold&#x29;</d>
<lng>en</lng>
</TagText>
</HTMLTagInfos>
<HTMLTagTitle>&#x3C;strong&#x3E;&#x3C;/strong&#x3E;</HTMLTagTitle>
<Mode>0</Mode>
<ScriptLanguage></ScriptLanguage>
<ShortCut>0</ShortCut>
<Steno></Steno>
</HTMLTag>
</HTMLTags>
<PageInfos><TagText><c>Schrifttyp</c>
<d>Logische Schriftformatierungen</d>
<lng>de</lng>
</TagText>
<TagText><c>Font type</c>
<d>Logical font formatting</d>
<lng>en</lng>
</TagText>
</PageInfos>
</HTMLPage>
<HTMLPage><HTMLTags><HTMLTag><Filename></Filename>
<HTMLTagBegin>&#x3C;table&#x3E;</HTMLTagBegin>
<HTMLTagEnd>&#x3C;/table&#x3E;</HTMLTagEnd>
<HTMLTagInfos><TagText><c></c>
<d>Tabelle</d>
<lng>de</lng>
</TagText>
<TagText><c></c>
<d>table</d>
<lng>en</lng>
</TagText>
</HTMLTagInfos>
<HTMLTagTitle>&#x3C;table&#x3E;&#x3C;/table&#x3E;</HTMLTagTitle>
<Mode>0</Mode>
<ScriptLanguage></ScriptLanguage>
<ShortCut>24660</ShortCut>
<Steno></Steno>
</HTMLTag>
<HTMLTag><Filename></Filename>
<HTMLTagBegin>&#x3C;tr&#x3E;</HTMLTagBegin>
<HTMLTagEnd>&#x3C;/tr&#x3E;</HTMLTagEnd>
<HTMLTagInfos><TagText><c></c>
<d>Tabellenzeile</d>
<lng>de</lng>
</TagText>
<TagText><c></c>
<d>table row</d>
<lng>en</lng>
</TagText>
</HTMLTagInfos>
<HTMLTagTitle>&#x3C;tr&#x3E;&#x3C;/tr&#x3E;</HTMLTagTitle>
<Mode>0</Mode>
<ScriptLanguage></ScriptLanguage>
<ShortCut>0</ShortCut>
<Steno></Steno>
</HTMLTag>
<HTMLTag><Filename></Filename>
<HTMLTagBegin>&#x3C;th&#x3E;</HTMLTagBegin>
<HTMLTagEnd>&#x3C;/th&#x3E;</HTMLTagEnd>
<HTMLTagInfos><TagText><c></c>
<d>Kopfzelle</d>
<lng>de</lng>
</TagText>
<TagText><c></c>
<d>table header cell</d>
<lng>en</lng>
</TagText>
</HTMLTagInfos>
<HTMLTagTitle>&#x3C;th&#x3E;&#x3C;/th&#x3E;</HTMLTagTitle>
<Mode>0</Mode>
<ScriptLanguage></ScriptLanguage>
<ShortCut>0</ShortCut>
<Steno></Steno>
</HTMLTag>
<HTMLTag><Filename></Filename>
<HTMLTagBegin>&#x3C;td&#x3E;</HTMLTagBegin>
<HTMLTagEnd>&#x3C;/td&#x3E;</HTMLTagEnd>
<HTMLTagInfos><TagText><c></c>
<d>Datenzelle</d>
<lng>de</lng>
</TagText>
<TagText><c></c>
<d>table data cell</d>
<lng>en</lng>
</TagText>
</HTMLTagInfos>
<HTMLTagTitle>&#x3C;td&#x3E;&#x3C;/td&#x3E;</HTMLTagTitle>
<Mode>0</Mode>
<ScriptLanguage></ScriptLanguage>
<ShortCut>0</ShortCut>
<Steno></Steno>
</HTMLTag>
<HTMLTag><Filename></Filename>
<HTMLTagBegin>&#x3C;thead&#x3E;</HTMLTagBegin>
<HTMLTagEnd>&#x3C;/thead&#x3E;</HTMLTagEnd>
<HTMLTagInfos><TagText><c></c>
<d>Tabellenkopf</d>
<lng>de</lng>
</TagText>
<TagText><c></c>
<d>table header</d>
<lng>en</lng>
</TagText>
</HTMLTagInfos>
<HTMLTagTitle>&#x3C;thead&#x3E;&#x3C;/thead&#x3E;</HTMLTagTitle>
<Mode>0</Mode>
<ScriptLanguage></ScriptLanguage>
<ShortCut>0</ShortCut>
<Steno></Steno>
</HTMLTag>
<HTMLTag><Filename></Filename>
<HTMLTagBegin>&#x3C;tfoot&#x3E;</HTMLTagBegin>
<HTMLTagEnd>&#x3C;/tfoot&#x3E;</HTMLTagEnd>
<HTMLTagInfos><TagText><c></c>
<d>Tabellenfu&#xDF;</d>
<lng>de</lng>
</TagText>
<TagText><c></c>
<d>table footer</d>
<lng>en</lng>
</TagText>
</HTMLTagInfos>
<HTMLTagTitle>&#x3C;tfoot&#x3E;&#x3C;/tfoot&#x3E;</HTMLTagTitle>
<Mode>0</Mode>
<ScriptLanguage></ScriptLanguage>
<ShortCut>0</ShortCut>
<Steno></Steno>
</HTMLTag>
<HTMLTag><Filename></Filename>
<HTMLTagBegin>&#x3C;tbody&#x3E;</HTMLTagBegin>
<HTMLTagEnd>&#x3C;/tbody&#x3E;</HTMLTagEnd>
<HTMLTagInfos><TagText><c></c>
<d>Tabellenk&#xF6;rper</d>
<lng>de</lng>
</TagText>
<TagText><c></c>
<d>table body</d>
<lng>en</lng>
</TagText>
</HTMLTagInfos>
<HTMLTagTitle>&#x3C;tbody&#x3E;&#x3C;/tbody&#x3E;</HTMLTagTitle>
<Mode>0</Mode>
<ScriptLanguage></ScriptLanguage>
<ShortCut>0</ShortCut>
<Steno></Steno>
</HTMLTag>
<HTMLTag><Filename></Filename>
<HTMLTagBegin>&#x3C;caption&#x3E;</HTMLTagBegin>
<HTMLTagEnd>&#x3C;/caption&#x3E;</HTMLTagEnd>
<HTMLTagInfos><TagText><c></c>
<d>Tabellen&#xFC;berschrift</d>
<lng>de</lng>
</TagText>
<TagText><c></c>
<d>table caption/subtitle</d>
<lng>en</lng>
</TagText>
</HTMLTagInfos>
<HTMLTagTitle>&#x3C;caption&#x3E;&#x3C;/caption&#x3E;</HTMLTagTitle>
<Mode>0</Mode>
<ScriptLanguage></ScriptLanguage>
<ShortCut>0</ShortCut>
<Steno></Steno>
</HTMLTag>
<HTMLTag><Filename></Filename>
<HTMLTagBegin>&#x3C;colgroup&#x3E;</HTMLTagBegin>
<HTMLTagEnd>&#x3C;/colgroup&#x3E;</HTMLTagEnd>
<HTMLTagInfos><TagText><c></c>
<d>Spaltengruppe</d>
<lng>de</lng>
</TagText>
<TagText><c></c>
<d>column group</d>
<lng>en</lng>
</TagText>
</HTMLTagInfos>
<HTMLTagTitle>&#x3C;colgroup&#x3E;&#x3C;/colgroup&#x3E;</HTMLTagTitle>
<Mode>0</Mode>
<ScriptLanguage></ScriptLanguage>
<ShortCut>0</ShortCut>
<Steno></Steno>
</HTMLTag>
<HTMLTag><Filename></Filename>
<HTMLTagBegin>&#x3C;col&#x3E;</HTMLTagBegin>
<HTMLTagEnd></HTMLTagEnd>
<HTMLTagInfos><TagText><c></c>
<d>Spalte &#x28;f&#xFC;r Formatdefinitionen&#x29;</d>
<lng>de</lng>
</TagText>
<TagText><c></c>
<d>column &#x28;for format definition&#x29;</d>
<lng>en</lng>
</TagText>
</HTMLTagInfos>
<HTMLTagTitle>&#x3C;col&#x3E;</HTMLTagTitle>
<Mode>0</Mode>
<ScriptLanguage></ScriptLanguage>
<ShortCut>0</ShortCut>
<Steno></Steno>
</HTMLTag>
</HTMLTags>
<PageInfos><TagText><c>Tabellen</c>
<d></d>
<lng>de</lng>
</TagText>
<TagText><c>Tables</c>
<d>Table tags</d>
<lng>en</lng>
</TagText>
</PageInfos>
</HTMLPage>
<HTMLPage><HTMLTags><HTMLTag><Filename></Filename>
<HTMLTagBegin>&#x3C;form action=&#x22;&#x22; method=&#x22;POST&#x22;&#x3E;</HTMLTagBegin>
<HTMLTagEnd>&#x3C;/form&#x3E;</HTMLTagEnd>
<HTMLTagInfos><TagText><c></c>
<d>Formular</d>
<lng>de</lng>
</TagText>
<TagText><c></c>
<d>Form</d>
<lng>en</lng>
</TagText>
</HTMLTagInfos>
<HTMLTagTitle>&#x3C;form&#x3E;&#x3C;/form&#x3E;</HTMLTagTitle>
<Mode>0</Mode>
<ScriptLanguage></ScriptLanguage>
<ShortCut>0</ShortCut>
<Steno></Steno>
</HTMLTag>
<HTMLTag><Filename></Filename>
<HTMLTagBegin>&#x3C;input&#x3E;</HTMLTagBegin>
<HTMLTagEnd></HTMLTagEnd>
<HTMLTagInfos><TagText><c></c>
<d>allgemeines Eingabefeld</d>
<lng>de</lng>
</TagText>
<TagText><c></c>
<d>generic input field</d>
<lng>en</lng>
</TagText>
</HTMLTagInfos>
<HTMLTagTitle>&#x3C;input&#x3E;</HTMLTagTitle>
<Mode>0</Mode>
<ScriptLanguage></ScriptLanguage>
<ShortCut>0</ShortCut>
<Steno></Steno>
</HTMLTag>
<HTMLTag><Filename></Filename>
<HTMLTagBegin>&#x3C;input type=&#x22;text&#x22;&#x3E;</HTMLTagBegin>
<HTMLTagEnd></HTMLTagEnd>
<HTMLTagInfos><TagText><c></c>
<d>Einzeiliges Texteingabefeld</d>
<lng>de</lng>
</TagText>
<TagText><c></c>
<d>single line text input</d>
<lng>en</lng>
</TagText>
</HTMLTagInfos>
<HTMLTagTitle>Textfeld</HTMLTagTitle>
<Mode>0</Mode>
<ScriptLanguage></ScriptLanguage>
<ShortCut>0</ShortCut>
<Steno></Steno>
</HTMLTag>
<HTMLTag><Filename></Filename>
<HTMLTagBegin>&#x3C;input type=&#x22;password&#x22;&#x3E;</HTMLTagBegin>
<HTMLTagEnd></HTMLTagEnd>
<HTMLTagInfos><TagText><c></c>
<d>Einzeiliges Texteingabefeld - die eingegebenen Zeichen werden maskiert &#x28;zB &#x2A;&#x29; dargestellt</d>
<lng>de</lng>
</TagText>
<TagText><c></c>
<d>single line password input</d>
<lng>en</lng>
</TagText>
</HTMLTagInfos>
<HTMLTagTitle>Passwort</HTMLTagTitle>
<Mode>0</Mode>
<ScriptLanguage></ScriptLanguage>
<ShortCut>0</ShortCut>
<Steno></Steno>
</HTMLTag>
<HTMLTag><Filename></Filename>
<HTMLTagBegin>&#x3C;input type=&#x22;radio&#x22;&#x3E;</HTMLTagBegin>
<HTMLTagEnd></HTMLTagEnd>
<HTMLTagInfos><TagText><c>Radiobutton</c>
<d>Radiobutton Mehrere mit dem selben Namen ergeben eine Radiogroup.</d>
<lng>de</lng>
</TagText>
<TagText><c>Radio Button</c>
<d>radio button</d>
<lng>en</lng>
</TagText>
</HTMLTagInfos>
<HTMLTagTitle>Radio button</HTMLTagTitle>
<Mode>0</Mode>
<ScriptLanguage></ScriptLanguage>
<ShortCut>0</ShortCut>
<Steno></Steno>
</HTMLTag>
<HTMLTag><Filename></Filename>
<HTMLTagBegin>&#x3C;input type=&#x22;checkbox&#x22;&#x3E;</HTMLTagBegin>
<HTMLTagEnd></HTMLTagEnd>
<HTMLTagInfos><TagText><c></c>
<d>Checkbox</d>
<lng>de</lng>
</TagText>
<TagText><c></c>
<d>Checkbox</d>
<lng>en</lng>
</TagText>
</HTMLTagInfos>
<HTMLTagTitle>Checkbox</HTMLTagTitle>
<Mode>0</Mode>
<ScriptLanguage></ScriptLanguage>
<ShortCut>0</ShortCut>
<Steno></Steno>
</HTMLTag>
<HTMLTag><Filename></Filename>
<HTMLTagBegin>&#x3C;input type=&#x22;submit&#x22;&#x3E;</HTMLTagBegin>
<HTMLTagEnd></HTMLTagEnd>
<HTMLTagInfos><TagText><c></c>
<d>Submit Button - l&#xF6;st die Formular-Aktion aus.</d>
<lng>de</lng>
</TagText>
<TagText><c></c>
<d>Submit button - sends the form</d>
<lng>en</lng>
</TagText>
</HTMLTagInfos>
<HTMLTagTitle>Submit</HTMLTagTitle>
<Mode>0</Mode>
<ScriptLanguage></ScriptLanguage>
<ShortCut>0</ShortCut>
<Steno></Steno>
</HTMLTag>
<HTMLTag><Filename></Filename>
<HTMLTagBegin>&#x3C;input type=&#x22;reset&#x22;&#x3E;</HTMLTagBegin>
<HTMLTagEnd></HTMLTagEnd>
<HTMLTagInfos><TagText><c></c>
<d>Button, welcher das Formular in den Ausganszustand versetzt.</d>
<lng>de</lng>
</TagText>
<TagText><c></c>
<d>Reset button - resets form the default state</d>
<lng>en</lng>
</TagText>
</HTMLTagInfos>
<HTMLTagTitle>Reset</HTMLTagTitle>
<Mode>0</Mode>
<ScriptLanguage></ScriptLanguage>
<ShortCut>0</ShortCut>
<Steno></Steno>
</HTMLTag>
<HTMLTag><Filename></Filename>
<HTMLTagBegin>&#x3C;input type=&#x22;image&#x22;&#x3E;</HTMLTagBegin>
<HTMLTagEnd></HTMLTagEnd>
<HTMLTagInfos><TagText><c>Bildbutton</c>
<d>Ein Bild als Button. Zus&#xE4;tzlich werden beim Anklicken die Koordinaten &#x28;x,y&#x29; &#xFC;bermittelt</d>
<lng>de</lng>
</TagText>
<TagText><c></c>
<d>Image button - sends form and adds mouse position &#x28;on itself&#x29; to form values</d>
<lng>en</lng>
</TagText>
</HTMLTagInfos>
<HTMLTagTitle>Image Button</HTMLTagTitle>
<Mode>0</Mode>
<ScriptLanguage></ScriptLanguage>
<ShortCut>0</ShortCut>
<Steno></Steno>
</HTMLTag>
<HTMLTag><Filename></Filename>
<HTMLTagBegin>&#x3C;input type=&#x22;hidden&#x22; name=&#x22;&#x22; value=&#x22;&#x22;&#x3E;</HTMLTagBegin>
<HTMLTagEnd></HTMLTagEnd>
<HTMLTagInfos><TagText><c></c>
<d>hidden form values</d>
<lng>en</lng>
</TagText>
<TagText><c>Verborgen</c>
<d>Verstecktes Eingabefeld f&#xFC;r voreingestellte Werte</d>
<lng>de</lng>
</TagText>
</HTMLTagInfos>
<HTMLTagTitle>Hidden</HTMLTagTitle>
<Mode>0</Mode>
<ScriptLanguage></ScriptLanguage>
<ShortCut>0</ShortCut>
<Steno></Steno>
</HTMLTag>
<HTMLTag><Filename></Filename>
<HTMLTagBegin>&#x3C;input type=&#x22;file&#x22;&#x3E;</HTMLTagBegin>
<HTMLTagEnd></HTMLTagEnd>
<HTMLTagInfos><TagText><c>Dateiauswahl</c>
<d>Eingabefeld mit Dateiauswahlbutton &#x28;&#xD6;ffnen-Dialog&#x29;</d>
<lng>de</lng>
</TagText>
<TagText><c></c>
<d>file select input</d>
<lng>en</lng>
</TagText>
</HTMLTagInfos>
<HTMLTagTitle>File Select</HTMLTagTitle>
<Mode>0</Mode>
<ScriptLanguage></ScriptLanguage>
<ShortCut>0</ShortCut>
<Steno></Steno>
</HTMLTag>
<HTMLTag><Filename></Filename>
<HTMLTagBegin>&#x3C;textarea&#x3E;</HTMLTagBegin>
<HTMLTagEnd>&#x3C;/textarea&#x3E;</HTMLTagEnd>
<HTMLTagInfos><TagText><c>Memofeld</c>
<d>Mehrzeilige Eingabefeld</d>
<lng>de</lng>
</TagText>
<TagText><c></c>
<d>multiline input</d>
<lng>en</lng>
</TagText>
</HTMLTagInfos>
<HTMLTagTitle>Memo</HTMLTagTitle>
<Mode>0</Mode>
<ScriptLanguage></ScriptLanguage>
<ShortCut>0</ShortCut>
<Steno></Steno>
</HTMLTag>
<HTMLTag><Filename></Filename>
<HTMLTagBegin>&#x3C;select&#x3E;</HTMLTagBegin>
<HTMLTagEnd>&#x3C;/select&#x3E;</HTMLTagEnd>
<HTMLTagInfos><TagText><c>Auswahlliste</c>
<d>Auswahlliste - Combobox, Listbox</d>
<lng>de</lng>
</TagText>
<TagText><c></c>
<d>combobox, listbox</d>
<lng>en</lng>
</TagText>
</HTMLTagInfos>
<HTMLTagTitle>select field</HTMLTagTitle>
<Mode>0</Mode>
<ScriptLanguage></ScriptLanguage>
<ShortCut>0</ShortCut>
<Steno></Steno>
</HTMLTag>
<HTMLTag><Filename></Filename>
<HTMLTagBegin>&#x3C;option&#x3E;</HTMLTagBegin>
<HTMLTagEnd>&#x3C;/option&#x3E;</HTMLTagEnd>
<HTMLTagInfos><TagText><c>Auswahloption</c>
<d>Eine Option der Auswahlliste</d>
<lng>de</lng>
</TagText>
<TagText><c></c>
<d>one option in a select field</d>
<lng>en</lng>
</TagText>
</HTMLTagInfos>
<HTMLTagTitle>select option</HTMLTagTitle>
<Mode>0</Mode>
<ScriptLanguage></ScriptLanguage>
<ShortCut>0</ShortCut>
<Steno></Steno>
</HTMLTag>
<HTMLTag><Filename></Filename>
<HTMLTagBegin>&#x3C;optgroup label=&#x22;&#x22;&#x3E;</HTMLTagBegin>
<HTMLTagEnd>&#x3C;/optgroup&#x3E;</HTMLTagEnd>
<HTMLTagInfos><TagText><c>Elementgruppe</c>
<d>Schachtelung einer Auswahlliste wie in einem Men&#xFC;. Wird weder von IE 4 noch von NN 4 unterst&#xFC;tzt.</d>
<lng>de</lng>
</TagText>
<TagText><c>element group</c>
<d>group option like in a menu</d>
<lng>en</lng>
</TagText>
</HTMLTagInfos>
<HTMLTagTitle>element group</HTMLTagTitle>
<Mode>0</Mode>
<ScriptLanguage></ScriptLanguage>
<ShortCut>0</ShortCut>
<Steno></Steno>
</HTMLTag>
</HTMLTags>
<PageInfos><TagText><c>Formulare</c>
<d></d>
<lng>de</lng>
</TagText>
<TagText><c>Forms</c>
<d>Form elements, input fields, buttons, ...</d>
<lng>en</lng>
</TagText>
</PageInfos>
</HTMLPage>
<HTMLPage><HTMLTags><HTMLTag><Filename></Filename>
<HTMLTagBegin>&#x3C;ul&#x3E;</HTMLTagBegin>
<HTMLTagEnd>&#x3C;/ul&#x3E;</HTMLTagEnd>
<HTMLTagInfos><TagText><c></c>
<d>ungeordnete Liste &#x28;Bulletliste&#x29;</d>
<lng>de</lng>
</TagText>
<TagText><c></c>
<d>Unordered list</d>
<lng>en</lng>
</TagText>
</HTMLTagInfos>
<HTMLTagTitle>&#x3C;ul&#x3E;&#x3C;/ul&#x3E;</HTMLTagTitle>
<Mode>0</Mode>
<ScriptLanguage></ScriptLanguage>
<ShortCut>0</ShortCut>
<Steno></Steno>
</HTMLTag>
<HTMLTag><Filename></Filename>
<HTMLTagBegin>&#x3C;ol&#x3E;</HTMLTagBegin>
<HTMLTagEnd>&#x3C;/ol&#x3E;</HTMLTagEnd>
<HTMLTagInfos><TagText><c></c>
<d>geordnete Liste &#x28;numerierte Liste&#x29;</d>
<lng>de</lng>
</TagText>
<TagText><c></c>
<d>ordered list</d>
<lng>en</lng>
</TagText>
</HTMLTagInfos>
<HTMLTagTitle>&#x3C;ol&#x3E;&#x3C;/ol&#x3E;</HTMLTagTitle>
<Mode>0</Mode>
<ScriptLanguage></ScriptLanguage>
<ShortCut>0</ShortCut>
<Steno></Steno>
</HTMLTag>
<HTMLTag><Filename></Filename>
<HTMLTagBegin>&#x3C;li&#x3E;</HTMLTagBegin>
<HTMLTagEnd>&#x3C;/li&#x3E;</HTMLTagEnd>
<HTMLTagInfos><TagText><c></c>
<d>Listenelement</d>
<lng>de</lng>
</TagText>
<TagText><c></c>
<d>list item</d>
<lng>en</lng>
</TagText>
</HTMLTagInfos>
<HTMLTagTitle>&#x3C;li&#x3E;&#x3C;/li&#x3E;</HTMLTagTitle>
<Mode>0</Mode>
<ScriptLanguage></ScriptLanguage>
<ShortCut>0</ShortCut>
<Steno></Steno>
</HTMLTag>
<HTMLTag><Filename></Filename>
<HTMLTagBegin>&#x3C;dl&#x3E;</HTMLTagBegin>
<HTMLTagEnd>&#x3C;/dl&#x3E;</HTMLTagEnd>
<HTMLTagInfos><TagText><c></c>
<d>Definitionliste</d>
<lng>de</lng>
</TagText>
<TagText><c></c>
<d>Definition list</d>
<lng>en</lng>
</TagText>
</HTMLTagInfos>
<HTMLTagTitle>&#x3C;dl&#x3E;&#x3C;/dl&#x3E;</HTMLTagTitle>
<Mode>0</Mode>
<ScriptLanguage></ScriptLanguage>
<ShortCut>0</ShortCut>
<Steno></Steno>
</HTMLTag>
<HTMLTag><Filename></Filename>
<HTMLTagBegin>&#x3C;dt&#x3E;</HTMLTagBegin>
<HTMLTagEnd>&#x3C;/dt&#x3E;</HTMLTagEnd>
<HTMLTagInfos><TagText><c></c>
<d>Definitiontitel</d>
<lng>de</lng>
</TagText>
<TagText><c></c>
<d>Definition title</d>
<lng>en</lng>
</TagText>
</HTMLTagInfos>
<HTMLTagTitle>&#x3C;dt&#x3E;&#x3C;/dt&#x3E;</HTMLTagTitle>
<Mode>0</Mode>
<ScriptLanguage></ScriptLanguage>
<ShortCut>0</ShortCut>
<Steno></Steno>
</HTMLTag>
<HTMLTag><Filename></Filename>
<HTMLTagBegin>&#x3C;dd&#x3E;</HTMLTagBegin>
<HTMLTagEnd>&#x3C;/dd&#x3E;</HTMLTagEnd>
<HTMLTagInfos><TagText><c></c>
<d>Definition</d>
<lng>de</lng>
</TagText>
<TagText><c></c>
<d>Definition</d>
<lng>en</lng>
</TagText>
</HTMLTagInfos>
<HTMLTagTitle>&#x3C;dd&#x3E;&#x3C;/dd&#x3E;</HTMLTagTitle>
<Mode>0</Mode>
<ScriptLanguage></ScriptLanguage>
<ShortCut>0</ShortCut>
<Steno></Steno>
</HTMLTag>
<HTMLTag><Filename></Filename>
<HTMLTagBegin>&#x3C;dir&#x3E;</HTMLTagBegin>
<HTMLTagEnd>&#x3C;/dir&#x3E;</HTMLTagEnd>
<HTMLTagInfos><TagText><c></c>
<d>Verzeichnisliste &#x28;in HTML 4 mi&#xDF;billigt&#x29;</d>
<lng>de</lng>
</TagText>
<TagText><c></c>
<d>Directory list &#x28;deprecated&#x29;</d>
<lng>en</lng>
</TagText>
</HTMLTagInfos>
<HTMLTagTitle>&#x3C;dir&#x3E;&#x3C;/dir&#x3E;</HTMLTagTitle>
<Mode>0</Mode>
<ScriptLanguage></ScriptLanguage>
<ShortCut>0</ShortCut>
<Steno></Steno>
</HTMLTag>
<HTMLTag><Filename></Filename>
<HTMLTagBegin>&#x3C;menu&#x3E;</HTMLTagBegin>
<HTMLTagEnd>&#x3C;/menu&#x3E;</HTMLTagEnd>
<HTMLTagInfos><TagText><c></c>
<d>Men&#xFC;liste &#x28;in HTML 4 mi&#xDF;billigt&#x29;</d>
<lng>de</lng>
</TagText>
<TagText><c></c>
<d>Menu list &#x28;deprecated&#x29;</d>
<lng>en</lng>
</TagText>
</HTMLTagInfos>
<HTMLTagTitle>&#x3C;menu&#x3E;&#x3C;/menu&#x3E;</HTMLTagTitle>
<Mode>0</Mode>
<ScriptLanguage></ScriptLanguage>
<ShortCut>0</ShortCut>
<Steno></Steno>
</HTMLTag>
</HTMLTags>
<PageInfos><TagText><c>Listen</c>
<d></d>
<lng>de</lng>
</TagText>
<TagText><c>Lists</c>
<d></d>
<lng>en</lng>
</TagText>
</PageInfos>
</HTMLPage>
<HTMLPage><HTMLTags><HTMLTag><Filename></Filename>
<HTMLTagBegin>&#x3C;frameset border=&#x22;0&#x22; frameborder=&#x22;no&#x22; framespacing=&#x22;0&#x22;&#x3E;</HTMLTagBegin>
<HTMLTagEnd>&#x3C;/frameset&#x3E;</HTMLTagEnd>
<HTMLTagInfos><TagText><c></c>
<d>Unterteilt das Browserfenster. Jeder Teil kann wieder eine andere Datei anzeigen.</d>
<lng>de</lng>
</TagText>
<TagText><c></c>
<d>Split browser window</d>
<lng>en</lng>
</TagText>
</HTMLTagInfos>
<HTMLTagTitle>&#x3C;frameset&#x3E;&#x3C;f...&#x3E;</HTMLTagTitle>
<Mode>0</Mode>
<ScriptLanguage></ScriptLanguage>
<ShortCut>0</ShortCut>
<Steno></Steno>
</HTMLTag>
<HTMLTag><Filename></Filename>
<HTMLTagBegin>&#x3C;frame src=&#x22;&#x22;&#x3E;</HTMLTagBegin>
<HTMLTagEnd></HTMLTagEnd>
<HTMLTagInfos><TagText><c></c>
<d>Ein Rahmen f&#xFC;r ein Frameset</d>
<lng>de</lng>
</TagText>
<TagText><c></c>
<d>frame definition for a frameset</d>
<lng>en</lng>
</TagText>
</HTMLTagInfos>
<HTMLTagTitle>&#x3C;frame&#x3E;</HTMLTagTitle>
<Mode>0</Mode>
<ScriptLanguage></ScriptLanguage>
<ShortCut>0</ShortCut>
<Steno></Steno>
</HTMLTag>
<HTMLTag><Filename></Filename>
<HTMLTagBegin>&#x3C;noframes&#x3E;</HTMLTagBegin>
<HTMLTagEnd>&#x3C;/noframes&#x3E;</HTMLTagEnd>
<HTMLTagInfos><TagText><c></c>
<d>Ein Bereich f&#xFC;r Browser, welche keine Framesets unterst&#xFC;tzen</d>
<lng>de</lng>
</TagText>
<TagText><c></c>
<d>area for no frames browsers</d>
<lng>en</lng>
</TagText>
</HTMLTagInfos>
<HTMLTagTitle>&#x3C;noframes&#x3E;&#x3C;n...&#x3E;</HTMLTagTitle>
<Mode>0</Mode>
<ScriptLanguage></ScriptLanguage>
<ShortCut>0</ShortCut>
<Steno></Steno>
</HTMLTag>
<HTMLTag><Filename></Filename>
<HTMLTagBegin>&#x3C;iframe src=&#x22;&#x22; width=&#x22;&#x22; height=&#x22;&#x22;&#x3E;</HTMLTagBegin>
<HTMLTagEnd></HTMLTagEnd>
<HTMLTagInfos><TagText><c></c>
<d>Erzeugt in einer HTMLSeite einen Rahmen, in welchem andere Dateien angezeigt werden k&#xF6;nnen.</d>
<lng>de</lng>
</TagText>
<TagText><c></c>
<d>embed a webpage</d>
<lng>en</lng>
</TagText>
</HTMLTagInfos>
<HTMLTagTitle>&#x3C;iframe&#x3E;</HTMLTagTitle>
<Mode>0</Mode>
<ScriptLanguage></ScriptLanguage>
<ShortCut>0</ShortCut>
<Steno></Steno>
</HTMLTag>
</HTMLTags>
<PageInfos><TagText><c>Frames</c>
<d></d>
<lng>de</lng>
</TagText>
<TagText><c>Frames</c>
<d></d>
<lng>en</lng>
</TagText>
</PageInfos>
</HTMLPage>
<HTMLPage><HTMLTags><HTMLTag><Filename></Filename>
<HTMLTagBegin>&#x3C;marquee&#x3E;</HTMLTagBegin>
<HTMLTagEnd>&#x3C;/marquee&#x3E;</HTMLTagEnd>
<HTMLTagInfos><TagText><c></c>
<d>Erzeugt eine Laufschrifte, welche leider nur im MSIE funktioniert.</d>
<lng>de</lng>
</TagText>
<TagText><c></c>
<d>Marquee for Internet Explorer</d>
<lng>en</lng>
</TagText>
</HTMLTagInfos>
<HTMLTagTitle>&#x3C;marquee&#x3E;&#x3C;m..&#x3E;</HTMLTagTitle>
<Mode>0</Mode>
<ScriptLanguage></ScriptLanguage>
<ShortCut>0</ShortCut>
<Steno></Steno>
</HTMLTag>
<HTMLTag><Filename></Filename>
<HTMLTagBegin>&#x3C;img src=&#x22;&#x22; border=&#x22;&#x22; height=&#x22;&#x22; width=&#x22;&#x22; /&#x3E;</HTMLTagBegin>
<HTMLTagEnd></HTMLTagEnd>
<HTMLTagInfos><TagText><c></c>
<d>Bildeinbindung</d>
<lng>de</lng>
</TagText>
<TagText><c></c>
<d>Image inclusion</d>
<lng>en</lng>
</TagText>
</HTMLTagInfos>
<HTMLTagTitle>&#x3C;img&#x3E;</HTMLTagTitle>
<Mode>0</Mode>
<ScriptLanguage></ScriptLanguage>
<ShortCut>0</ShortCut>
<Steno>img</Steno>
</HTMLTag>
<HTMLTag><Filename></Filename>
<HTMLTagBegin>&#x3C;applet&#x3E;</HTMLTagBegin>
<HTMLTagEnd>&#x3C;/applet&#x3E;</HTMLTagEnd>
<HTMLTagInfos><TagText><c></c>
<d>Einbindung eines JavaApplets</d>
<lng>de</lng>
</TagText>
<TagText><c></c>
<d>embed a java applet</d>
<lng>en</lng>
</TagText>
</HTMLTagInfos>
<HTMLTagTitle>&#x3C;applet&#x3E;&#x3C;/applet&#x3E;</HTMLTagTitle>
<Mode>0</Mode>
<ScriptLanguage></ScriptLanguage>
<ShortCut>0</ShortCut>
<Steno></Steno>
</HTMLTag>
<HTMLTag><Filename></Filename>
<HTMLTagBegin>&#x3C;object&#x3E;</HTMLTagBegin>
<HTMLTagEnd>&#x3C;/object&#x3E;</HTMLTagEnd>
<HTMLTagInfos><TagText><c></c>
<d>Einbindung einer externen Ressource &#x28;ActiveX, Video, etc.&#x29;</d>
<lng>de</lng>
</TagText>
<TagText><c></c>
<d>Embed an external object &#x28;ActiveX plugins&#x29;</d>
<lng>en</lng>
</TagText>
</HTMLTagInfos>
<HTMLTagTitle>&#x3C;object&#x3E;&#x3C;/object&#x3E;</HTMLTagTitle>
<Mode>0</Mode>
<ScriptLanguage></ScriptLanguage>
<ShortCut>0</ShortCut>
<Steno></Steno>
</HTMLTag>
</HTMLTags>
<PageInfos><TagText><c>Multimedia</c>
<d></d>
<lng>de</lng>
</TagText>
<TagText><c>Multimedia</c>
<d></d>
<lng>en</lng>
</TagText>
</PageInfos>
</HTMLPage>
<HTMLPage><HTMLTags><HTMLTag><Filename></Filename>
<HTMLTagBegin>onload=&#x22;</HTMLTagBegin>
<HTMLTagEnd>&#x22;</HTMLTagEnd>
<HTMLTagInfos><TagText><c></c>
<d>OnLoad</d>
<lng>de</lng>
</TagText>
</HTMLTagInfos>
<HTMLTagTitle>OnLoad</HTMLTagTitle>
<Mode>0</Mode>
<ScriptLanguage></ScriptLanguage>
<ShortCut>0</ShortCut>
<Steno></Steno>
</HTMLTag>
<HTMLTag><Filename></Filename>
<HTMLTagBegin>onunload=&#x22;</HTMLTagBegin>
<HTMLTagEnd>&#x22;</HTMLTagEnd>
<HTMLTagInfos><TagText><c></c>
<d>OnUnLoad</d>
<lng>de</lng>
</TagText>
</HTMLTagInfos>
<HTMLTagTitle>OnUnLoad</HTMLTagTitle>
<Mode>0</Mode>
<ScriptLanguage></ScriptLanguage>
<ShortCut>0</ShortCut>
<Steno></Steno>
</HTMLTag>
<HTMLTag><Filename></Filename>
<HTMLTagBegin>onclick=&#x22;</HTMLTagBegin>
<HTMLTagEnd>&#x22;</HTMLTagEnd>
<HTMLTagInfos><TagText><c></c>
<d>OnClick</d>
<lng>de</lng>
</TagText>
</HTMLTagInfos>
<HTMLTagTitle>OnClick</HTMLTagTitle>
<Mode>0</Mode>
<ScriptLanguage></ScriptLanguage>
<ShortCut>0</ShortCut>
<Steno></Steno>
</HTMLTag>
<HTMLTag><Filename></Filename>
<HTMLTagBegin>ondblclick=&#x22;</HTMLTagBegin>
<HTMLTagEnd>&#x22;</HTMLTagEnd>
<HTMLTagInfos><TagText><c></c>
<d>OnDblClick</d>
<lng>de</lng>
</TagText>
</HTMLTagInfos>
<HTMLTagTitle>OnDblClick</HTMLTagTitle>
<Mode>0</Mode>
<ScriptLanguage></ScriptLanguage>
<ShortCut>0</ShortCut>
<Steno></Steno>
</HTMLTag>
<HTMLTag><Filename></Filename>
<HTMLTagBegin>onmousedown=&#x22;</HTMLTagBegin>
<HTMLTagEnd>&#x22;</HTMLTagEnd>
<HTMLTagInfos><TagText><c></c>
<d>OnMouseDown</d>
<lng>de</lng>
</TagText>
</HTMLTagInfos>
<HTMLTagTitle>OnMouseDown</HTMLTagTitle>
<Mode>0</Mode>
<ScriptLanguage></ScriptLanguage>
<ShortCut>0</ShortCut>
<Steno></Steno>
</HTMLTag>
<HTMLTag><Filename></Filename>
<HTMLTagBegin>onmouseup=&#x22;</HTMLTagBegin>
<HTMLTagEnd>&#x22;</HTMLTagEnd>
<HTMLTagInfos><TagText><c></c>
<d>OnMouseUp</d>
<lng>de</lng>
</TagText>
</HTMLTagInfos>
<HTMLTagTitle>OnMouseUp</HTMLTagTitle>
<Mode>0</Mode>
<ScriptLanguage></ScriptLanguage>
<ShortCut>0</ShortCut>
<Steno></Steno>
</HTMLTag>
<HTMLTag><Filename></Filename>
<HTMLTagBegin>onmouseover=&#x22;</HTMLTagBegin>
<HTMLTagEnd>&#x22;</HTMLTagEnd>
<HTMLTagInfos><TagText><c></c>
<d>OnMouseOver</d>
<lng>de</lng>
</TagText>
</HTMLTagInfos>
<HTMLTagTitle>OnMouseOver</HTMLTagTitle>
<Mode>0</Mode>
<ScriptLanguage></ScriptLanguage>
<ShortCut>0</ShortCut>
<Steno></Steno>
</HTMLTag>
<HTMLTag><Filename></Filename>
<HTMLTagBegin>onmousemove=&#x22;</HTMLTagBegin>
<HTMLTagEnd>&#x22;</HTMLTagEnd>
<HTMLTagInfos><TagText><c></c>
<d>OnMouseMove</d>
<lng>de</lng>
</TagText>
</HTMLTagInfos>
<HTMLTagTitle>OnMouseMove</HTMLTagTitle>
<Mode>0</Mode>
<ScriptLanguage></ScriptLanguage>
<ShortCut>0</ShortCut>
<Steno></Steno>
</HTMLTag>
<HTMLTag><Filename></Filename>
<HTMLTagBegin>onmouseout=&#x22;</HTMLTagBegin>
<HTMLTagEnd>&#x22;</HTMLTagEnd>
<HTMLTagInfos><TagText><c></c>
<d>OnMouseOut</d>
<lng>de</lng>
</TagText>
</HTMLTagInfos>
<HTMLTagTitle>OnMouseOut</HTMLTagTitle>
<Mode>0</Mode>
<ScriptLanguage></ScriptLanguage>
<ShortCut>0</ShortCut>
<Steno></Steno>
</HTMLTag>
<HTMLTag><Filename></Filename>
<HTMLTagBegin>onfocus=&#x22;</HTMLTagBegin>
<HTMLTagEnd>&#x22;</HTMLTagEnd>
<HTMLTagInfos><TagText><c></c>
<d>OnFocus</d>
<lng>de</lng>
</TagText>
</HTMLTagInfos>
<HTMLTagTitle>OnFocus</HTMLTagTitle>
<Mode>0</Mode>
<ScriptLanguage></ScriptLanguage>
<ShortCut>0</ShortCut>
<Steno></Steno>
</HTMLTag>
<HTMLTag><Filename></Filename>
<HTMLTagBegin>onblur=&#x22;</HTMLTagBegin>
<HTMLTagEnd>&#x22;</HTMLTagEnd>
<HTMLTagInfos><TagText><c></c>
<d>OnBlur</d>
<lng>de</lng>
</TagText>
</HTMLTagInfos>
<HTMLTagTitle>OnBlur</HTMLTagTitle>
<Mode>0</Mode>
<ScriptLanguage></ScriptLanguage>
<ShortCut>0</ShortCut>
<Steno></Steno>
</HTMLTag>
<HTMLTag><Filename></Filename>
<HTMLTagBegin>onkeypress=&#x22;</HTMLTagBegin>
<HTMLTagEnd>&#x22;</HTMLTagEnd>
<HTMLTagInfos><TagText><c></c>
<d>OnKeyPress</d>
<lng>de</lng>
</TagText>
</HTMLTagInfos>
<HTMLTagTitle>OnKeyPress</HTMLTagTitle>
<Mode>0</Mode>
<ScriptLanguage></ScriptLanguage>
<ShortCut>0</ShortCut>
<Steno></Steno>
</HTMLTag>
<HTMLTag><Filename></Filename>
<HTMLTagBegin>onkeydown=&#x22;</HTMLTagBegin>
<HTMLTagEnd>&#x22;</HTMLTagEnd>
<HTMLTagInfos><TagText><c></c>
<d>OnKeyDown</d>
<lng>de</lng>
</TagText>
</HTMLTagInfos>
<HTMLTagTitle>OnKeyDown</HTMLTagTitle>
<Mode>0</Mode>
<ScriptLanguage></ScriptLanguage>
<ShortCut>0</ShortCut>
<Steno></Steno>
</HTMLTag>
<HTMLTag><Filename></Filename>
<HTMLTagBegin>onkeyup=&#x22;</HTMLTagBegin>
<HTMLTagEnd>&#x22;</HTMLTagEnd>
<HTMLTagInfos><TagText><c></c>
<d>OnKeUp</d>
<lng>de</lng>
</TagText>
</HTMLTagInfos>
<HTMLTagTitle>OnKeUp</HTMLTagTitle>
<Mode>0</Mode>
<ScriptLanguage></ScriptLanguage>
<ShortCut>0</ShortCut>
<Steno></Steno>
</HTMLTag>
<HTMLTag><Filename></Filename>
<HTMLTagBegin>onsubmit=&#x22;</HTMLTagBegin>
<HTMLTagEnd>&#x22;</HTMLTagEnd>
<HTMLTagInfos><TagText><c></c>
<d>OnSubmit</d>
<lng>de</lng>
</TagText>
</HTMLTagInfos>
<HTMLTagTitle>OnSubmit</HTMLTagTitle>
<Mode>0</Mode>
<ScriptLanguage></ScriptLanguage>
<ShortCut>0</ShortCut>
<Steno></Steno>
</HTMLTag>
<HTMLTag><Filename></Filename>
<HTMLTagBegin>onreset=&#x22;</HTMLTagBegin>
<HTMLTagEnd>&#x22;</HTMLTagEnd>
<HTMLTagInfos><TagText><c></c>
<d>OnReset</d>
<lng>de</lng>
</TagText>
</HTMLTagInfos>
<HTMLTagTitle>OnReset</HTMLTagTitle>
<Mode>0</Mode>
<ScriptLanguage></ScriptLanguage>
<ShortCut>0</ShortCut>
<Steno></Steno>
</HTMLTag>
<HTMLTag><Filename></Filename>
<HTMLTagBegin>onselect=&#x22;</HTMLTagBegin>
<HTMLTagEnd>&#x22;</HTMLTagEnd>
<HTMLTagInfos><TagText><c></c>
<d>OnSelect</d>
<lng>de</lng>
</TagText>
</HTMLTagInfos>
<HTMLTagTitle>OnSelect</HTMLTagTitle>
<Mode>0</Mode>
<ScriptLanguage></ScriptLanguage>
<ShortCut>0</ShortCut>
<Steno></Steno>
</HTMLTag>
<HTMLTag><Filename></Filename>
<HTMLTagBegin>onchange=&#x22;</HTMLTagBegin>
<HTMLTagEnd>&#x22;</HTMLTagEnd>
<HTMLTagInfos><TagText><c></c>
<d>OnChange</d>
<lng>de</lng>
</TagText>
</HTMLTagInfos>
<HTMLTagTitle>OnChange</HTMLTagTitle>
<Mode>0</Mode>
<ScriptLanguage></ScriptLanguage>
<ShortCut>0</ShortCut>
<Steno></Steno>
</HTMLTag>
</HTMLTags>
<PageInfos><TagText><c>Ereignisse</c>
<d>Javascriptereignisse</d>
<lng>de</lng>
</TagText>
<TagText><c>Events</c>
<d>Javascript events</d>
<lng>en</lng>
</TagText>
</PageInfos>
</HTMLPage>
<HTMLPage><HTMLTags><HTMLTag><Filename></Filename>
<HTMLTagBegin>&#x26;nbsp;</HTMLTagBegin>
<HTMLTagEnd></HTMLTagEnd>
<HTMLTagInfos></HTMLTagInfos>
<HTMLTagTitle>&#x26;nbsp;</HTMLTagTitle>
<Mode>0</Mode>
<ScriptLanguage></ScriptLanguage>
<ShortCut>16432</ShortCut>
<Steno></Steno>
</HTMLTag>
</HTMLTags>
<PageInfos><TagText><c>Special</c>
<d></d>
<lng>en</lng>
</TagText>
</PageInfos>
</HTMLPage>
<HTMLPage><HTMLTags><HTMLTag><Filename>scripts/phpdoc.js</Filename>
<HTMLTagBegin></HTMLTagBegin>
<HTMLTagEnd></HTMLTagEnd>
<HTMLTagInfos><TagText><c></c>
<d>insert a PHPdoc comment</d>
<lng>en</lng>
</TagText>
<TagText><c></c>
<d>PHPdoc-Kommentar einf&#xFC;gen</d>
<lng>de</lng>
</TagText>
</HTMLTagInfos>
<HTMLTagTitle>PHPdoc</HTMLTagTitle>
<Mode>2</Mode>
<ScriptLanguage>JScript</ScriptLanguage>
<ShortCut>16433</ShortCut>
<Steno></Steno>
</HTMLTag>
<HTMLTag><Filename>scripts/phpdoc.php</Filename>
<HTMLTagBegin></HTMLTagBegin>
<HTMLTagEnd></HTMLTagEnd>
<HTMLTagInfos></HTMLTagInfos>
<HTMLTagTitle>PHPDoc - ActivePHP</HTMLTagTitle>
<Mode>2</Mode>
<ScriptLanguage>ActivePHP</ScriptLanguage>
<ShortCut>16435</ShortCut>
<Steno></Steno>
</HTMLTag>
<HTMLTag><Filename>scripts/Felix_Neumann/TagsToLowercase.js</Filename>
<HTMLTagBegin></HTMLTagBegin>
<HTMLTagEnd></HTMLTagEnd>
<HTMLTagInfos></HTMLTagInfos>
<HTMLTagTitle>Lowercase Tags</HTMLTagTitle>
<Mode>2</Mode>
<ScriptLanguage>JScript</ScriptLanguage>
<ShortCut>0</ShortCut>
<Steno></Steno>
</HTMLTag>
<HTMLTag><Filename>scripts/Felix_Neumann/doccopy.js</Filename>
<HTMLTagBegin></HTMLTagBegin>
<HTMLTagEnd></HTMLTagEnd>
<HTMLTagInfos></HTMLTagInfos>
<HTMLTagTitle>Copy document</HTMLTagTitle>
<Mode>2</Mode>
<ScriptLanguage>JScript</ScriptLanguage>
<ShortCut>0</ShortCut>
<Steno></Steno>
</HTMLTag>
<HTMLTag><Filename>scripts/Felix_Neumann/lineEnhancer2.js</Filename>
<HTMLTagBegin></HTMLTagBegin>
<HTMLTagEnd></HTMLTagEnd>
<HTMLTagInfos></HTMLTagInfos>
<HTMLTagTitle>Line Enhancer 2</HTMLTagTitle>
<Mode>2</Mode>
<ScriptLanguage>JScript</ScriptLanguage>
<ShortCut>0</ShortCut>
<Steno></Steno>
</HTMLTag>
<HTMLTag><Filename>scripts/Felix_Neumann/findBracket.js</Filename>
<HTMLTagBegin></HTMLTagBegin>
<HTMLTagEnd></HTMLTagEnd>
<HTMLTagInfos></HTMLTagInfos>
<HTMLTagTitle>Find bracket</HTMLTagTitle>
<Mode>2</Mode>
<ScriptLanguage>JScript</ScriptLanguage>
<ShortCut>16434</ShortCut>
<Steno></Steno>
</HTMLTag>
<HTMLTag><Filename>scripts/Reinier_van_Loon/openfileatcursor.js</Filename>
<HTMLTagBegin></HTMLTagBegin>
<HTMLTagEnd></HTMLTagEnd>
<HTMLTagInfos></HTMLTagInfos>
<HTMLTagTitle>Open file at cursor</HTMLTagTitle>
<Mode>2</Mode>
<ScriptLanguage>JScript</ScriptLanguage>
<ShortCut>0</ShortCut>
<Steno></Steno>
</HTMLTag>
<HTMLTag><Filename>scripts/Peter_Petermann/dtdvalid.js</Filename>
<HTMLTagBegin></HTMLTagBegin>
<HTMLTagEnd></HTMLTagEnd>
<HTMLTagInfos></HTMLTagInfos>
<HTMLTagTitle>Validate XML</HTMLTagTitle>
<Mode>2</Mode>
<ScriptLanguage>JScript</ScriptLanguage>
<ShortCut>0</ShortCut>
<Steno></Steno>
</HTMLTag>
<HTMLTag><Filename>scripts/Reinier_van_Loon/xml_formatted.js</Filename>
<HTMLTagBegin></HTMLTagBegin>
<HTMLTagEnd></HTMLTagEnd>
<HTMLTagInfos></HTMLTagInfos>
<HTMLTagTitle>Reformat XML</HTMLTagTitle>
<Mode>2</Mode>
<ScriptLanguage>JScript</ScriptLanguage>
<ShortCut>0</ShortCut>
<Steno></Steno>
</HTMLTag>
<HTMLTag><Filename>scripts/Rainer_Mueller/comment.js</Filename>
<HTMLTagBegin></HTMLTagBegin>
<HTMLTagEnd></HTMLTagEnd>
<HTMLTagInfos></HTMLTagInfos>
<HTMLTagTitle>Comment Source</HTMLTagTitle>
<Mode>2</Mode>
<ScriptLanguage>JScript</ScriptLanguage>
<ShortCut>16436</ShortCut>
<Steno></Steno>
</HTMLTag>
</HTMLTags>
<PageInfos><TagText><c>Scripts / Macros</c>
<d></d>
<lng>en</lng>
</TagText>
<TagText><c>Scripts / Makros</c>
<d></d>
<lng>de</lng>
</TagText>
</PageInfos>
</HTMLPage>
<HTMLPage><HTMLTags><HTMLTag><Filename>scripts/Armin_Ronacher/comment.js</Filename>
<HTMLTagBegin></HTMLTagBegin>
<HTMLTagEnd></HTMLTagEnd>
<HTMLTagInfos></HTMLTagInfos>
<HTMLTagTitle>Comment</HTMLTagTitle>
<Mode>2</Mode>
<ScriptLanguage>JScript</ScriptLanguage>
<ShortCut>0</ShortCut>
<Steno></Steno>
</HTMLTag>
<HTMLTag><Filename>scripts/Armin_Ronacher/simpletable.js</Filename>
<HTMLTagBegin></HTMLTagBegin>
<HTMLTagEnd></HTMLTagEnd>
<HTMLTagInfos></HTMLTagInfos>
<HTMLTagTitle>SimpleTable</HTMLTagTitle>
<Mode>2</Mode>
<ScriptLanguage>JScript</ScriptLanguage>
<ShortCut>0</ShortCut>
<Steno></Steno>
</HTMLTag>
</HTMLTags>
<PageInfos><TagText><c>Armin Ronacher</c>
<d></d>
<lng>en</lng>
</TagText>
<TagText><c>Armin Ronacher</c>
<d></d>
<lng>de</lng>
</TagText>
</PageInfos>
</HTMLPage>
</HTMLPage-list>