<?xml version = "1.0"?><HTMLTemplatePage-list><HTMLTemplatePage><HTMLTemplatePageTitle>&#x28;X&#x29;HTML</HTMLTemplatePageTitle>
<HTMLTemplates><HTMLTemplate><FileProfile>HTML</FileProfile>
<ScriptLanguage></ScriptLanguage>
<TemplateFile></TemplateFile>
<TemplateText>&#x3C;!DOCTYPE HTML PUBLIC &#x22;-//W3C//DTD HTML 4.01//EN&#x22;&#x3E;&#x0D;&#x0A;&#x3C;html&#x3E;&#x0D;&#x0A;  &#x3C;head&#x3E;&#x0D;&#x0A;    &#x3C;title&#x3E;New Document&#x3C;/title&#x3E;&#x0D;&#x0A;    &#x3C;meta http-equiv=&#x22;content-type&#x22; content=&#x22;text/html; charset=iso-8859-1&#x22;&#x3E;&#x0D;&#x0A;  &#x3C;/head&#x3E;&#x0D;&#x0A;  &#x3C;body&#x3E;&#x0D;&#x0A;    &#x0D;&#x0A;  &#x3C;/body&#x3E;&#x0D;&#x0A;&#x3C;/html&#x3E;</TemplateText>
<TemplateTitle>HTML 4</TemplateTitle>
<TemplateType>0</TemplateType>
</HTMLTemplate>
<HTMLTemplate><FileProfile>HTML</FileProfile>
<ScriptLanguage></ScriptLanguage>
<TemplateFile></TemplateFile>
<TemplateText>&#x3C;!DOCTYPE HTML PUBLIC &#x22;-//W3C//DTD HTML 4.01 Transitional//EN&#x22;&#x3E;&#x0D;&#x0A;&#x3C;html&#x3E;&#x0D;&#x0A;  &#x3C;head&#x3E;&#x0D;&#x0A;    &#x3C;title&#x3E;New Document&#x3C;/title&#x3E;&#x0D;&#x0A;    &#x3C;meta http-equiv=&#x22;content-type&#x22; content=&#x22;text/html; charset=iso-8859-1&#x22;&#x3E;&#x0D;&#x0A;  &#x3C;/head&#x3E;&#x0D;&#x0A;  &#x3C;body&#x3E;&#x0D;&#x0A;    &#x0D;&#x0A;  &#x3C;/body&#x3E;&#x0D;&#x0A;&#x3C;/html&#x3E;</TemplateText>
<TemplateTitle>HTML 4 trans.</TemplateTitle>
<TemplateType>0</TemplateType>
</HTMLTemplate>
<HTMLTemplate><FileProfile>HTML</FileProfile>
<ScriptLanguage></ScriptLanguage>
<TemplateFile></TemplateFile>
<TemplateText>&#x3C;!DOCTYPE HTML PUBLIC &#x22;-//W3C//DTD HTML 4.01 Frameset//EN&#x22;&#x3E;&#x0D;&#x0A;&#x3C;html&#x3E;&#x0D;&#x0A;  &#x3C;head&#x3E;&#x0D;&#x0A;    &#x3C;title&#x3E;New Document&#x3C;/title&#x3E;&#x0D;&#x0A;    &#x3C;meta http-equiv=&#x22;content-type&#x22; content=&#x22;text/html; charset=iso-8859-1&#x22;&#x3E;&#x0D;&#x0A;  &#x3C;/head&#x3E;&#x0D;&#x0A;  &#x3C;frameset&#x3E;&#x0D;&#x0A;&#x0D;&#x0A;    &#x3C;noframes&#x3E;&#x0D;&#x0A;      &#x3C;body&#x3E;&#x0D;&#x0A;&#x0D;&#x0A;      &#x3C;/body&#x3E;&#x0D;&#x0A;    &#x3C;/noframes&#x3E;&#x0D;&#x0A;  &#x3C;/frameset&#x3E;&#x0D;&#x0A;&#x3C;/html&#x3E;</TemplateText>
<TemplateTitle>HTML 4 frameset</TemplateTitle>
<TemplateType>0</TemplateType>
</HTMLTemplate>
<HTMLTemplate><FileProfile>HTML</FileProfile>
<ScriptLanguage></ScriptLanguage>
<TemplateFile></TemplateFile>
<TemplateText>&#x3C;&#x3F;xml version=&#x22;1.0&#x22;&#x3F;&#x3E;&#x0D;&#x0A;&#x3C;!DOCTYPE html PUBLIC &#x22;-//W3C//DTD XHTML 1.0 Strict//EN&#x22; &#x22;http://www.w3.org/TR/xhtml1/DTD/xhtml1-strict.dtd&#x22;&#x3E;&#x0D;&#x0A;&#x3C;html&#x3E;&#x0D;&#x0A;  &#x3C;head&#x3E;&#x0D;&#x0A;    &#x3C;title&#x3E;New Document&#x3C;/title&#x3E;&#x0D;&#x0A;    &#x3C;meta http-equiv=&#x22;content-type&#x22; content=&#x22;text/html; charset=iso-8859-1&#x22; /&#x3E;&#x0D;&#x0A;  &#x3C;/head&#x3E;&#x0D;&#x0A;  &#x3C;body&#x3E;&#x0D;&#x0A;    &#x0D;&#x0A;  &#x3C;/body&#x3E;&#x0D;&#x0A;&#x3C;/html&#x3E;</TemplateText>
<TemplateTitle>XHTML 1.0 strict</TemplateTitle>
<TemplateType>0</TemplateType>
</HTMLTemplate>
<HTMLTemplate><FileProfile>HTML</FileProfile>
<ScriptLanguage></ScriptLanguage>
<TemplateFile></TemplateFile>
<TemplateText>&#x3C;&#x3F;xml version=&#x22;1.0&#x22;&#x3F;&#x3E;&#x0D;&#x0A;&#x3C;!DOCTYPE html PUBLIC &#x22;-//W3C//DTD XHTML 1.0 Transitional//EN&#x22; &#x22;http://www.w3.org/TR/xhtml1/DTD/xhtml1-transitional.dtd&#x22;&#x3E;&#x0D;&#x0A;&#x3C;html&#x3E;&#x0D;&#x0A;  &#x3C;head&#x3E;&#x0D;&#x0A;    &#x3C;title&#x3E;New Document&#x3C;/title&#x3E;&#x0D;&#x0A;    &#x3C;meta http-equiv=&#x22;content-type&#x22; content=&#x22;text/html; charset=iso-8859-1&#x22; /&#x3E;&#x0D;&#x0A;  &#x3C;/head&#x3E;&#x0D;&#x0A;  &#x3C;body&#x3E;&#x0D;&#x0A;    &#x0D;&#x0A;  &#x3C;/body&#x3E;&#x0D;&#x0A;&#x3C;/html&#x3E;</TemplateText>
<TemplateTitle>XHTML 1.0 transitional</TemplateTitle>
<TemplateType>0</TemplateType>
</HTMLTemplate>
<HTMLTemplate><FileProfile>HTML</FileProfile>
<ScriptLanguage></ScriptLanguage>
<TemplateFile></TemplateFile>
<TemplateText>&#x3C;&#x3F;xml version=&#x22;1.0&#x22;&#x3F;&#x3E;&#x0D;&#x0A;&#x3C;!DOCTYPE html PUBLIC &#x22;-//W3C//DTD XHTML 1.0 Frameset//EN&#x22; &#x22;http://www.w3.org/TR/xhtml1/DTD/xhtml1-frameset.dtd&#x22;&#x3E;&#x0D;&#x0A;&#x3C;html&#x3E;&#x0D;&#x0A;  &#x3C;head&#x3E;&#x0D;&#x0A;    &#x3C;title&#x3E;New Document&#x3C;/title&#x3E;&#x0D;&#x0A;    &#x3C;meta http-equiv=&#x22;content-type&#x22; content=&#x22;text/html; charset=iso-8859-1&#x22; /&#x3E;&#x0D;&#x0A;  &#x3C;/head&#x3E;&#x0D;&#x0A;  &#x3C;frameset&#x3E;&#x0D;&#x0A;&#x0D;&#x0A;    &#x3C;noframes&#x3E;&#x0D;&#x0A;      &#x3C;body&#x3E;&#x0D;&#x0A;&#x0D;&#x0A;      &#x3C;/body&#x3E;&#x0D;&#x0A;    &#x3C;/noframes&#x3E;&#x0D;&#x0A;  &#x3C;/frameset&#x3E;&#x0D;&#x0A;&#x3C;/html&#x3E;</TemplateText>
<TemplateTitle>XHTML 1.0 frameset</TemplateTitle>
<TemplateType>0</TemplateType>
</HTMLTemplate>
</HTMLTemplates>
</HTMLTemplatePage>
<HTMLTemplatePage><HTMLTemplatePageTitle>PHP</HTMLTemplatePageTitle>
<HTMLTemplates><HTMLTemplate><FileProfile>PHP</FileProfile>
<ScriptLanguage></ScriptLanguage>
<TemplateFile></TemplateFile>
<TemplateText>&#x3C;&#x3F;php&#x0D;&#x0A;&#x0D;&#x0A;&#x3F;&#x3E;</TemplateText>
<TemplateTitle>plain php</TemplateTitle>
<TemplateType>0</TemplateType>
</HTMLTemplate>
<HTMLTemplate><FileProfile>PHP</FileProfile>
<ScriptLanguage></ScriptLanguage>
<TemplateFile></TemplateFile>
<TemplateText>&#x3C;&#x3F;php&#x0D;&#x0A;/&#x2A;&#x2A;&#x0D;&#x0A;&#x2A;&#x0D;&#x0A;&#x2A; &#x40;author &#x3C; &#x3E;&#x0D;&#x0A;&#x2A; &#x40;version &#x0D;&#x0A;&#x2A; &#x40;module&#x0D;&#x0A;&#x2A;/&#x0D;&#x0A;&#x0D;&#x0A;&#x3F;&#x3E;</TemplateText>
<TemplateTitle>php documentated</TemplateTitle>
<TemplateType>0</TemplateType>
</HTMLTemplate>
<HTMLTemplate><FileProfile>PHP</FileProfile>
<ScriptLanguage></ScriptLanguage>
<TemplateFile></TemplateFile>
<TemplateText>&#x3C;&#x3F;php&#x0D;&#x0A;/&#x2A;&#x2A;&#x0D;&#x0A;&#x2A;&#x0D;&#x0A;&#x2A; &#x40;author &#x3C; &#x3E;&#x0D;&#x0A;&#x2A; &#x40;version &#x0D;&#x0A;&#x2A; &#x40;module&#x0D;&#x0A;&#x2A;/&#x0D;&#x0A;&#x0D;&#x0A;/&#x2A;&#x2A;&#x0D;&#x0A;&#x2A;&#x0D;&#x0A;&#x2A;/&#x0D;&#x0A;class&#x0D;&#x0A;&#x7B;&#x0D;&#x0A; &#x0D;&#x0A;&#x7D;&#x0D;&#x0A;&#x3F;&#x3E;</TemplateText>
<TemplateTitle>php class</TemplateTitle>
<TemplateType>0</TemplateType>
</HTMLTemplate>
</HTMLTemplates>
</HTMLTemplatePage>
</HTMLTemplatePage-list>