<HTMLHelper-list><HTMLHelper><AllParams>keine Parameter</AllParams>
<Description>Kommentare dienen meist der Lesbarkeit des Quellcodes, werden jedoch auch genutzt um bestimmte Teile &#x28;Scripte&#x29; vor dem Browser zu verbergen, oder Steueranweisungen f&#xFC;r den WebServer einzubetten.</Description>
<EnglishWord>comment</EnglishWord>
<HTMLTagTitle>!--</HTMLTagTitle>
<KeyParams></KeyParams>
</HTMLHelper>
<HTMLHelper><AllParams>charset, class, dir, hreflang, id, lang, rel, rev, style, title, type,</AllParams>
<Description>Definiert einen Hyperlink oder einen Anker</Description>
<EnglishWord>a</EnglishWord>
<HTMLTagTitle>a</HTMLTagTitle>
<KeyParams>href, target, name,</KeyParams>
</HTMLHelper>
<HTMLHelper><AllParams>class, dir, id, lang, style, title</AllParams>
<Description>Logische Formatierung: Adresse</Description>
<EnglishWord>adress</EnglishWord>
<HTMLTagTitle>address</HTMLTagTitle>
<KeyParams></KeyParams>
</HTMLHelper>
<HTMLHelper><AllParams>name, title</AllParams>
<Description>Definiert einen Hyperlink auf einem Bild, nur innerhalb von &#x26;lt;map&#x26;gt; zu verwenden.</Description>
<EnglishWord>area</EnglishWord>
<HTMLTagTitle>area</HTMLTagTitle>
<KeyParams>shape, coords, href, target, alt,</KeyParams>
</HTMLHelper>
<HTMLHelper><AllParams>class, dir, id, lang, style, title</AllParams>
<Description>Fetter Text</Description>
<EnglishWord>bold</EnglishWord>
<HTMLTagTitle>b</HTMLTagTitle>
<KeyParams></KeyParams>
</HTMLHelper>
<HTMLHelper><AllParams></AllParams>
<Description>Definiert die Zeilbasis &#x28;std. die Datei selbst&#x29; bzw. das voreingestellte Zielframe oder -fenster f&#xFC;r Hyperlinks.</Description>
<EnglishWord>base</EnglishWord>
<HTMLTagTitle>base</HTMLTagTitle>
<KeyParams>href, target</KeyParams>
</HTMLHelper>
<HTMLHelper><AllParams></AllParams>
<Description>Stellt die Grundschriftart, -gr&#xF6;&#xDF;e und -farbe ein. Der Tag ist veraltet und wird auch nicht mehr von allen aktuellen Browsern unterst&#xFC;tzt.</Description>
<EnglishWord>base font</EnglishWord>
<HTMLTagTitle>basefont</HTMLTagTitle>
<KeyParams>color, face, size</KeyParams>
</HTMLHelper>
<HTMLHelper><AllParams>class, dir, id, lang, style, title</AllParams>
<Description>Logische Formatierung eines Zitates, welche &#xFC;berlicherweise im Browser als Einr&#xFC;ckung rechts und links dargestellt wird.</Description>
<EnglishWord>blockquote</EnglishWord>
<HTMLTagTitle>blockquote</HTMLTagTitle>
<KeyParams></KeyParams>
</HTMLHelper>
<HTMLHelper><AllParams>bgproperties, class, dir, id, lang, leftmargin, style, title, topmargin</AllParams>
<Description>Umschlie&#xDF;t den direkt sichtbaren Teil des HTML-Dokumentes.</Description>
<EnglishWord>body</EnglishWord>
<HTMLTagTitle>body</HTMLTagTitle>
<KeyParams>alink, background, bgcolor, link, text, vlink,</KeyParams>
</HTMLHelper>
<HTMLHelper><AllParams>class, id, style, title</AllParams>
<Description>Erzeugt einen Zeilenumbruch.</Description>
<EnglishWord>break</EnglishWord>
<HTMLTagTitle>br</HTMLTagTitle>
<KeyParams>clear,</KeyParams>
</HTMLHelper>
<HTMLHelper><AllParams>class, dir, id, lang, style, title</AllParams>
<Description>Der umschlossene Bereich wird zentriert. Der Befehl wird jedoch mi&#xDF;billigt und sollte m&#xF6;glichst nicht genutzt werden.</Description>
<EnglishWord>center</EnglishWord>
<HTMLTagTitle>center</HTMLTagTitle>
<KeyParams></KeyParams>
</HTMLHelper>
<HTMLHelper><AllParams>class, dir, id, lang, style, title</AllParams>
<Description>Logische Formatierung: Zitat innerhalb eines Textes &#x28;Kursiv&#x29;</Description>
<EnglishWord></EnglishWord>
<HTMLTagTitle>cite</HTMLTagTitle>
<KeyParams></KeyParams>
</HTMLHelper>
<HTMLHelper><AllParams>class, dir, id, lang, style, title</AllParams>
<Description>Logische Formatierung: Programm-Quellcode &#x28;Schreibmaschinenschrift&#x29;</Description>
<EnglishWord>code</EnglishWord>
<HTMLTagTitle>code</HTMLTagTitle>
<KeyParams></KeyParams>
</HTMLHelper>
<HTMLHelper><AllParams>class, dir, id, lang, style, title</AllParams>
<Description>Logische Formatierung: Gel&#xF6;scht/Ung&#xFC;ltig &#x28;Durchgestrichen&#x29;</Description>
<EnglishWord>deleted</EnglishWord>
<HTMLTagTitle>del</HTMLTagTitle>
<KeyParams></KeyParams>
</HTMLHelper>
<HTMLHelper><AllParams>class, dir, id, lang, style, title</AllParams>
<Description>Logische Formatierung: Definition/Festlegung &#x28;kursiv&#x29;</Description>
<EnglishWord>definition</EnglishWord>
<HTMLTagTitle>dfn</HTMLTagTitle>
<KeyParams></KeyParams>
</HTMLHelper>
<HTMLHelper><AllParams>dir, id, lang, name, title</AllParams>
<Description>Definiert eine Ebene. Diese kann dann &#xFC;ber CSS formatiert werden. Notwendig f&#xFC;r DHTML.</Description>
<EnglishWord>division</EnglishWord>
<HTMLTagTitle>div</HTMLTagTitle>
<KeyParams>align, class, style,</KeyParams>
</HTMLHelper>
<HTMLHelper><AllParams></AllParams>
<Description>Ver&#xE4;ndert die Schriftart, -gr&#xF6;&#xDF;e, -farbe f&#xFC;r den eingeschlossenen Bereich. Der Parameter ist veraltet und sollte nicht mehr verwendet werden.</Description>
<EnglishWord>font</EnglishWord>
<HTMLTagTitle>font</HTMLTagTitle>
<KeyParams>color, face, size</KeyParams>
</HTMLHelper>
<HTMLHelper><AllParams>align, class, dir, id, lang, style, title</AllParams>
<Description>Sehr gro&#xDF;e &#xDC;berschrift</Description>
<EnglishWord>header 1</EnglishWord>
<HTMLTagTitle>h1</HTMLTagTitle>
<KeyParams></KeyParams>
</HTMLHelper>
<HTMLHelper><AllParams>align, class, dir, id, lang, style, title</AllParams>
<Description>Gr&#xF6;&#xDF;ere &#xDC;berschrift</Description>
<EnglishWord>header 2</EnglishWord>
<HTMLTagTitle>h2</HTMLTagTitle>
<KeyParams></KeyParams>
</HTMLHelper>
<HTMLHelper><AllParams>align, class, dir, id, lang, style, title</AllParams>
<Description>&#xDC;berschrift</Description>
<EnglishWord>header 3</EnglishWord>
<HTMLTagTitle>h3</HTMLTagTitle>
<KeyParams></KeyParams>
</HTMLHelper>
<HTMLHelper><AllParams>align, class, dir, id, lang, style, title</AllParams>
<Description>&#xDC;berschrift etwas kleiner</Description>
<EnglishWord>header 4</EnglishWord>
<HTMLTagTitle>h4</HTMLTagTitle>
<KeyParams></KeyParams>
</HTMLHelper>
<HTMLHelper><AllParams>align, class, dir, id, lang, style, title</AllParams>
<Description>Kleinere &#xDC;berschrift</Description>
<EnglishWord>header 5</EnglishWord>
<HTMLTagTitle>h5</HTMLTagTitle>
<KeyParams></KeyParams>
</HTMLHelper>
<HTMLHelper><AllParams>align, class, dir, id, lang, style, title</AllParams>
<Description>Sehr kleine &#xDC;berschrift</Description>
<EnglishWord>header 6</EnglishWord>
<HTMLTagTitle>h6</HTMLTagTitle>
<KeyParams></KeyParams>
</HTMLHelper>
<HTMLHelper><AllParams>dir, lang, profile</AllParams>
<Description>Kopfteil mit Steuer- und Konfigurationsanweisungen.</Description>
<EnglishWord>head</EnglishWord>
<HTMLTagTitle>head</HTMLTagTitle>
<KeyParams></KeyParams>
</HTMLHelper>
<HTMLHelper><AllParams>class, id, style, title</AllParams>
<Description>Erzeugt eine horizontale Linie</Description>
<EnglishWord>horizontal row</EnglishWord>
<HTMLTagTitle>hr</HTMLTagTitle>
<KeyParams>align, color, noshade, size, width,</KeyParams>
</HTMLHelper>
<HTMLHelper><AllParams>dir, lang</AllParams>
<Description>Kennzeichnet den Anfang bzw das Ende des HTML-Dokumentes</Description>
<EnglishWord>hypertext markup language</EnglishWord>
<HTMLTagTitle>html</HTMLTagTitle>
<KeyParams></KeyParams>
</HTMLHelper>
<HTMLHelper><AllParams>class, dir, id, lang, style, title</AllParams>
<Description>Kursiver Text</Description>
<EnglishWord>italic</EnglishWord>
<HTMLTagTitle>i</HTMLTagTitle>
<KeyParams></KeyParams>
</HTMLHelper>
<HTMLHelper><AllParams>class, dir, dynsrc, hspace, id, lang, longdesc, loop, lowsrc, name, start, style, title, usemap, vspace</AllParams>
<Description>Bindet ein Bild in die Seite ein.</Description>
<EnglishWord>image</EnglishWord>
<HTMLTagTitle>img</HTMLTagTitle>
<KeyParams>align, alt, border, height, src, width,</KeyParams>
</HTMLHelper>
<HTMLHelper><AllParams>accept, accesskey, class, dir, id, lang, style, title</AllParams>
<Description>Ein flexibles Feld f&#xFC;r die Eingabe. Auch ein Button wird hiermit definiert.</Description>
<EnglishWord>input</EnglishWord>
<HTMLTagTitle>input</HTMLTagTitle>
<KeyParams>maxlength, name, size, type, value,</KeyParams>
</HTMLHelper>
<HTMLHelper><AllParams>class, dir, id, lang, style, title</AllParams>
<Description>Ein Element einer Liste. Erzeugt Listenzeichen und Einr&#xFC;ckung bei Zeilenumbruch.</Description>
<EnglishWord>list item</EnglishWord>
<HTMLTagTitle>li</HTMLTagTitle>
<KeyParams></KeyParams>
</HTMLHelper>
<HTMLHelper><AllParams>class, dir, id, lang, media, src, style, title</AllParams>
<Description>Eine logische Dateibeziehung. Dient unter anderem zum Einbinden externer CSS-Formatvorlagen</Description>
<EnglishWord>link</EnglishWord>
<HTMLTagTitle>link</HTMLTagTitle>
<KeyParams>rel, type, href,</KeyParams>
</HTMLHelper>
<HTMLHelper><AllParams>class, dir, id, lang, style, title</AllParams>
<Description>Bildkarten, sogenannte Imagemaps erm&#xF6;glichen mehrere Hyperlinks auf ein Bild zu legen. Die einzelnen Bereiche werden mit &#x3C;tt&#x3E;&#x26;lt;area&#x26;gt;&#x3C;/tt&#x3E; definert.</Description>
<EnglishWord>map</EnglishWord>
<HTMLTagTitle>map</HTMLTagTitle>
<KeyParams>name,</KeyParams>
</HTMLHelper>
<HTMLHelper><AllParams>dir, lang</AllParams>
<Description>Steueranweisung f&#xFC;r Suchmaschinen, Browser oder &#xE4;hnliches, geh&#xF6;rt in den Kopfteil</Description>
<EnglishWord>meta</EnglishWord>
<HTMLTagTitle>meta</HTMLTagTitle>
<KeyParams>content, http-equiv, name,</KeyParams>
</HTMLHelper>
<HTMLHelper><AllParams></AllParams>
<Description>verhindert den automatischen Zeilenumbruch</Description>
<EnglishWord>no break</EnglishWord>
<HTMLTagTitle>nobr</HTMLTagTitle>
<KeyParams></KeyParams>
</HTMLHelper>
<HTMLHelper><AllParams>class, dir, id, lang, style, title</AllParams>
<Description>In einer geordneten Liste erden die Elemente automatisch durchnumeriert und passend einger&#xFC;ckt. Bemerkbar macht sich der Vorteil vor allem beim Einf&#xFC;gen oder L&#xF6;schen.</Description>
<EnglishWord>ordered list</EnglishWord>
<HTMLTagTitle>ol</HTMLTagTitle>
<KeyParams>start, type,</KeyParams>
</HTMLHelper>
<HTMLHelper><AllParams>class, dir, id, label, lang, style, title</AllParams>
<Description>Eine Auswahlm&#xF6;glichkeit innerhalb von &#x3C;tt&#x3E;select&#x3C;/tt&#x3E;</Description>
<EnglishWord>option</EnglishWord>
<HTMLTagTitle>option</HTMLTagTitle>
<KeyParams>selected, value,</KeyParams>
</HTMLHelper>
<HTMLHelper><AllParams>class, dir, id, lang, style, title</AllParams>
<Description>Umschlie&#xDF;t einen Textabsatz</Description>
<EnglishWord>paragraph</EnglishWord>
<HTMLTagTitle>p</HTMLTagTitle>
<KeyParams>align,</KeyParams>
</HTMLHelper>
<HTMLHelper><AllParams>class, dir, id, lang, style, title</AllParams>
<Description>Durchgestrichener Text</Description>
<EnglishWord>striked</EnglishWord>
<HTMLTagTitle>s</HTMLTagTitle>
<KeyParams></KeyParams>
</HTMLHelper>
<HTMLHelper><AllParams></AllParams>
<Description>Umschlie&#xDF;t ein Script.</Description>
<EnglishWord>script</EnglishWord>
<HTMLTagTitle>script</HTMLTagTitle>
<KeyParams>language, src, type</KeyParams>
</HTMLHelper>
<HTMLHelper><AllParams>accesskey, class, dir, id, lang, style, tabindex, title</AllParams>
<Description>Eine Auswahlbox oder wenn &#x3C;i&#x3E;size&#x3C;/i&#x3E; gr&#xF6;&#xDF;er als 0 dann eine Listbox</Description>
<EnglishWord>selection</EnglishWord>
<HTMLTagTitle>select</HTMLTagTitle>
<KeyParams>name, size</KeyParams>
</HTMLHelper>
<HTMLHelper><AllParams>class, dir, id, lang, style, title</AllParams>
<Description>Etwas kleinerer Text</Description>
<EnglishWord>small</EnglishWord>
<HTMLTagTitle>small</HTMLTagTitle>
<KeyParams></KeyParams>
</HTMLHelper>
<HTMLHelper><AllParams>dir, id, lang, name, title</AllParams>
<Description>&#xC4;hnelt &#x3C;tt&#x3E;div&#x3C;/tt&#x3E; erzeugt jedoch keine Umbr&#xFC;che. Hiermit kann man bequem StyleSheets aktivieren.</Description>
<EnglishWord>span</EnglishWord>
<HTMLTagTitle>span</HTMLTagTitle>
<KeyParams>class, style</KeyParams>
</HTMLHelper>
<HTMLHelper><AllParams>class, dir, id, lang, style, title</AllParams>
<Description>Durchgestrichener Text</Description>
<EnglishWord>striked</EnglishWord>
<HTMLTagTitle>strike</HTMLTagTitle>
<KeyParams></KeyParams>
</HTMLHelper>
<HTMLHelper><AllParams>class, dir, id, lang, style, title</AllParams>
<Description>Starke &#x28;meist fett dargestellte&#x29; Schrift</Description>
<EnglishWord>strong</EnglishWord>
<HTMLTagTitle>strong</HTMLTagTitle>
<KeyParams></KeyParams>
</HTMLHelper>
<HTMLHelper><AllParams>dir, lang, media</AllParams>
<Description>Kennzeichnet den Bereich f&#xFC;r eingebettete Formatierungsvorgaben, wie z.B. Cascading StyleSheets</Description>
<EnglishWord>style</EnglishWord>
<HTMLTagTitle>style</HTMLTagTitle>
<KeyParams>type</KeyParams>
</HTMLHelper>
<HTMLHelper><AllParams>class, dir, id, lang, style, title</AllParams>
<Description>Untergeorneter, bzw tiefgestellter Text</Description>
<EnglishWord>subordinated</EnglishWord>
<HTMLTagTitle>sub</HTMLTagTitle>
<KeyParams></KeyParams>
</HTMLHelper>
<HTMLHelper><AllParams>class, dir, id, lang, style, title</AllParams>
<Description>Hochgestellter Text</Description>
<EnglishWord>super</EnglishWord>
<HTMLTagTitle>sup</HTMLTagTitle>
<KeyParams></KeyParams>
</HTMLHelper>
<HTMLHelper><AllParams>background, bgcolor, bordercolordark, bordercolorlight, class, dir, frame, height, hspace, id, lang, rules, style, summary, title, vspace</AllParams>
<Description>Definiert eine Tabelle.</Description>
<EnglishWord>table</EnglishWord>
<HTMLTagTitle>table</HTMLTagTitle>
<KeyParams>align, border, cellpadding, cellspacing, width,</KeyParams>
</HTMLHelper>
<HTMLHelper><AllParams>class, dir, id, lang, style, title</AllParams>
<Description>Kennzeichnet den Inhaltsbereich der Tabelle.</Description>
<EnglishWord>table body</EnglishWord>
<HTMLTagTitle>tbody</HTMLTagTitle>
<KeyParams></KeyParams>
</HTMLHelper>
<HTMLHelper><AllParams>abbr, axis, background, bgcolor, char, charoff, class, dir, headers, height, id, lang, nowrap, style, title</AllParams>
<Description>Eine Datenzelle in einer Tabelle.</Description>
<EnglishWord>table data</EnglishWord>
<HTMLTagTitle>td</HTMLTagTitle>
<KeyParams>align, colspan, rowspan, valign, width,</KeyParams>
</HTMLHelper>
<HTMLHelper><AllParams>accesskey, class, dir, id, lang, style, title</AllParams>
<Description>Mehrzeiliges Eingabefeld &#x28;Memofeld&#x29;</Description>
<EnglishWord>text area</EnglishWord>
<HTMLTagTitle>textarea</HTMLTagTitle>
<KeyParams>cols, name, rows, warp,</KeyParams>
</HTMLHelper>
<HTMLHelper><AllParams>class, dir, id, lang, style, title</AllParams>
<Description>Kennzeichnet den Fu&#xDF;teil der Tabelle. Theoretisch sollte dieser Bereich beim Druck auf jeder Seite wiederholt werden.</Description>
<EnglishWord>table foot</EnglishWord>
<HTMLTagTitle>tfoot</HTMLTagTitle>
<KeyParams></KeyParams>
</HTMLHelper>
<HTMLHelper><AllParams>abbr, axis, background, bgcolor, char, charoff, class, dir, headers, height, id, lang, nowrap, style, title</AllParams>
<Description>Eine Kopfzelle f&#xFC;r eine Tabelle</Description>
<EnglishWord>table header</EnglishWord>
<HTMLTagTitle>th</HTMLTagTitle>
<KeyParams>align, colspan, rowspan, valign, width,</KeyParams>
</HTMLHelper>
<HTMLHelper><AllParams>class, dir, id, lang, style, title</AllParams>
<Description>Kennzeichnet den Kopfteil der Tabelle. Theoretisch sollte dieser Bereich beim Druck auf jeder Seite wiederholt werden.</Description>
<EnglishWord>table head</EnglishWord>
<HTMLTagTitle>thead</HTMLTagTitle>
<KeyParams></KeyParams>
</HTMLHelper>
<HTMLHelper><AllParams>keine Parameter</AllParams>
<Description>Der Text innerhalb dieses HTMLTags wird in der Titelleiste des Browsers angezeigt.</Description>
<EnglishWord>title</EnglishWord>
<HTMLTagTitle>title</HTMLTagTitle>
<KeyParams></KeyParams>
</HTMLHelper>
<HTMLHelper><AllParams>bgcolor, char, charoff, class, dir, height, id, lang, style, title</AllParams>
<Description>Definiert eine Tabellenzeile</Description>
<EnglishWord>table row</EnglishWord>
<HTMLTagTitle>tr</HTMLTagTitle>
<KeyParams>align, valign,</KeyParams>
</HTMLHelper>
<HTMLHelper><AllParams>class, dir, id, lang, style, title</AllParams>
<Description>Schreibmaschinen&#xE4;hnliche Schrift</Description>
<EnglishWord>tele type</EnglishWord>
<HTMLTagTitle>tt</HTMLTagTitle>
<KeyParams></KeyParams>
</HTMLHelper>
<HTMLHelper><AllParams>class, dir, id, lang, style, title, type</AllParams>
<Description>Eine ungeordnete Liste. Enthaltene Elemente erhalten Listenzeichen und werden passend einger&#xFC;ckt.</Description>
<EnglishWord>unordered list</EnglishWord>
<HTMLTagTitle>ul</HTMLTagTitle>
<KeyParams>type,</KeyParams>
</HTMLHelper>
<HTMLHelper><AllParams></AllParams>
<Description>Definiert innerhalb eines &#x3C;tt&#x3E;nobr&#x3C;/tt&#x3E; einen Bereich mit automatischem Zeilenumbruch. Mu&#xDF; mindestens ein Zeichen enthalten.</Description>
<EnglishWord>want break</EnglishWord>
<HTMLTagTitle>wbr</HTMLTagTitle>
<KeyParams></KeyParams>
</HTMLHelper>
<HTMLHelper><AllParams></AllParams>
<Description>Definiert eine Vorlage, die auf alle XML-Tags angewendet wird, auf welche die Bedingung &#x3C;b&#x3E;match&#x3C;/b&#x3E; passt.</Description>
<EnglishWord>XSL Template</EnglishWord>
<HTMLTagTitle>xsl:template</HTMLTagTitle>
<KeyParams>match, name</KeyParams>
</HTMLHelper>
<HTMLHelper><AllParams></AllParams>
<Description>Bedingung in XSLT</Description>
<EnglishWord></EnglishWord>
<HTMLTagTitle>xsl:if</HTMLTagTitle>
<KeyParams>test</KeyParams>
</HTMLHelper>
</HTMLHelper-list>
