<?xml version = "1.0"?><HTMLDef-list><HTMLDef><Definition>viritual,physikal,off</Definition>
<Title>wrap</Title>
</HTMLDef>
<HTMLDef><Definition>col,row,colgroup,rowgroup</Definition>
<Title>scope</Title>
</HTMLDef>
<HTMLDef><Definition>none,rows,cols,groups,all</Definition>
<Title>tablerules</Title>
</HTMLDef>
<HTMLDef><Definition>box,border,void,above,below,hsides,vsides,lhs,rhs</Definition>
<Title>tableframe</Title>
</HTMLDef>
<HTMLDef><Definition>vertical,horizontal,block</Definition>
<Title>spacer</Title>
</HTMLDef>
<HTMLDef><Definition>JavaScript,VBScript,JScript,JavaScript1.2</Definition>
<Title>scriptlang</Title>
</HTMLDef>
<HTMLDef><Definition>text/css,text/javascript</Definition>
<Title>csslang</Title>
</HTMLDef>
<HTMLDef><Definition>contents,chapter,section,subsection,index,glossary,appendix,copyright,next,prev,start,help,bookmark,stylesheet,alternate,fontdef</Definition>
<Title>relation</Title>
</HTMLDef>
<HTMLDef><Definition>rtl,ltr</Definition>
<Title>rtlltr</Title>
</HTMLDef>
<HTMLDef><Definition>de,en,es,fr,it</Definition>
<Title>language</Title>
</HTMLDef>
<HTMLDef><Definition>show,hide</Definition>
<Title>visibility</Title>
</HTMLDef>
<HTMLDef><Definition>GET,POST</Definition>
<Title>formmethod</Title>
</HTMLDef>
<HTMLDef><Definition>foreground,background</Definition>
<Title>palette</Title>
</HTMLDef>
<HTMLDef><Definition>pixels,en</Definition>
<Title>units</Title>
</HTMLDef>
<HTMLDef><Definition>true,false</Definition>
<Title>boolean</Title>
</HTMLDef>
<HTMLDef><Definition>yes,no</Definition>
<Title>yesno</Title>
</HTMLDef>
<HTMLDef><Definition>yes,no,auto</Definition>
<Title>yesnoauto</Title>
</HTMLDef>
<HTMLDef><Definition>left,right,center</Definition>
<Title>halign</Title>
</HTMLDef>
<HTMLDef><Definition>left,right,center,char</Definition>
<Title>colalign</Title>
</HTMLDef>
<HTMLDef><Definition>top,bottom,middle,baseline</Definition>
<Title>valign</Title>
</HTMLDef>
<HTMLDef><Definition>left,right,top,bottom,middle</Definition>
<Title>imgalign</Title>
</HTMLDef>
<HTMLDef><Definition>all,left,right</Definition>
<Title>clear</Title>
</HTMLDef>
<HTMLDef><Definition>fixed</Definition>
<Title>bgprop</Title>
</HTMLDef>
<HTMLDef><Definition>_top,_blank,_parent,_self</Definition>
<Title>target</Title>
</HTMLDef>
<HTMLDef><Definition>application/acad,application/dxf,application/mif,application/msword,application/mspowerpoint,application/msexcel,application/mshelp,application/octet-stream,application/pdf,application/postscript,application/rtf,application/x-sh,application/x-csh,application/x-latex,application/x-mif,application/x-tar,application/x-cpio,application/x-bcpio,application/x-sv4cpio,application/x-sv4crc,application/x-hdf,application/x-ustar,application/x-shar,application/x-tcl,application/x-dvi,application/x-texinfo,application/x-troff,application/x-troff-man,application/x-troff-me,application/x-troff-ms,application/x-netcdf,application/x-wais-source,application/x-www-form-urlencoded,audio/basic,audio/x-aiff,audio/x-dspeeh,audio/x-midi,audio/x-pn-realaudio,audio/x-pn-realaudio-plugin,image/cmu-raster,image/x-freehand,image/gif,image/ief,image/jpeg,image/x-portable-anymap,image/x-portable-bitmap,image/x-portable-graymap,image/x-portable-pixmap,image/x-rgb,image/x-windowdump,image/tiff,text/css,text/html,text/javascript,text/plain,text/richtext,text/tab-separated-values,text/x-setext,text/x-sgml,video/mpeg,video/quicktime,video/x-msvideo,video/x-sgi-movie,x-world/x-vrml</Definition>
<Title>mimetype</Title>
</HTMLDef>
<HTMLDef><Definition>author,description,keywords,date,robots,generator,revisit-after</Definition>
<Title>metalist</Title>
</HTMLDef>
<HTMLDef><Definition>content-type,content-language,Content-Script-Type,Content-Style-Type,expires,refresh,pragma</Definition>
<Title>advmetalist</Title>
</HTMLDef>
<HTMLDef><Definition>a,A,I,i,1</Definition>
<Title>oltype</Title>
</HTMLDef>
<HTMLDef><Definition>circle,square,disk</Definition>
<Title>ultype</Title>
</HTMLDef>
<HTMLDef><Definition>circle,rect,polygon</Definition>
<Title>shape</Title>
</HTMLDef>
<HTMLDef><Definition>left,right</Definition>
<Title>leftright</Title>
</HTMLDef>
<HTMLDef><Definition>alternate</Definition>
<Title>behavior</Title>
</HTMLDef>
<HTMLDef><Definition>submit,reset,password,text,file,hidden,button,checkbox,image,radio</Definition>
<Title>inputtype</Title>
</HTMLDef>
<HTMLDef><Definition>true,false</Definition>
<Title>truefalse</Title>
</HTMLDef>
</HTMLDef-list>